"№","Название","Скидка/Список","ID игры","Издатель","Платформа","Предзаказ","Обычная цена","Цена в рублях","Дата актуализации","Скидка %","Новая цена","Новая цена ₽","Дата окончания","Цены изданий","Рус. озвучка","Рус. текст","Подписки","Ссылка","Дата релиза","Жанр","PEGI","Демо","Вкл."
"7370","Home Sweet Home","","CUSA14950","—","PS4","Нет","1.299,00 TL","","","","","","","","Нет","Нет","","https://store.playstation.com/en-tr/concept/232421","2019-05-31","Horror","PEGI_16","—","Да"
"7371","Horizon Shift '81","","CUSA15415","—","PS4","Нет","245,00 TL","","","","","","","","Нет","Да","","https://store.playstation.com/en-tr/concept/233588","2019-06-10","Shooter","PEGI_3","—","Да"
"7372","Horace","","CUSA35789","—","PS4","Нет","649,00 TL","","","","","","","","Нет","Нет","","https://store.playstation.com/en-tr/concept/10005698","2023-02-28","Adventure","PEGI_12","—","Да"
"7373","Hoof & Seek","","PPSA35628","—","PS5","Нет","129,00 TL","","","","","","","Hoof & Seek: 129,00 TL; Hoof & Seek: 129,00 TL","Нет","Нет","","https://store.playstation.com/en-tr/concept/10018354","2026-03-19","Puzzle","PEGI_3","—","Да"
"7374","Hook","","PPSA30926","—","PS5","Нет","215,00 TL","","","","","","","Hook: Complete Edition: 215,00 TL; Hook: Complete Edition: 215,00 TL","Нет","Нет","","https://store.playstation.com/en-tr/concept/10015622","2025-09-02","Puzzle","PEGI_3","—","Да"
"7375","Homebody","","PPSA09750","—","PS4, PS5","Нет","816,00 TL","","","","","","","","Нет","Нет","","https://store.playstation.com/en-tr/concept/10005979","2023-06-01","Horror","PEGI_16","—","Да"
"7376","Hoop Shoot","","PPSA30180","—","PS5","Нет","105,00 TL","","","","","","","","Нет","Нет","","https://store.playstation.com/en-tr/concept/10015185","2025-05-08","Arcade","PEGI_3","—","Да"
"7377","Horatio Goes Snowboarding","","PPSA05421","—","PS4, PS5","Нет","300,00 TL","","","","","","","","Нет","Нет","","https://store.playstation.com/en-tr/concept/10003887","2021-12-21","Action","PEGI_3","—","Да"
"7378","Horror Bar VR","","CUSA27247","—","PS4","Нет","699,00 TL","","","","","","","","Нет","Да","","https://store.playstation.com/en-tr/concept/10002420","2022-05-11","Casual","PEGI_7","—","Да"
"7379","HordeCore","","PPSA18205","—","PS4, PS5","Нет","139,05 TL","","","","","","","","Нет","Да","","https://store.playstation.com/en-tr/concept/10008656","2025-04-09","Arcade","PEGI_12","—","Да"
"7380","Horror Adventure","","CUSA33255","—","PS4","Нет","315,00 TL","","","","","","","Horror Adventure: Zombie Edition (PSVR2): 429,00 TL; Horror Adventure: Zombie Edition (VR): 349,00 TL; Horror Adventure: Zombie Edition: 315,00 TL","Да","Да","","https://store.playstation.com/en-tr/concept/10004903","2024-12-12","Horror","PEGI_16","—","Да"
"7381","Horror Break","","PPSA08076","—","PS5","Нет","343,00 TL","","2026-10-07 18:57:36","","","","","Horror Break: 343,00 TL; Halloween Mega Game Bundle: 525,00 TL; 5 Avatar Horror Break Bundle: 147,00 TL; Horror Break Mega Game Bundle: 699,00 TL; Horror Break - Avatar Full Game Bundle: 279,00 TL; Horror Break: 343,00 TL; Halloween Mega Game Bundle: 525,00 TL; 5 Avatar Horror Break Bundle: 147,00 TL","Нет","Нет","","https://store.playstation.com/en-tr/concept/10003441","2022-05-27","Arcade","PEGI_7","—","Да"
"7382","Home Run High","","CUSA24053","—","PS4","Нет","455,00 TL","","","","","","","","Нет","Нет","","https://store.playstation.com/en-tr/concept/10001239","2021-08-18","Simulation","PEGI_3","—","Да"
"7383","Horror Run","","PPSA07954","—","PS5","Нет","343,00 TL","","2026-10-07 18:57:36","","","","","Horror Run Triple Play Bundle: 455,00 TL; Horror Run: 343,00 TL; Horror Run Triple Play Bundle: 455,00 TL; Horror Run - Avatar Full Game Bundle: 279,00 TL; Horror Run: 343,00 TL","Нет","Нет","","https://store.playstation.com/en-tr/concept/10005209","2022-05-13","Casual","PEGI_3","—","Да"
"7384","Horror Clash","","PPSA25187","—","PS5","Нет","300,00 TL","","2026-10-07 18:57:36","","","","","Horror Clash: 300,00 TL; Halloween Clash Bundle: 300,00 TL; Horror Clash: 300,00 TL; Halloween Clash Bundle: 300,00 TL","Нет","Нет","","https://store.playstation.com/en-tr/concept/10012000","2024-10-03","Arcade","PEGI_7","—","Да"
"7385","HORSE STORE SIMULATOR","","CUSA53951","—","PS4","Нет","356,95 TL","","","","","","","","Нет","Нет","","https://store.playstation.com/en-tr/concept/10014572","2025-11-13","Simulation","PEGI_3","—","Да"
"7386","Horror Break Head to Head","","CUSA29661","—","PS4","Нет","343,00 TL","","2026-10-07 18:57:36","","","","","Horror Break Head to Head - Avatar Full Game Bundle: 279,00 TL; Horror Break Head to Head: 343,00 TL","Нет","Нет","","https://store.playstation.com/en-tr/concept/10003522","2021-09-03","Arcade","PEGI_7","—","Да"
"7387","Horror Fun","","PPSA09153","—","PS5","Нет","125,00 TL","","","","","","","Horror Fun Triple Play Bundle: 209,00 TL; Horror Fun: 125,00 TL; Horror Fun Triple Play Bundle: 209,00 TL; Horror Fun: 125,00 TL","Нет","Нет","","https://store.playstation.com/en-tr/concept/10005725","2022-08-25","Casual","PEGI_3","—","Да"
"7388","Horse Dash","","PPSA30350","—","PS5","Нет","64,00 TL","","","","","","","Horse Dash: 64,00 TL; Horse Dash: 64,00 TL","Нет","Нет","","https://store.playstation.com/en-tr/concept/10015275","2025-06-07","Puzzle","PEGI_7","—","Да"
"7389","Hotel Infinity","","PPSA15964","—","PS5","Нет","594,30 TL","","","","","","","Manifold Garden & Hotel Infinity bundle: 714,45 TL; Hotel Infinity: 594,30 TL","Нет","Да","","https://store.playstation.com/en-tr/concept/10008186","2025-11-12","Puzzle","PEGI_3","—","Да"
"7390","Horror Night with Tung Tung Tung Sahur","","PPSA30444","—","PS5","Нет","387,00 TL","","","","","","","Horror Night with Tung Tung Tung Sahur: 387,00 TL; Horror Night with Tung Tung Tung Sahur: 387,00 TL","Нет","Нет","","https://store.playstation.com/en-tr/concept/10015329","2025-07-11","Horror","PEGI_16","—","Да"
"7391","HORROR TALES: The Wine","","PPSA03638","—","PS4, PS5","Нет","649,00 TL","","","","","","","","Нет","Да","","https://store.playstation.com/en-tr/concept/10002840","2021-07-30","Horror","PEGI_12","—","Да"
"7392","Horror Tales: The Beggar","","PPSA22252","—","PS4, PS5","Нет","649,00 TL","","","","","","","","Нет","Да","","https://store.playstation.com/en-tr/concept/10010683","2024-06-17","Horror","PEGI_16","—","Да"
"7393","Horse Club Adventures 2: Hazelwood Stories","","PPSA10969","—","PS5","Нет","849,00 TL","","","","","","","Horse Club™ Adventures 2: Hazelwood Stories: 849,00 TL; Horse Club™ Adventures 2: Hazelwood Stories: 849,00 TL","Нет","Нет","","https://store.playstation.com/en-tr/concept/10005001","2022-11-23","Adventure","PEGI_3","—","Да"
"7394","Horse Racing 2016","","CUSA04561","—","PS4","Нет","349,00 TL","","","","","","","Racing Game Pack: 455,00 TL","Нет","Нет","","https://store.playstation.com/en-tr/concept/217204","2017-04-09","Sport","PEGI_3","—","Да"
"7395","Hotel Transylvania: Scary-Tale Adventures","","PPSA05046","—","PS4, PS5","Нет","1.399,00 TL","","","","","","","","Нет","Да","PS Plus Extra","https://store.playstation.com/en-tr/concept/10001919","2022-03-10","Family","PEGI_7","—","Да"
"7396","Horror & Sports Pinball","","PPSA19895","—","PS4, PS5","Нет","154,50 TL","","","","","","","","Нет","Нет","","https://store.playstation.com/en-tr/concept/10009705","2024-01-04","Arcade","PEGI_3","—","Да"
"7397","Hotel R'n'R","","PPSA19414","—","PS4, PS5","Нет","902,00 TL","","","","","","","","Нет","Нет","","https://store.playstation.com/en-tr/concept/10000320","2023-12-20","Action","PEGI_12","—","Да"
"7398","Horse Tales: Emerald Valley Ranch","","PPSA02771","—","PS4, PS5","Нет","1.399,00 TL","","2026-10-07 18:57:36","","","","","Wildlife Adventures Collection – 3 in 1: 624,75 TL; Horse Tales: Emerald Valley Ranch: 279,80 TL; Deluxe: 1.749,00 TL","Нет","Нет","","https://store.playstation.com/en-tr/concept/10002234","2022-11-02","Adventure","PEGI_3","—","Да"
"7399","Host 714","","CUSA34501","—","PS4","Нет","175,00 TL","","","","","","","","Нет","Нет","","https://store.playstation.com/en-tr/concept/10005227","2022-09-28","Action","PEGI_16","—","Да"
"7400","Hotline Miami 2: Wrong Number","","CUSA00371","—","PS4","Нет","699,00 TL","","","","","","","Hotline Miami Collection: 699,00 TL","Нет","Нет","","https://store.playstation.com/en-tr/concept/202007","2015-03-10","Action","PEGI_18","—","Да"
"7401","Hot Springs Story","","CUSA23667","—","PS4","Нет","455,00 TL","","","","","","","","Нет","Да","","https://store.playstation.com/en-tr/concept/10000518","2021-03-24","Simulation","PEGI_3","—","Да"
"7402","Hotshot Racing","","CUSA11573","—","PS4","Нет","849,00 TL","","2026-10-08 18:33:36","","","","","Race Your Friends Bundle: 1.499,00 TL","Нет","Да","PS Plus Extra","https://store.playstation.com/en-tr/concept/231863","2020-08-12","Driving/Racing","PEGI_7","—","Да"
"7403","Hot Rod Mayhem","","PPSA28387","—","PS4, PS5","Нет","699,00 TL","","","","","","","","Нет","Нет","","https://store.playstation.com/en-tr/concept/10014125","2025-04-15","Driving/Racing","PEGI_3","—","Да"
"7404","Hotel Empire - Check Inn","","PPSA38335","—","PS5","Нет","519,20 TL","","","","","","","","Нет","Да","","https://store.playstation.com/en-tr/concept/10019619","2026-08-13","Strategy","PEGI_3","—","Да"
"7406","Howl","","PPSA17779","—","PS5","Нет","349,00 TL","","2026-10-08 18:33:36","","","","","","Нет","Нет","","https://store.playstation.com/en-tr/concept/10008778","2024-01-22","Strategy","PEGI_12","—","Да"
"7407","House Of 1000 Doors: Evil Inside","","PPSA18694","—","PS5","Нет","32,45 TL","","","","","","","","Нет","Нет","","https://store.playstation.com/en-tr/concept/10009271","2023-10-26","Adventure","PEGI_7","—","Да"
"7408","Hot Stakes Casino - American Roulette","","PPSA31453","—","PS4, PS5","Нет","215,00 TL","","","","","","","","Нет","Да","","https://store.playstation.com/en-tr/concept/10015913","2025-09-09","Puzzle","PEGI_18","—","Да"
"7409","HOW TO: SUPERHERO!","","PPSA26427","—","PS5","Нет","699,00 TL","","","","","","","","Нет","Нет","","https://store.playstation.com/en-tr/concept/10012831","2024-12-08","Arcade","PEGI_7","—","Да"
"7410","Hover Racer","","CUSA35281","—","PS4","Нет","175,00 TL","","","","","","","","Нет","Нет","","https://store.playstation.com/en-tr/concept/10005665","2022-08-19","Driving/Racing","PEGI_7","—","Да"
"7411","House of Golf 2","","PPSA21965","—","PS5","Нет","1.547,00 TL","","","","","","","","Нет","Да","","https://store.playstation.com/en-tr/concept/10010541","2024-08-16","Sport","PEGI_3","—","Да"
"7412","Hot Tentacles Shooter","","PPSA09092","—","PS4, PS5","Нет","129,00 TL","","","","","","","","Нет","Нет","","https://store.playstation.com/en-tr/concept/10005704","2022-09-29","Arcade","PEGI_16","—","Да"
"7413","Hue","","CUSA05065","—","PS4","Нет","649,00 TL","","2026-10-08 18:33:36","","","","","","Нет","Да","","https://store.playstation.com/en-tr/concept/221896","2016-11-28","Adventure","PEGI_3","—","Да"
"7414","Hourglass","","PPSA07145","—","PS5","Нет","774,00 TL","","","","","","","Hourglass: 774,00 TL; Hourglass: 774,00 TL","Нет","Да","","https://store.playstation.com/en-tr/concept/10004822","2022-06-29","Adventure","PEGI_3","—","Да"
"7415","How to Fool a Liar King","","PPSA09967","—","PS4, PS5","Нет","525,00 TL","","","","","","","","Нет","Да","","https://store.playstation.com/en-tr/concept/10006075","2022-11-25","Adventure","PEGI_12","—","Да"
"7416","House","","PPSA18827","—","PS5","Нет","601,00 TL","","","","","","","House: 601,00 TL; House: 601,00 TL","Нет","Да","","https://store.playstation.com/en-tr/concept/10009303","2024-03-28","Horror","PEGI_16","—","Да"
"7417","Hover","","CUSA08066","—","PS4","Нет","1.079,00 TL","","","","","","","","Нет","Да","","https://store.playstation.com/en-tr/concept/227363","2018-09-17","Action","PEGI_7","—","Да"
"7418","How to Sing to Open Your Heart","","PPSA22727","—","PS4, PS5","Нет","525,00 TL","","","","","","","","Нет","Нет","","https://store.playstation.com/en-tr/concept/10010784","2024-06-27","Adventure","PEGI_12","—","Да"
"7419","Humble Haunted House","","PPSA21762","—","PS5","Нет","549,00 TL","","","","","","","","Нет","Нет","","https://store.playstation.com/en-tr/concept/10010476","2025-12-17","Action","PEGI_7","—","Да"
"7420","How 2 Escape","","PPSA15229","—","PS5","Нет","525,00 TL","","","","","","","How 2 Escape: 525,00 TL; How 2 Escape: 525,00 TL","Нет","Нет","","https://store.playstation.com/en-tr/concept/10007914","2023-08-30","Adventure","PEGI_7","—","Да"
"7421","How to take off your Mask","","CUSA25140","—","PS4","Нет","194,70 TL","","","","","","","","Нет","Да","","https://store.playstation.com/en-tr/concept/10001731","2021-02-04","Adventure","PEGI_12","—","Да"
"7422","Human Bowling","","PPSA32169","—","PS5","Нет","85,00 TL","","","","","","","","Нет","Нет","","https://store.playstation.com/en-tr/concept/10016349","2025-08-28","Arcade","PEGI_3","—","Да"
"7423","House Builder Overtime","","PPSA21566","—","PS5","Нет","1.299,00 TL","","","","","","","House Builder Overtime: 1.299,00 TL; House Builder: 649,00 TL","Нет","Да","","https://store.playstation.com/en-tr/concept/10005439","2024-10-16","Simulator","PEGI_3","—","Да"
"7424","Humongous","","CUSA33980","—","PS4","Нет","2.099,00 TL","","","","","","","","Нет","Нет","","https://store.playstation.com/en-tr/concept/10005168","2022-12-26","Adventure","PEGI_12","—","Да"
"7425","How 2 Escape: Lost Submarine","","PPSA30135","—","PS4, PS5","Нет","455,00 TL","","","","","","","How 2 Escape: Lost Submarine: 455,00 TL; Collection: 875,00 TL","Нет","Нет","","https://store.playstation.com/en-tr/concept/10014662","2025-06-24","Puzzle","PEGI_7","—","Да"
"7426","Hunt and Fight: Action RPG","","PPSA24419","—","PS4, PS5","Нет","429,00 TL","","","","","","","","Нет","Нет","","https://store.playstation.com/en-tr/concept/10011714","2024-11-05","Role Playing Games","PEGI_7","—","Да"
"7427","How We Soar","","CUSA06675","—","PS4","Нет","849,00 TL","","","","","","","","Нет","Нет","","https://store.playstation.com/en-tr/concept/225191","2017-01-26","Casual","PEGI_3","—","Да"
"7428","HUNTER×HUNTER NEN×IMPACT","","PPSA24274","—","PS5","Нет","2.579,00 TL","","","","","","","Standard Edition: 2.579,00 TL; Deluxe Edition: 3.249,00 TL","Нет","Нет","","https://store.playstation.com/en-tr/concept/10007325","2025-07-17","Fighting","PEGI_16","—","Да"
"7429","Hunt","","CUSA23669","—","PS4","Нет","69,80 TL","","","","","","","","Нет","Нет","","https://store.playstation.com/en-tr/concept/10001084","2020-08-20","Shooter","PEGI_12","—","Да"
"7430","Hyper Echelon","","CUSA34884","—","PS4","Нет","549,00 TL","","","","","","","","Нет","Нет","","https://store.playstation.com/en-tr/concept/10005515","2025-12-23","Arcade","PEGI_7","—","Да"
"7431","Hyperdimension Neptunia Re;Birth2 SISTERS GENERATION","","CUSA54118","—","PS4","Нет","1.299,00 TL","","","","","","","","Нет","Нет","","https://store.playstation.com/en-tr/concept/10010638","2025-10-28","Role Playing Games","PEGI_12","—","Да"
"7432","Hyper-5","","PPSA08305","—","PS4, PS5","Нет","429,00 TL","","","","","","","","Нет","Нет","","https://store.playstation.com/en-tr/concept/10005349","2023-04-11","Action","PEGI_12","—","Да"
"7433","Hypercar Racing","","PPSA27876","—","PS4, PS5","Нет","128,70 TL","","","","","","","","Нет","Нет","","https://store.playstation.com/en-tr/concept/10013721","2025-12-24","Driving/Racing","PEGI_3","—","Да"
"7434","Hyperdrive inn","","PPSA38314","—","PS5","Нет","649,00 TL","","","","","","","","Нет","Нет","","https://store.playstation.com/en-tr/concept/10019897","2026-07-30","Adventure","PEGI_3","—","Да"
"7435","Hyperdimension Neptunia Re;Birth3 V GENERATION","","CUSA54120","—","PS4","Нет","1.299,00 TL","","","","","","","","Нет","Нет","","https://store.playstation.com/en-tr/concept/10010639","2025-10-28","Role Playing Games","PEGI_12","—","Да"
"7436","Hyperdimension Neptunia Re;Birth1+","","CUSA54076","—","PS4","Нет","1.299,00 TL","","","","","","","Birth Game Bundle: 2.579,00 TL; Birth1+: 1.299,00 TL","Нет","Нет","","https://store.playstation.com/en-tr/concept/10014679","2025-10-28","Role Playing Games","PEGI_12","—","Да"
"7437","Hyper Jam","","CUSA11737","—","PS4","Нет","687,00 TL","","","","","","","","Нет","Нет","","https://store.playstation.com/en-tr/concept/231942","2019-03-12","Action","PEGI_16","—","Да"
"7439","Hyper Gunsport","","PPSA12539","—","PS5","Нет","429,00 TL","","","","","","","Hyper Gunsport: 429,00 TL; Hyper Gunsport: 429,00 TL","Нет","Нет","","https://store.playstation.com/en-tr/concept/10005140","2023-01-12","Sport","PEGI_7","—","Да"
"7440","Hustle Kings VR","","CUSA05634","—","PS4","Нет","849,00 TL","","","","","","","Hustle Kings™ VR: 849,00 TL","Нет","Да","","https://store.playstation.com/en-tr/concept/222257","2017-01-23","Sport","PEGI_3","—","Да"
"7441","HYKE:Northern Light(s)","","PPSA20160","—","PS5","Нет","1.246,00 TL","","","","","","","","Нет","Да","","https://store.playstation.com/en-tr/concept/10009771","2025-09-19","Role Playing Games","PEGI_7","—","Да"
"7442","Hunter Shooting Camp","","CUSA37727","—","PS4","Нет","349,00 TL","","","","","","","","Нет","Нет","","https://store.playstation.com/en-tr/concept/10006443","2022-10-13","Shooter","PEGI_16","—","Да"
"7443","Hunt The Night","","PPSA30868","—","PS5","Нет","849,00 TL","","","","","","","","Нет","Да","","https://store.playstation.com/en-tr/concept/10015589","2026-02-25","Action","PEGI_16","—","Да"
"7444","Hydraulic Press","","CUSA57065","—","PS4","Нет","429,00 TL","","","","","","","","Нет","Нет","","https://store.playstation.com/en-tr/concept/10017229","2025-10-24","Simulation","PEGI_3","—","Да"
"7445","Hymer 2000","","PPSA33157","—","PS4, PS5","Нет","215,00 TL","","","","","","","","Нет","Нет","","https://store.playstation.com/en-tr/concept/10016865","2025-11-13","Puzzle","PEGI_3","—","Да"
"7446","HYPERWIRED","","PPSA34434","—","PS4, PS5","Нет","343,00 TL","","","","","","","HYPERWIRED: 343,00 TL","Нет","Нет","","https://store.playstation.com/en-tr/concept/10017592","2026-07-02","Action","PEGI_7","—","Да"
"7447","HyperParasite","","CUSA18306","—","PS4","Нет","129,80 TL","","","","","","","","Нет","Да","","https://store.playstation.com/en-tr/concept/235406","2020-04-03","Action","PEGI_16","—","Да"
"7448","Hyper Turbo Boost","","PPSA21521","—","PS5","Нет","349,00 TL","","","","","","","","Нет","Нет","","https://store.playstation.com/en-tr/concept/10010386","2024-03-14","Driving/Racing","PEGI_7","—","Да"
"7449","Hyper Mirror Run","","PPSA27278","—","PS4, PS5","Нет","175,00 TL","","","","","","","","Нет","Нет","","https://store.playstation.com/en-tr/concept/10013335","2025-03-13","Casual","PEGI_7","—","Да"
"7450","Hyper Shapes","","PPSA13449","—","PS4, PS5","Нет","215,00 TL","","","","","","","","Нет","Нет","","https://store.playstation.com/en-tr/concept/10007224","2023-01-26","Casual","PEGI_3","—","Да"
"7451","Hyper Sentinel","","CUSA09008","—","PS4","Нет","245,00 TL","","","","","","","","Нет","Нет","","https://store.playstation.com/en-tr/concept/229071","2018-05-10","Action","PEGI_3","—","Да"
"7452","Hyper Team Recon","","PPSA25557","—","PS4, PS5","Нет","849,00 TL","","2026-10-07 18:57:36","","","","","Hyper Team Recon: 849,00 TL","Нет","Нет","","https://store.playstation.com/en-tr/concept/10012272","2025-09-23","Adventure","PEGI_3","—","Да"
"7453","Hypertension ✓ ","","CUSA44055","—","PS4","Нет","105,00 TL","","2026-10-07 18:57:36","","","","","Hypertension Avatar Pack: 34,80 TL; Hypertension: 105,00 TL","Нет","Нет","","https://store.playstation.com/en-tr/concept/10008705","2023-07-12","Action","PEGI_3","—","Да"
"7455","Icebound Secrets: The Frostwood Bane","","PPSA32717","—","PS5","Нет","549,00 TL","","","","","","","","Нет","Нет","","https://store.playstation.com/en-tr/concept/10016650","2025-12-08","Adventure","PEGI_7","—","Да"
"7456","Ice Jump","","PPSA30013","—","PS5","Нет","47,45 TL","","","","","","","","Нет","Нет","","https://store.playstation.com/en-tr/concept/10015087","2025-05-07","Casual","PEGI_3","—","Да"
"7457","I Am Dead","","PPSA02617","—","PS4, PS5","Нет","699,00 TL","","","","","","","","Нет","Да","","https://store.playstation.com/en-tr/concept/10002127","2021-08-09","Adventure","PEGI_7","—","Да"
"7458","Idle Devils","","PPSA26516","—","PS5","Нет","419,00 TL","","","","","","","Idle Devils: 419,00 TL; Ultimate Edition: 1.299,00 TL; Deluxe Edition: 849,00 TL","Нет","Нет","","https://store.playstation.com/en-tr/concept/10012887","2024-11-20","Role Playing Games","PEGI_12","—","Да"
"7459","I am an Air Traffic Controller AIRPORT HERO Centrair 20TH ANNIVERSARY","","CUSA51970","—","PS4","Нет","1.949,00 TL","","","","","","","","Нет","Нет","","https://store.playstation.com/en-tr/concept/10013099","2024-12-12","Simulation","PEGI_3","—","Да"
"7460","Hypnospace Outlaw","","CUSA19126","—","PS4","Нет","730,00 TL","","","","","","","","Нет","Нет","","https://store.playstation.com/en-tr/concept/10000418","2020-08-27","Unique","PEGI_12","—","Да"
"7461","Iconoclasts","","CUSA09325","—","PS4","Нет","849,00 TL","","","","","","","","Нет","Нет","","https://store.playstation.com/en-tr/concept/229153","2018-01-22","Action","PEGI_12","—","Да"
"7462","Ice Crush 10.000 BC","","CUSA48928","—","PS4","Нет","34,50 TL","","","","","","","","Нет","Нет","","https://store.playstation.com/en-tr/concept/10011054","2024-05-15","Casual","PEGI_3","—","Да"
"7463","I am Bread","","CUSA03047","—","PS4","Нет","455,00 TL","","","","","","","","Нет","Да","PS Plus Extra","https://store.playstation.com/en-tr/concept/202132","2015-08-24","Action","PEGI_7","—","Да"
"7464","I Am The Hero","","CUSA10464","—","PS4","Нет","429,00 TL","","","","","","","","Нет","Да","","https://store.playstation.com/en-tr/concept/231101","2018-11-28","Adventure","PEGI_12","—","Да"
"7465","I, AI","","PPSA08387","—","PS5","Нет","174,50 TL","","","","","","","","Нет","Да","","https://store.playstation.com/en-tr/concept/10001043","2022-09-22","Action","PEGI_7","—","Да"
"7466","I Am Your Beast","","PPSA28514","—","PS5","Нет","551,85 TL","","","","","","","","Нет","Нет","","https://store.playstation.com/en-tr/concept/10014148","2025-06-24","Shooter","PEGI_16","—","Да"
"7467","Ice Cream Super Stacking Slot Machine","","CUSA54977","—","PS4","Нет","24,15 TL","","","","","","","","Нет","Нет","","https://store.playstation.com/en-tr/concept/10015437","2025-05-23","Arcade","PEGI_3","—","Да"
"7468","Ib","","PPSA17838","—","PS5","Нет","649,00 TL","","2026-10-08 18:33:36","","","","","Ib: 649,00 TL; Ib: 649,00 TL","Нет","Нет","","https://store.playstation.com/en-tr/concept/10008940","2024-03-13","Adventure","PEGI_12","—","Да"
"7469","I Hate Running Backwards","","CUSA11880","—","PS4","Нет","649,00 TL","","","","","","","","Нет","Да","","https://store.playstation.com/en-tr/concept/232066","2018-05-22","Action","PEGI_7","—","Да"
"7470","Ice Cream Break Head to Head","","PPSA06212","—","PS5","Нет","343,00 TL","","2026-10-07 18:57:36","","","","","Ice Cream Break Head to Head: 343,00 TL; Ice Cream Break Head to Head - Avatar Full Game Bundle: 279,00 TL; Ice Cream Break Head to Head: 343,00 TL","Нет","Нет","","https://store.playstation.com/en-tr/concept/10004223","2022-01-14","Arcade","PEGI_3","—","Да"
"7471","IDOL MAKER VR","","PPSA20879","—","PS5","Нет","525,00 TL","","","","","","","","Нет","Нет","","https://store.playstation.com/en-tr/concept/10010125","2024-11-20","Simulation","PEGI_3","—","Да"
"7472","Idol Manager","","PPSA05841","—","PS5","Нет","879,00 TL","","","","","","","Idol Manager: 879,00 TL; Idol Manager: 875,00 TL","Нет","Да","","https://store.playstation.com/en-tr/concept/10004153","2022-08-24","Simulation","PEGI_12","—","Да"
"7473","I Got Isekai'd into a Shmup","","PPSA29069","—","PS5","Нет","549,00 TL","","","","","","","","Нет","Нет","","https://store.playstation.com/en-tr/concept/10014550","2025-10-16","Arcade","PEGI_12","—","Да"
"7474","I Am Future: Cozy Apocalypse Survival","","PPSA28867","—","PS5","Нет","849,00 TL","","","","","","","","Нет","Да","","https://store.playstation.com/en-tr/concept/10014424","2026-01-08","Simulation","PEGI_3","—","Да"
"7475","I Expect You To Die 2","","CUSA27601","—","PS4","Нет","875,00 TL","","","","","","","","Нет","Нет","","https://store.playstation.com/en-tr/concept/10002732","2021-08-23","Puzzle","PEGI_7","—","Да"
"7476","I Have No Mouth, and I Must Scream","","PPSA28836","—","PS4, PS5","Нет","429,00 TL","","","","","","","","Нет","Нет","","https://store.playstation.com/en-tr/concept/10012592","2025-03-27","Horror","PEGI_16","—","Да"
"7477","I Expect You To Die","","CUSA07396","—","PS4","Нет","875,00 TL","","","","","","","","Нет","Нет","","https://store.playstation.com/en-tr/concept/221938","2017-04-03","Puzzle","PEGI_7","—","Да"
"7478","IKARUGA","","CUSA11525","—","PS4","Нет","349,00 TL","","2026-10-07 18:57:36","","","","","","Нет","Нет","","https://store.playstation.com/en-tr/concept/231304","2018-06-29","Shooter","PEGI_7","—","Да"
"7479","Ikenfell","","CUSA23937","—","PS4","Нет","849,00 TL","","","","","","","","Нет","Нет","","https://store.playstation.com/en-tr/concept/10001167","2020-10-08","Role Playing Games","PEGI_7","—","Да"
"7480","I love Finding Wild Friends","","PPSA24816","—","PS5","Нет","21,45 TL","","","","","","","","Нет","Нет","","https://store.playstation.com/en-tr/concept/10011910","2024-10-24","Adventure","PEGI_3","—","Да"
"7481","Ikkarus and the Prince of Sin","","PPSA18598","—","PS4, PS5","Нет","104,70 TL","","","","","","","","Нет","Нет","","https://store.playstation.com/en-tr/concept/10009238","2024-01-09","Role Playing Games","PEGI_16","—","Да"
"7482","I Love Finding Birds","","PPSA15290","—","PS5","Нет","21,45 TL","","","","","","","","Нет","Нет","","https://store.playstation.com/en-tr/concept/10007937","2023-10-21","Adventure","PEGI_3","—","Да"
"7483","I Love Finding Cats!","","PPSA14100","—","PS5","Нет","21,45 TL","","","","","","","","Нет","Нет","","https://store.playstation.com/en-tr/concept/10007510","2023-10-20","Adventure","PEGI_3","—","Да"
"7484","Imagine Earth","","PPSA03992","—","PS4, PS5","Нет","1.079,00 TL","","","","","","","","Нет","Да","","https://store.playstation.com/en-tr/concept/10001900","2024-05-08","Strategy","PEGI_3","—","Да"
"7485","I Love Finding Pups!","","PPSA14102","—","PS5","Нет","32,45 TL","","","","","","","","Нет","Нет","","https://store.playstation.com/en-tr/concept/10007511","2023-04-24","Adventure","PEGI_3","—","Да"
"7486","Ikai","","PPSA06585","—","PS5","Нет","571,00 TL","","","","","","","Ikai: 571,00 TL; Ikai: 549,00 TL","Нет","Нет","","https://store.playstation.com/en-tr/concept/10004529","2022-03-29","Horror","PEGI_16","—","Да"
"7487","Ikonei Island: An Earthlock Adventure","","CUSA43342","—","PS4","Нет","463,95 TL","","","","","","","","Нет","Нет","","https://store.playstation.com/en-tr/concept/10008361","2024-03-21","Adventure","PEGI_7","—","Да"
"7488","I Love Finding MORE Pups","","PPSA14108","—","PS5","Нет","32,45 TL","","","","","","","","Нет","Нет","","https://store.playstation.com/en-tr/concept/10007514","2023-03-31","Adventure","PEGI_3","—","Да"
"7489","I Love Finding Cats & Pups","","PPSA23506","—","PS5","Нет","21,45 TL","","","","","","","","Нет","Нет","","https://store.playstation.com/en-tr/concept/10011220","2024-06-17","Adventure","PEGI_3","—","Да"
"7490","I'LL KILL HER","","PPSA16100","—","PS5","Нет","171,00 TL","","","","","","","I'LL KILL HER: 171,00 TL; I'LL KILL HER: 171,00 TL","Нет","Да","","https://store.playstation.com/en-tr/concept/10008234","2023-06-29","Unique","PEGI_16","—","Да"
"7491","I'm in Love With Your Dead Grandmother","","PPSA13939","—","PS5","Нет","215,00 TL","","","","","","","I'm in Love With Your Dead Grandmother: 215,00 TL; I'm in Love With Your Dead Grandmother: 215,00 TL","Нет","Нет","","https://store.playstation.com/en-tr/concept/10005437","2023-08-18","Unique","PEGI_16","—","Да"
"7492","I Love Finding Furbabies","","PPSA19553","—","PS5","Нет","21,45 TL","","","","","","","","Нет","Нет","","https://store.playstation.com/en-tr/concept/10009578","2023-11-20","Adventure","PEGI_3","—","Да"
"7493","I Love Finding MORE Cats","","PPSA14106","—","PS5","Нет","32,45 TL","","","","","","","","Нет","Нет","","https://store.playstation.com/en-tr/concept/10007513","2023-03-30","Adventure","PEGI_3","—","Да"
"7494","I'm Hungry","","CUSA15302","—","PS4","Нет","595,00 TL","","","","","","","","Нет","Да","","https://store.playstation.com/en-tr/concept/231779","2019-07-03","Casual","PEGI_3","—","Да"
"7495","I Love Food","","PPSA06816","—","PS4, PS5","Нет","215,00 TL","","","","","","","","Нет","Нет","","https://store.playstation.com/en-tr/concept/10004664","2022-04-20","Puzzle","PEGI_3","—","Да"
"7496","Immortal Legacy: The Jade Cipher","","CUSA17066","—","PS4","Нет","849,00 TL","","","","","","","","Нет","Нет","","https://store.playstation.com/en-tr/concept/10001004","2020-03-29","Adventure","PEGI_18","—","Да"
"7497","Immortal Legacy: The Jade Cipher","","CUSA09438","—","PS4","Нет","849,00 TL","","","","","","","","Нет","Нет","","https://store.playstation.com/en-tr/concept/233461","2019-04-16","Action","PEGI_18","—","Да"
"7498","I'm in Love With Your Dead Grandmother Presents: Noah SmallJohnson's Puzzle Game","","CUSA43175","—","PS4","Нет","215,00 TL","","","","","","","Basic Normie Edition: 215,00 TL; Mega Chad Edition: 300,00 TL","Нет","Нет","","https://store.playstation.com/en-tr/concept/10008116","2023-04-21","Arcade","PEGI_12","—","Да"
"7499","Immortal Planet","","CUSA17125","—","PS4","Нет","525,00 TL","","","","","","","","Нет","Нет","","https://store.playstation.com/en-tr/concept/234833","2019-12-05","Action","PEGI_16","—","Да"
"7501","Immortal Redneck","","CUSA07811","—","PS4","Нет","849,00 TL","","","","","","","","Нет","Да","","https://store.playstation.com/en-tr/concept/227381","2018-02-27","Arcade","PEGI_16","—","Да"
"7502","Immortus Temporus","","PPSA06371","—","PS5","Нет","215,00 TL","","","","","","","Immortus Temporus: 215,00 TL; Immortus Temporus: 215,00 TL","Нет","Да","","https://store.playstation.com/en-tr/concept/10003416","2022-06-16","Puzzle","PEGI_3","—","Да"
"7503","Independence Day Break","","CUSA28414","—","PS4","Нет","279,00 TL","","2026-10-07 18:57:36","","","","","Independence Day Break - Avatar Full Game Bundle: 279,00 TL; Independence Day Break: 279,00 TL; Holiday Break Mega Game Bundle: 849,00 TL","Нет","Нет","","https://store.playstation.com/en-tr/concept/10003049","2021-06-25","Arcade","PEGI_3","—","Да"
"7504","Indie All Star Vol 1","","CUSA51011","—","PS4, PS5","Нет","2.099,00 TL","","","","","","","","Нет","Да","","https://store.playstation.com/en-tr/concept/10012393","2024-09-12","Action","PEGI_16","—","Да"
"7505","In Celebration of Violence","","PPSA21627","—","PS5","Нет","455,00 TL","","","","","","","","Нет","Нет","","https://store.playstation.com/en-tr/concept/10010435","2024-03-14","Role Playing Games","PEGI_16","—","Да"
"7506","Indie All Star Vol 4","","CUSA51632","—","PS4, PS5","Нет","3.149,00 TL","","","","","","","","Да","Да","","https://store.playstation.com/en-tr/concept/10012889","2024-10-29","Action","PEGI_16","—","Да"
"7507","Indie All Star Vol 3","","CUSA51633","—","PS4, PS5","Нет","2.099,00 TL","","","","","","","","Нет","Да","","https://store.playstation.com/en-tr/concept/10012888","2024-10-24","Action","PEGI_16","—","Да"
"7508","INAYAH – Life After Gods","","PPSA31250","—","PS5","Нет","774,00 TL","","","","","","","","Нет","Да","","https://store.playstation.com/en-tr/concept/10015780","2025-08-18","Action","PEGI_16","—","Да"
"7509","I'm on Observation Duty 7","","PPSA27281","—","PS4, PS5","Нет","515,00 TL","","","","","","","","Нет","Да","","https://store.playstation.com/en-tr/concept/10013341","2025-08-15","Horror","PEGI_12","—","Да"
"7510","Indie All Star Vol 2","","CUSA51631","—","PS4, PS5","Нет","1.399,00 TL","","","","","","","","Нет","Да","","https://store.playstation.com/en-tr/concept/10012885","2024-10-21","Action","PEGI_16","—","Да"
"7511","In Death","","CUSA13639","—","PS4","Нет","1.299,00 TL","","","","","","","","Нет","Нет","","https://store.playstation.com/en-tr/concept/232793","2018-11-27","Action","PEGI_16","—","Да"
"7512","Industria","","PPSA06605","—","PS5","Нет","699,00 TL","","","","","","","","Нет","Да","","https://store.playstation.com/en-tr/concept/10004546","2022-06-09","Action","PEGI_12","—","Да"
"7513","I'm on Observation Duty 8","","PPSA33049","—","PS5","Нет","515,00 TL","","","","","","","","Нет","Да","","https://store.playstation.com/en-tr/concept/10016799","2025-12-05","Puzzle","PEGI_12","—","Да"
"7514","Indiecalypse","","CUSA19518","—","PS4","Нет","549,00 TL","","","","","","","","Нет","Нет","","https://store.playstation.com/en-tr/concept/10000618","2020-06-25","Adventure","PEGI_16","—","Да"
"7515","I'm on Observation Duty 6","","PPSA20943","—","PS5","Нет","419,00 TL","","","","","","","","Нет","Да","","https://store.playstation.com/en-tr/concept/10010146","2024-10-26","Horror","PEGI_16","—","Да"
"7516","Indoor Baseball","","PPSA36867","—","PS5","Нет","649,00 TL","","2026-10-08 18:33:36","","","","","","Нет","Нет","","https://store.playstation.com/en-tr/concept/10016283","2026-04-24","Sport","PEGI_3","—","Да"
"7517","Independence Day Break Head to Head","","CUSA28827","—","PS4","Нет","279,00 TL","","2026-10-07 18:57:36","","","","","Independence Day Break Head to Head - Avatar Full Game Bundle: 279,00 TL; Independence Day Break Head to Head: 279,00 TL","Нет","Нет","","https://store.playstation.com/en-tr/concept/10003205","2021-06-11","Arcade","PEGI_3","—","Да"
"7518","Inescapable: No Rules, No Rescue","","PPSA12367","—","PS5","Нет","524,70 TL","","","","","","","Inescapable: No Rules, No Rescue: 524,70 TL; Inescapable: No Rules, No Rescue: 524,70 TL","Нет","Нет","","https://store.playstation.com/en-tr/concept/10006582","2023-10-18","Adventure","PEGI_18","—","Да"
"7519","Indigo 7 Quest for Love","","PPSA08581","—","PS5","Нет","525,00 TL","","","","","","","Indigo 7 Quest for Love: 525,00 TL; Indigo 7 Quest for Love: 525,00 TL","Нет","Нет","","https://store.playstation.com/en-tr/concept/10002865","2022-06-27","Puzzle","PEGI_3","—","Да"
"7520","Indie All Star Vol 5","","CUSA51705","—","PS4, PS5","Нет","2.799,00 TL","","","","","","","","Нет","Да","","https://store.playstation.com/en-tr/concept/10012942","2024-11-06","Action","PEGI_16","—","Да"
"7521","Inertial Drift","","PPSA04896","—","PS4, PS5","Нет","699,00 TL","","2026-10-07 18:57:36","","","","","Inertial Drift - Twilight Rivals Edition: 262,25 TL; Inertial Drift: 174,75 TL","Нет","Да","","https://store.playstation.com/en-tr/concept/234957","2022-11-14","Driving/Racing","PEGI_3","—","Да"
"7522","Indoor Kickball","","PPSA15713","—","PS5","Нет","649,00 TL","","2026-10-08 18:33:36","","","","","","Нет","Нет","","https://store.playstation.com/en-tr/concept/10007628","2023-09-28","Family","PEGI_3","—","Да"
"7523","Independence Day Run","","PPSA10869","—","PS5","Нет","279,00 TL","","2026-10-07 18:57:36","","","","","Independence Day Run: 279,00 TL; Premium Edition: 279,00 TL","Нет","Нет","","https://store.playstation.com/en-tr/concept/10006373","2022-12-15","Casual","PEGI_3","—","Да"
"7524","In Between","","CUSA04307","—","PS4","Нет","419,00 TL","","","","","","","","Нет","Да","","https://store.playstation.com/en-tr/concept/221731","2019-10-01","Puzzle","PEGI_7","—","Да"
"7525","In Extremis DX","","CUSA30665","—","PS4","Нет","175,00 TL","","","","","","","","Нет","Нет","","https://store.playstation.com/en-tr/concept/10003901","2022-11-16","Shooter","PEGI_7","—","Да"
"7526","Infinite - Beyond the Mind","","CUSA17624","—","PS4","Нет","387,00 TL","","","","","","","","Нет","Да","","https://store.playstation.com/en-tr/concept/235046","2020-05-06","Adventure","PEGI_7","—","Да"
"7527","Infinite Tanks WWII","","CUSA26664","—","PS4","Нет","849,00 TL","","","","","","","","Нет","Да","","https://store.playstation.com/en-tr/concept/10002350","2022-01-11","Action","PEGI_12","—","Да"
"7528","Injection π23 'No Name, No Number'","","CUSA33143","—","PS4","Нет","429,00 TL","","","","","","","","Нет","Нет","","https://store.playstation.com/en-tr/concept/10004809","2022-04-22","Horror","PEGI_18","—","Да"
"7529","Infestor","","PPSA03559","—","PS4, PS5","Нет","215,00 TL","","","","","","","","Нет","Да","","https://store.playstation.com/en-tr/concept/10000997","2021-05-06","Action","PEGI_7","—","Да"
"7530","In Fair Spirits","","PPSA36171","—","PS4, PS5","Нет","387,00 TL","","","","","","","","Нет","Нет","","https://store.playstation.com/en-tr/concept/10018662","2026-07-02","Adventure","PEGI_12","—","Да"
"7531","Infernax","","CUSA30994","—","PS4","Нет","849,00 TL","","","","","","","","Нет","Да","","https://store.playstation.com/en-tr/concept/10003982","2022-02-14","Adventure","PEGI_16","—","Да"
"7532","Injection π23 'No Name, No Number' - Expansion Events","","CUSA33145","—","PS4","Нет","215,00 TL","","","","","","","","Нет","Нет","","https://store.playstation.com/en-tr/concept/10004863","2022-04-22","Horror","PEGI_18","—","Да"
"7533","Infinite Arrow","","CUSA30236","—","PS4","Нет","215,00 TL","","","","","","","","Нет","Нет","","https://store.playstation.com/en-tr/concept/10001972","2021-09-12","Casual","PEGI_3","—","Да"
"7534","Infini","","PPSA04256","—","PS4, PS5","Нет","85,80 TL","","","","","","","","Нет","Нет","","https://store.playstation.com/en-tr/concept/10002919","2023-05-17","Puzzle","PEGI_12","—","Да"
"7535","Infinos 2","","CUSA43428","—","PS4","Нет","215,00 TL","","","","","","","","Нет","Нет","","https://store.playstation.com/en-tr/concept/10008398","2025-10-15","Shooter","PEGI_7","—","Да"
"7536","Infinite Inside","","PPSA20665","—","PS5","Нет","455,00 TL","","","","","","","","Нет","Нет","","https://store.playstation.com/en-tr/concept/10010044","2024-07-11","Unique","PEGI_3","—","Да"
"7537","Inflatables","","PPSA32064","—","PS5","Нет","85,00 TL","","","","","","","","Нет","Нет","","https://store.playstation.com/en-tr/concept/10016287","2025-08-14","Arcade","PEGI_7","—","Да"
"7538","Infinity Runner","","CUSA00808","—","PS4","Нет","300,00 TL","","","","","","","","Нет","Нет","","https://store.playstation.com/en-tr/concept/202148","2015-04-21","Action","PEGI_12","—","Да"
"7539","Infinite Minigolf","","CUSA07813","—","PS4","Нет","649,00 TL","","","","","","","","Нет","Нет","","https://store.playstation.com/en-tr/concept/227378","2017-07-24","Sport","PEGI_3","—","Да"
"7540","Injection π23 'Tabula Rasa'","","PPSA18405","—","PS5","Нет","1.299,00 TL","","","","","","","","Нет","Да","","https://store.playstation.com/en-tr/concept/10009151","2025-12-22","Strategy","PEGI_16","—","Да"
"7541","Inhuman Resources: A Literary Machination","","PPSA35203","—","PS5","Нет","649,00 TL","","","","","","","","Нет","Нет","","https://store.playstation.com/en-tr/concept/10018088","2026-04-16","Role Playing Games","PEGI_7","—","Да"
"7542","Infinifactory","","CUSA02937","—","PS4","Нет","1.031,00 TL","","","","","","","","Нет","Нет","","https://store.playstation.com/en-tr/concept/202150","2016-01-15","Puzzle","PEGI_12","—","Да"
"7543","Infinos","","CUSA45595","—","PS4","Нет","215,00 TL","","","","","","","","Нет","Нет","","https://store.playstation.com/en-tr/concept/10009412","2025-10-15","Shooter","PEGI_7","—","Да"
"7544","Inked: A Tale of Love","","CUSA29776","—","PS4","Нет","429,00 TL","","","","","","","","Нет","Да","","https://store.playstation.com/en-tr/concept/10003122","2021-09-09","Adventure","PEGI_7","—","Да"
"7545","Injection π23 'No name, no number'","","CUSA14711","—","PS4","Нет","429,00 TL","","","","","","","","Нет","Нет","","https://store.playstation.com/en-tr/concept/233259","2019-06-03","Horror","PEGI_18","—","Да"
"7546","Ink Inside","","PPSA25659","—","PS5","Нет","429,00 TL","","","","","","","","Нет","Нет","","https://store.playstation.com/en-tr/concept/10011260","2025-12-11","Action","PEGI_3","—","Да"
"7547","INK","","CUSA08952","—","PS4","Нет","429,00 TL","","","","","","","","Нет","Нет","","https://store.playstation.com/en-tr/concept/227146","2017-09-19","Adventure","PEGI_3","—","Да"
"7548","Inkling Cats : Beneath the dreams","","PPSA36526","—","PS5","Нет","649,00 TL","","","","","","","","Нет","Нет","","https://store.playstation.com/en-tr/concept/10018874","2026-04-02","Action","PEGI_7","—","Да"
"7549","InnerSpace","","CUSA07734","—","PS4","Нет","849,00 TL","","","","","","","","Нет","Да","","https://store.playstation.com/en-tr/concept/227380","2018-01-16","Adventure","PEGI_3","—","Да"
"7550","Instant Sports Plus","","PPSA04320","—","PS4, PS5","Нет","699,00 TL","","","","","","","Instant Sports Plus: 699,00 TL; Instant Sports Bundle: 397,50 TL","Нет","Нет","","https://store.playstation.com/en-tr/concept/10003240","2021-11-25","Party","PEGI_3","—","Да"
"7551","Inkventure","","PPSA29751","—","PS4, PS5","Нет","215,00 TL","","","","","","","","Нет","Нет","","https://store.playstation.com/en-tr/concept/10014945","2025-06-05","Puzzle","PEGI_3","—","Да"
"7552","In Stars and Time","","PPSA13937","—","PS5","Нет","466,95 TL","","","","","","","In Stars and Time: 466,95 TL; In Stars and Time: 466,95 TL","Нет","Нет","","https://store.playstation.com/en-tr/concept/10007419","2023-11-20","Role Playing Games","PEGI_12","—","Да"
"7553","InkSplosion","","CUSA11651","—","PS4","Нет","215,00 TL","","","","","","","","Нет","Да","","https://store.playstation.com/en-tr/concept/231895","2018-05-09","Action","PEGI_3","—","Да"
"7554","Inspector Waffles: Early Days","","PPSA27035","—","PS4, PS5","Нет","214,50 TL","","","","","","","","Нет","Нет","","https://store.playstation.com/en-tr/concept/10013175","2025-09-11","Adventure","PEGI_12","—","Да"
"7555","Inside My Radio","","CUSA01097","—","PS4","Нет","525,00 TL","","","","","","","","Нет","Да","","https://store.playstation.com/en-tr/concept/216305","2016-01-19","Action","PEGI_7","—","Да"
"7556","Insectum - Epic Battles of Bugs","","PPSA23691","—","PS5","Нет","52,35 TL","","","","","","","","Нет","Нет","","https://store.playstation.com/en-tr/concept/10011327","2024-10-02","Strategy","PEGI_7","—","Да"
"7557","In My Shadow","","CUSA30272","—","PS4","Нет","515,00 TL","","","","","","","","Нет","Да","","https://store.playstation.com/en-tr/concept/10003401","2022-02-10","Puzzle","PEGI_3","—","Да"
"7558","In Space We Brawl","","CUSA01257","—","PS4","Нет","171,00 TL","","","","","","","","Нет","Нет","","https://store.playstation.com/en-tr/concept/202135","2014-10-10","Arcade","PEGI_7","—","Да"
"7559","In Nightmare","","PPSA06109","—","PS5","Нет","699,00 TL","","","","","","","In Nightmare: 699,00 TL; In Nightmare: 699,00 TL","Нет","Да","","https://store.playstation.com/en-tr/concept/10002650","2022-03-29","Horror","PEGI_12","—","Да"
"7560","Instant Sports Winter Games","","PPSA08073","—","PS4, PS5","Нет","699,00 TL","","","","","","","","Нет","Нет","","https://store.playstation.com/en-tr/concept/10005264","2022-07-21","Party","PEGI_3","—","Да"
"7561","Innocence Island","","PPSA09306","—","PS5","Нет","849,00 TL","","","","","","","Innocence Island: 849,00 TL; Innocence Island: 849,00 TL","Нет","Нет","","https://store.playstation.com/en-tr/concept/10005773","2022-10-11","Adventure","PEGI_16","—","Да"
"7562","Insane Robots","","CUSA06319","—","PS4","Нет","849,00 TL","","","","","","","Insane Robots - Deluxe Edition: 1.419,00 TL; Insane Robots: 849,00 TL; Insane Robots - Season Pass: 649,00 TL","Нет","Нет","","https://store.playstation.com/en-tr/concept/231759","2018-07-10","Casual","PEGI_7","—","Да"
"7563","Ink & Paper: DoodleCut","","CUSA57403","—","PS4","Нет","215,00 TL","","","","","","","Standard Edition: 215,00 TL; Complete Edition: 300,00 TL","Нет","Нет","","https://store.playstation.com/en-tr/concept/10017520","2025-12-23","Family","PEGI_3","—","Да"
"7564","INSTANT SPORTS All-Stars","","PPSA07519","—","PS5","Нет","879,00 TL","","","","","","","INSTANT SPORTS All-Stars: 879,00 TL; INSTANT SPORTS All-Stars: 875,00 TL","Нет","Нет","","https://store.playstation.com/en-tr/concept/10005021","2022-07-03","Sport","PEGI_3","—","Да"
"7565","Instruments of Destruction","","PPSA30796","—","PS5","Нет","849,00 TL","","","","","","","","Нет","Да","","https://store.playstation.com/en-tr/concept/10015527","2025-10-23","Action","PEGI_7","—","Да"
"7566","International Basketball","","CUSA45497","—","PS4","Нет","175,00 TL","","","","","","","","Нет","Нет","","https://store.playstation.com/en-tr/concept/10009353","2023-10-06","Sport","PEGI_3","—","Да"
"7567","inKONBINI: One Store. Many Stories","","PPSA24262","—","PS4, PS5","Нет","1.079,00 TL","","","","","","","Digital Deluxe Edition: 1.160,00 TL","Нет","Да","","https://store.playstation.com/en-tr/concept/10011644","2026-04-30","Casual","PEGI_3","—","Да"
"7568","International Table Tennis","","CUSA32139","—","PS4","Нет","175,00 TL","","","","","","","","Нет","Нет","","https://store.playstation.com/en-tr/concept/10004464","2022-03-10","Sport","PEGI_3","—","Да"
"7569","Into Black","","PPSA27338","—","PS5","Нет","584,55 TL","","","","","","","","Нет","Нет","","https://store.playstation.com/en-tr/concept/10013367","2025-08-27","Role Playing Games","PEGI_7","—","Да"
"7571","Into the Restless Ruins","","PPSA27589","—","PS5","Нет","529,00 TL","","","","","","","Into the Restless Ruins: 529,00 TL","Нет","Да","","https://store.playstation.com/en-tr/concept/10013512","2025-05-15","Arcade","PEGI_7","—","Да"
"7572","ION Shift","","PPSA33996","—","PS5","Нет","515,00 TL","","","","","","","ION Shift: 515,00 TL; ION Shift: 515,00 TL","Нет","Да","","https://store.playstation.com/en-tr/concept/10017323","2025-12-19","Shooter","PEGI_16","—","Да"
"7573","Into the Slimy Mines","","PPSA36363","—","PS5","Нет","411,75 TL","","","","","","","Into the Slimy Ruins: 863,20 TL; Into the Slimy Mines: 411,75 TL","Нет","Да","","https://store.playstation.com/en-tr/concept/10018784","2026-05-29","Arcade","PEGI_7","—","Да"
"7574","INVERSUS Deluxe","","CUSA04189","—","PS4","Нет","623,00 TL","","","","","","","","Нет","Да","","https://store.playstation.com/en-tr/concept/217196","2016-08-16","Action","PEGI_3","—","Да"
"7575","Irem Collection Volume 1","","PPSA16530","—","PS4, PS5","Нет","879,00 TL","","","","","","","","Нет","Нет","","https://store.playstation.com/en-tr/concept/10008412","2023-11-20","Arcade","PEGI_7","—","Да"
"7576","INVECTOR: RHYTHM GALAXY","","CUSA44030","—","PS4","Нет","1.079,00 TL","","","","","","","","Нет","Да","","https://store.playstation.com/en-tr/concept/10008686","2024-02-08","Music/Rhythm","PEGI_3","—","Да"
"7577","Into Death and Beyond","","PPSA28137","—","PS5","Нет","349,00 TL","","","","","","","","Нет","Нет","","https://store.playstation.com/en-tr/concept/10013146","2025-03-06","Horror","PEGI_16","—","Да"
"7578","Invisigun Reloaded","","CUSA17191","—","PS4","Нет","215,00 TL","","","","","","","","Нет","Нет","","https://store.playstation.com/en-tr/concept/234827","2019-09-24","Action","PEGI_7","—","Да"
"7579","Intruders: Hide and Seek","","CUSA09446","—","PS4","Нет","849,00 TL","","","","","","","","Нет","Нет","","https://store.playstation.com/en-tr/concept/229126","2019-02-12","Horror","PEGI_18","—","Да"
"7580","Invisible, Inc.","","CUSA04281","—","PS4","Нет","174,75 TL","","","","","","","","Нет","Нет","","https://store.playstation.com/en-tr/concept/216301","2016-04-19","Strategy","PEGI_16","—","Да"
"7581","iO","","CUSA04542","—","PS4","Нет","343,00 TL","","","","","","","","Нет","Нет","","https://store.playstation.com/en-tr/concept/217173","2017-02-14","Action","PEGI_3","—","Да"
"7582","Invasion","","PPSA19197","—","PS5","Нет","300,00 TL","","2026-10-07 18:57:36","","","","","Invasion: 300,00 TL; Arcade Double Game Bundle: 167,40 TL; Invasion: 300,00 TL; Arcade Double Game Bundle: 167,40 TL","Нет","Нет","","https://store.playstation.com/en-tr/concept/10009444","2023-10-31","Arcade","PEGI_3","—","Да"
"7583","In Trusted Hands","","PPSA35892","—","PS4, PS5","Нет","429,00 TL","","","","","","","","Нет","Да","","https://store.playstation.com/en-tr/concept/10018504","2026-05-07","Simulator","PEGI_12","—","Да"
"7584","Intrepid Izzy","","PPSA10103","—","PS4, PS5","Нет","389,00 TL","","","","","","","","Нет","Нет","","https://store.playstation.com/en-tr/concept/10006122","2022-12-01","Action","PEGI_7","—","Да"
"7585","IN-VERT","","CUSA17824","—","PS4","Нет","215,00 TL","","","","","","","","Нет","Да","","https://store.playstation.com/en-tr/concept/235091","2020-01-07","Adventure","PEGI_3","—","Да"
"7586","Irem Collection Volume 2","","PPSA24705","—","PS4, PS5","Нет","875,00 TL","","","","","","","Digital Edition: 875,00 TL; Irem Collection Volume 1-2: 1.749,00 TL","Нет","Нет","","https://store.playstation.com/en-tr/concept/10011863","2024-11-14","Shooter","PEGI_7","—","Да"
"7587","Invocation: The Festival of Souls","","PPSA23513","—","PS5","Нет","27,60 TL","","","","","","","Invocation: The Festival of Souls: 27,60 TL; ITFOS Avatar Bundle PS5: 70,00 TL; Invocation: The Festival of Souls: 27,60 TL; ITFOS Theme Avatar Bundle PS4: 70,00 TL","Нет","Нет","","https://store.playstation.com/en-tr/concept/10011221","2024-07-26","Action","PEGI_7","—","Да"
"7588","Irem Collection Volume 3","","PPSA28507","—","PS4, PS5","Нет","1.079,00 TL","","","","","","","","Нет","Нет","","https://store.playstation.com/en-tr/concept/10014201","2025-07-01","Shooter","PEGI_7","—","Да"
"7589","In Sound Mind","","PPSA04921","—","PS5","Нет","1.499,00 TL","","","","","","","Standard Edition (PS5): 1.499,00 TL; Deluxe Edition (PS5): 1.749,00 TL","Нет","Да","","https://store.playstation.com/en-tr/concept/10001487","2021-09-28","Horror","PEGI_12","—","Да"
"7590","Invasion Of Space 2","","CUSA50341","—","PS4","Нет","107,00 TL","","","","","","","","Нет","Нет","","https://store.playstation.com/en-tr/concept/10012012","2024-09-30","Adventure","PEGI_7","—","Да"
"7591","Iris and the Giant","","CUSA40546","—","PS4","Нет","525,00 TL","","","","","","","Iris and the Giant: 525,00 TL; Deluxe Soundtrack Edition: 89,25 TL","Нет","Да","","https://store.playstation.com/en-tr/concept/10007266","2023-03-02","Puzzle","PEGI_7","—","Да"
"7592","Iris.Fall","","CUSA24668","—","PS4","Нет","849,00 TL","","","","","","","","Нет","Да","","https://store.playstation.com/en-tr/concept/10000769","2021-01-06","Strategy","PEGI_7","—","Да"
"7593","I, Robot","","PPSA25423","—","PS5","Нет","649,00 TL","","","","","","","I, Robot: 649,00 TL; I, Robot: 649,00 TL","Нет","Нет","","https://store.playstation.com/en-tr/concept/10012198","2025-04-16","Arcade","PEGI_3","—","Да"
"7594","Ironclad Tactics","","CUSA01571","—","PS4","Нет","649,00 TL","","","","","","","","Нет","Нет","","https://store.playstation.com/en-tr/concept/202178","2015-01-21","Strategy","PEGI_12","—","Да"
"7595","Ironcast","","CUSA02530","—","PS4","Нет","549,00 TL","","2026-10-07 18:57:36","","","","","Ironcast: Complete Collection: 687,00 TL; Ironcast: 549,00 TL","Нет","Нет","","https://store.playstation.com/en-tr/concept/202179","2016-03-02","Puzzle","PEGI_12","—","Да"
"7596","IRON CRYPTICLE","","CUSA07110","—","PS4","Нет","387,00 TL","","","","","","","","Нет","Нет","","https://store.playstation.com/en-tr/concept/229982","2017-07-10","Horror","PEGI_7","—","Да"
"7597","- Isekai Tragic Love - 異世界最強勇者の悲恋物語","","CUSA45644","—","PS4","Нет","687,00 TL","","","","","","","","Нет","Да","","https://store.playstation.com/en-tr/concept/10009428","2024-12-18","Adventure","PEGI_16","—","Да"
"7598","Island Rescue","","PPSA30530","—","PS5","Нет","129,00 TL","","","","","","","","Нет","Нет","","https://store.playstation.com/en-tr/concept/10015381","2025-06-12","Puzzle","PEGI_3","—","Да"
"7599","It Could Happen to You","","PPSA24300","—","PS4, PS5","Нет","175,00 TL","","","","","","","","Нет","Нет","","https://store.playstation.com/en-tr/concept/10011658","2024-10-17","Adventure","PEGI_16","—","Да"
"7600","Island Flight Simulator","","CUSA07870","—","PS4","Нет","699,00 TL","","","","","","","","Нет","Нет","","https://store.playstation.com/en-tr/concept/228766","2017-06-19","Family","PEGI_3","—","Да"
"7601","It Came From Space and Ate Our Brains","","CUSA18002","—","PS4","Нет","649,00 TL","","","","","","","","Нет","Да","","https://store.playstation.com/en-tr/concept/221729","2020-01-27","Arcade","PEGI_7","—","Да"
"7602","Irony Curtain: From Matryoshka with Love","","CUSA11691","—","PS4","Нет","849,00 TL","","","","","","","Irony Curtain: From Matryoshka with Love - Original Soundtrack: 215,00 TL; Irony Curtain: From Matryoshka with Love: 849,00 TL; Irony Curtain - Revolutionary Edition: 1.299,00 TL; Comrade Rabbit Bundle: 1.079,00 TL","Нет","Нет","","https://store.playstation.com/en-tr/concept/231922","2019-06-24","Adventure","PEGI_16","—","Да"
"7603","Itadaki Smash","","CUSA27555","—","PS4","Нет","78,75 TL","","","","","","","","Нет","Нет","","https://store.playstation.com/en-tr/concept/10002730","2021-05-20","Action","PEGI_12","—","Да"
"7604","ISLANDERS","","CUSA28006","—","PS4","Нет","175,00 TL","","","","","","","","Нет","Нет","","https://store.playstation.com/en-tr/concept/10002911","2021-08-25","Casual","PEGI_3","—","Да"
"7605","Is this Game Trying to Kill Me?","","PPSA27570","—","PS5","Нет","419,40 TL","","","","","","","","Нет","Да","","https://store.playstation.com/en-tr/concept/10013490","2025-04-03","Adventure","PEGI_16","—","Да"
"7606","Iron Heart","","CUSA50205","—","PS4","Нет","429,00 TL","","","","","","","","Нет","Да","","https://store.playstation.com/en-tr/concept/10011932","2024-10-25","Strategy","PEGI_7","—","Да"
"7607","Iron Danger","","PPSA12357","—","PS5","Нет","699,00 TL","","","","","","","","Нет","Да","","https://store.playstation.com/en-tr/concept/10006844","2023-08-16","Strategy","PEGI_16","—","Да"
"7608","Is It Wrong to Try to Pick Up Girls in a Dungeon? Familia Myth Infinite Combate","","CUSA18909","—","PS4","Нет","349,75 TL","","","","","","","","Нет","Нет","","https://store.playstation.com/en-tr/concept/225205","2020-08-07","Role Playing Games","PEGI_12","—","Да"
"7609","Island Farmer","","PPSA33628","—","PS5","Нет","150,00 TL","","","","","","","","Нет","Да","","https://store.playstation.com/en-tr/concept/10016291","2026-08-13","Family","PEGI_3","—","Да"
"7610","Isolation Instinct: Farming, Craft, Survival","","CUSA49643","—","PS4","Нет","455,00 TL","","2026-10-08 18:33:36","","","","","","Нет","Нет","","https://store.playstation.com/en-tr/concept/10011543","2024-08-05","Adventure","PEGI_12","—","Да"
"7611","It's Quiz Time","","CUSA07336","—","PS4","Нет","1.079,00 TL","","","","","","","","Нет","Нет","","https://store.playstation.com/en-tr/concept/227376","2017-11-27","Casual","PEGI_3","—","Да"
"7612","It Reaches","","PPSA36073","—","PS5","Нет","849,00 TL","","2026-10-07 18:57:36","","","","","","Нет","Да","","https://store.playstation.com/en-tr/concept/10018589","2026-05-25","Horror","PEGI_16","—","Да"
"7613","ISLANDERS: New Shores","","PPSA26224","—","PS5","Нет","429,00 TL","","","","","","","ISLANDERS: New Shores: 429,00 TL; The Scenic Builders Pack: 515,00 TL; The Full Archipelago Bundle: 649,00 TL; Island Hopping Bundle: 580,00 TL","Нет","Да","","https://store.playstation.com/en-tr/concept/10012470","2025-07-10","Puzzle","PEGI_3","—","Да"
"7614","- Isekai Harem Saver - ハーレム過ぎる異世界は俺が救う","","CUSA45655","—","PS4","Нет","687,00 TL","","","","","","","","Нет","Да","","https://store.playstation.com/en-tr/concept/10009431","2024-10-15","Adventure","PEGI_16","—","Да"
"7615","Is Today Another Day?","","PPSA37641","—","PS5","Нет","193,00 TL","","","","","","","Is Today Another Day?: 193,00 TL; Is Today Another Day?: 193,00 TL","Нет","Да","","https://store.playstation.com/en-tr/concept/10019501","2026-06-19","Adventure","PEGI_16","—","Да"
"7616","IXION","","PPSA23281","—","PS5","Нет","1.499,00 TL","","","","","","","","Нет","Да","","https://store.playstation.com/en-tr/concept/10009170","2025-04-08","Strategy","PEGI_7","—","Да"
"7617","It's Quiz Time Guinness World Records 2026 Edition","","PPSA34612","—","PS4, PS5","Нет","1.299,00 TL","","","","","","","It's Quiz Time: Mega Pack: 1.079,00 TL; It's Quiz Time Guinness World Records 2026 Edition PS4 & PS5: 1.299,00 TL","Нет","Нет","","https://store.playstation.com/en-tr/concept/10016529","2026-02-11","Quiz","PEGI_3","—","Да"
"7618","I, Zombie","","CUSA06797","—","PS4","Нет","31,40 TL","","","","","","","","Нет","Нет","","https://store.playstation.com/en-tr/concept/225206","2016-11-23","Action","PEGI_7","—","Да"
"7619","Jack Holmes: Master Of Puppets","","PPSA19370","—","PS5","Нет","649,00 TL","","2026-10-07 18:57:36","","","","","","Нет","Да","","https://store.playstation.com/en-tr/concept/10009503","2024-05-01","Horror","PEGI_18","—","Да"
"7620","Jack Move","","CUSA32155","—","PS4","Нет","849,00 TL","","","","","","","","Нет","Да","","https://store.playstation.com/en-tr/concept/10004467","2022-09-20","Role Playing Games","PEGI_12","—","Да"
"7621","Jaleco Sports: Goal!","","PPSA33237","—","PS5","Нет","257,25 TL","","","","","","","","Нет","Нет","","https://store.playstation.com/en-tr/concept/10015687","2025-11-20","Sport","PEGI_3","—","Да"
"7622","JakX: Combat Racing","","CUSA07992","—","PS4","Нет","525,00 TL","","2026-10-08 18:33:36","","","","","","Нет","Нет","","https://store.playstation.com/en-tr/concept/229131","2017-12-05","Action","PEGI_12","—","Да"
"7623","Jay and Silent Bob: Chronic Blunt Punch","","PPSA34438","—","PS5","Нет","849,00 TL","","","","","","","","Нет","Нет","","https://store.playstation.com/en-tr/concept/10017598","2026-04-20","Fighting","PEGI_16","—","Да"
"7624","Jack N’ Jill","","CUSA12944","—","PS4","Нет","215,00 TL","","","","","","","","Нет","Да","","https://store.playstation.com/en-tr/concept/232514","2018-09-26","Adventure","PEGI_3","—","Да"
"7625","JankBrain","","CUSA25680","—","PS4","Нет","107,00 TL","","","","","","","","Нет","Нет","","https://store.playstation.com/en-tr/concept/10001455","2021-01-28","Action","PEGI_7","—","Да"
"7626","Jak and Daxter: The Lost Frontier","","PPSA14325","—","PS4, PS5","Нет","429,00 TL","","","","","","","","Нет","Нет","","https://store.playstation.com/en-tr/concept/10007600","2024-03-19","Adventure","PEGI_12","—","Да"
"7627","Jak II: Renegade","","CUSA07990","—","PS4","Нет","525,00 TL","","","","","","","","Нет","Нет","","https://store.playstation.com/en-tr/concept/202185","2017-12-05","Action","PEGI_12","—","Да"
"7628","Jamestown+","","CUSA02212","—","PS4","Нет","687,00 TL","","","","","","","","Нет","Нет","","https://store.playstation.com/en-tr/concept/202259","2015-03-17","Action","PEGI_7","—","Да"
"7629","JackQuest: The Tale of the Sword","","CUSA14231","—","PS4","Нет","515,00 TL","","","","","","","","Нет","Да","","https://store.playstation.com/en-tr/concept/233050","2019-01-23","Action","PEGI_7","—","Да"
"7630","JAWS","","PPSA35505","—","PS5","Нет","649,00 TL","","","","","","","","Нет","Нет","","https://store.playstation.com/en-tr/concept/10018282","2026-02-12","Action","PEGI_3","—","Да"
"7631","Jaleco Sports: Goal! 2","","PPSA33565","—","PS5","Нет","257,25 TL","","","","","","","","Нет","Нет","","https://store.playstation.com/en-tr/concept/10017067","2026-04-02","Sport","PEGI_3","—","Да"
"7632","Jak 3","","CUSA07991","—","PS4","Нет","525,00 TL","","2026-10-08 18:33:36","","","","","","Нет","Да","","https://store.playstation.com/en-tr/concept/202184","2017-12-05","Action","PEGI_12","—","Да"
"7633","Japanese Rail Sim: Journey to Kyoto","","CUSA28510","—","PS4","Нет","2.149,00 TL","","","","","","","","Нет","Нет","","https://store.playstation.com/en-tr/concept/10001462","2021-06-22","Simulation","PEGI_3","—","Да"
"7634","Jaleco Sports: Bases Loaded 2","","PPSA33566","—","PS5","Нет","257,25 TL","","","","","","","","Нет","Нет","","https://store.playstation.com/en-tr/concept/10017068","2026-04-02","Sport","PEGI_3","—","Да"
"7635","Jay and Silent Bob: Mall Brawl","","CUSA28505","—","PS4","Нет","774,00 TL","","","","","","","","Нет","Нет","","https://store.playstation.com/en-tr/concept/10002106","2021-05-19","Arcade","PEGI_7","—","Да"
"7636","Japanese Rail Sim: Hakone Town of Natural Beauty and Hot Springs","","CUSA50612","—","PS4","Нет","2.149,00 TL","","","","","","","","Нет","Нет","","https://store.playstation.com/en-tr/concept/10012164","2024-12-20","Simulator","PEGI_3","—","Да"
"7637","Jaleco Sports: Bases Loaded","","PPSA33238","—","PS5","Нет","257,25 TL","","","","","","","","Нет","Нет","","https://store.playstation.com/en-tr/concept/10014747","2025-11-20","Sport","PEGI_3","—","Да"
"7638","Jaden & Jasmine II: Lost Memories","","PPSA25728","—","PS5","Нет","687,00 TL","","","","","","","","Нет","Нет","","https://store.playstation.com/en-tr/concept/10012374","2026-03-31","Unique","PEGI_16","—","Да"
"7639","Jazzpunk: Director's Cut","","CUSA05228","—","PS4","Нет","629,00 TL","","","","","","","","Нет","Нет","","https://store.playstation.com/en-tr/concept/221707","2016-10-19","Action","PEGI_16","—","Да"
"7640","Jeanne d'Arc","","PPSA13995","—","PS4, PS5","Нет","429,00 TL","","","","","","","","Нет","Нет","","https://store.playstation.com/en-tr/concept/10007464","2024-07-16","Role Playing Games","PEGI_7","—","Да"
"7641","JellyCar Worlds","","PPSA33746","—","PS5","Нет","283,00 TL","","","","","","","JellyCar Worlds: 283,00 TL; JellyCar Worlds: 283,00 TL","Нет","Да","","https://store.playstation.com/en-tr/concept/10016938","2025-12-04","Unique","PEGI_3","—","Да"
"7642","Jetpack Kiwi","","PPSA24298","—","PS4, PS5","Нет","209,00 TL","","","","","","","","Нет","Нет","","https://store.playstation.com/en-tr/concept/10011657","2024-11-07","Casual","PEGI_3","—","Да"
"7643","Jewel Match Solitaire L'Amour","","PPSA34801","—","PS5","Нет","225,00 TL","","","","","","","","Нет","Нет","","https://store.playstation.com/en-tr/concept/10017822","2026-02-12","Casual","PEGI_3","—","Да"
"7644","Jewel Match Solitaire 2","","PPSA25112","—","PS5","Нет","21,45 TL","","","","","","","","Нет","Нет","","https://store.playstation.com/en-tr/concept/10012045","2024-11-19","Casual","PEGI_3","—","Да"
"7645","Jet Set Knights","","CUSA20332","—","PS4","Нет","349,00 TL","","","","","","","","Нет","Да","","https://store.playstation.com/en-tr/concept/10000869","2020-09-22","Action","PEGI_18","—","Да"
"7646","Jewel Match Solitaire: Winterscapes","","PPSA14137","—","PS5","Нет","32,45 TL","","","","","","","","Нет","Нет","","https://store.playstation.com/en-tr/concept/10007529","2023-05-29","Casual","PEGI_3","—","Да"
"7647","Jettomero: Hero of the Universe","","CUSA11028","—","PS4","Нет","429,00 TL","","","","","","","","Нет","Да","","https://store.playstation.com/en-tr/concept/231102","2018-02-26","Action","PEGI_7","—","Да"
"7648","Jewel Match Solitaire: Winterscapes 2","","PPSA21674","—","PS5","Нет","21,45 TL","","","","","","","","Нет","Нет","","https://store.playstation.com/en-tr/concept/10010452","2024-03-21","Casual","PEGI_3","—","Да"
"7649","Jewel Rotation","","CUSA18370","—","PS4","Нет","209,00 TL","","","","","","","","Нет","Нет","","https://store.playstation.com/en-tr/concept/235417","2025-01-17","Unique","PEGI_3","—","Да"
"7650","Jewel Match Atlantis Solitaire","","PPSA21598","—","PS5","Нет","42,90 TL","","","","","","","","Нет","Нет","","https://store.playstation.com/en-tr/concept/10010422","2024-05-20","Casual","PEGI_3","—","Да"
"7651","Jewel Match Twilight Solitaire","","PPSA14135","—","PS5","Нет","32,45 TL","","","","","","","","Нет","Нет","","https://store.playstation.com/en-tr/concept/10007528","2023-04-28","Casual","PEGI_7","—","Да"
"7652","Jewel Fever 2","","CUSA14369","—","PS4","Нет","209,00 TL","","2026-10-08 18:33:36","","","","","","Нет","Нет","","https://store.playstation.com/en-tr/concept/233103","2018-11-27","Casual","PEGI_3","—","Да"
"7653","Jet Rider 2","","PPSA17995","—","PS4, PS5","Нет","429,00 TL","","","","","","","","Нет","Нет","","https://store.playstation.com/en-tr/concept/10009010","2024-02-20","Driving/Racing","PEGI_7","—","Да"
"7654","Jewel Fever 3","","CUSA50891","—","PS4","Нет","209,00 TL","","","","","","","","Нет","Нет","","https://store.playstation.com/en-tr/concept/10012286","2025-01-16","Puzzle","PEGI_3","—","Да"
"7655","JETT: The Far Shore + Given Time","","PPSA01754","—","PS4, PS5","Нет","1.299,00 TL","","","","","","","JETT: The Far Shore + Given Time: 1.299,00 TL; JETT: The Far Shore + Given Time: 1.299,00 TL","Нет","Нет","","https://store.playstation.com/en-tr/concept/10001026","2021-10-04","Action","PEGI_7","—","Да"
"7656","Jett Rider","","PPSA20379","—","PS4, PS5","Нет","537,00 TL","","","","","","","","Нет","Нет","","https://store.playstation.com/en-tr/concept/10009901","2024-01-25","Action","PEGI_7","—","Да"
"7657","Jewel Match Solitaire","","PPSA14139","—","PS5","Нет","21,45 TL","","","","","","","","Нет","Нет","","https://store.playstation.com/en-tr/concept/10007530","2023-11-02","Casual","PEGI_3","—","Да"
"7658","Jewel Match Solitaire X","","PPSA36988","—","PS5","Нет","255,00 TL","","","","","","","","Нет","Нет","","https://store.playstation.com/en-tr/concept/10019106","2026-05-01","Casual","PEGI_3","—","Да"
"7659","JIGSAW CHRONICLES: Haunting Tales","","PPSA26217","—","PS5","Нет","175,00 TL","","2026-10-08 18:33:36","","","","","","Нет","Нет","","https://store.playstation.com/en-tr/concept/10012693","2024-11-02","Puzzle","PEGI_3","—","Да"
"7660","JEX","","PPSA25294","—","PS5","Нет","129,00 TL","","","","","","","JEX: 129,00 TL; JEX: 129,00 TL","Нет","Нет","","https://store.playstation.com/en-tr/concept/10012128","2024-09-22","Action","PEGI_3","—","Да"
"7661","JIGSAW CHRONICLES: Heroes of Legend","","PPSA25752","—","PS5","Нет","34,50 TL","","","","","","","JIGSAW CHRONICLES: Heroes of Legend I Avatar Pack: 175,00 TL; JIGSAW CHRONICLES: Heroes of Legend: 34,50 TL","Нет","Нет","","https://store.playstation.com/en-tr/concept/10012391","2024-09-22","Puzzle","PEGI_3","—","Да"
"7662","Jigsaw Tetra Avatar Bundle","","CUSA47104","—","PS4","Нет","34,80 TL","","","","","","","Jigsaw Tetra Avatar Bundle: 34,80 TL; Jigsaw Tetra: 34,50 TL; Jigsaw Tetra Avatar Bundle: 34,80 TL; Jigsaw Tetra: 34,50 TL","Нет","Нет","","https://store.playstation.com/en-tr/concept/10010126","2024-03-01","Puzzle","PEGI_3","—","Да"
"7663","Jingle Strike VR Bowling","","PPSA34016","—","PS5","Нет","343,00 TL","","","","","","","","Нет","Нет","","https://store.playstation.com/en-tr/concept/10016551","2026-06-26","Sport","PEGI_3","—","Да"
"7664","JIGSAW CHRONICLES: Most Wanted","","PPSA26488","—","PS5","Нет","69,00 TL","","","","","","","","Нет","Нет","","https://store.playstation.com/en-tr/concept/10012862","2024-12-05","Puzzle","PEGI_3","—","Да"
"7665","Jelly & Toast","","PPSA28093","—","PS4, PS5","Нет","215,00 TL","","","","","","","","Нет","Да","","https://store.playstation.com/en-tr/concept/10013930","2026-01-08","Arcade","PEGI_3","—","Да"
"7666","Jimmy and the Pulsating Mass","","PPSA17204","—","PS4, PS5","Нет","849,00 TL","","","","","","","","Нет","Нет","","https://store.playstation.com/en-tr/concept/10008700","2026-02-03","Role Playing Games","PEGI_12","—","Да"
"7667","Jet Rider","","PPSA16535","—","PS4, PS5","Нет","429,00 TL","","","","","","","","Нет","Нет","","https://store.playstation.com/en-tr/concept/10008415","2025-03-07","Driving/Racing","PEGI_7","—","Да"
"7668","Jitsu Squad","","PPSA09828","—","PS5","Нет","1.049,00 TL","","","","","","","Jitsu Squad: 1.049,00 TL; Jitsu Squad: 1.049,00 TL","Нет","Нет","","https://store.playstation.com/en-tr/concept/10006019","2022-12-08","Action","PEGI_16","—","Да"
"7669","Jisei: The First Case HD","","CUSA20165","—","PS4","Нет","43,00 TL","","","","","","","","Нет","Нет","","https://store.playstation.com/en-tr/concept/10000750","2020-07-21","Adventure","PEGI_12","—","Да"
"7670","Juicy Realm","","PPSA19816","—","PS5","Нет","649,00 TL","","","","","","","Juicy Realm: 649,00 TL; Juicy Realm: 601,00 TL","Нет","Нет","","https://store.playstation.com/en-tr/concept/10009462","2024-03-14","Action","PEGI_7","—","Да"
"7671","Journey Collector’s Edition","","CUSA02172","—","PS4","Нет","1.079,00 TL","","","","","","","","Нет","Нет","","https://store.playstation.com/en-tr/concept/215384","2015-09-29","Adventure","PEGI_7","—","Да"
"7672","Josh Journey: Darkness Totems","","CUSA33974","—","PS4","Нет","489,00 TL","","","","","","","","Нет","Да","","https://store.playstation.com/en-tr/concept/10005188","2022-10-05","Adventure","PEGI_7","—","Да"
"7673","Jolt Family Robot Racer","","CUSA10399","—","PS4","Нет","215,00 TL","","","","","","","","Нет","Нет","","https://store.playstation.com/en-tr/concept/231103","2018-03-06","Arcade","PEGI_3","—","Да"
"7674","Jumbo Airport Story","","CUSA40519","—","PS4","Нет","515,00 TL","","","","","","","","Нет","Нет","","https://store.playstation.com/en-tr/concept/10007250","2023-08-02","Simulation","PEGI_3","—","Да"
"7675","Joe Wander and the Enigmatic adventures","","PPSA07829","—","PS5","Нет","1.299,00 TL","","","","","","","","Нет","Да","","https://store.playstation.com/en-tr/concept/10005152","2023-03-18","Puzzle","PEGI_7","—","Да"
"7676","John Fart : Text-iverse of Crazyness","","PPSA35522","—","PS5","Нет","215,00 TL","","","","","","","John Fart: Text-iverse of Crazyness: 215,00 TL; John Fart: Text-iverse of Crazyness: 215,00 TL","Нет","Нет","","https://store.playstation.com/en-tr/concept/10006501","2026-03-27","Adventure","PEGI_12","—","Да"
"7677","Judero","","PPSA30798","—","PS5","Нет","730,00 TL","","","","","","","","Нет","Нет","","https://store.playstation.com/en-tr/concept/10015522","2025-10-03","Action","PEGI_12","—","Да"
"7678","Jumanji: Wild Adventures","","PPSA08978","—","PS4, PS5","Нет","1.399,00 TL","","","","","","","","Нет","Нет","","https://store.playstation.com/en-tr/concept/10004449","2023-11-02","Action","PEGI_7","—","Да"
"7679","Jujubos","","CUSA45382","—","PS4","Нет","215,00 TL","","","","","","","","Нет","Нет","","https://store.playstation.com/en-tr/concept/10005064","2023-10-18","Adventure","PEGI_3","—","Да"
"7680","Jotun","","CUSA05293","—","PS4","Нет","525,00 TL","","","","","","","","Нет","Да","","https://store.playstation.com/en-tr/concept/221912","2016-09-09","Action","PEGI_12","—","Да"
"7681","Journey of the Broken Circle","","CUSA26381","—","PS4","Нет","343,00 TL","","","","","","","","Нет","Нет","","https://store.playstation.com/en-tr/concept/10002238","2021-03-12","Action","PEGI_7","—","Да"
"7682","Jump Challenge!","","PPSA05860","—","PS5","Нет","283,00 TL","","","","","","","Jump Challenge!: 283,00 TL; Jump Challenge!: 283,00 TL","Нет","Да","","https://store.playstation.com/en-tr/concept/10004167","2022-11-18","Action","PEGI_3","—","Да"
"7683","Juiced Fruit Racing","","PPSA33038","—","PS5","Нет","649,00 TL","","","","","","","Juiced Fruit Racing: 649,00 TL; Juiced Fruit Racing: 649,00 TL","Нет","Нет","","https://store.playstation.com/en-tr/concept/10016791","2025-10-23","Driving/Racing","PEGI_3","—","Да"
"7684","Jump King","","CUSA18514","—","PS4","Нет","164,70 TL","","","","","","","","Нет","Да","","https://store.playstation.com/en-tr/concept/10000308","2020-06-08","Adventure","PEGI_3","—","Да"
"7685","Jump Man","","PPSA24888","—","PS5","Нет","215,00 TL","","","","","","","Jump Man: 215,00 TL; Jump Man: 215,00 TL","Нет","Нет","","https://store.playstation.com/en-tr/concept/10011937","2025-03-05","Arcade","PEGI_12","—","Да"
"7686","23 seconds to 5","","CUSA24472","—","PS4","Нет","472,00 TL","","","","","","","","Нет","Нет","","https://store.playstation.com/en-tr/concept/10001274","2021-07-31","Action","PEGI_3","—","Да"
"7687","Jumping Flash!","","PPSA06359","—","PS4, PS5","Нет","429,00 TL","","","","","","","","Нет","Нет","","https://store.playstation.com/en-tr/concept/10004413","2025-03-07","Adventure","PEGI_3","—","Да"
"7688","Jump Stars","","CUSA05801","—","PS4","Нет","429,00 TL","","","","","","","","Нет","Да","","https://store.playstation.com/en-tr/concept/222849","2017-06-05","Party","PEGI_3","—","Да"
"7689","Joe's Diner","","CUSA03774","—","PS4","Нет","649,00 TL","","","","","","","","Нет","Нет","","https://store.playstation.com/en-tr/concept/216295","2016-09-07","Adventure","PEGI_7","—","Да"
"7690","Journey of a Special Average Balloon","","PPSA32234","—","PS4, PS5","Нет","193,00 TL","","","","","","","","Нет","Нет","","https://store.playstation.com/en-tr/concept/10016380","2025-09-15","Casual","PEGI_3","—","Да"
"7691","Just Find It 3","","PPSA23869","—","PS5","Нет","42,90 TL","","","","","","","","Нет","Нет","","https://store.playstation.com/en-tr/concept/10011433","2024-07-15","Casual","PEGI_3","—","Да"
"7692","JURNAL RISA: DARK DESTINY","","PPSA32300","—","PS5","Нет","679,20 TL","","","","","","","","Нет","Нет","","https://store.playstation.com/en-tr/concept/10016423","2026-06-17","Adventure","PEGI_16","—","Да"
"7693","Jupiter & Mars","","CUSA12578","—","PS4","Нет","525,00 TL","","","","","","","","Нет","Нет","","https://store.playstation.com/en-tr/concept/229983","2019-05-08","Adventure","PEGI_3","—","Да"
"7694","Justice Sucks","","PPSA06713","—","PS4, PS5","Нет","699,00 TL","","","","","","","","Нет","Да","","https://store.playstation.com/en-tr/concept/10004611","2022-09-08","Arcade","PEGI_16","—","Да"
"7695","Just Find It 4","","PPSA28561","—","PS5","Нет","85,80 TL","","","","","","","","Нет","Нет","","https://store.playstation.com/en-tr/concept/10014240","2025-03-13","Casual","PEGI_3","—","Да"
"7696","Just a Phrase by POWGI","","CUSA17521","—","PS4","Нет","343,00 TL","","","","","","","","Нет","Нет","","https://store.playstation.com/en-tr/concept/234989","2020-02-03","Casual","PEGI_3","—","Да"
"7697","Just Deserts","","PPSA35430","—","PS4, PS5","Нет","429,00 TL","","","","","","","","Нет","Нет","","https://store.playstation.com/en-tr/concept/10018211","2026-03-26","Adventure","PEGI_16","—","Да"
"7698","Just Die Already","","CUSA25705","—","PS4","Нет","601,00 TL","","2026-10-08 18:33:36","","","","","4-Player Co-op Bundle: 1.749,00 TL; Old Flames Bundle: 1.299,00 TL; Just Die Already: 601,00 TL","Нет","Да","","https://store.playstation.com/en-tr/concept/233233","2021-05-19","Unique","PEGI_12","—","Да"
"7699","Just Find It 2","","PPSA21690","—","PS5","Нет","21,45 TL","","","","","","","","Нет","Нет","","https://store.playstation.com/en-tr/concept/10010456","2024-03-21","Adventure","PEGI_3","—","Да"
"7700","Justice Ninja Casey","","PPSA27064","—","PS4, PS5","Нет","209,00 TL","","","","","","","","Нет","Нет","","https://store.playstation.com/en-tr/concept/10013206","2025-02-27","Adventure","PEGI_7","—","Да"
"7701","Just Find It","","PPSA21436","—","PS5","Нет","21,45 TL","","","","","","","","Нет","Нет","","https://store.playstation.com/en-tr/concept/10010349","2024-03-13","Puzzle","PEGI_3","—","Да"
"7702","Just Deal With It!","","CUSA11505","—","PS4","Нет","849,00 TL","","","","","","","","Нет","Нет","","https://store.playstation.com/en-tr/concept/231801","2018-11-14","Casual","PEGI_12","—","Да"
"7703","Jusant","","PPSA10264","—","PS5","Нет","875,00 TL","","2026-10-08 18:33:36","","","","","","Нет","Да","","https://store.playstation.com/en-tr/concept/10006168","2023-10-30","Adventure","PEGI_3","—","Да"
"7704","Junkyard Builder","","PPSA30927","—","PS5","Нет","649,00 TL","","","","","","","Junkyard Builder & Farmer's Life Bundle: 1.419,00 TL; Junkyard Builder & Arena Renovation Bundle: 1.419,00 TL; Junkyard Builder: 649,00 TL","Нет","Да","","https://store.playstation.com/en-tr/concept/10015623","2025-10-21","Simulator","PEGI_3","—","Да"
"7705","Just Crow Things","","PPSA27621","—","PS5","Нет","769,00 TL","","2026-10-08 18:33:36","","","","","Just Crow Things: 769,00 TL; Just Crow Things: 769,00 TL","Нет","Да","","https://store.playstation.com/en-tr/concept/10012571","2025-03-18","Puzzle","PEGI_7","—","Да"
"7706","Just Ignore Them","","CUSA15839","—","PS4","Нет","215,00 TL","","","","","","","","Нет","Нет","","https://store.playstation.com/en-tr/concept/234061","2019-10-22","Adventure","PEGI_16","—","Да"
"7707","Juufuutei Raden's Guide for Pixel Museum","","CUSA56735","—","PS4","Нет","849,00 TL","","","","","","","Juufuutei Raden™'s Guide for Pixel Museum: 849,00 TL","Нет","Нет","","https://store.playstation.com/en-tr/concept/10016920","2025-12-10","Puzzle","PEGI_3","—","Да"
"7708","Just In Time Incorporated","","CUSA11575","—","PS4","Нет","215,00 TL","","","","","","","","Нет","Нет","","https://store.playstation.com/en-tr/concept/231760","2018-04-23","Action","PEGI_12","—","Да"
"7709","Jurassic Pinball","","PPSA08382","—","PS4, PS5","Нет","31,50 TL","","","","","","","","Нет","Нет","","https://store.playstation.com/en-tr/concept/10005376","2022-06-09","Arcade","PEGI_3","—","Да"
"7710","Junkster","","PPSA22450","—","PS5","Нет","429,00 TL","","","","","","","","Нет","Да","","https://store.playstation.com/en-tr/concept/10010682","2026-06-16","Family","PEGI_7","—","Да"
"7711","Kaboomania","","PPSA35884","—","PS5","Нет","429,00 TL","","2026-10-08 18:33:36","","","","","","Нет","Нет","","https://store.playstation.com/en-tr/concept/10018498","2026-08-12","Action","PEGI_7","—","Да"
"7712","Kaichu: The Kaiju Dating Sim","","PPSA08454","—","PS4, PS5","Нет","429,00 TL","","2026-10-07 18:57:36","","","","","","Нет","Нет","","https://store.playstation.com/en-tr/concept/10005406","2022-09-07","Role Playing Games","PEGI_12","—","Да"
"7713","Kabounce","","CUSA10466","—","PS4","Нет","649,00 TL","","","","","","","Kabounce Digital Deluxe Edition: 849,00 TL; Kabounce: 649,00 TL","Нет","Да","","https://store.playstation.com/en-tr/concept/231315","2018-05-29","Action","PEGI_3","—","Да"
"7714","Kaiju Big Battel: Fighto Fantasy","","PPSA28371","—","PS4, PS5","Нет","699,00 TL","","","","","","","","Нет","Нет","","https://store.playstation.com/en-tr/concept/10014107","2025-05-13","Role Playing Games","PEGI_7","—","Да"
"7715","Karma City Police","","PPSA28320","—","PS4, PS5","Нет","515,00 TL","","","","","","","","Нет","Нет","","https://store.playstation.com/en-tr/concept/10014073","2025-07-17","Adventure","PEGI_12","—","Да"
"7716","Kaiju Wars","","CUSA33612","—","PS4","Нет","699,00 TL","","","","","","","Kaiju Wars: 699,00 TL; Deluxe Edition: 153,80 TL","Нет","Да","","https://store.playstation.com/en-tr/concept/10005040","2022-11-10","Strategy","PEGI_7","—","Да"
"7717","OKAMI HD","","CUSA08364","—","PS4","Нет","699,00 TL","","","","","","","","Нет","Нет","","https://store.playstation.com/en-tr/concept/216640","2017-12-11","Adventure","PEGI_12","—","Да"
"7718","KAMITSUBAKI CITY REGENERATE","","CUSA54740","—","PS4","Нет","749,50 TL","","","","","","","","Нет","Нет","","https://store.playstation.com/en-tr/concept/10015170","2025-09-03","Adventure","PEGI_12","—","Да"
"7719","Karma. Incarnation 1","","CUSA28054","—","PS4","Нет","429,00 TL","","","","","","","","Нет","Нет","","https://store.playstation.com/en-tr/concept/10002929","2021-05-13","Adventure","PEGI_3","—","Да"
"7720","KarmaZoo","","PPSA12380","—","PS5","Нет","429,00 TL","","","","","","","","Нет","Да","","https://store.playstation.com/en-tr/concept/10006504","2023-11-13","Action","PEGI_3","—","Да"
"7721","Kara Fantasy","","PPSA28129","—","PS4, PS5","Нет","209,00 TL","","","","","","","","Нет","Да","","https://store.playstation.com/en-tr/concept/10013952","2025-03-27","Role Playing Games","PEGI_7","—","Да"
"7722","KAMiBAKO - Mythology of Cube","","PPSA19595","—","PS4, PS5","Нет","1.299,00 TL","","","","","","","KAMiBAKO - Mythology of Cube -: 1.299,00 TL","Нет","Нет","","https://store.playstation.com/en-tr/concept/10008937","2025-01-29","Role Playing Games","PEGI_7","—","Да"
"7723","Kamikaze Lassplanes","","PPSA36442","—","PS5","Нет","849,00 TL","","","","","","","Standard Edition: 849,00 TL; Deluxe Edition: 949,00 TL","Нет","Нет","","https://store.playstation.com/en-tr/concept/10018776","2026-04-24","Action","PEGI_12","—","Да"
"7724","Katamari Damacy REROLL","","CUSA24205","—","PS4","Нет","262,25 TL","","","","","","","","Нет","Нет","","https://store.playstation.com/en-tr/concept/10001045","2020-11-19","Action","PEGI_3","—","Да"
"7725","Kargast","","PPSA05812","—","PS4, PS5","Нет","429,00 TL","","2026-10-07 18:57:36","","","","","","Нет","Нет","","https://store.playstation.com/en-tr/concept/10004136","2023-05-16","Adventure","PEGI_7","—","Да"
"7726","Kalinur","","PPSA16992","—","PS4, PS5","Нет","257,00 TL","","","","","","","","Нет","Нет","","https://store.playstation.com/en-tr/concept/10008604","2023-08-29","Action","PEGI_7","—","Да"
"7727","Kaku - Ancient Seal","","PPSA30797","—","PS5","Нет","1.299,00 TL","","","","","","","","Нет","Да","","https://store.playstation.com/en-tr/concept/10015528","2025-10-16","Adventure","PEGI_12","—","Да"
"7728","Karakulo 21","","PPSA38577","—","PS5","Нет","257,00 TL","","","","","","","","Нет","Да","","https://store.playstation.com/en-tr/concept/10020075","2026-08-13","Horror","PEGI_3","—","Да"
"7729","Kansei: The Second Turn HD","","PPSA05784","—","PS4, PS5","Нет","279,00 TL","","","","","","","","Нет","Нет","","https://store.playstation.com/en-tr/concept/10004111","2022-01-13","Adventure","PEGI_7","—","Да"
"7730","Karate Survivor","","PPSA29713","—","PS5","Нет","257,00 TL","","","","","","","Karate Survivor: 257,00 TL; Karate Survivor: 179,90 TL","Нет","Да","","https://store.playstation.com/en-tr/concept/10014856","2025-08-27","Casual","PEGI_12","—","Да"
"7731","Kamiwaza: Way of the Thief","","CUSA32577","—","PS4","Нет","1.399,00 TL","","","","","","","","Нет","Нет","","https://store.playstation.com/en-tr/concept/10004620","2022-10-14","Action","PEGI_12","—","Да"
"7732","KATANA KAMI: A Way of the Samurai Story","","CUSA16934","—","PS4","Нет","1.049,00 TL","","","","","","","","Нет","Нет","","https://store.playstation.com/en-tr/concept/234370","2020-02-19","Action","PEGI_16","—","Да"
"7733","Katana Kata","","PPSA06543","—","PS5","Нет","525,00 TL","","","","","","","Katana Kata: 525,00 TL; Katana Kata: 525,00 TL","Нет","Да","","https://store.playstation.com/en-tr/concept/10002149","2024-08-22","Action","PEGI_18","—","Да"
"7734","Kairobotica","","CUSA23955","—","PS4","Нет","455,00 TL","","","","","","","","Нет","Нет","","https://store.playstation.com/en-tr/concept/10001173","2021-11-17","Simulation","PEGI_3","—","Да"
"7735","Kat-tastic Hidden Object","","PPSA37227","—","PS5","Нет","255,00 TL","","","","","","","","Нет","Нет","","https://store.playstation.com/en-tr/concept/10019259","2026-06-04","Casual","PEGI_3","—","Да"
"7736","Kamikaze Veggies","","CUSA33423","—","PS4","Нет","559,00 TL","","","","","","","","Нет","Да","","https://store.playstation.com/en-tr/concept/10004715","2022-12-08","Adventure","PEGI_12","—","Да"
"7737","KAUIL’S TREASURE","","CUSA25418","—","PS4","Нет","236,00 TL","","","","","","","","Нет","Нет","","https://store.playstation.com/en-tr/concept/10001832","2020-12-16","Adventure","PEGI_7","—","Да"
"7738","Khara The Game","","CUSA11045","—","PS4","Нет","429,00 TL","","","","","","","","Нет","Нет","","https://store.playstation.com/en-tr/concept/231287","2018-05-16","Adventure","PEGI_12","—","Да"
"7739","Ki11er Clutter","","PPSA14122","—","PS5","Нет","21,45 TL","","","","","","","","Нет","Нет","","https://store.playstation.com/en-tr/concept/10007521","2023-11-02","Puzzle","PEGI_3","—","Да"
"7740","Kero Blaster","","CUSA06010","—","PS4","Нет","419,00 TL","","","","","","","","Нет","Да","","https://store.playstation.com/en-tr/concept/222853","2017-04-11","Action","PEGI_3","—","Да"
"7741","Ken Follett's The Pillars of the Earth","","CUSA08560","—","PS4","Нет","499,00 TL","","","","","","","","Нет","Да","","https://store.playstation.com/en-tr/concept/227222","2017-08-15","Adventure","PEGI_16","—","Да"
"7742","Kenshō","","PPSA38334","—","PS5","Нет","649,00 TL","","","","","","","","Нет","Да","","https://store.playstation.com/en-tr/concept/10019907","2026-07-02","Puzzle","PEGI_7","—","Да"
"7743","KAWAII SLIME ARENA","","PPSA10967","—","PS4, PS5","Нет","257,00 TL","","","","","","","","Нет","Нет","","https://store.playstation.com/en-tr/concept/10006413","2022-12-15","Shooter","PEGI_12","—","Да"
"7744","Kiai Resonance","","CUSA19540","—","PS4","Нет","343,00 TL","","","","","","","","Нет","Нет","","https://store.playstation.com/en-tr/concept/10000624","2021-08-11","Fighting","PEGI_16","—","Да"
"7745","Keeper's Toll","","PPSA28623","—","PS4, PS5","Нет","245,00 TL","","","","","","","","Нет","Да","","https://store.playstation.com/en-tr/concept/10014278","2025-06-10","Adventure","PEGI_16","—","Да"
"7746","Kholat","","CUSA04252","—","PS4","Нет","174,75 TL","","","","","","","","Нет","Да","","https://store.playstation.com/en-tr/concept/216317","2016-03-07","Adventure","PEGI_12","—","Да"
"7747","Kawaii Deathu Desu","","CUSA25081","—","PS4","Нет","150,00 TL","","2026-10-07 18:57:36","","","","","","Нет","Да","","https://store.playstation.com/en-tr/concept/10000844","2020-11-30","Action","PEGI_12","—","Да"
"7748","KEJORA","","PPSA29708","—","PS5","Нет","849,00 TL","","2026-10-07 18:57:36","","","","","KEJORA: 594,30 TL; KEJORA: 594,30 TL","Нет","Нет","","https://store.playstation.com/en-tr/concept/10014900","2026-01-14","Adventure","PEGI_7","—","Да"
"7749","Key of Heaven","","PPSA07537","—","PS4, PS5","Нет","429,00 TL","","","","","","","","Нет","Нет","","https://store.playstation.com/en-tr/concept/10005028","2025-03-07","Role Playing Games","PEGI_12","—","Да"
"7750","Kick & Fennick","","CUSA03859","—","PS4","Нет","649,00 TL","","","","","","","","Нет","Нет","","https://store.playstation.com/en-tr/concept/202287","2016-06-02","Action","PEGI_7","—","Да"
"7751","Kemono Heroes","","PPSA24321","—","PS4, PS5","Нет","649,00 TL","","","","","","","","Нет","Нет","","https://store.playstation.com/en-tr/concept/10011666","2025-03-27","Action","PEGI_7","—","Да"
"7752","Keylocker | Turn Based Cyberpunk Action","","PPSA23172","—","PS5","Нет","849,00 TL","","","","","","","","Нет","Нет","","https://store.playstation.com/en-tr/concept/10011063","2024-09-18","Role Playing Games","PEGI_7","—","Да"
"7753","Kick it, Bunny!","","CUSA30577","—","PS4","Нет","249,00 TL","","","","","","","","Нет","Да","","https://store.playstation.com/en-tr/concept/10003865","2021-10-13","Puzzle","PEGI_3","—","Да"
"7754","Keep Talking and Nobody Explodes","","CUSA06561","—","PS4","Нет","525,00 TL","","","","","","","","Нет","Нет","","https://store.playstation.com/en-tr/concept/224859","2017-01-23","Simulation","PEGI_3","—","Да"
"7755","Kentucky Route Zero","","PPSA15802","—","PS4, PS5","Нет","769,00 TL","","","","","","","","Нет","Да","","https://store.playstation.com/en-tr/concept/229797","2023-08-17","Unique","PEGI_12","—","Да"
"7756","Kawaii Puzzle Quest 2","","PPSA31853","—","PS5","Нет","25,60 TL","","","","","","","Kawaii Puzzle Quest 2 Avatar Bundle: 86,00 TL; Kawaii Puzzle Quest 2: 25,60 TL; Kawaii Puzzle Quest 2: 25,60 TL","Нет","Нет","","https://store.playstation.com/en-tr/concept/10016182","2025-08-08","Puzzle","PEGI_12","—","Да"
"7757","Kid Ball Adventure","","PPSA08460","—","PS4, PS5","Нет","175,00 TL","","","","","","","","Нет","Да","","https://store.playstation.com/en-tr/concept/10005410","2022-08-23","Action","PEGI_3","—","Да"
"7758","Kids On Site - Hard","","PPSA23501","—","PS5","Нет","649,00 TL","","","","","","","Kids On Site - Hard Hat Edition: 649,00 TL; Kids On Site - Hard Hat Edition: 774,00 TL","Нет","Нет","","https://store.playstation.com/en-tr/concept/10004892","2026-05-07","Simulation","PEGI_3","—","Да"
"7760","Kids Learn","","CUSA47094","—","PS4","Нет","279,00 TL","","","","","","","Kids Learn: 279,00 TL","Нет","Нет","","https://store.playstation.com/en-tr/concept/10010123","2024-01-19","Puzzle","PEGI_3","—","Да"
"7761","KickBeat","","CUSA00401","—","PS4","Нет","429,00 TL","","","","","","","","Нет","Нет","","https://store.playstation.com/en-tr/concept/202285","2014-09-16","Fighting","PEGI_12","—","Да"
"7762","Kiko's Apple Adventure","","PPSA36974","—","PS4, PS5","Нет","257,00 TL","","","","","","","","Нет","Нет","","https://store.playstation.com/en-tr/concept/10019103","2026-05-29","Puzzle","PEGI_3","—","Да"
"7763","Kind Heart Defenders","","CUSA43891","—","PS4","Нет","257,00 TL","","","","","","","","Нет","Да","","https://store.playstation.com/en-tr/concept/10008627","2023-09-21","Strategy","PEGI_3","—","Да"
"7764","Killing Time: Resurrected","","PPSA24075","—","PS4, PS5","Нет","1.079,00 TL","","","","","","","","Нет","Нет","","https://store.playstation.com/en-tr/concept/10011545","2024-10-18","Shooter","PEGI_16","—","Да"
"7765","Kill The Bad Guy","","CUSA04997","—","PS4","Нет","245,00 TL","","","","","","","","Нет","Да","","https://store.playstation.com/en-tr/concept/217220","2017-01-31","Fighting","PEGI_16","—","Да"
"7766","Kingblade: Medieval TCG Card Shop","","PPSA34991","—","PS5","Нет","429,00 TL","","2026-10-08 18:33:36","","","","","","Нет","Да","","https://store.playstation.com/en-tr/concept/10017949","2026-02-22","Simulator","PEGI_3","—","Да"
"7767","KILLALLZOMBIES","","CUSA00849","—","PS4","Нет","429,00 TL","","","","","","","","Нет","Нет","","https://store.playstation.com/en-tr/concept/202326","2014-11-12","Action","PEGI_16","—","Да"
"7768","Kingdom Eighties","","PPSA13581","—","PS5","Нет","146,65 TL","","","","","","","","Нет","Да","","https://store.playstation.com/en-tr/concept/10007265","2023-10-16","Strategy","PEGI_7","—","Да"
"7769","KINGDOM HEARTS HD 1.5 + 2.5 ReMIX","","CUSA05786","—","PS4","Нет","1.749,00 TL","","","","","","","","Нет","Нет","","https://store.playstation.com/en-tr/concept/225697","2017-03-30","Role Playing Games","PEGI_12","—","Да"
"7770","Kill It With Fire","","CUSA24061","—","PS4","Нет","525,00 TL","","","","","","","Kill It With Fire: 525,00 TL; Exterminator Edition: 699,00 TL","Нет","Да","","https://store.playstation.com/en-tr/concept/10001230","2021-03-04","Action","PEGI_7","—","Да"
"7771","Kinetica","","CUSA01947","—","PS4","Нет","429,00 TL","","","","","","","","Нет","Нет","","https://store.playstation.com/en-tr/concept/202368","2016-05-16","Driving/Racing","PEGI_7","—","Да"
"7772","KILL IT WITH FIRE! 2","","PPSA15735","—","PS5","Нет","649,00 TL","","","","","","","","Нет","Нет","","https://store.playstation.com/en-tr/concept/10008124","2025-11-25","Horror","PEGI_7","—","Да"
"7773","Killer Klowns From Outer Space: The Game","","PPSA18774","—","PS5","Нет","699,50 TL","","","","","","","Killer Klowns From Outer Space: The Game: 699,50 TL; Digital Deluxe: 1.049,50 TL","Нет","Нет","","https://store.playstation.com/en-tr/concept/10009210","2024-05-28","Horror","PEGI_18","—","Да"
"7774","King Arthur: Knight's Tale","","PPSA17880","—","PS5","Нет","1.949,00 TL","","","","","","","","Нет","Да","","https://store.playstation.com/en-tr/concept/10008967","2024-02-18","Role Playing Games","PEGI_16","—","Да"
"7775","Kine","","CUSA23052","—","PS4","Нет","849,00 TL","","","","","","","","Нет","Нет","","https://store.playstation.com/en-tr/concept/10000018","2019-10-08","Puzzle","PEGI_3","—","Да"
"7776","KINGDOM HEARTS Collection [I～III]","","PPSA35901","—","PS5","Да","3.449,00 TL","","","","","","","KINGDOM HEARTS III + Re Mind (DLC): 1.749,00 TL; KINGDOM HEARTS HD 2.8 Final Chapter Prologue: 1.749,00 TL; KINGDOM HEARTS Collection [I～III]: 3.449,00 TL; KINGDOM HEARTS -HD 1.5+2.5 ReMIX-: 1.749,00 TL","Нет","Нет","","https://store.playstation.com/en-tr/concept/10018494","2026-10-05","Role Playing Games","PEGI_12","—","Да"
"7777","Kingdom of Arcadia","","PPSA03293","—","PS4, PS5","Нет","209,00 TL","","","","","","","","Нет","Нет","","https://store.playstation.com/en-tr/concept/10001317","2021-04-13","Action","PEGI_7","—","Да"
"7778","King Arthur: Legion IX","","PPSA22803","—","PS5","Нет","849,00 TL","","","","","","","","Нет","Да","","https://store.playstation.com/en-tr/concept/10010880","2025-05-06","Role Playing Games","PEGI_16","—","Да"
"7779","Kiln","","PPSA34512","—","PS5","Нет","799,00 TL","","","","","","","Kiln: 799,00 TL; Kiln Fired Up Edition: 1.199,00 TL","Нет","Да","","https://store.playstation.com/en-tr/concept/10017667","2026-04-23","Action","PEGI_7","—","Да"
"7780","Kingdom of Asteborg","","PPSA22055","—","PS5","Нет","1.499,00 TL","","","","","","","Kingdom of Asteborg: 1.499,00 TL; Kingdom of Asteborg: 1.419,00 TL","Нет","Нет","","https://store.playstation.com/en-tr/concept/10010610","2025-02-27","Adventure","PEGI_12","—","Да"
"7781","Kingdom: New Lands","","CUSA10900","—","PS4","Нет","525,00 TL","","","","","","","","Нет","Да","PS Plus Extra","https://store.playstation.com/en-tr/concept/231088","2018-01-15","Action","PEGI_7","—","Да"
"7782","Kiki - A Vibrant 3D Platformer","","PPSA22885","—","PS4, PS5","Нет","175,00 TL","","","","","","","","Нет","Нет","","https://store.playstation.com/en-tr/concept/10010927","2024-09-10","Puzzle","PEGI_7","—","Да"
"7784","Killsquad","","CUSA31668","—","PS4","Нет","1.299,00 TL","","","","","","","","Нет","Да","","https://store.playstation.com/en-tr/concept/10004269","2023-07-20","Action","PEGI_12","—","Да"
"7785","KINGDOM HEARTS HD 2.8 Final Chapter Prologue","","CUSA05787","—","PS4","Нет","2.299,00 TL","","","","","","","","Нет","Нет","","https://store.playstation.com/en-tr/concept/221709","2017-01-24","Role Playing Games","PEGI_12","—","Да"
"7786","King Oddball","","PPSA02148","—","PS4, PS5","Нет","215,00 TL","","","","","","","","Нет","Нет","","https://store.playstation.com/en-tr/concept/202378","2020-11-11","Puzzle","PEGI_3","—","Да"
"7787","King of Ping Pong: MEGAMIX","","PPSA28645","—","PS4, PS5","Нет","300,00 TL","","","","","","","","Нет","Нет","","https://store.playstation.com/en-tr/concept/10014290","2025-09-16","Adventure","PEGI_7","—","Да"
"7788","King of the Hat","","CUSA43014","—","PS4","Нет","774,00 TL","","","","","","","","Нет","Да","","https://store.playstation.com/en-tr/concept/10003031","2023-08-24","Action","PEGI_7","—","Да"
"7789","Kingdom's Dungeon Rage","","CUSA48297","—","PS4","Нет","209,00 TL","","","","","","","","Нет","Нет","","https://store.playstation.com/en-tr/concept/10010713","2024-06-27","Puzzle","PEGI_7","—","Да"
"7790","kingdom of drift","","CUSA33875","—","PS4","Нет","849,00 TL","","","","","","","","Нет","Нет","","https://store.playstation.com/en-tr/concept/10005148","2022-05-14","Driving/Racing","PEGI_3","—","Да"
"7791","King's Heir: Rise to the Throne","","CUSA14262","—","PS4","Нет","649,00 TL","","","","","","","Enchanted Kingdoms Bundle: 1.547,00 TL","Нет","Нет","","https://store.playstation.com/en-tr/concept/233065","2018-12-14","Adventure","PEGI_12","—","Да"
"7792","Kingdom of Blades","","CUSA13011","—","PS4","Нет","472,00 TL","","","","","","","","Нет","Нет","","https://store.playstation.com/en-tr/concept/232330","2019-01-15","Action","PEGI_7","—","Да"
"7793","King of drift 2","","PPSA28374","—","PS5","Нет","849,00 TL","","","","","","","King of drift 2: 849,00 TL; King of drift 2: 849,00 TL","Нет","Нет","","https://store.playstation.com/en-tr/concept/10014110","2025-04-28","Driving/Racing","PEGI_3","—","Да"
"7794","Kingdom's Return: Time-Eating Fruit and the Ancient Monster","","PPSA34247","—","PS5","Нет","549,00 TL","","","","","","","","Нет","Нет","","https://store.playstation.com/en-tr/concept/10017494","2026-04-22","Action","PEGI_3","—","Да"
"7795","King of Tokyo","","PPSA27029","—","PS5","Нет","1.299,00 TL","","2026-10-07 18:57:36","","","","","","Нет","Нет","","https://store.playstation.com/en-tr/concept/10013147","2026-05-20","Family","PEGI_7","—","Да"
"7796","King Drift and hajwalah","","CUSA13232","—","PS4","Нет","484,00 TL","","","","","","","","Нет","Нет","","https://store.playstation.com/en-tr/concept/233555","2019-01-24","Driving/Racing","PEGI_3","—","Да"
"7797","Kitten'd","","CUSA16040","—","PS4","Нет","902,00 TL","","","","","","","","Нет","Да","","https://store.playstation.com/en-tr/concept/234316","2019-11-17","Casual","PEGI_3","—","Да"
"7798","Kingdom of Aurelia - Mystery of the Poisoned Dagger","","PPSA11495","—","PS5","Нет","699,00 TL","","","","","","","Kingdom of Aurelia - Mystery of the Poisoned Dagger: 699,00 TL; Kingdom of Aurelia - Mystery of the Poisoned Dagger: 529,00 TL","Нет","Да","","https://store.playstation.com/en-tr/concept/10006599","2022-12-24","Family","PEGI_12","—","Да"
"7799","KinnikuNeko: SUPER MUSCLE CAT","","PPSA28908","—","PS4, PS5","Нет","629,00 TL","","","","","","","","Нет","Да","","https://store.playstation.com/en-tr/concept/10010857","2025-03-19","Arcade","PEGI_12","—","Да"
"7800","Kittengumi Short: Chapter 0","","PPSA33053","—","PS5","Нет","111,15 TL","","","","","","","PS4/PS5 Cross-Buy: 257,00 TL; Kittengumi Short: Chapter 0: 111,15 TL; Complete Story: 171,75 TL; Kittengumi Short: Chapter 0: 171,00 TL; Avatar Edition: 300,00 TL","Нет","Да","","https://store.playstation.com/en-tr/concept/10016812","2025-10-16","Adventure","PEGI_3","—","Да"
"7801","Kitaria Fables","","PPSA02528","—","PS4, PS5","Нет","699,00 TL","","2026-10-07 18:57:36","","","","","Standard: 174,75 TL; Deluxe Edition: 218,75 TL","Нет","Да","","https://store.playstation.com/en-tr/concept/10001835","2021-09-01","Role Playing Games","PEGI_7","—","Да"
"7802","Kitten Island","","PPSA19298","—","PS5","Нет","35,00 TL","","","","","","","Kitten Island: 35,00 TL; Kitten Island: 35,00 TL","Нет","Нет","","https://store.playstation.com/en-tr/concept/10009477","2024-03-30","Action","PEGI_7","—","Да"
"7803","Kittengumi: The Sakabato's Thief","","PPSA14467","—","PS4, PS5","Нет","85,80 TL","","","","","","","Kittengumi: The Sakabato's Thief: 85,80 TL; Nya Edition: 455,00 TL","Нет","Нет","","https://store.playstation.com/en-tr/concept/10007658","2023-10-12","Adventure","PEGI_12","—","Да"
"7804","King's Quest - Chapter 1: A Knight to Remember","","CUSA02014","—","PS4","Нет","1.299,00 TL","","","","","","","King's Quest: The Complete Collection: 1.299,00 TL","Нет","Нет","","https://store.playstation.com/en-tr/concept/202341","2015-07-29","Adventure","PEGI_12","—","Да"
"7806","Kitten Hero","","PPSA17792","—","PS4, PS5","Нет","215,00 TL","","","","","","","","Нет","Нет","","https://store.playstation.com/en-tr/concept/10008925","2024-01-11","Puzzle","PEGI_3","—","Да"
"7807","Kinki Spiritual Affairs Bureau","","PPSA29297","—","PS5","Нет","515,00 TL","","2026-10-08 18:33:36","","","","","","Нет","Нет","","https://store.playstation.com/en-tr/concept/10014681","2025-07-15","Horror","PEGI_16","—","Да"
"7808","King Leo","","PPSA05336","—","PS5","Нет","849,00 TL","","","","","","","King Leo: 849,00 TL; King Leo: 849,00 TL","Нет","Нет","","https://store.playstation.com/en-tr/concept/10003822","2021-12-14","Action","PEGI_3","—","Да"
"7809","Kitten Island 2","","PPSA32564","—","PS5","Нет","215,00 TL","","","","","","","Kitten Island 2: 215,00 TL; Kitten Island 2: 86,00 TL","Нет","Нет","","https://store.playstation.com/en-tr/concept/10016586","2025-09-11","Action","PEGI_3","—","Да"
"7810","Kitty Powers' Matchmaker","","CUSA06985","—","PS4","Нет","429,00 TL","","","","","","","","Нет","Нет","","https://store.playstation.com/en-tr/concept/227143","2017-02-07","Arcade","PEGI_12","—","Да"
"7811","Knight's Night!","","PPSA29261","—","PS4, PS5","Нет","175,00 TL","","","","","","","","Нет","Да","","https://store.playstation.com/en-tr/concept/10014668","2025-05-20","Family","PEGI_3","—","Да"
"7812","Knee Deep","","CUSA05222","—","PS4","Нет","525,00 TL","","","","","","","","Нет","Нет","","https://store.playstation.com/en-tr/concept/222851","2017-01-31","Adventure","PEGI_16","—","Да"
"7813","Klang 2","","PPSA01597","—","PS4, PS5","Нет","649,00 TL","","","","","","","","Нет","Да","","https://store.playstation.com/en-tr/concept/10001061","2021-11-17","Action","PEGI_12","—","Да"
"7814","Knights of Pen and Paper +1","","CUSA11548","—","PS4","Нет","849,00 TL","","","","","","","Knights of Pen and Paper Bundle: 1.225,00 TL; Knights of Pen and Paper +1 Deluxier Edition: 849,00 TL","Нет","Нет","","https://store.playstation.com/en-tr/concept/221918","2018-05-28","Strategy","PEGI_7","—","Да"
"7815","-KLAUS","","CUSA03875","—","PS4","Нет","215,00 TL","","","","","","","-KLAUS-: 215,00 TL","Нет","Да","","https://store.playstation.com/en-tr/concept/202321","2016-01-24","Puzzle","PEGI_7","—","Да"
"7816","Klaus Lee - Thunderballs","","CUSA43165","—","PS4","Нет","455,00 TL","","","","","","","","Нет","Да","","https://store.playstation.com/en-tr/concept/10008292","2025-06-25","Arcade","PEGI_7","—","Да"
"7817","Knockout League","","CUSA11642","—","PS4","Нет","849,00 TL","","","","","","","","Нет","Нет","","https://store.playstation.com/en-tr/concept/231325","2018-03-08","Sport","PEGI_12","—","Да"
"7818","Knock on the Coffin Lid","","PPSA28296","—","PS5","Нет","1.229,00 TL","","","","","","","","Нет","Да","","https://store.playstation.com/en-tr/concept/10013738","2025-05-21","Strategy","PEGI_16","—","Да"
"7819","Knights of Pen & Paper 2","","CUSA12626","—","PS4","Нет","649,00 TL","","","","","","","","Нет","Да","","https://store.playstation.com/en-tr/concept/221710","2018-12-10","Adventure","PEGI_7","—","Да"
"7820","Knights & Guns","","PPSA14415","—","PS5","Нет","257,00 TL","","","","","","","","Нет","Нет","","https://store.playstation.com/en-tr/concept/10007640","2024-06-27","Shooter","PEGI_7","—","Да"
"7821","Knot","","CUSA05047","—","PS4","Нет","193,00 TL","","","","","","","","Нет","Нет","","https://store.playstation.com/en-tr/concept/221713","2016-07-19","Puzzle","PEGI_3","—","Да"
"7822","Knights of the Round Peg","","PPSA29993","—","PS5","Нет","150,15 TL","","","","","","","","Нет","Нет","","https://store.playstation.com/en-tr/concept/10015072","2025-07-17","Arcade","PEGI_3","—","Да"
"7823","Knightin'+","","PPSA07289","—","PS5","Нет","257,00 TL","","","","","","","Knightin'+: 257,00 TL; Knightin'+: 257,00 TL","Нет","Да","","https://store.playstation.com/en-tr/concept/235178","2022-04-18","Action","PEGI_7","—","Да"
"7824","Knightica","","PPSA31335","—","PS5","Нет","649,00 TL","","","","","","","Knightica: 649,00 TL; Knightica: 649,00 TL","Нет","Да","","https://store.playstation.com/en-tr/concept/10015838","2025-08-21","Strategy","PEGI_7","—","Да"
"7825","Klonoa Phantasy Reverie Series","","PPSA04795","—","PS4, PS5","Нет","1.749,00 TL","","","","","","","Standard Edition: 1.749,00 TL","Нет","Нет","","https://store.playstation.com/en-tr/concept/10003540","2022-07-07","Action","PEGI_7","—","Да"
"7826","Know by Heart...","","CUSA29623","—","PS4","Нет","649,00 TL","","","","","","","","Да","Да","","https://store.playstation.com/en-tr/concept/10002750","2022-02-10","Adventure","PEGI_12","—","Да"
"7827","Knights and Bikes","","CUSA13273","—","PS4","Нет","902,00 TL","","","","","","","","Нет","Нет","","https://store.playstation.com/en-tr/concept/232629","2019-08-26","Action","PEGI_7","—","Да"
"7828","KOI: GAME AND EXCLUSIVE THEME BUNDLE","","CUSA05104","—","PS4","Нет","387,00 TL","","","","","","","","Нет","Нет","","https://store.playstation.com/en-tr/concept/216314","2016-05-03","Adventure","PEGI_3","—","Да"
"7829","Knowledge Keeper","","PPSA19753","—","PS5","Нет","35,00 TL","","","","","","","Knowledge Keeper: 35,00 TL; Knowledge Keeper: 35,00 TL","Нет","Да","","https://store.playstation.com/en-tr/concept/10009647","2024-04-02","Puzzle","PEGI_7","—","Да"
"7830","Knight's Retreat","","CUSA24415","—","PS4","Нет","171,00 TL","","","","","","","","Нет","Нет","","https://store.playstation.com/en-tr/concept/10001389","2021-02-12","Casual","PEGI_3","—","Да"
"7831","Koa and the Five Pirates of Mara","","PPSA12432","—","PS5","Нет","209,70 TL","","","","","","","Koa and the Five Pirates of Mara: 209,70 TL; Koa and the Five Pirates of Mara: 209,70 TL","Нет","Нет","","https://store.playstation.com/en-tr/concept/10006845","2023-07-26","Adventure","PEGI_3","—","Да"
"7832","Knight vs Giant: The Broken Excalibur","","PPSA16155","—","PS5","Нет","699,00 TL","","2026-10-07 18:57:36","","","","","","Нет","Нет","","https://store.playstation.com/en-tr/concept/10007760","2023-10-04","Action","PEGI_7","—","Да"
"7833","Knowledge, or know Lady","","PPSA30883","—","PS5","Нет","649,00 TL","","","","","","","Knowledge, or know Lady: 649,00 TL; Knowledge, or know Lady: 649,00 TL","Нет","Нет","","https://store.playstation.com/en-tr/concept/10013320","2025-08-08","Simulation","PEGI_16","—","Да"
"7834","Koihime Enbu RyoRaiRai","","CUSA06753","—","PS4","Нет","324,50 TL","","","","","","","","Нет","Нет","","https://store.playstation.com/en-tr/concept/232269","2018-07-12","Arcade","PEGI_12","—","Да"
"7835","Kotenok","","PPSA31732","—","PS4, PS5","Нет","215,00 TL","","","","","","","","Нет","Да","","https://store.playstation.com/en-tr/concept/10016107","2025-10-14","Puzzle","PEGI_3","—","Да"
"7836","Koira","","PPSA24757","—","PS5","Нет","629,00 TL","","","","","","","","Нет","Да","","https://store.playstation.com/en-tr/concept/10011889","2025-04-01","Adventure","PEGI_7","—","Да"
"7837","Korix","","CUSA05966","—","PS4","Нет","849,00 TL","","","","","","","","Нет","Нет","","https://store.playstation.com/en-tr/concept/223046","2017-03-27","Strategy","PEGI_3","—","Да"
"7838","Koumajou Remilia: Scarlet Symphony","","PPSA21098","—","PS5","Нет","1.049,00 TL","","","","","","","","Нет","Нет","","https://store.playstation.com/en-tr/concept/10008699","2024-08-07","Arcade","PEGI_7","—","Да"
"7839","KreatureKind","","PPSA30209","—","PS5","Нет","509,00 TL","","","","","","","","Нет","Да","","https://store.playstation.com/en-tr/concept/10014360","2025-06-27","Strategy","PEGI_3","—","Да"
"7840","Koloro","","CUSA18055","—","PS4","Нет","349,00 TL","","2026-10-07 18:57:36","","","","","","Нет","Нет","","https://store.playstation.com/en-tr/concept/235222","2020-06-04","Action","PEGI_7","—","Да"
"7841","Krimson","","PPSA19808","—","PS5","Нет","429,00 TL","","","","","","","Krimson: 429,00 TL; Krimson: 429,00 TL","Нет","Нет","","https://store.playstation.com/en-tr/concept/10009665","2024-03-20","Horror","PEGI_7","—","Да"
"7842","K-ONE maths dimension","","PPSA23495","—","PS5","Нет","429,00 TL","","","","","","","","Нет","Нет","","https://store.playstation.com/en-tr/concept/10011077","2024-06-26","Educational","PEGI_3","—","Да"
"7843","Konrad's Kittens","","CUSA09683","—","PS4","Нет","515,00 TL","","","","","","","Konrad's Kittens Bundle: 549,00 TL; Konrad's Kittens: 515,00 TL; Cat Theme Bundle: 649,00 TL","Нет","Да","","https://store.playstation.com/en-tr/concept/229974","2018-02-22","Simulation","PEGI_3","—","Да"
"7844","KOWLOON HIGHSCHOOL CHRONICLE","","CUSA27034","—","PS4","Нет","699,00 TL","","2026-10-07 18:57:36","","","","","","Нет","Нет","","https://store.playstation.com/en-tr/concept/10001720","2022-03-18","Role Playing Games","PEGI_12","—","Да"
"7845","Kotodama: The 7 Mysteries of Fujisawa","","CUSA15305","—","PS4","Нет","879,00 TL","","2026-10-07 18:57:36","","","","","","Нет","Нет","","https://store.playstation.com/en-tr/concept/233531","2019-05-31","Role Playing Games","PEGI_12","—","Да"
"7846","KORG Gadget for PlayStation","","PPSA29699","—","PS5","Нет","1.074,50 TL","","","","","","","","Нет","Нет","","https://store.playstation.com/en-tr/concept/10014894","2025-06-26","Unique","PEGI_3","—","Да"
"7847","Kristala","","PPSA33491","—","PS5","Нет","1.399,20 TL","","","","","","","Standard Edition: 1.399,20 TL; Deluxe Edition: 2.149,00 TL; Ultimate Edition: 2.799,00 TL","Нет","Нет","","https://store.playstation.com/en-tr/concept/10016721","2026-04-23","Action","PEGI_12","—","Да"
"7848","Kombinera","","PPSA06552","—","PS5","Нет","525,00 TL","","","","","","","Kombinera: 525,00 TL; Kombinera: 525,00 TL","Нет","Да","","https://store.playstation.com/en-tr/concept/10004513","2022-04-06","Puzzle","PEGI_3","—","Да"
"7849","K-pop Idol Stories: Road to Debut","","PPSA26510","—","PS5","Нет","849,00 TL","","2026-10-07 18:57:36","","","","","","Нет","Нет","","https://store.playstation.com/en-tr/concept/10012877","2026-07-16","Simulation","PEGI_7","—","Да"
"7850","Krinkle Krusher","","CUSA04694","—","PS4","Нет","175,00 TL","","","","","","","","Нет","Нет","","https://store.playstation.com/en-tr/concept/202409","2016-08-04","Casual","PEGI_7","—","Да"
"7851","Koi-Koi : Love Blossoms","","PPSA19652","—","PS5","Нет","1.749,00 TL","","","","","","","","Нет","Нет","","https://store.playstation.com/en-tr/concept/10007409","2023-11-16","Adventure","PEGI_12","—","Да"
"7852","Korza MOTOR","","PPSA28484","—","PS5","Нет","816,00 TL","","","","","","","Korza MOTOR: 816,00 TL; Korza MOTOR: 816,00 TL","Нет","Нет","","https://store.playstation.com/en-tr/concept/10014181","2025-02-20","Driving/Racing","PEGI_3","—","Да"
"7853","Krut: The Mythic Wings","","PPSA05207","—","PS4, PS5","Нет","429,00 TL","","","","","","","","Нет","Да","","https://store.playstation.com/en-tr/concept/10003773","2022-07-11","Action","PEGI_12","—","Да"
"7854","Kumi-Daiko Beatoff","","CUSA44821","—","PS4","Нет","129,00 TL","","","","","","","","Нет","Нет","","https://store.playstation.com/en-tr/concept/10009041","2023-11-08","Arcade","PEGI_3","—","Да"
"7855","Kung Fury: Street Rage","","CUSA33290","—","PS4","Нет","849,00 TL","","","","","","","","Нет","Да","","https://store.playstation.com/en-tr/concept/202358","2023-03-14","Action","PEGI_16","—","Да"
"7856","KungFu Kickball","","PPSA03410","—","PS4, PS5","Нет","849,00 TL","","","","","","","","Нет","Да","","https://store.playstation.com/en-tr/concept/234819","2022-02-09","Unique","PEGI_7","—","Да"
"7857","Double Dragon & Kunio-kun: Retro Brawler Bundle","","CUSA16878","—","PS4","Нет","1.547,00 TL","","","","","","","","Нет","Нет","","https://store.playstation.com/en-tr/concept/231808","2020-08-06","Action","PEGI_12","—","Да"
"7858","Kunitsu-Gami: Path of the Goddess","","PPSA19577","—","PS4, PS5","Нет","1.749,00 TL","","","","","","","Okami + Kunitsu-Gami Bundle: 1.749,00 TL; Kunitsu-Gami: Path of the Goddess PS4 & PS5: 1.749,00 TL","Нет","Да","","https://store.playstation.com/en-tr/concept/10008719","2024-07-18","Action","PEGI_16","—","Да"
"7859","KUUKIYOMI 3: Consider It More and More!! - Father to Son","","CUSA29078","—","PS4","Нет","193,00 TL","","","","","","","","Нет","Нет","","https://store.playstation.com/en-tr/concept/10003276","2021-09-02","Party","PEGI_12","—","Да"
"7860","Kurushi Final: Mental Blocks","","PPSA06353","—","PS4, PS5","Нет","429,00 TL","","","","","","","","Нет","Нет","","https://store.playstation.com/en-tr/concept/10004412","2025-03-07","Puzzle","PEGI_3","—","Да"
"7861","LA Cops","","CUSA01901","—","PS4","Нет","26,25 TL","","","","","","","","Нет","Да","","https://store.playstation.com/en-tr/concept/202435","2015-04-21","Action","PEGI_16","—","Да"
"7862","Labyrinth","","PPSA15298","—","PS5","Нет","699,00 TL","","","","","","","Labyrinth: 699,00 TL; Junior Labyrinth: 429,00 TL; Labyrinth: 699,00 TL; Junior Labyrinth: 429,00 TL","Нет","Да","","https://store.playstation.com/en-tr/concept/10007938","2023-09-13","Casual","PEGI_3","—","Да"
"7863","Kurushi","","PPSA06356","—","PS4, PS5","Нет","429,00 TL","","","","","","","","Нет","Нет","","https://store.playstation.com/en-tr/concept/10004410","2025-03-07","Puzzle","PEGI_3","—","Да"
"7864","KUUKIYOMI 2: Consider It More! - New Era","","CUSA25704","—","PS4","Нет","193,00 TL","","","","","","","","Нет","Нет","","https://store.playstation.com/en-tr/concept/10001966","2020-12-08","Party","PEGI_12","—","Да"
"7865","Kwaidan ～Azuma manor story～","","CUSA17880","—","PS4","Нет","549,00 TL","","","","","","","","Нет","Нет","","https://store.playstation.com/en-tr/concept/231316","2020-01-30","Action","PEGI_16","—","Да"
"7866","Kyle is Famous","","PPSA21752","—","PS5","Нет","128,70 TL","","","","","","","","Нет","Нет","","https://store.playstation.com/en-tr/concept/10010471","2025-10-15","Adventure","PEGI_3","—","Да"
"7867","Labyrinth of Zangetsu","","CUSA32780","—","PS4","Нет","1.049,00 TL","","2026-10-07 18:57:36","","","","","","Нет","Нет","","https://store.playstation.com/en-tr/concept/10002574","2023-04-19","Role Playing Games","PEGI_12","—","Да"
"7868","Laid-Back Camp - Virtual - Lake Motosu","","CUSA20686","—","PS4","Нет","902,00 TL","","","","","","","","Нет","Нет","","https://store.playstation.com/en-tr/concept/10001512","2021-03-04","Adventure","PEGI_3","—","Да"
"7869","Kyurinaga's Revenge","","CUSA04413","—","PS4","Нет","89,95 TL","","","","","","","","Нет","Нет","","https://store.playstation.com/en-tr/concept/222854","2016-10-25","Action","PEGI_7","—","Да"
"7870","LABYRINTH OF THE DEMON KING","","PPSA12424","—","PS4, PS5","Нет","699,00 TL","","","","","","","LABYRINTH OF THE DEMON KING: 699,00 TL","Нет","Да","","https://store.playstation.com/en-tr/concept/10006880","2025-05-13","Action","PEGI_18","—","Да"
"7871","Kusan: City of Wolves","","PPSA29617","—","PS5","Нет","649,00 TL","","","","","","","Kusan: City of Wolves: 649,00 TL","Нет","Да","","https://store.playstation.com/en-tr/concept/10014861","2026-07-29","Arcade","PEGI_16","—","Да"
"7872","Kuroi Tsubasa","","PPSA14306","—","PS4, PS5","Нет","215,00 TL","","","","","","","","Нет","Нет","","https://store.playstation.com/en-tr/concept/10007595","2023-06-01","Adventure","PEGI_12","—","Да"
"7873","Labyrinth of Refrain: Coven of Dusk","","CUSA10136","—","PS4","Нет","1.749,00 TL","","","","","","","","Нет","Нет","","https://store.playstation.com/en-tr/concept/231689","2018-09-21","Role Playing Games","PEGI_16","—","Да"
"7874","Laid-Back Camp - Virtual - Fumoto Campsite","","CUSA20685","—","PS4","Нет","902,00 TL","","","","","","","","Нет","Нет","","https://store.playstation.com/en-tr/concept/10001513","2021-04-07","Adventure","PEGI_3","—","Да"
"7875","Kyukyoku TigerHeli -TOAPLAN ARCADE GARAGE","","CUSA57876","—","PS4","Нет","1.299,00 TL","","","","","","","","Нет","Нет","","https://store.playstation.com/en-tr/concept/10000481","2026-02-26","Shooter","PEGI_7","—","Да"
"7876","Ladders by POWGI","","PPSA03022","—","PS4, PS5","Нет","343,00 TL","","","","","","","","Нет","Нет","","https://store.playstation.com/en-tr/concept/10002460","2021-04-25","Brain Training","PEGI_3","—","Да"
"7877","KVARK","","PPSA26856","—","PS5","Нет","849,00 TL","","","","","","","KVARK: 849,00 TL; KVARK (PS4): 849,00 TL","Нет","Да","","https://store.playstation.com/en-tr/concept/10012925","2025-05-15","Shooter","PEGI_18","—","Да"
"7878","LA-MULANA 2","","CUSA17435","—","PS4","Нет","875,00 TL","","","","","","","","Нет","Нет","","https://store.playstation.com/en-tr/concept/233428","2020-03-19","Action","PEGI_12","—","Да"
"7879","Laika: Aged Through Blood","","PPSA17775","—","PS4, PS5","Нет","699,00 TL","","","","","","","","Нет","Да","","https://store.playstation.com/en-tr/concept/10008824","2023-12-05","Adventure","PEGI_16","—","Да"
"7880","Lamentum","","CUSA29182","—","PS4","Нет","559,00 TL","","","","","","","","Нет","Да","","https://store.playstation.com/en-tr/concept/10003024","2021-08-30","Horror","PEGI_16","—","Да"
"7881","Land of Mushrooms","","PPSA22861","—","PS5","Нет","107,00 TL","","","","","","","Standard: 107,00 TL; Standard: 107,00 TL; ULTIMATE EDITION PS4 & PS5: 687,00 TL; PS4 & PS5 + 2 Game Modes: 256,74 TL; Halloween Edition PS4 & PS5: 279,00 TL; PS4 & PS5 Avatars Edition: 128,50 TL; PS4 & PS5: 171,00 TL","Нет","Нет","","https://store.playstation.com/en-tr/concept/10010278","2024-11-10","Party","PEGI_3","—","Да"
"7882","Last Day of June","","CUSA06073","—","PS4","Нет","699,00 TL","","","","","","","","Нет","Да","","https://store.playstation.com/en-tr/concept/223643","2017-08-31","Adventure","PEGI_7","—","Да"
"7883","LASER DISCO DEFENDERS","","CUSA05623","—","PS4","Нет","429,00 TL","","","","","","","","Нет","Нет","","https://store.playstation.com/en-tr/concept/221715","2016-11-22","Action","PEGI_7","—","Да"
"7884","Last Beat Enhanced","","CUSA35627","—","PS4","Нет","429,00 TL","","","","","","","","Нет","Нет","","https://store.playstation.com/en-tr/concept/10005784","2022-09-15","Arcade","PEGI_7","—","Да"
"7885","Last Wings","","CUSA05980","—","PS4","Нет","300,00 TL","","","","","","","","Нет","Нет","","https://store.playstation.com/en-tr/concept/216349","2016-12-07","Action","PEGI_7","—","Да"
"7886","Lawn Mower Racing","","PPSA27595","—","PS5","Нет","349,00 TL","","","","","","","","Нет","Нет","","https://store.playstation.com/en-tr/concept/10013517","2025-07-08","Driving/Racing","PEGI_3","—","Да"
"7887","LASERPITIUM","","PPSA10519","—","PS4, PS5","Нет","649,00 TL","","","","","","","","Нет","Нет","","https://store.playstation.com/en-tr/concept/10006245","2023-05-30","Action","PEGI_7","—","Да"
"7888","Last Days of Lazarus","","PPSA09196","—","PS5","Нет","699,00 TL","","2026-10-07 18:57:36","","","","","","Нет","Нет","","https://store.playstation.com/en-tr/concept/10005733","2022-11-29","Adventure","PEGI_18","—","Да"
"7889","Last Night of Winter","","PPSA12359","—","PS4, PS5","Нет","69,80 TL","","","","","","","","Нет","Нет","","https://store.playstation.com/en-tr/concept/10006849","2024-06-27","Adventure","PEGI_7","—","Да"
"7890","Laundry Store Simulator","","PPSA31425","—","PS5","Нет","649,00 TL","","","","","","","Laundry Store Simulator: 649,00 TL; Laundry Store Simulator: 649,00 TL","Нет","Да","","https://store.playstation.com/en-tr/concept/10015890","2025-10-31","Simulator","PEGI_3","—","Да"
"7891","Last Escape: Dead Complex","","PPSA24395","—","PS4, PS5","Нет","157,00 TL","","","","","","","","Нет","Нет","","https://store.playstation.com/en-tr/concept/10011701","2024-11-05","Horror","PEGI_12","—","Да"
"7892","Last Stop","","PPSA02288","—","PS4, PS5","Нет","875,00 TL","","2026-10-07 18:57:36","","","","","","Нет","Да","","https://store.playstation.com/en-tr/concept/10001838","2021-07-21","Adventure","PEGI_16","—","Да"
"7893","Late Shift","","PPSA15895","—","PS4, PS5","Нет","529,00 TL","","","","","","","The FMV Collection 2: 1.399,00 TL; Wales Interactive Bundle: 2.099,00 TL; Late Shift: 529,00 TL","Нет","Да","","https://store.playstation.com/en-tr/concept/227163","2023-05-29","Adventure","PEGI_18","—","Да"
"7894","Lanternium","","CUSA20412","—","PS4","Нет","193,00 TL","","","","","","","","Нет","Да","","https://store.playstation.com/en-tr/concept/10000907","2020-07-11","Adventure","PEGI_3","—","Да"
"7895","Last Case of Benedict Fox","","PPSA20686","—","PS5","Нет","1.079,00 TL","","","","","","","","Нет","Нет","","https://store.playstation.com/en-tr/concept/10010041","2024-03-26","Adventure","PEGI_16","—","Да"
"7896","LAPIN","","PPSA31661","—","PS4, PS5","Нет","649,00 TL","","","","","","","","Нет","Нет","","https://store.playstation.com/en-tr/concept/10016052","2025-10-08","Adventure","PEGI_3","—","Да"
"7897","Last Time I Saw You","","PPSA21318","—","PS5","Нет","429,00 TL","","","","","","","Love & Loss Bundle: 1.246,00 TL; Last Time I Saw You: 429,00 TL","Нет","Нет","","https://store.playstation.com/en-tr/concept/10010299","2024-10-09","Adventure","PEGI_12","—","Да"
"7898","Lapis x Labyrinth","","CUSA14697","—","PS4","Нет","1.049,00 TL","","","","","","","","Нет","Нет","","https://store.playstation.com/en-tr/concept/232963","2019-05-31","Action","PEGI_7","—","Да"
"7899","Laserlife","","CUSA03013","—","PS4","Нет","315,00 TL","","","","","","","","Нет","Нет","","https://store.playstation.com/en-tr/concept/202507","2015-12-23","Music/Rhythm","PEGI_7","—","Да"
"7900","Last Labyrinth","","PPSA13262","—","PS4, PS5","Нет","719,40 TL","","","","","","","The Tale of Onogoro + Last Labyrinth VR Adventure Pack: 1.155,00 TL; Last Labyrinth: 719,40 TL","Нет","Да","","https://store.playstation.com/en-tr/concept/233620","2023-03-22","Action","PEGI_18","—","Да"
"7901","Lawn Mowing Simulator","","PPSA04869","—","PS4, PS5","Нет","849,00 TL","","","","","","","Lawn Mowing Simulator PS4 & PS5: 849,00 TL; Landmark Edition: 1.079,00 TL","Нет","Да","","https://store.playstation.com/en-tr/concept/10003583","2022-03-31","Simulation","PEGI_3","—","Да"
"7902","Layer Section & Galactic Attack S-Tribute","","CUSA30075","—","PS4","Нет","1.160,00 TL","","","","","","","Layer Section™ & Galactic Attack™ S-Tribute: 1.160,00 TL","Нет","Нет","","https://store.playstation.com/en-tr/concept/10003482","2022-04-27","Shooter","PEGI_7","—","Да"
"7903","L.A. Noire: The VR Case Files","","CUSA15490","—","PS4","Нет","1.049,00 TL","","","","","","","","Нет","Да","","https://store.playstation.com/en-tr/concept/233969","2019-09-23","Adventure","PEGI_18","—","Да"
"7904","Layers of Fear VR","","CUSA25319","—","PS4","Нет","849,00 TL","","","","","","","","Нет","Да","","https://store.playstation.com/en-tr/concept/10001796","2021-04-29","Horror","PEGI_16","—","Да"
"7905","Laws of Machine","","PPSA17418","—","PS5","Нет","223,00 TL","","","","","","","Laws of Machine: 223,00 TL; Mega Bundle - 2 Games + Avatars + Themes: 537,00 TL; LAWS OF MACHINE: 150,00 TL","Нет","Да","","https://store.playstation.com/en-tr/concept/229319","2023-07-16","Adventure","PEGI_3","—","Да"
"7906","Legendary Heroes","","CUSA34625","—","PS4","Нет","215,00 TL","","","","","","","","Нет","Нет","","https://store.playstation.com/en-tr/concept/10005066","2022-11-23","Action","PEGI_7","—","Да"
"7907","Legendary Eleven","","CUSA11899","—","PS4","Нет","525,00 TL","","","","","","","","Нет","Нет","","https://store.playstation.com/en-tr/concept/232093","2019-03-28","Sport","PEGI_3","—","Да"
"7908","Legendary Hoplite","","PPSA24906","—","PS5","Нет","623,00 TL","","","","","","","Legendary Hoplite: 623,00 TL; Legendary Hoplite: 623,00 TL","Нет","Да","","https://store.playstation.com/en-tr/concept/10011354","2025-06-11","Role Playing Games","PEGI_12","—","Да"
"7909","Legal Dungeon","","CUSA28177","—","PS4","Нет","349,00 TL","","","","","","","","Нет","Нет","","https://store.playstation.com/en-tr/concept/10002971","2022-04-04","Adventure","PEGI_16","—","Да"
"7910","Legacy of Kain: Defiance","","PPSA26226","—","PS4, PS5","Нет","649,00 TL","","","","","","","","Нет","Нет","","https://store.playstation.com/en-tr/concept/10012698","2025-09-16","Action","PEGI_18","—","Да"
"7911","LEAP","","PPSA03696","—","PS4, PS5","Нет","529,00 TL","","","","","","","","Да","Да","","https://store.playstation.com/en-tr/concept/10002882","2023-02-28","Shooter","PEGI_16","—","Да"
"7912","League of Evil","","CUSA06504","—","PS4","Нет","215,00 TL","","","","","","","","Нет","Да","","https://store.playstation.com/en-tr/concept/224874","2018-04-10","Action","PEGI_7","—","Да"
"7913","Legend of Mana","","CUSA24496","—","PS4","Нет","1.049,00 TL","","","","","","","","Нет","Нет","","https://store.playstation.com/en-tr/concept/10001295","2021-06-23","Role Playing Games","PEGI_12","—","Да"
"7914","League of War: VR Arena","","CUSA10058","—","PS4","Нет","1.031,00 TL","","","","","","","","Нет","Нет","","https://store.playstation.com/en-tr/concept/229800","2017-11-07","Action","PEGI_12","—","Да"
"7915","Legend of the Skyfish","","CUSA17041","—","PS4","Нет","343,00 TL","","","","","","","","Нет","Нет","","https://store.playstation.com/en-tr/concept/234797","2019-08-28","Action","PEGI_7","—","Да"
"7916","Legacy of Kain: Ascendance","","PPSA35117","—","PS5","Нет","849,00 TL","","","","","","","","Нет","Да","","https://store.playstation.com/en-tr/concept/10018010","2026-03-31","Action","PEGI_16","—","Да"
"7917","Legacy Of Evil","","CUSA55884","—","PS4","Нет","537,00 TL","","","","","","","","Нет","Нет","","https://store.playstation.com/en-tr/concept/10010841","2025-12-17","Adventure","PEGI_7","—","Да"
"7918","Legendary Fishing","","CUSA12812","—","PS4","Нет","699,00 TL","","","","","","","","Нет","Нет","PS Plus Extra","https://store.playstation.com/en-tr/concept/232460","2018-09-17","Action","PEGI_3","—","Да"
"7919","LEGEND BOWL","","PPSA09769","—","PS4, PS5","Нет","1.079,00 TL","","","","","","","LEGEND BOWL: 1.079,00 TL; LEGEND BOWL: 1.079,00 TL","Нет","Нет","","https://store.playstation.com/en-tr/concept/10005987","2023-08-09","Sport","PEGI_3","—","Да"
"7920","Legend of Keepers: Career of a Dungeon Manager","","PPSA15908","—","PS4, PS5","Нет","699,00 TL","","","","","","","Turn-Based Battle Bundle: The Amazing American Circus & Legend of Keepers: 249,75 TL; Legend of Keepers: Career of a Dungeon Manager: 699,00 TL; Complete Edition: 1.229,00 TL; Complete Edition: 1.575,00 TL; Deluxe Edition: 1.575,00 TL; Overlord Bundle: 1.749,00 TL","Нет","Да","","https://store.playstation.com/en-tr/concept/10005434","2023-05-11","Strategy","PEGI_16","—","Да"
"7921","Legend of Arcadieu Bundle","","PPSA08166","—","PS4, PS5","Нет","343,00 TL","","","","","","","","Нет","Нет","","https://store.playstation.com/en-tr/concept/10005292","2022-06-08","Adventure","PEGI_16","—","Да"
"7922","Legend of Kay Anniversary","","CUSA01153","—","PS4","Нет","1.299,00 TL","","","","","","","","Нет","Нет","","https://store.playstation.com/en-tr/concept/202488","2015-07-27","Action","PEGI_12","—","Да"
"7923","Laysara: Summit Kingdom","","PPSA32524","—","PS5","Нет","1.079,00 TL","","","","","","","Laysara: Summit Kingdom: 1.079,00 TL; Laysara: Summit Kingdom: 1.079,00 TL","Нет","Нет","","https://store.playstation.com/en-tr/concept/10016098","2026-02-27","Strategy","PEGI_3","—","Да"
"7924","Legends BMX","","PPSA27556","—","PS5","Нет","349,00 TL","","","","","","","","Нет","Нет","","https://store.playstation.com/en-tr/concept/10013002","2025-03-26","Casual","PEGI_3","—","Да"
"7925","League Of Champions Soccer","","CUSA45079","—","PS4","Нет","175,00 TL","","","","","","","","Нет","Нет","","https://store.playstation.com/en-tr/concept/10009155","2023-09-15","Sport","PEGI_3","—","Да"
"7926","Legends of Ethernal","","CUSA24879","—","PS4","Нет","525,00 TL","","","","","","","","Нет","Нет","","https://store.playstation.com/en-tr/concept/10001619","2020-11-10","Adventure","PEGI_7","—","Да"
"7927","Leena","","PPSA32915","—","PS5","Нет","193,00 TL","","","","","","","","Нет","Нет","","https://store.playstation.com/en-tr/concept/10013539","2026-02-13","Casual","PEGI_3","—","Да"
"7928","Legends of Heropolis DX","","CUSA51985","—","PS4","Нет","384,30 TL","","","","","","","","Нет","Нет","","https://store.playstation.com/en-tr/concept/10013116","2025-07-16","Simulation","PEGI_7","—","Да"
"7929","Legends of Talia: Arcadia","","PPSA02972","—","PS4, PS5","Нет","64,50 TL","","","","","","","","Нет","Нет","","https://store.playstation.com/en-tr/concept/10001980","2021-04-07","Adventure","PEGI_12","—","Да"
"7930","Legends: Saint George","","PPSA30303","—","PS5","Нет","175,00 TL","","","","","","","PS4/PS5 Bundle: 245,00 TL; Legends: Saint George: 175,00 TL; Legends: Saint George: 175,00 TL; Complete Edition: 63,00 TL","Нет","Да","","https://store.playstation.com/en-tr/concept/10015254","2025-06-18","Adventure","PEGI_3","—","Да"
"7931","Legion of Zombie Terrors","","PPSA37439","—","PS5","Нет","171,00 TL","","","","","","","","Нет","Нет","","https://store.playstation.com/en-tr/concept/10019161","2026-05-20","Action","PEGI_7","—","Да"
"7932","Lethal Cosmic Hunt","","PPSA28362","—","PS5","Нет","300,00 TL","","","","","","","Lethal Cosmic Hunt: 300,00 TL; Lethal Cosmic Hunt: 300,00 TL","Нет","Нет","","https://store.playstation.com/en-tr/concept/10014100","2025-07-10","Horror","PEGI_12","—","Да"
"7933","Lemon Cake","","PPSA07480","—","PS5","Нет","279,60 TL","","","","","","","Lemon Cake: 279,60 TL; Bakery Bundle: 1.749,00 TL; Lemon Cake: 279,60 TL","Нет","Да","","https://store.playstation.com/en-tr/concept/10004988","2022-09-29","Simulation","PEGI_3","—","Да"
"7934","LEGO Star Wars II: The Original Trilogy","","PPSA14300","—","PS4, PS5","Нет","525,00 TL","","","","","","","","Нет","Нет","","https://store.playstation.com/en-tr/concept/10007589","2024-06-18","Action","PEGI_7","—","Да"
"7935","LEGO Builder's Journey","","PPSA05496","—","PS4, PS5","Нет","849,00 TL","","","","","","","","Нет","Да","","https://store.playstation.com/en-tr/concept/10003909","2022-04-19","Puzzle","PEGI_3","—","Да"
"7936","Lempo","","PPSA13681","—","PS5","Нет","879,00 TL","","","","","","","","Нет","Нет","","https://store.playstation.com/en-tr/concept/10007296","2023-09-07","Horror","PEGI_12","—","Да"
"7937","LEGO Bricktales","","PPSA07430","—","PS4, PS5","Нет","749,00 TL","","","","","","","","Нет","Да","","https://store.playstation.com/en-tr/concept/10004925","2022-10-12","Puzzle","PEGI_7","—","Да"
"7938","Leila","","PPSA28619","—","PS4, PS5","Нет","134,25 TL","","","","","","","","Нет","Да","","https://store.playstation.com/en-tr/concept/10014101","2025-04-17","Puzzle","PEGI_16","—","Да"
"7939","Leo & Mia: Animal Rescue","","PPSA26768","—","PS4, PS5","Нет","849,00 TL","","","","","","","","Нет","Нет","","https://store.playstation.com/en-tr/concept/10013027","2025-04-10","Adventure","PEGI_7","—","Да"
"7940","Lethis - Path of Progress","","PPSA03689","—","PS5","Нет","699,00 TL","","","","","","","","Нет","Нет","","https://store.playstation.com/en-tr/concept/10002879","2022-05-10","Educational","PEGI_3","—","Да"
"7941","Lethal League","","CUSA06135","—","PS4","Нет","525,00 TL","","","","","","","","Нет","Да","","https://store.playstation.com/en-tr/concept/223058","2017-05-09","Action","PEGI_12","—","Да"
"7942","Leo: The Firefighter Cat","","PPSA21709","—","PS4, PS5","Нет","1.079,00 TL","","","","","","","","Нет","Нет","","https://store.playstation.com/en-tr/concept/10010382","2024-08-29","Casual","PEGI_3","—","Да"
"7944","LEGRAND LEGACY: Tale of the Fatebounds","","CUSA14303","—","PS4","Нет","699,00 TL","","","","","","","","Нет","Нет","","https://store.playstation.com/en-tr/concept/229051","2019-10-02","Role Playing Games","PEGI_16","—","Да"
"7945","Lethal Honor - Order of the Apocalypse","","PPSA15285","—","PS5","Нет","1.079,00 TL","","","","","","","","Нет","Нет","","https://store.playstation.com/en-tr/concept/10007936","2025-10-07","Action","PEGI_16","—","Да"
"7946","Leif's Adventure: Netherworld Hero","","PPSA25773","—","PS5","Нет","699,00 TL","","","","","","","Leif's Adventure: Netherworld Hero: 699,00 TL","Нет","Нет","","https://store.playstation.com/en-tr/concept/10012410","2024-12-19","Action","PEGI_12","—","Да"
"7947","Lethal League Blaze","","CUSA13502","—","PS4","Нет","699,00 TL","","","","","","","","Нет","Да","","https://store.playstation.com/en-tr/concept/232741","2019-07-11","Action","PEGI_12","—","Да"
"7948","Lets castle!","","PPSA26906","—","PS5","Нет","229,00 TL","","","","","","","","Нет","Нет","","https://store.playstation.com/en-tr/concept/10013073","2025-04-29","Strategy","PEGI_3","—","Да"
"7949","Let's Create! Pottery VR","","CUSA18234","—","PS4","Нет","849,00 TL","","","","","","","","Нет","Да","","https://store.playstation.com/en-tr/concept/235371","2020-07-08","Adventure","PEGI_3","—","Да"
"7950","Legions","","PPSA18330","—","PS5","Нет","343,00 TL","","2026-10-07 18:57:36","","","","","Legions: 343,00 TL; Legions: 343,00 TL","Нет","Нет","","https://store.playstation.com/en-tr/concept/10009079","2023-08-31","Arcade","PEGI_16","—","Да"
"7951","LET IT DIE: INFERNO","","PPSA19053","—","PS5","Нет","1.079,00 TL","","","","","","","Standard Edition: 1.079,00 TL; Deluxe Edition: 1.949,00 TL; Ultimate Edition: 2.579,00 TL","Нет","Нет","","https://store.playstation.com/en-tr/concept/10009386","2025-12-04","Action","PEGI_16","—","Да"
"7952","Let's Cook Together 2","","CUSA35806","—","PS4","Нет","629,00 TL","","2026-10-08 18:33:36","","","","","","Нет","Нет","","https://store.playstation.com/en-tr/concept/10005848","2025-03-24","Party","PEGI_3","—","Да"
"7953","Let's Build a Zoo & Dinosaur Island DLC Bundle","","PPSA06438","—","PS4, PS5","Нет","1.160,00 TL","","","","","","","Let's Build a Zoo and Aquarium Odyssey DLC Bundle: 1.160,00 TL; Let's Build a Zoo Ultimate: 1.499,00 TL; Let's Build a Zoo & Dinosaur Island DLC Bundle: 1.160,00 TL; Let's Build a Zoo: 849,00 TL","Нет","Нет","","https://store.playstation.com/en-tr/concept/10004466","2022-09-29","Casual","PEGI_7","—","Да"
"7954","Let's Sing 2017","","CUSA05098","—","PS4","Нет","1.749,00 TL","","","","","","","","Нет","Нет","","https://store.playstation.com/en-tr/concept/221716","2016-10-14","Family","PEGI_12","—","Да"
"7955","Let's Sing 2020","","CUSA15798","—","PS4","Нет","1.749,00 TL","","","","","","","Let's Sing 2020 - Platinum Edition: 2.999,00 TL; Let's Sing 2020: 1.749,00 TL","Нет","Нет","","https://store.playstation.com/en-tr/concept/234004","2019-10-24","Party","PEGI_12","—","Да"
"7956","Letter Quest","","CUSA03439","—","PS4","Нет","429,00 TL","","","","","","","","Нет","Нет","","https://store.playstation.com/en-tr/concept/208909","2016-05-17","Role Playing Games","PEGI_7","—","Да"
"7957","Let's Sing 2024 with International Hits","","PPSA09374","—","PS4, PS5","Нет","1.749,00 TL","","","","","","","Regular: 1.749,00 TL; Platinum Edition: 2.349,00 TL; Gold Edition: 1.949,00 TL","Нет","Нет","","https://store.playstation.com/en-tr/concept/10005391","2023-11-07","Music/Rhythm","PEGI_12","—","Да"
"7958","Letter Snap: Word Puzzle","","PPSA36661","—","PS5","Нет","75,00 TL","","","","","","","Letter Snap: Word Puzzle: 75,00 TL; Letter Snap: Word Puzzle: 75,00 TL","Нет","Нет","","https://store.playstation.com/en-tr/concept/10018947","2026-04-11","Casual","PEGI_3","—","Да"
"7959","Root Letter: Last Answer","","CUSA15629","—","PS4","Нет","1.049,00 TL","","2026-10-07 18:57:36","","","","","","Нет","Нет","","https://store.playstation.com/en-tr/concept/232857","2019-08-30","Role Playing Games","PEGI_16","—","Да"
"7960","Let Them Come","","CUSA07585","—","PS4","Нет","279,00 TL","","","","","","","","Нет","Да","","https://store.playstation.com/en-tr/concept/227418","2017-12-04","Shooter","PEGI_16","—","Да"
"7961","Let's School","","PPSA22457","—","PS5","Нет","816,00 TL","","","","","","","","Нет","Да","","https://store.playstation.com/en-tr/concept/10010636","2024-07-16","Simulation","PEGI_3","—","Да"
"7962","Let's Sing 2021","","CUSA19522","—","PS4","Нет","1.749,00 TL","","","","","","","","Нет","Нет","","https://store.playstation.com/en-tr/concept/10000619","2020-11-12","Music/Rhythm","PEGI_12","—","Да"
"7963","Let's Sing 2018","","CUSA08893","—","PS4","Нет","1.749,00 TL","","","","","","","","Нет","Нет","","https://store.playstation.com/en-tr/concept/228784","2017-10-19","Party","PEGI_12","—","Да"
"7964","Let's Sing 2019","","CUSA12210","—","PS4","Нет","1.749,00 TL","","","","","","","","Нет","Нет","","https://store.playstation.com/en-tr/concept/232230","2018-10-25","Party","PEGI_12","—","Да"
"7965","Letterbox by POWGI","","PPSA09727","—","PS4, PS5","Нет","343,00 TL","","","","","","","","Нет","Нет","","https://store.playstation.com/en-tr/concept/10005968","2022-10-10","Brain Training","PEGI_3","—","Да"
"7966","Let's Journey","","PPSA23004","—","PS5","Нет","349,00 TL","","","","","","","Let's Journey: 349,00 TL; Let's Journey: 349,00 TL","Нет","Да","","https://store.playstation.com/en-tr/concept/10010968","2024-07-08","Adventure","PEGI_7","—","Да"
"7967","Root Letter","","CUSA05982","—","PS4","Нет","699,00 TL","","2026-10-07 18:57:36","","","","","","Нет","Нет","","https://store.playstation.com/en-tr/concept/217641","2016-10-28","Role Playing Games","PEGI_12","—","Да"
"7968","Let's Sing 2022","","PPSA03673","—","PS4, PS5","Нет","1.749,00 TL","","","","","","","Platinum Edition: 3.149,00 TL; Let's Sing 2022: 1.749,00 TL","Нет","Нет","","https://store.playstation.com/en-tr/concept/10002802","2021-11-22","Music/Rhythm","PEGI_12","—","Да"
"7969","Let's Sing ABBA","","PPSA07225","—","PS5","Нет","1.749,00 TL","","","","","","","Let's Sing ABBA: 1.749,00 TL; Let's Sing ABBA: 1.749,00 TL","Нет","Нет","","https://store.playstation.com/en-tr/concept/10004862","2022-10-03","Music/Rhythm","PEGI_3","—","Да"
"7970","Let's Sing 2025 with International Hits","","PPSA20597","—","PS4, PS5","Нет","2.349,00 TL","","","","","","","Regular Edition: 1.749,00 TL; Gold Edition: 1.949,00 TL; Platinum Edition: 2.349,00 TL","Нет","Нет","","https://store.playstation.com/en-tr/concept/10010007","2024-11-05","Music/Rhythm","PEGI_12","—","Да"
"7971","Let's Sing 2023","","PPSA05585","—","PS4, PS5","Нет","1.749,00 TL","","","","","","","","Нет","Нет","","https://store.playstation.com/en-tr/concept/10003977","2022-11-15","Music/Rhythm","PEGI_12","—","Да"
"7972","Level 22","","CUSA02990","—","PS4","Нет","343,00 TL","","","","","","","","Нет","Нет","","https://store.playstation.com/en-tr/concept/202428","2016-02-11","Action","PEGI_12","—","Да"
"7973","Lia: Hacking Destiny","","CUSA56568","—","PS4","Нет","649,00 TL","","","","","","","","Нет","Нет","","https://store.playstation.com/en-tr/concept/10016773","2025-11-12","Action","PEGI_7","—","Да"
"7974","Library Of Ruina","","CUSA46313","—","PS4","Нет","1.229,00 TL","","","","","","","","Нет","Нет","","https://store.playstation.com/en-tr/concept/10005836","2024-04-24","Adventure","PEGI_18","—","Да"
"7975","Let Them Come: Onslaught","","PPSA28341","—","PS5","Нет","343,00 TL","","","","","","","Let Them Come: Onslaught: 343,00 TL; Let Them Come: Onslaught: 343,00 TL","Нет","Да","","https://store.playstation.com/en-tr/concept/10014090","2025-11-11","Action","PEGI_16","—","Да"
"7976","Lichdom: Battlemage","","CUSA04741","—","PS4","Нет","349,00 TL","","","","","","","","Нет","Нет","","https://store.playstation.com/en-tr/concept/208938","2016-04-22","Action","PEGI_16","—","Да"
"7977","Liberated","","CUSA26980","—","PS4","Нет","849,00 TL","","","","","","","","Нет","Да","","https://store.playstation.com/en-tr/concept/10002424","2022-04-19","Action","PEGI_16","—","Да"
"7978","Life Goes On: Done to Death","","CUSA04833","—","PS4","Нет","429,00 TL","","","","","","","","Нет","Да","","https://store.playstation.com/en-tr/concept/208936","2016-05-26","Puzzle","PEGI_12","—","Да"
"7980","Life in Willowdale: Farm Adventures","","PPSA05605","—","PS5","Нет","849,00 TL","","","","","","","Life in Willowdale: Farm Adventures: 849,00 TL; Life in Willowdale: Farm Adventures: 849,00 TL","Нет","Нет","","https://store.playstation.com/en-tr/concept/10003994","2022-11-01","Adventure","PEGI_7","—","Да"
"7981","Lil' Guardsman","","PPSA15881","—","PS4, PS5","Нет","699,00 TL","","","","","","","","Нет","Нет","","https://store.playstation.com/en-tr/concept/10004939","2024-01-23","Unique","PEGI_12","—","Да"
"7982","Lili: Child of Geos","","CUSA08074","—","PS4","Нет","774,00 TL","","","","","","","","Нет","Нет","","https://store.playstation.com/en-tr/concept/228768","2017-06-20","Action","PEGI_7","—","Да"
"7983","Lilliput Hero: Miniature World","","PPSA29567","—","PS5","Нет","236,25 TL","","","","","","","","Нет","Нет","","https://store.playstation.com/en-tr/concept/10013527","2025-05-12","Casual","PEGI_7","—","Да"
"7984","Lila's Tale and the Hidden Forest","","CUSA40735","—","PS4","Нет","175,00 TL","","","","","","","","Нет","Нет","","https://store.playstation.com/en-tr/concept/10007342","2023-03-23","Adventure","PEGI_3","—","Да"
"7985","Light of Life","","PPSA15593","—","PS4, PS5","Нет","215,00 TL","","","","","","","","Нет","Нет","","https://store.playstation.com/en-tr/concept/10008066","2023-04-20","Action","PEGI_3","—","Да"
"7986","Lightfield","","CUSA07628","—","PS4","Нет","649,00 TL","","","","","","","","Нет","Нет","","https://store.playstation.com/en-tr/concept/227416","2017-09-26","Driving/Racing","PEGI_3","—","Да"
"7987","Light-It Up","","CUSA46505","—","PS4","Нет","175,00 TL","","2026-10-07 18:57:36","","","","","Light-It Up: Complete Edition: 83,60 TL; Light-It Up: 52,50 TL","Нет","Нет","","https://store.playstation.com/en-tr/concept/10009828","2024-04-11","Arcade","PEGI_3","—","Да"
"7988","Light Up The Room","","PPSA06342","—","PS4, PS5","Нет","215,00 TL","","","","","","","","Нет","Нет","","https://store.playstation.com/en-tr/concept/10004406","2022-02-17","Action","PEGI_3","—","Да"
"7989","Lifeless Planet","","CUSA05481","—","PS4","Нет","429,00 TL","","","","","","","","Нет","Да","","https://store.playstation.com/en-tr/concept/221923","2016-08-16","Adventure","PEGI_12","—","Да"
"7990","Life of Slime","","PPSA18862","—","PS5","Нет","35,00 TL","","","","","","","Life of Slime: 35,00 TL; Life of Slime: 35,00 TL","Нет","Да","","https://store.playstation.com/en-tr/concept/10009316","2024-04-04","Adventure","PEGI_12","—","Да"
"7991","Life is Strange: True Colors","","PPSA02047","—","PS4, PS5","Нет","429,00 TL","","","","","","","Standard Edition: 429,00 TL; Deluxe Edition: 499,01 TL; Ultimate Edition: 919,60 TL","Нет","Да","","https://store.playstation.com/en-tr/concept/235172","2021-09-09","Adventure","PEGI_16","—","Да"
"7992","Lil Gator Game","","PPSA17455","—","PS4, PS5","Нет","699,00 TL","","","","","","","Lil Gator Game PS4 & PS5: 699,00 TL; Gator of the Year Edition: 1.299,00 TL","Нет","Нет","","https://store.playstation.com/en-tr/concept/10008374","2023-10-10","Adventure","PEGI_3","—","Да"
"7993","Lily in Puzzle World","","PPSA18323","—","PS4, PS5","Нет","175,00 TL","","","","","","","","Нет","Нет","","https://store.playstation.com/en-tr/concept/10009128","2023-11-14","Action","PEGI_3","—","Да"
"7994","Light Tracer","","CUSA09985","—","PS4","Нет","549,00 TL","","","","","","","","Нет","Нет","","https://store.playstation.com/en-tr/concept/229188","2017-09-26","Adventure","PEGI_7","—","Да"
"7995","Lifeless Moon","","PPSA21899","—","PS4, PS5","Нет","549,00 TL","","","","","","","","Нет","Да","","https://store.playstation.com/en-tr/concept/10010085","2024-07-09","Action","PEGI_12","—","Да"
"7996","Lingix Lingo","","PPSA39045","—","PS5","Нет","85,00 TL","","","","","","","","Нет","Нет","","https://store.playstation.com/en-tr/concept/10020272","2026-08-15","Puzzle","PEGI_3","—","Да"
"7997","Light Fairytale Episode 1","","CUSA17129","—","PS4","Нет","349,00 TL","","","","","","","Light Fairytale Prologue Bundle: 595,00 TL; Light Fairytale Episode 2: 349,00 TL; Light Fairytale Episode 1: 349,00 TL","Нет","Нет","","https://store.playstation.com/en-tr/concept/234837","2019-11-25","Role Playing Games","PEGI_12","—","Да"
"7998","Link-a-Pix Deluxe","","CUSA12910","—","PS4","Нет","343,00 TL","","","","","","","","Нет","Нет","","https://store.playstation.com/en-tr/concept/232515","2020-01-06","Brain Training","PEGI_3","—","Да"
"7999","Liquid Cat","","PPSA33258","—","PS5","Нет","86,00 TL","","","","","","","Liquid Cat: 86,00 TL; Liquid Cat: 86,00 TL","Нет","Нет","","https://store.playstation.com/en-tr/concept/10016932","2025-09-25","Puzzle","PEGI_3","—","Да"
"8000","Linn: Path of Orchards","","CUSA25708","—","PS4","Нет","215,00 TL","","","","","","","","Нет","Нет","","https://store.playstation.com/en-tr/concept/10001939","2021-02-25","Puzzle","PEGI_3","—","Да"
"8001","Liquor Store Simulator","","PPSA34866","—","PS5","Нет","549,00 TL","","","","","","","Liquor Store Simulator & Bum Simulator: 1.160,00 TL; Liquor Store Simulator: 549,00 TL; Liquor Store Simulator & Bum Simulator: 1.160,00 TL; Liquor Store Simulator: 549,00 TL","Нет","Да","","https://store.playstation.com/en-tr/concept/10017862","2026-02-20","Simulator","PEGI_18","—","Да"
"8002","LISA","","PPSA06124","—","PS4, PS5","Нет","1.079,00 TL","","","","","","","LISA: The Painful - Definitive Edition: 849,00 TL; LISA: The Joyful - Definitive Edition: 429,00 TL; LISA: Definitive Edition: 1.079,00 TL","Нет","Да","","https://store.playstation.com/en-tr/concept/10004276","2023-07-18","Role Playing Games","PEGI_18","—","Да"
"8003","Little Big Adventure – Twinsen’s Quest","","PPSA23885","—","PS5","Нет","1.299,00 TL","","2026-10-07 18:57:36","","","","","Little Big Adventure – Twinsen’s Quest PS4 & PS5: 1.299,00 TL; Little Big Adventure – Twinsen’s Quest PS4 & PS5: 1.299,00 TL","Нет","Да","","https://store.playstation.com/en-tr/concept/10011441","2024-11-13","Adventure","PEGI_7","—","Да"
"8004","Little Adventure on the Prairie","","CUSA10742","—","PS4","Нет","68,00 TL","","","","","","","","Нет","Нет","","https://store.playstation.com/en-tr/concept/231358","2018-02-21","Adventure","PEGI_3","—","Да"
"8005","Little Red Lie","","CUSA10335","—","PS4","Нет","484,00 TL","","","","","","","","Нет","Нет","","https://store.playstation.com/en-tr/concept/225220","2018-01-09","Adventure","PEGI_18","—","Да"
"8006","Little Things","","PPSA36679","—","PS5","Нет","429,00 TL","","","","","","","","Нет","Нет","","https://store.playstation.com/en-tr/concept/10018958","2026-05-07","Arcade","PEGI_3","—","Да"
"8007","LIT: Bend the Light","","CUSA33733","—","PS4","Нет","343,00 TL","","","","","","","","Нет","Да","","https://store.playstation.com/en-tr/concept/10003911","2022-09-16","Puzzle","PEGI_3","—","Да"
"8008","Little Droid","","PPSA27738","—","PS4, PS5","Нет","167,05 TL","","","","","","","","Нет","Да","","https://store.playstation.com/en-tr/concept/10012613","2025-04-09","Adventure","PEGI_3","—","Да"
"8009","LIVE A LIVE","","PPSA08178","—","PS4, PS5","Нет","1.749,00 TL","","","","","","","LIVE A LIVE PS4&PS5: 1.749,00 TL","Нет","Нет","","https://store.playstation.com/en-tr/concept/10005297","2023-04-26","Role Playing Games","PEGI_12","—","Да"
"8010","Little Disaster","","PPSA15541","—","PS4, PS5","Нет","215,00 TL","","","","","","","","Нет","Нет","","https://store.playstation.com/en-tr/concept/10008045","2023-05-11","Adventure","PEGI_3","—","Да"
"8011","Little League World Series Baseball 2022","","PPSA04792","—","PS4, PS5","Нет","1.749,00 TL","","","","","","","","Нет","Нет","","https://store.playstation.com/en-tr/concept/10003548","2022-08-16","Sport","PEGI_3","—","Да"
"8012","Little Witch Nobeta","","CUSA39431","—","PS4","Нет","2.149,00 TL","","","","","","","","Нет","Нет","","https://store.playstation.com/en-tr/concept/10004011","2023-03-06","Action","PEGI_12","—","Да"
"8013","Listeria Wars","","CUSA42951","—","PS4","Нет","179,00 TL","","","","","","","","Нет","Да","","https://store.playstation.com/en-tr/concept/10008085","2023-12-13","Strategy","PEGI_3","—","Да"
"8014","Little Witch Academia: VR Broom Racing","","CUSA26442","—","PS4","Нет","1.419,00 TL","","","","","","","","Нет","Нет","","https://store.playstation.com/en-tr/concept/10002264","2021-07-15","Driving/Racing","PEGI_3","—","Да"
"8015","LISTEN UP! WE TRIED TO MAKE “THOSE GAMES” EVEN MORE EXTREME! SOME THINGS HAVE TO BE LEARNED THE HARD WAY!","","PPSA26514","—","PS4, PS5","Нет","315,00 TL","","","","","","","","Нет","Нет","","https://store.playstation.com/en-tr/concept/10012884","2025-04-23","Puzzle","PEGI_12","—","Да"
"8016","Little Noah: Scion of Paradise","","CUSA34036","—","PS4","Нет","525,00 TL","","","","","","","Special Edition: 699,00 TL; Little Noah: Scion of Paradise: 525,00 TL","Нет","Нет","","https://store.playstation.com/en-tr/concept/10004238","2022-08-10","Action","PEGI_7","—","Да"
"8017","Little Goody Two Shoes","","PPSA13879","—","PS5","Нет","419,40 TL","","","","","","","","Нет","Нет","","https://store.playstation.com/en-tr/concept/10007396","2023-10-31","Role Playing Games","PEGI_12","—","Да"
"8018","Little Dragons Café","","CUSA13063","—","PS4","Нет","1.599,00 TL","","","","","","","","Нет","Нет","","https://store.playstation.com/en-tr/concept/232240","2018-09-23","Adventure","PEGI_3","—","Да"
"8019","Llamasoft: The Jeff Minter Story","","PPSA18158","—","PS4, PS5","Нет","389,70 TL","","","","","","","","Нет","Нет","","https://store.playstation.com/en-tr/concept/10008403","2024-03-13","Shooter","PEGI_12","—","Да"
"8020","Little Big Workshop","","CUSA19606","—","PS4","Нет","699,00 TL","","","","","","","","Нет","Да","PS Plus Extra","https://store.playstation.com/en-tr/concept/10000661","2020-09-23","Unique","PEGI_3","—","Да"
"8021","Little Orpheus","","CUSA29264","—","PS4","Нет","549,00 TL","","","","","","","","Нет","Да","","https://store.playstation.com/en-tr/concept/10003290","2022-09-12","Family","PEGI_7","—","Да"
"8022","Living with Horses: My Horse Farm","","PPSA13396","—","PS5","Нет","699,00 TL","","","","","","","","Нет","Нет","","https://store.playstation.com/en-tr/concept/10007183","2023-03-24","Casual","PEGI_3","—","Да"
"8023","Loaders, Inc.","","PPSA35000","—","PS5","Нет","257,00 TL","","","","","","","Loaders, Inc.: 257,00 TL; Loaders, Inc.: 257,00 TL","Нет","Да","","https://store.playstation.com/en-tr/concept/10017954","2026-02-20","Simulator","PEGI_3","—","Да"
"8024","Loading Human: Chapter 1","","CUSA06425","—","PS4","Нет","349,00 TL","","","","","","","","Нет","Нет","","https://store.playstation.com/en-tr/concept/225699","2017-02-02","Adventure","PEGI_16","—","Да"
"8025","Loan Shark","","PPSA34101","—","PS5","Нет","215,00 TL","","","","","","","","Нет","Нет","","https://store.playstation.com/en-tr/concept/10017396","2026-01-18","Horror","PEGI_12","—","Да"
"8026","LOLLIPOP CHAINSAW RePOP","","PPSA21837","—","PS5","Нет","1.599,00 TL","","2026-10-07 18:57:36","","","","","LOLLIPOP CHAINSAW RePOP: 1.599,00 TL; LOLLIPOP CHAINSAW RePOP: 1.599,00 TL","Нет","Нет","","https://store.playstation.com/en-tr/concept/10010519","2024-10-02","Action","PEGI_18","—","Да"
"8027","LogiKing","","PPSA13949","—","PS5","Нет","649,00 TL","","","","","","","LogiKing: 649,00 TL; LogiKing: 649,00 TL","Нет","Нет","","https://store.playstation.com/en-tr/concept/10007423","2023-08-24","Casual","PEGI_3","—","Да"
"8028","Lode Runner Legacy","","CUSA17623","—","PS4","Нет","515,00 TL","","","","","","","","Нет","Нет","","https://store.playstation.com/en-tr/concept/235015","2020-01-28","Action","PEGI_3","—","Да"
"8029","LocoRoco Midnight Carnival","","PPSA06792","—","PS4, PS5","Нет","429,00 TL","","","","","","","","Нет","Да","","https://store.playstation.com/en-tr/concept/10004655","2025-03-07","Puzzle","PEGI_3","—","Да"
"8031","Loco Parentis","","CUSA43389","—","PS4","Нет","116,55 TL","","","","","","","","Да","Да","","https://store.playstation.com/en-tr/concept/10008375","2023-06-13","Horror","PEGI_16","—","Да"
"8032","Lone Wolf","","PPSA05957","—","PS4, PS5","Нет","849,00 TL","","","","","","","","Нет","Да","","https://store.playstation.com/en-tr/concept/10001540","2024-12-15","Action","PEGI_18","—","Да"
"8033","Long Live The Queen","","PPSA08321","—","PS4, PS5","Нет","171,60 TL","","","","","","","","Нет","Нет","","https://store.playstation.com/en-tr/concept/10005354","2022-07-14","Adventure","PEGI_12","—","Да"
"8034","Local News with Cliff Rockslide","","PPSA23444","—","PS5","Нет","52,35 TL","","","","","","","Local News with Cliff Rockslide: 52,35 TL; Local News with Cliff Rockslide: 52,35 TL","Нет","Нет","","https://store.playstation.com/en-tr/concept/10011195","2024-06-27","Adventure","PEGI_7","—","Да"
"8035","Long Gone Days","","PPSA17083","—","PS4, PS5","Нет","1.079,00 TL","","","","","","","","Нет","Да","","https://store.playstation.com/en-tr/concept/10008650","2023-10-10","Role Playing Games","PEGI_16","—","Да"
"8036","LoBlocks","","PPSA32184","—","PS5","Нет","68,40 TL","","","","","","","","Нет","Нет","","https://store.playstation.com/en-tr/concept/10016356","2025-08-29","Puzzle","PEGI_3","—","Да"
"8037","Lonely Mountains: Downhill","","CUSA16005","—","PS4","Нет","699,00 TL","","","","","","","Complete Edition: 949,00 TL","Нет","Да","PS Plus Extra","https://store.playstation.com/en-tr/concept/234290","2019-10-22","Sport","PEGI_3","—","Да"
"8038","L.O.L. Surprise! B.B.s BORN TO TRAVEL","","PPSA05727","—","PS4, PS5","Нет","1.399,00 TL","","","","","","","","Нет","Нет","","https://store.playstation.com/en-tr/concept/10004078","2022-10-06","Family","PEGI_3","—","Да"
"8039","Looking for Aliens","","CUSA40177","—","PS4","Нет","300,00 TL","","","","","","","","Нет","Да","","https://store.playstation.com/en-tr/concept/10007108","2023-02-09","Casual","PEGI_3","—","Да"
"8040","Lock's Quest","","CUSA07305","—","PS4","Нет","849,00 TL","","","","","","","","Нет","Нет","","https://store.playstation.com/en-tr/concept/227162","2017-06-05","Strategy","PEGI_7","—","Да"
"8041","LogIQ Boost","","PPSA36402","—","PS5","Нет","215,00 TL","","","","","","","LogIQ Boost: 215,00 TL; LogIQ Boost: 215,00 TL","Нет","Да","","https://store.playstation.com/en-tr/concept/10018524","2026-05-01","Educational","PEGI_3","—","Да"
"8042","Lonely Mountains: Snow Riders","","PPSA22707","—","PS5","Нет","1.031,00 TL","","","","","","","Standard: 1.031,00 TL; Supporter: 1.160,00 TL; Complete Edition: 2.579,00 TL; Autumn Edition: 2.149,00 TL","Нет","Да","","https://store.playstation.com/en-tr/concept/10010852","2025-12-15","Sport","PEGI_3","—","Да"
"8043","Looking for Fael","","PPSA38186","—","PS5","Нет","849,00 TL","","2026-10-08 18:33:36","","","","","","Нет","Нет","","https://store.playstation.com/en-tr/concept/10019697","2026-07-16","Adventure","PEGI_7","—","Да"
"8044","Logiart Grimoire","","CUSA52637","—","PS4","Нет","816,00 TL","","","","","","","Logiart Grimoire: 816,00 TL","Нет","Нет","","https://store.playstation.com/en-tr/concept/10013510","2025-04-23","Puzzle","PEGI_3","—","Да"
"8045","Longboard Skate Downhill Simulator","","PPSA36134","—","PS5","Нет","389,40 TL","","","","","","","","Нет","Нет","","https://store.playstation.com/en-tr/concept/10016555","2026-03-30","Driving/Racing","PEGI_3","—","Да"
"8046","Look Mum No Computer","","PPSA32542","—","PS4, PS5","Нет","649,00 TL","","","","","","","","Нет","Нет","","https://store.playstation.com/en-tr/concept/10016563","2026-01-22","Action","PEGI_7","—","Да"
"8047","Looney Test","","CUSA57288","—","PS4","Нет","429,00 TL","","","","","","","","Нет","Нет","","https://store.playstation.com/en-tr/concept/10017397","2025-10-31","Quiz","PEGI_3","—","Да"
"8048","Lone Survivor: The Director's Cut","","CUSA01049","—","PS4","Нет","429,00 TL","","","","","","","","Нет","Нет","","https://store.playstation.com/en-tr/concept/202537","2014-10-14","Horror","PEGI_16","—","Да"
"8049","Loop","","CUSA45149","—","PS4","Нет","69,00 TL","","2026-10-07 18:57:36","","","","","Loop Avatar Bundle: 70,00 TL; Loop: 69,00 TL","Нет","Нет","","https://store.playstation.com/en-tr/concept/10009189","2023-11-02","Puzzle","PEGI_3","—","Да"
"8050","Loop8: Summer of Gods","","CUSA36259","—","PS4","Нет","174,90 TL","","","","","","","","Нет","Нет","","https://store.playstation.com/en-tr/concept/10002119","2023-06-05","Role Playing Games","PEGI_12","—","Да"
"8051","Lord Of The Click","","CUSA24794","—","PS4","Нет","193,00 TL","","","","","","","","Нет","Да","","https://store.playstation.com/en-tr/concept/10001557","2020-10-22","Strategy","PEGI_7","—","Да"
"8052","Loretta","","PPSA19743","—","PS5","Нет","525,00 TL","","","","","","","","Нет","Да","","https://store.playstation.com/en-tr/concept/10005653","2024-04-10","Adventure","PEGI_16","—","Да"
"8053","Lost Artifacts: Golden Island","","CUSA14428","—","PS4","Нет","215,00 TL","","","","","","","","Нет","Да","","https://store.playstation.com/en-tr/concept/233130","2021-01-28","Unique","PEGI_3","—","Да"
"8054","Loot River","","PPSA13470","—","PS4, PS5","Нет","1.079,00 TL","","","","","","","","Нет","Да","","https://store.playstation.com/en-tr/concept/10007227","2023-12-19","Adventure","PEGI_16","—","Да"
"8055","Loot Rascals","","CUSA04478","—","PS4","Нет","429,00 TL","","","","","","","","Нет","Нет","","https://store.playstation.com/en-tr/concept/217718","2017-03-06","Adventure","PEGI_7","—","Да"
"4","eFootball","","PPSA03073","—","PS5","Нет","601,00 TL","","","","","","","Lamine Yamal Edition 2027: 601,00 TL; Leo Messi Edition 2027: 601,00 TL; Lamine Yamal Edition [DX]: 949,00 TL; Leo Messi Edition [Deluxe]: 949,00 TL","Нет","Да","","https://store.playstation.com/en-tr/concept/10002427","2021-09-30","Sport","PEGI_3","—","Нет"