"№","Название","ID игры","Платформа","Предзаказ","Обычная цена","Цены изданий","Рус. озвучка","Рус. текст","Подписки","Ссылка","Дата релиза","Жанр","PEGI"
"1","EA SPORTS FC 27","PPSA34015","PS5","Да","3.999,00 TL","Standard Edition: 3.999,00 TL; Ultimate Edition: 5.499,00 TL; Ultimate Plus Edition: 7.999,00 TL","Нет","Нет","EA Access","https://store.playstation.com/en-tr/concept/10017332","2026-09-17","Sport","PEGI_16"
"2","EA SPORTS FC 26","PPSA27360","PS4, PS5","Нет","2.899,99 TL","Standard Edition: 2.899,99 TL; The World's Game Edition: 4.999,00 TL","Нет","Да","EA Access","https://store.playstation.com/en-tr/concept/10011898","2025-09-25","Sport","PEGI_3"
"3","Phantom Blade Zero","PPSA34579","PS5","Да","2.379,00 TL","Standard Edition: 2.379,00 TL; Digital Deluxe Edition: 2.849,00 TL","Нет","Нет","","https://store.playstation.com/en-tr/concept/10017620","2026-10-29","Action","PEGI_16"
"4","eFootball","PPSA03073","PS5","Нет","601,00 TL","Lamine Yamal Edition 2027: 601,00 TL; Leo Messi Edition 2027: 601,00 TL; Lamine Yamal Edition [DX]: 949,00 TL; Leo Messi Edition [Deluxe]: 949,00 TL","Нет","Да","","https://store.playstation.com/en-tr/concept/10002427","2021-09-30","Sport","PEGI_3"
"6","Grand Theft Auto Online (PlayStation5)","PPSA01721","PS5","Нет","699,00 TL","Grand Theft Auto V and Great White Shark Card Bundle: 1.749,00 TL; Grand Theft Auto Online (PlayStation®5): 699,00 TL","Нет","Да","GTA+","https://store.playstation.com/en-tr/concept/201930","2022-03-14","Adventure","PEGI_18"
"7","Minecraft","PPSA17221","PS5","Нет","849,00 TL","Minecraft Deluxe Collection: 1.299,00 TL; Ultimate Collection: 1.749,00 TL","Нет","Да","","https://store.playstation.com/en-tr/concept/212779","2024-10-22","Adventure","PEGI_7"
"8","Ghost of Yōtei","PPSA26344","PS5","Нет","3.449,00 TL","","Да","Да","","https://store.playstation.com/en-tr/concept/10003923","2026-08-12","Action","PEGI_18"
"9","Forza Horizon 5","PPSA22327","PS5","Нет","1.541,00 TL","Standard Edition: 1.541,00 TL; Deluxe Edition: 2.055,00 TL; Premium Edition: 2.570,00 TL","Нет","Да","","https://store.playstation.com/en-tr/concept/10010647","2025-04-28","Driving/Racing","PEGI_3"
"10","Marvel’s Wolverine","PPSA03671","PS5","Да","3.449,00 TL","Standard Edition: 3.449,00 TL; Digital Deluxe Edition: 3.849,00 TL; Digital Deluxe Upgrade: 400,00 TL","Нет","Нет","","https://store.playstation.com/en-tr/concept/10002861","2026-09-14","Action","PEGI_18"
"11","Call of Duty: Modern Warfare 4","PPSA07950","PS5","Да","3.199,00 TL","MW4 Standard: 3.199,00 TL; MW4 Vault: 4.399,00 TL; BO7 Vault: 4.399,00 TL; BO7 Cross-Gen: 3.199,00 TL; MWIII Cross-Gen: 2.519,99 TL; MWII Cross-Gen: 2.519,99 TL; BO6 Cross-Gen: 2.799,00 TL","Нет","Нет","","https://store.playstation.com/en-tr/concept/10001130","2026-10-22","Action","PEGI_18"
"12","Marvel’s Spider-Man 2","PPSA08338","PS5","Нет","2.799,00 TL","Digital Deluxe Edition: 3.849,00 TL","Да","Да","PS Plus Extra","https://store.playstation.com/en-tr/concept/10002456","2023-10-19","Action","PEGI_16"
"13","Mafia: The Old Country","PPSA14299","PS5","Нет","1.949,00 TL","Definitive Edition: 1.547,40 TL; The Omertà Collection: 2.149,50 TL","Да","Да","","https://store.playstation.com/en-tr/concept/10007134","2025-08-07","Action","PEGI_18"
"15","ASTRO BOT","PPSA21567","PS5","Нет","2.999,00 TL","Standard Edition: 2.999,00 TL; Digital Deluxe Edition: 3.449,00 TL","Нет","Да","","https://store.playstation.com/en-tr/concept/10002684","2024-09-05","Action","PEGI_7"
"16","UFC 6","PPSA23566","PS5","Нет","3.999,00 TL","Standard Edition: 3.999,00 TL; Ultimate Edition: 4.674,15 TL","Нет","Нет","EA Access","https://store.playstation.com/en-tr/concept/10011247","2026-06-19","Sport","PEGI_16"
"17","007 First Light","PPSA11386","PS5","Нет","2.999,00 TL","007 First Light: 2.999,00 TL; Deluxe Edition: 3.449,00 TL","Нет","Да","","https://store.playstation.com/en-tr/concept/10006560","2026-05-26","Adventure","PEGI_16"
"18","It Takes Two","PPSA02343","PS4, PS5","Нет","1.499,99 TL","It Takes Two PS4™ & PS5™: 1.499,99 TL; Hazelight Bundle: 2.200,00 TL","Нет","Да","EA Access","https://store.playstation.com/en-tr/concept/234689","2021-03-25","Unique","PEGI_12"
"19","NBA 2K27","PPSA35889","PS5","Да","3.999,00 TL","Standard Edition: 3.999,00 TL; Deluxe Edition: 5.499,00 TL; Ultra Edition: 7.999,00 TL","Нет","Нет","","https://store.playstation.com/en-tr/concept/10018502","2026-09-03","Sport","PEGI_16"
"20","Assassin's Creed Black Flag Resynced","PPSA28183","PS5","Нет","2.579,00 TL","Standard Edition: 2.579,00 TL; Deluxe Edition: 2.999,00 TL","Нет","Да","","https://store.playstation.com/en-tr/concept/10013987","2026-07-08","Adventure","PEGI_18"
"21","Black Myth: Wukong","PPSA23226","PS5","Нет","1.749,30 TL","Digital Deluxe Edition: 1.959,30 TL","Нет","Да","","https://store.playstation.com/en-tr/concept/10007144","2024-08-20","Role Playing Games","PEGI_16"
"22","Microsoft Flight Simulator 2024","PPSA23943","PS5","Нет","1.999,99 TL","Standard Edition: 1.999,99 TL; Deluxe Edition: 2.899,99 TL; Premium Deluxe Edition: 3.799,99 TL; Aviator Edition: 5.800,00 TL","Нет","Да","","https://store.playstation.com/en-tr/concept/10011463","2025-12-08","Simulator","PEGI_3"
"23","Marvel's Spider-Man: Miles Morales","PPSA01417","PS4, PS5","Нет","459,00 TL","Ultimate Edition: 619,00 TL","Нет","Нет","PS Plus Extra","https://store.playstation.com/en-tr/concept/10000649","2020-11-11","Action","PEGI_16"
"24","Grand Theft Auto VI","PPSA01547","PS5","Да","3.999,00 TL","Standard Edition: 3.999,00 TL; Ultimate Edition: 4.999,00 TL","Нет","Нет","","https://store.playstation.com/en-tr/concept/10000730","2026-11-18","Action","PEGI_PROVISIONAL_18"
"25","Red Dead Redemption 2","CUSA08519","PS4","Нет","2.099,00 TL","Red Dead Online: 699,00 TL; Ultimate Edition: 3.499,00 TL","Нет","Да","PS Plus Extra","https://store.playstation.com/en-tr/concept/209441","2018-10-25","Adventure","PEGI_18"
"26","Marvel's Spider-Man","PPSA01468","PS5","Нет","466,78 TL","","Нет","Нет","PS Plus Extra","https://store.playstation.com/en-tr/concept/10000762","2023-05-03","Action","PEGI_16"
"27","Days Gone","PPSA28181","PS5","Нет","2.149,00 TL","Days Gone Remastered: 2.149,00 TL; Days Gone™ Digital Deluxe Edition: 2.149,00 TL","Да","Да","","https://store.playstation.com/en-tr/concept/229018","2025-04-24","Adventure","PEGI_18"
"28","Cyberpunk 2077","PPSA04027","PS4, PS5","Нет","2.799,00 TL","Cyberpunk 2077: Ultimate Edition (PS5): 1.145,00 TL","Да","Да","PS Plus Extra","https://store.playstation.com/en-tr/concept/234567","2022-02-15","Role Playing Games","PEGI_18"
"29","The Lord of the Rings: War in the North","PPSA22721","PS5","Нет","927,90 TL","","Нет","Да","","https://store.playstation.com/en-tr/concept/10010865","2026-08-11","Role Playing Games","PEGI_18"
"30","Diablo IV","PPSA08595","PS4, PS5","Нет","1.079,99 TL","Base Game: 1.079,99 TL; D4 + VOH + LOH BUNDLE: 2.099,25 TL","Да","Да","","https://store.playstation.com/en-tr/concept/231761","2024-06-09","Unique","PEGI_18"
"31","Baldur's Gate 3","PPSA14002","PS5","Нет","2.499,00 TL","Digital Deluxe Edition: 2.799,00 TL","Нет","Да","","https://store.playstation.com/en-tr/concept/10007460","2023-09-06","Role Playing Games","PEGI_18"
"32","WWE 2K26","PPSA34299","PS5","Нет","2.900,00 TL","King of Kings Edition: 3.599,00 TL; Attitude Era Edition: 5.599,00 TL; Monday Night War Edition: 5.299,00 TL","Нет","Нет","","https://store.playstation.com/en-tr/concept/10015300","2026-03-12","Sport","PEGI_16"
"33","Mortal Kombat 1","PPSA07571","PS5","Нет","1.749,00 TL","Definitive Edition: 2.499,00 TL; Elder God Bundle: 2.999,00 TL","Нет","Да","PS Plus Extra","https://store.playstation.com/en-tr/concept/10004911","2023-09-18","Fighting","PEGI_18"
"34","NBA 2K26 for","PPSA28420","PS4, PS5","Нет","2.900,00 TL","Superstar Edition: 3.600,00 TL; SLAM Edition: 3.259,00 TL; NBA x PGA TOUR 2K Bundle: 3.600,00 TL; NBA 2K26 x WWE 2K25 Bundle: 3.600,00 TL","Нет","Нет","","https://store.playstation.com/en-tr/concept/10014149","2025-09-04","Sport","PEGI_3"
"35","REANIMAL","PPSA23372","PS5","Нет","1.749,00 TL","Digital Deluxe Edition: 2.579,00 TL","Да","Да","","https://store.playstation.com/en-tr/concept/10010999","2026-02-13","Horror","PEGI_18"
"36","Battlefield 6","PPSA19534","PS5","Нет","2.900,00 TL","Standard Edition: 2.900,00 TL; Phantom Edition: 4.000,00 TL","Нет","Нет","EA Access","https://store.playstation.com/en-tr/concept/10009568","2025-10-10","Shooter","PEGI_16"
"37","Split Fiction","PPSA08560","PS5","Нет","1.800,00 TL","Standard Edition: 1.800,00 TL","Нет","Нет","EA Access","https://store.playstation.com/en-tr/concept/10005449","2025-03-06","Adventure","PEGI_16"
"38","Assassin's Creed Odyssey","CUSA12042","PS4","Нет","119,80 TL","Assassin's Creed Odyssey - Deluxe Edition: 539,00 TL; Assassin's Creed® Odyssey - GOLD EDITION: 669,00 TL; Assassin's Creed Odyssey - Ultimate Edition: 147,80 TL","Да","Да","PS Plus Extra","https://store.playstation.com/en-tr/concept/229601","2018-10-04","Action","PEGI_18"
"39","Mortal Kombat 11","PPSA01619","PS4, PS5","Нет","349,00 TL","Standard: 349,00 TL; Mortal Kombat 11 Ultimate: 399,01 TL; Mortal Kombat 11 Ultimate + Injustice 2 Leg. Edition Bundle: 3.499,00 TL","Нет","Да","","https://store.playstation.com/en-tr/concept/231756","2020-11-17","Unique","PEGI_18"
"40","MARVEL Tōkon: Fighting Souls","PPSA15595","PS5","Нет","2.999,00 TL","Standard Edition: 2.999,00 TL; Digital Deluxe Edition: 4.049,00 TL; Ultimate Edition: 4.749,00 TL","Нет","Да","","https://store.playstation.com/en-tr/concept/10008019","2026-08-06","Fighting","PEGI_12"
"41","Indiana Jones and the Great Circle","PPSA26786","PS5","Нет","2.299,00 TL","Premium Edition: 3.280,00 TL","Нет","Да","","https://store.playstation.com/en-tr/concept/10012238","2025-04-17","Adventure","PEGI_16"
"42","Grounded 2","PPSA32718","PS5","Нет","1.299,00 TL","Grounded 2: 1.299,00 TL; Grounded 2: Founder's Edition: 1.699,00 TL","Нет","Нет","","https://store.playstation.com/en-tr/concept/10016651","2026-08-11","Adventure","PEGI_12"
"43","Gran Turismo 7","PPSA01316","PS4, PS5","Нет","1.999,00 TL","Standard Edition: 1.999,00 TL; Standard Edition: 2.499,00 TL; Digital Deluxe Edition: 4.299,00 TL","Нет","Да","","https://store.playstation.com/en-tr/concept/10000956","2022-03-03","Driving/Racing","PEGI_3"
"44","S.T.A.L.K.E.R. 2: Heart of Chornobyl","PPSA28336","PS5","Нет","1.805,30 TL","Standard Edition: 1.805,30 TL; Deluxe Edition: 2.414,30 TL; Ultimate Edition: 3.324,30 TL","Нет","Да","","https://store.playstation.com/en-tr/concept/10014084","2025-11-20","Adventure","PEGI_18"
"45","Crash Team Racing Nitro-Fueled","CUSA14876","PS4","Нет","2.349,00 TL","Crash™ Team Racing Nitro-Fueled - Nitros Oxide Edition: 2.799,00 TL; Crash™ Team Racing Nitro-Fueled + Spyro™ Game Bundle: 429,00 TL; Crash™ Team Racing Nitro-Fueled: 2.349,00 TL; Crash™ + Spyro™ Triple Play Bundle: 588,82 TL; Crash Bandicoot™ Bundle - N. Sane Trilogy + CTR Nitro-Fueled: 436,27 TL","Нет","Нет","","https://store.playstation.com/en-tr/concept/233410","2019-07-07","Driving/Racing","PEGI_3"
"46","Mortal Shell II","PPSA34008","PS5","Да","2.149,00 TL","Mortal Shell II: 2.149,00 TL; Devout Edition: 2.579,00 TL","Нет","Нет","","https://store.playstation.com/en-tr/concept/10010058","2026-08-20","Action","PEGI_18"
"47","Kingdom Come: Deliverance II","PPSA21704","PS5","Нет","3.149,00 TL","Royal Edition: 3.149,00 TL; Saga Bundle: 4.299,00 TL","Нет","Да","","https://store.playstation.com/en-tr/concept/10006210","2025-02-04","Role Playing Games","PEGI_18"
"48","The Last of Us Part II","PPSA15508","PS5","Нет","2.149,00 TL","The Last of Us Part II Digital Deluxe Edition: 1.749,00 TL","Да","Да","PS Plus Extra","https://store.playstation.com/en-tr/concept/230079","2024-01-18","Adventure","PEGI_18"
"49","ELDEN RING","PPSA04609","PS4, PS5","Нет","1.499,00 TL","Standard Edition: 1.499,00 TL; SOTE Edition: 3.449,00 TL; ELDEN RING Shadow of the Erdtree Premium Bundle PS4 & PS5: 2.149,00 TL; SOTE Deluxe Edition: 4.299,00 TL","Нет","Да","","https://store.playstation.com/en-tr/concept/10000333","2022-02-24","Role Playing Games","PEGI_16"
"52","DOOM: The Dark Ages","PPSA20560","PS5","Нет","2.299,00 TL","Premium Edition: 3.280,00 TL","Да","Да","","https://store.playstation.com/en-tr/concept/10009984","2025-05-15","Shooter","PEGI_18"
"53","The Witcher 3: Wild Hunt","PPSA10408","PS4, PS5","Нет","254,00 TL","The Witcher 3: Wild Hunt – Complete Edition: 999,00 TL; The Witcher 3: Wild Hunt: 254,00 TL","Нет","Да","","https://store.playstation.com/en-tr/concept/204794","2022-12-13","Role Playing Games","PEGI_18"
"54","HELLDIVERS 2","PPSA06016","PS5","Нет","1.049,25 TL","Super Citizen Edition: 1.679,20 TL","Нет","Да","PS Plus Extra","https://store.playstation.com/en-tr/concept/10000657","2024-02-08","Action","PEGI_18"
"55","TEKKEN 8","PPSA10594","PS5","Нет","1.049,40 TL","Standard Edition: 1.049,40 TL; Advanced Edition: 2.149,00 TL; Season 2 Deluxe Edition: 3.449,00 TL; Season 2 Ultimate Edition: 2.694,30 TL","Нет","Да","","https://store.playstation.com/en-tr/concept/10006270","2024-01-25","Action","PEGI_16"
"57","Alan Wake 2","PPSA02572","PS5","Нет","1.099,00 TL","Deluxe Edition: 1.499,00 TL","Нет","Да","","https://store.playstation.com/en-tr/concept/10002065","2023-10-27","Horror","PEGI_18"
"59","METAL GEAR SOLID Δ: SNAKE EATER","PPSA15304","PS5","Нет","2.149,00 TL","Standard Edition: 2.149,00 TL; Digital Deluxe Edition: 2.579,00 TL","Нет","Да","","https://store.playstation.com/en-tr/concept/10007293","2025-08-27","Action","PEGI_18"
"60","Call of Duty: WWII","CUSA08630","PS4","Нет","254,00 TL","Call of Duty®: WWII - Gold Edition: 254,00 TL; Call of Duty®: WWII - Digital Deluxe Edition: 1.102,15 TL","Нет","Нет","","https://store.playstation.com/en-tr/concept/227115","2018-05-07","Shooter","PEGI_18"
"61","The Last of Us Part I","PPSA07642","PS5","Нет","3.449,00 TL","Digital Deluxe Edition: 3.149,00 TL","Да","Да","PS Plus Extra","https://store.playstation.com/en-tr/concept/10002694","2022-09-01","Action","PEGI_18"
"62","Medieval Dynasty","PPSA07933","PS5","Нет","1.199,00 TL","Medieval Dynasty: 1.199,00 TL; Medieval & Sengoku Dynasty: 1.289,40 TL; Echoes Edition: 1.547,00 TL; Complete Edition: 1.749,00 TL; Medieval Dynasty: 1.049,00 TL","Нет","Да","","https://store.playstation.com/en-tr/concept/10005204","2022-10-06","Simulation","PEGI_16"
"63","SnowRunner - 5-Year","PPSA04929","PS4, PS5","Нет","1.399,00 TL","Standard Edition: 1.399,00 TL; 1-Year Anniversary Edition: 1.749,00 TL; 5-Year Anniversary Edition: 5.599,00 TL","Нет","Да","","https://store.playstation.com/en-tr/concept/234959","2025-09-04","Simulation","PEGI_3"
"64","Call of Duty: Vanguard - Cross-Gen Bundle","PPSA04348","PS4, PS5","Нет","499,00 TL","Standard Edition: 499,00 TL; Cross-Gen Edition: 197,67 TL","Да","Да","","https://store.playstation.com/en-tr/concept/10001234","2021-11-04","Shooter","PEGI_18"
"66","Crimson Desert","PPSA25286","PS5","Нет","2.999,00 TL","Standard Edition: 2.999,00 TL; Deluxe Edition: 3.449,00 TL","Нет","Да","","https://store.playstation.com/en-tr/concept/10002363","2026-03-19","Adventure","PEGI_18"
"67","HITMAN World of Assassination","PPSA01769","PS4, PS5","Нет","2.999,00 TL","World of Assassination: 2.999,00 TL; WOA Part One - VR Edition: 1.749,00 TL; WOA Part One: 259,80 TL; WOA Deluxe Edition: 4.299,00 TL","Нет","Да","","https://store.playstation.com/en-tr/concept/10000248","2023-01-26","Action","PEGI_18"
"69","Call of Duty: Black Ops II","PPSA34502","PS4, PS5","Нет","1.600,00 TL","","Да","Да","","https://store.playstation.com/en-tr/concept/10017658","2026-07-09","Shooter","PEGI_18"
"70","Resident Evil Requiem","PPSA31246","PS5","Нет","3.449,00 TL","Standard Edition: 3.449,00 TL; Deluxe Edition: 3.849,00 TL","Да","Да","","https://store.playstation.com/en-tr/concept/10015533","2026-02-26","Action","PEGI_18"
"72","World of Tanks Modern Armor","PPSA02008","PS5","Нет","1.299,00 TL","World of Tanks Modern Armor: 1.299,00 TL; World of Tanks Modern Armor: 849,00 TL","Нет","Да","","https://store.playstation.com/en-tr/concept/212581","2021-10-26","Action","PEGI_12"
"73","LEGO Batman: Legacy of the Dark Knight","PPSA16833","PS5","Нет","2.999,00 TL","Deluxe Edition: 3.849,00 TL","Нет","Да","","https://store.playstation.com/en-tr/concept/10008537","2026-05-21","Action","PEGI_7"
"74","The Crew Motorfest Cross-Gen Bundle","PPSA14723","PS4, PS5","Нет","375,80 TL","Deluxe Edition: 2.999,00 TL; Ultimate Year 2 Edition: 3.499,00 TL; Ultimate Year 3 Edition: 1.679,60 TL","Нет","Да","PS Plus Extra","https://store.playstation.com/en-tr/concept/10002313","2023-09-14","Driving/Racing","PEGI_12"
"75","Assassin's Creed Valhalla","PPSA01532","PS4, PS5","Нет","470,00 TL","Assassin’s Creed® Valhalla + Watch Dogs®: Legion Bundle: 5.599,00 TL; Assassin’s Creed® Valhalla + Immortals Fenyx Rising™ Bundle: 4.299,00 TL; Assassin's Creed Valhalla - Deluxe Edition: 762,71 TL; Ragnarok Edition: 2.499,00 TL; Assassin's Creed Valhalla - Complete Edition: 975,00 TL","Да","Да","PS Plus Extra","https://store.playstation.com/en-tr/concept/10000237","2020-11-11","Role Playing Games","PEGI_18"
"76","Gang Beasts","CUSA04865","PS4","Нет","699,00 TL","","Нет","Нет","","https://store.playstation.com/en-tr/concept/216234","2017-12-11","Fighting","PEGI_7"
"77","Call of Duty: Modern Warfare 2 Campaign","CUSA07904","PS4","Нет","86,44 TL","","Нет","Нет","","https://store.playstation.com/en-tr/concept/229433","2020-03-30","Shooter","PEGI_18"
"79","UFC 5","PPSA03541","PS5","Нет","2.900,00 TL","Standard Edition: 2.900,00 TL; Deluxe Edition: 3.300,00 TL; Ultimate Edition: 4.000,00 TL","Нет","Нет","EA Access","https://store.playstation.com/en-tr/concept/10002788","2023-10-26","Fighting","PEGI_16"
"80","EA SPORTS Madden NFL 27","PPSA32904","PS5","Нет","3.999,00 TL","Standard Edition: 3.999,00 TL; EA SPORTS™ Kickoff Bundle: 5.499,00 TL; EA SPORTS™ Madden NFL 27 Deluxe Edition: 5.499,00 TL; MVP Bundle: 7.999,00 TL","Нет","Нет","EA Access","https://store.playstation.com/en-tr/concept/10016736","2026-08-06","Sport","PEGI_16"
"81","Mistfall Hunter","PPSA34237","PS5","Нет","1.079,00 TL","Mistfall Hunter: 1.079,00 TL; Deluxe Edition: 1.749,00 TL","Нет","Да","","https://store.playstation.com/en-tr/concept/10017212","2026-07-30","Action","PEGI_16"
"82","Call of Duty: Black Ops","PPSA34501","PS4, PS5","Нет","1.600,00 TL","","Да","Да","","https://store.playstation.com/en-tr/concept/10017657","2026-07-09","Shooter","PEGI_18"
"83","Dead by Daylight","PPSA02049","PS4, PS5","Нет","1.299,00 TL","Jason Edition: 1.299,00 TL; Gold Edition: 2.499,00 TL; 10th Anniversary Edition: 2.149,00 TL","Нет","Нет","PS Plus Extra","https://store.playstation.com/en-tr/concept/227319","2020-11-11","Horror","PEGI_18"
"84","Onimusha: Way of the Sword","PPSA27836","PS5","Да","3.449,00 TL","Standard Edition: 3.449,00 TL; Deluxe Edition: 3.849,00 TL; Premium Deluxe Edition: 4.299,00 TL","Нет","Нет","","https://store.playstation.com/en-tr/concept/10013248","2026-09-03","Action","PEGI_18"
"86","Street Fighter 6","PPSA02633","PS4, PS5","Нет","1.749,00 TL","Standard Edition: 1.749,00 TL; Street Fighter™ 6 Years 1-2 Fighters Edition: 2.579,00 TL","Нет","Да","","https://store.playstation.com/en-tr/concept/10001615","2023-06-01","Fighting","PEGI_12"
"87","Jurassic World Evolution 3","PPSA25153","PS5","Нет","2.099,00 TL","Deluxe Edition: 2.599,00 TL; Rebirth Bundle: 3.849,00 TL","Нет","Нет","","https://store.playstation.com/en-tr/concept/10012067","2025-10-21","Strategy","PEGI_16"
"88","FISHING PLANET","CUSA09106","PS4","Нет","429,00 TL","Fishing Planet: Lucky Start Bundle: 429,00 TL; Fishing Planet: Golden Dragon Pack: 1.079,00 TL; Fishing Planet: Gars&Glory Pack: 649,00 TL; Fishing Planet Anniversary Pack: 649,00 TL","Нет","Да","","https://store.playstation.com/en-tr/concept/228720","2017-08-28","Sport","PEGI_3"
"89","Tomb Raider: Definitive Survivor Trilogy","CUSA27688","PS4","Нет","439,00 TL","","Да","Да","","https://store.playstation.com/en-tr/concept/10002774","2021-03-17","Action","PEGI_18"
"90","Clair Obscur: Expedition 33","PPSA17599","PS5","Нет","1.749,00 TL","Deluxe Edition: 2.099,00 TL","Нет","Да","","https://store.playstation.com/en-tr/concept/10008503","2025-04-24","Role Playing Games","PEGI_18"
"91","F1 25","PPSA24662","PS5","Нет","2.900,00 TL","2026 Season Edition: 2.999,00 TL","Нет","Нет","EA Access","https://store.playstation.com/en-tr/concept/10011830","2025-05-30","Driving/Racing","PEGI_3"
"92","FARCRY 6","PPSA01874","PS4, PS5","Нет","2.299,00 TL","FARCRY 6 Deluxe Edition: 779,00 TL; FARCRY 6 Gold Edition: 809,00 TL; FARCRY 6 Game of the Year Edition: 239,75 TL","Да","Да","PS Plus Extra","https://store.playstation.com/en-tr/concept/233961","2021-10-06","Unique","PEGI_18"
"93","A Way Out","CUSA08004","PS4","Нет","1.049,00 TL","","Нет","Да","EA Access","https://store.playstation.com/en-tr/concept/227061","2018-03-22","Adventure","PEGI_18"
"94","Hell Let Loose: Vietnam","PPSA28869","PS5","Нет","1.949,00 TL","Hell Let Loose: Vietnam: 1.949,00 TL; Deluxe Edition: 2.799,00 TL","Нет","Да","","https://store.playstation.com/en-tr/concept/10014425","2026-08-13","Shooter","PEGI_18"
"95","Sackboy: A Big Adventure","PPSA01288","PS4, PS5","Нет","3.249,00 TL","Digital Deluxe Edition: 3.449,00 TL; Sackboy: A Big Adventure - Digital Deluxe Edition Upgrade: 101,70 TL","Да","Да","PS Plus Extra","https://store.playstation.com/en-tr/concept/10000177","2020-11-11","Action","PEGI_7"
"97","Call of Duty: Black Ops 4","CUSA12443","PS4","Нет","469,00 TL","Call of Duty®: Black Ops 4 - Digital Deluxe: 234,15 TL; Call of Duty®: Black Ops 4: 469,00 TL","Нет","Нет","","https://store.playstation.com/en-tr/concept/232300","2019-05-01","Shooter","PEGI_18"
"98","Dying Light","CUSA02010","PS4","Нет","875,00 TL","Essentials Edition: 875,00 TL; Definitive Edition: 1.049,00 TL","Нет","Да","","https://store.playstation.com/en-tr/concept/201129","2025-07-04","Horror","PEGI_18"
"99","Need for Speed Heat","CUSA15090","PS4","Нет","3.499,00 TL","Need for Speed™ Heat Deluxe Edition: 3.899,00 TL; Need for Speed™ Heat: 3.499,00 TL","Да","Да","EA Access","https://store.playstation.com/en-tr/concept/234659","2019-11-07","Driving/Racing","PEGI_16"
"100","Call of Duty: Ghosts","CUSA00025","PS4","Нет","1.600,00 TL","Call of Duty®: Ghosts and Season Pass Bundle: 3.200,00 TL; Call of Duty®: Ghosts Gold Edition: 1.600,00 TL","Нет","Нет","","https://store.playstation.com/en-tr/concept/200759","2014-03-25","Shooter","PEGI_16"
"101","Dying Light 2 Stay Human","PPSA02262","PS4, PS5","Нет","2.099,00 TL","Dying Light Collection: 689,80 TL; Dying Light: Human & Beast Bundle: 5.599,00 TL; Digital Extras Edition: 1.749,00 TL","Нет","Да","","https://store.playstation.com/en-tr/concept/232374","2022-02-03","Action","PEGI_18"
"102","Tom Clancy's Ghost Recon Wildlands","CUSA02819","PS4","Нет","2.149,00 TL","Definitive Edition: 4.299,00 TL","Нет","Нет","PS Plus Extra","https://store.playstation.com/en-tr/concept/201697","2017-04-17","Action","PEGI_18"
"103","Horizon Forbidden West","PPSA01521","PS4, PS5","Нет","2.099,00 TL","Standard Edition: 2.099,00 TL; Complete Edition: 2.999,00 TL; Standard Edition: 1.749,00 TL","Да","Да","","https://store.playstation.com/en-tr/concept/10000886","2022-02-17","Action","PEGI_16"
"104","Call of Duty: Black Ops Cold War - Cross-Gen Bundle","PPSA02050","PS4, PS5","Нет","2.160,00 TL","Cross-Gen: 2.519,99 TL; Standard Edition: 2.160,00 TL","Да","Да","","https://store.playstation.com/en-tr/concept/233407","2020-11-12","Shooter","PEGI_18"
"105","NHL 27 Deluxe Edition","PPSA34063","PS5","Да","3.999,00 TL","Standard Edition: 3.999,00 TL; Deluxe Edition: 5.499,00 TL","Нет","Нет","EA Access","https://store.playstation.com/en-tr/concept/10017367","2026-09-04","Sport","PEGI_16"
"106","Ghost of Tsushima DIRECTOR’S CUT","PPSA03208","PS4, PS5","Нет","699,00 TL","Ghost of Tsushima: Legends: 769,00 TL; Ghost of Tsushima DIRECTOR’S CUT: 699,00 TL; Ghost of Tsushima DIRECTOR’S CUT: 599,00 TL; Ghost of Tsushima: Legends: 949,00 TL","Да","Да","","https://store.playstation.com/en-tr/concept/235227","2021-08-19","Role Playing Games","PEGI_18"
"107","Riders Republic","PPSA01372","PS4, PS5","Нет","719,00 TL","Riders Republic Deluxe Edition: 2.099,00 TL; Riders Republic Premium Edition: 3.499,00 TL","Нет","Да","PS Plus Extra","https://store.playstation.com/en-tr/concept/10000459","2021-10-27","Sport","PEGI_12"
"108","Path of Exile 2 Founder's Pack - Path of Exile 2","PPSA22041","PS5","Нет","1.225,00 TL","Path of Exile 2 Founder's Pack - Path of Exile 2 Early Access: 1.225,00 TL; Path of Exile 2 Founder's Pack - Lord of Ogham: 2.349,00 TL; Path of Exile 2 Founder's Pack - King of the Faridun: 4.299,00 TL","Нет","Да","","https://store.playstation.com/en-tr/concept/10010602","2024-12-05","Action","PEGI_18"
"109","Call of Duty: Black Ops III - Zombies","CUSA02624","PS4","Нет","2.159,99 TL","Call of Duty®: Black Ops III - Zombies Chronicles Edition: 2.159,99 TL; Call of Duty®: Black Ops III - Zombies Chronicles Deluxe: 1.259,99 TL","Нет","Нет","","https://store.playstation.com/en-tr/concept/200763","2017-08-28","Shooter","PEGI_18"
"110","Assassin's Creed Mirage","PPSA13960","PS4, PS5","Нет","699,60 TL","Assassin's Creed Bundle: 2.619,00 TL; Deluxe Edition: 1.049,00 TL; Master Assassin Edition: 1.199,60 TL","Нет","Да","PS Plus Extra","https://store.playstation.com/en-tr/concept/10004865","2023-10-04","Adventure","PEGI_18"
"111","Assassin's Creed Origins","CUSA05625","PS4","Нет","472,35 TL","Gold Edition: 53,85 TL; Assassin's Creed Origins - Deluxe Edition: 3.499,00 TL","Нет","Нет","PS Plus Extra","https://store.playstation.com/en-tr/concept/222066","2017-10-26","Action","PEGI_18"
"112","Tom Clancy’s The Division 2","CUSA12631","PS4","Нет","187,25 TL","Gold Edition: 1.499,00 TL; Ultimate Edition: 720,00 TL","Да","Да","PS Plus Extra","https://store.playstation.com/en-tr/concept/232391","2019-03-14","Action","PEGI_18"
"113","UNCHARTED: Legacy of","PPSA05684","PS5","Нет","2.149,00 TL","UNCHARTED 4: A Thief’s End & UNCHARTED: The Lost Legacy Digital Bundle: 349,00 TL","Да","Да","PS Plus Extra","https://store.playstation.com/en-tr/concept/205354","2022-01-27","Action","PEGI_16"
"114","The Blood of Dawnwalker","PPSA28000","PS5","Да","2.999,00 TL","Standard Edition: 2.999,00 TL; Eclipse Edition: 3.449,00 TL","Нет","Нет","","https://store.playstation.com/en-tr/concept/10013855","2026-09-02","Adventure","PEGI_18"
"115","Beat Saber","PPSA15035","PS4, PS5","Нет","849,00 TL","Beat Saber + The Rolling Stones Music Pack: 1.299,00 TL; Beat Saber + Queen Music Pack: 1.299,00 TL; Beat Saber + Monstercat Mixtape 2: 1.299,00 TL; Beat Saber + Metallica Music Pack: 1.590,00 TL; Beat Saber + Linkin Park x Mike Shinoda Ultimate Bundle: 1.676,00 TL; Beat Saber + Hip Hop Mixtape: 1.246,00 TL; Beat Saber + Daft Punk Music Pack: 1.299,00 TL; Beat Saber + Britney Spears Music Pack: 1.299,00 TL; Beat Saber + BTS Music Pack: 1.299,00 TL; Beat Saber + Imagine Dragons Music Pack: 1.299,00 TL; Beat Saber: 849,00 TL","Нет","Нет","","https://store.playstation.com/en-tr/concept/232492","2023-05-24","Party","PEGI_3"
"116","Mount & Blade II: Bannerlord","PPSA04135","PS4, PS5","Нет","1.749,00 TL","Mount & Blade II: Bannerlord: 1.749,00 TL; Mount & Blade II: Bannerlord: 1.749,00 TL; Digital Deluxe Edition: 2.099,00 TL","Нет","Да","","https://store.playstation.com/en-tr/concept/233621","2022-10-24","Role Playing Games","PEGI_16"
"117","Farming Simulator 25","PPSA19644","PS5","Нет","1.299,00 TL","FS25: Highlands Fishing Ed.: 2.579,00 TL; FS25: Year 1 Bundle: 2.349,00 TL; FS25: Beans & Alpacas Ed.: 1.949,00 TL","Нет","Да","PS Plus Extra","https://store.playstation.com/en-tr/concept/10009612","2024-11-12","Simulator","PEGI_3"
"118","Cuphead","CUSA20469","PS4","Нет","499,00 TL","Cuphead & The Delicious Last Course: 945,00 TL; Cuphead: 499,00 TL","Нет","Да","","https://store.playstation.com/en-tr/concept/10001369","2020-07-27","Action","PEGI_7"
"119","Halo: Campaign Evolved","PPSA28038","PS5","Нет","2.499,00 TL","Standard Edition: 2.499,00 TL; Premium Edition: 3.499,00 TL","Нет","Да","","https://store.playstation.com/en-tr/concept/10013884","2026-07-28","Action","PEGI_16"
"120","SAROS","PPSA07631","PS5","Нет","3.449,00 TL","Digital Deluxe Edition: 3.849,00 TL","Да","Да","","https://store.playstation.com/en-tr/concept/10005069","2026-04-29","Shooter","PEGI_12"
"121","Dying Light: The Beast","PPSA24003","PS5","Нет","2.799,00 TL","Dying Light: The Beast: 2.799,00 TL; Deluxe Edition: 3.249,00 TL; Definitive Edition: 3.849,00 TL","Нет","Да","","https://store.playstation.com/en-tr/concept/10011468","2025-09-18","Action","PEGI_18"
"122","UFC 4","CUSA14209","PS4","Нет","2.999,00 TL","UFC® 4 Deluxe Edition: 559,99 TL; UFC® 4: 2.999,00 TL","Нет","Да","EA Access","https://store.playstation.com/en-tr/concept/233030","2020-08-13","Unique","PEGI_16"
"123","Party Panic","CUSA20065","PS4","Нет","730,00 TL","","Нет","Да","","https://store.playstation.com/en-tr/concept/233519","2020-08-20","Casual","PEGI_7"
"125","Tom Clancy's Rainbow Six Siege - Free Access","PPSA01660","PS5","Нет","1.749,00 TL","Ultimate Edition: 1.749,00 TL","Да","Да","","https://store.playstation.com/en-tr/concept/203897","2025-06-10","Shooter","PEGI_18"
"126","Mortal Kombat X","CUSA00970","PS4","Нет","36,61 TL","Mortal Kombat XL: 1.749,00 TL; Mortal Kombat X: 36,61 TL","Нет","Да","","https://store.playstation.com/en-tr/concept/202943","2015-04-13","Fighting","PEGI_18"
"127","No More Room in Hell 2","PPSA36921","PS5","Нет","996,80 TL","Standard Edition: 996,80 TL; No More Room in Hell 2 - Deluxe Edition: 1.949,00 TL","Нет","Да","","https://store.playstation.com/en-tr/concept/10019078","2026-08-11","Horror","PEGI_18"
"128","Tom Clancy's Ghost Recon Breakpoint","CUSA16001","PS4","Нет","469,00 TL","Tom Clancy's Ghost Recon Breakpoint Deluxe Edition: 549,00 TL; Gold Edition: 810,00 TL; Tom Clancy's Ghost Recon Breakpoint Ultimate Edition: 3.899,00 TL","Нет","Да","PS Plus Extra","https://store.playstation.com/en-tr/concept/233112","2019-10-03","Action","PEGI_18"
"129","Black Desert","PPSA22501","PS5","Нет","429,00 TL","Standard Edition: 429,00 TL; Heroic Edition: 1.634,00 TL; Mythical Edition: 4.749,00 TL","Нет","Да","","https://store.playstation.com/en-tr/concept/233032","2025-06-26","Role Playing Games","PEGI_16"
"130","Avatar: Frontiers of Pandora","PPSA07497","PS5","Нет","1.049,00 TL","From The Ashes Edition: 1.399,00 TL; Complete Edition: 2.099,00 TL","Нет","Да","PS Plus Extra","https://store.playstation.com/en-tr/concept/235179","2023-12-06","Unique","PEGI_16"
"131","Beast of Reincarnation","PPSA29344","PS5","Нет","2.349,00 TL","Standard Edition: 2.349,00 TL; Digital Deluxe Edition: 2.799,00 TL","Нет","Нет","","https://store.playstation.com/en-tr/concept/10014719","2026-08-04","Action","PEGI_16"
"132","Sea of Thieves","PPSA17668","PS5","Нет","999,00 TL","Standard Edition: 999,00 TL; 2026 Deluxe Edition: 1.249,00 TL; 2026 Premium Edition: 1.499,00 TL","Нет","Да","","https://store.playstation.com/en-tr/concept/10008884","2024-04-30","Adventure","PEGI_12"
"133","Assassin’s Creed Shadows","PPSA22100","PS5","Нет","2.799,00 TL","Standard Edition: 2.799,00 TL; Deluxe Edition: 3.499,00 TL; Premium Edition: 4.199,00 TL","Нет","Да","","https://store.playstation.com/en-tr/concept/10009909","2025-03-19","Role Playing Games","PEGI_18"
"134","Starfield","PPSA24884","PS5","Нет","1.618,00 TL","Standard Edition: 1.618,00 TL; Premium Edition: 2.265,00 TL","Нет","Нет","","https://store.playstation.com/en-tr/concept/10011934","2026-04-07","Role Playing Games","PEGI_18"
"135","Alan Wake","PPSA01925","PS4, PS5","Нет","879,00 TL","","Нет","Да","","https://store.playstation.com/en-tr/concept/10001478","2021-10-04","Action","PEGI_16"
"136","PRAGMATA","PPSA02530","PS5","Нет","2.579,00 TL","Standard Edition: 2.579,00 TL; Deluxe Edition: 2.999,00 TL","Да","Да","","https://store.playstation.com/en-tr/concept/10002075","2026-04-16","Action","PEGI_16"
"137","Rust","PPSA24616","PS5","Нет","2.149,00 TL","Ultimate: 3.849,00 TL; Deluxe: 2.579,00 TL","Нет","Да","","https://store.playstation.com/en-tr/concept/233072","2025-06-26","Shooter","PEGI_16"
"138","Unravel Two","CUSA10416","PS4","Нет","99,99 TL","Unravel Yarny Bundle: 162,71 TL; Unravel Two: 99,99 TL","Нет","Нет","EA Access","https://store.playstation.com/en-tr/concept/231650","2018-06-08","Adventure","PEGI_7"
"139","Battlefield 1","CUSA02387","PS4","Нет","299,70 TL","Battlefield™ 1 Revolution: 1.999,00 TL; Battlefield™ 1 & Titanfall™ 2 Ultimate Bundle: 3.449,00 TL; Battlefield™ 1: 299,70 TL","Да","Да","","https://store.playstation.com/en-tr/concept/221824","2016-10-20","Shooter","PEGI_18"
"140","Batman: Arkham Knight","CUSA00135","PS4","Да","174,75 TL","Batman: Arkham Knight Premium Edition: 1.749,00 TL; Batman: Arkham Collection: 2.099,00 TL; Batman: Arkham Knight: 174,75 TL","Нет","Да","","https://store.playstation.com/en-tr/concept/200472","2015-06-22","Adventure","PEGI_18"
"141","Resident Evil 4","PPSA07412","PS4, PS5","Нет","1.399,00 TL","Standard Edition: 1.399,00 TL; Gold Edition: 1.749,00 TL; Remake Trilogy: 2.999,00 TL","Да","Да","","https://store.playstation.com/en-tr/concept/10004473","2023-03-23","Horror","PEGI_18"
"142","Among Us","PPSA03596","PS4, PS5","Нет","139,00 TL","","Нет","Да","","https://store.playstation.com/en-tr/concept/10002811","2021-12-14","Party","PEGI_7"
"143","Little Nightmares III","PPSA05143","PS4, PS5","Нет","1.749,00 TL","Standard Edition: 1.749,00 TL; Deluxe Edition: 2.579,00 TL","Нет","Да","","https://store.playstation.com/en-tr/concept/10003713","2025-10-09","Action","PEGI_16"
"144","Hunt: Showdown 1896","PPSA16357","PS5","Нет","1.049,00 TL","Hunt: Showdown 1896: 1.049,00 TL; Starter Edition: 1.399,00 TL; Premium Edition: 2.499,00 TL; Deluxe Edition: 2.099,00 TL","Нет","Да","","https://store.playstation.com/en-tr/concept/234014","2024-08-15","Shooter","PEGI_18"
"145","theHunter: Call of the Wild","CUSA08368","PS4","Нет","1.049,00 TL","theHunter: Call of the Wild™ – Hunting Starter Bundle: 1.419,00 TL; theHunter: Call of the Wild™ - Hunting Starter Pack: 1.419,00 TL; theHunter: Call of the Wild™ - Hunting Pro Bundle: 2.799,00 TL; Ultimate Hunting Bundle: 6.449,00 TL","Нет","Нет","PS Plus Extra","https://store.playstation.com/en-tr/concept/228868","2017-10-01","Sport","PEGI_16"
"146","Gothic 1 Remake","PPSA09827","PS5","Нет","2.579,00 TL","Standard: 2.579,00 TL","Да","Да","","https://store.playstation.com/en-tr/concept/10005976","2026-06-05","Role Playing Games","PEGI_18"
"147","Red Dead Redemption","PPSA30523","PS4, PS5","Нет","2.149,00 TL","Red Dead Redemption (PS4 & PS5) & Red Dead Redemption 2 (PS4) Bundle: 3.499,00 TL; Red Dead Redemption (PS4 & PS5): 2.149,00 TL","Нет","Да","GTA+","https://store.playstation.com/en-tr/concept/10006164","2025-12-01","Action","PEGI_18"
"148","CONTROL Resonant","PPSA34547","PS5","Да","2.579,00 TL","CONTROL Resonant: 2.579,00 TL; Digital Deluxe Edition: 2.999,00 TL","Нет","Нет","","https://store.playstation.com/en-tr/concept/10017682","2026-09-24","Action","PEGI_16"
"149","Hogwarts Legacy PS5 Version","PPSA01603","PS5","Нет","3.149,00 TL","Deluxe Edition: 3.899,00 TL; Ultimate Wizarding Bundle: 3.499,00 TL","Нет","Да","PS Plus Extra","https://store.playstation.com/en-tr/concept/232447","2023-02-09","Unique","PEGI_12"
"150","Warhammer 40,000: Space Marine 2 - 2-Year","PPSA04451","PS5","Нет","5.599,00 TL","1-Year Anniversary Edition: 3.499,00 TL; 2-Year Anniversary Edition: 5.599,00 TL","Да","Да","","https://store.playstation.com/en-tr/concept/10003330","2025-09-04","Action","PEGI_18"
"151","ARC Raiders","PPSA04998","PS5","Нет","2.090,00 TL","Standard Edition: 2.090,00 TL; Deluxe Edition: 3.090,00 TL","Нет","Да","","https://store.playstation.com/en-tr/concept/10003610","2025-10-30","Action","PEGI_16"
"154","Devil May Cry 5","PPSA01443","PS5","Нет","1.399,00 TL","Devil May Cry 5 Special Edition: 1.399,00 TL; Devil May Cry 5 + Vergil: 1.049,00 TL; Devil May Cry 5 Deluxe + Vergil: 1.399,00 TL","Нет","Да","","https://store.playstation.com/en-tr/concept/227315","2020-11-11","Action","PEGI_18"
"155","Need for Speed Unbound","PPSA01717","PS5","Нет","1.400,00 TL","Standard Edition: 1.400,00 TL; Ultimate Collection: 3.399,00 TL; Need for Speed™ Unbound Palace Edition: 1.600,00 TL","Нет","Нет","EA Access","https://store.playstation.com/en-tr/concept/10001269","2024-10-25","Driving/Racing","PEGI_12"
"156","Borderlands4","PPSA01494","PS5","Нет","2.900,00 TL","Super Deluxe Edition: 4.680,00 TL; Deluxe Edition: 3.600,00 TL","Нет","Да","","https://store.playstation.com/en-tr/concept/10000819","2025-09-11","Shooter","PEGI_18"
"157","WWE 2K25","PPSA22696","PS4, PS5","Нет","2.599,00 TL","Standard Edition: 2.599,00 TL; Deadman Edition: 3.599,00 TL; The Bloodline Edition: 4.599,00 TL; Farewell Tour Edition: 5.299,00 TL; Farewell Tour Bundle: 3.119,00 TL","Нет","Нет","","https://store.playstation.com/en-tr/concept/10010684","2025-03-13","Sport","PEGI_16"
"158","Diablo II: Resurrected","PPSA03912","PS4, PS5","Нет","1.599,00 TL","Standard: 1.599,00 TL; Prime Evil Upgrade: 354,91 TL; Prime Evil Collection: 426,10 TL","Да","Да","","https://store.playstation.com/en-tr/concept/10000309","2026-02-11","Role Playing Games","PEGI_16"
"159","Crossout","PPSA02186","PS5","Нет","429,00 TL","Crossout - 'Insomnia' Starter Bundle: 429,00 TL","Да","Да","","https://store.playstation.com/en-tr/concept/227108","2022-02-08","Action","PEGI_7"
"160","Ready or Not","PPSA18605","PS5","Нет","2.149,00 TL","Standard Edition: 2.149,00 TL; Digital Deluxe Edition: 2.999,00 TL","Нет","Да","","https://store.playstation.com/en-tr/concept/10009213","2025-07-15","Shooter","PEGI_18"
"161","The Last of Us","CUSA00556","PS4","Нет","699,00 TL","","Нет","Нет","","https://store.playstation.com/en-tr/concept/228638","2014-07-29","Action","PEGI_18"
"163","Escape the Backrooms","PPSA23300","PS5","Нет","549,00 TL","","Нет","Да","","https://store.playstation.com/en-tr/concept/10010992","2026-05-28","Horror","PEGI_16"
"166","I Am Cat","PPSA25041","PS5","Нет","649,00 TL","","Нет","Нет","","https://store.playstation.com/en-tr/concept/10012021","2026-05-06","Unique","PEGI_12"
"167","God of War Ragnarök","PPSA08330","PS4, PS5","Нет","2.799,00 TL","Digital Deluxe Edition: 3.849,00 TL","Нет","Да","PS Plus Extra","https://store.playstation.com/en-tr/concept/10001850","2022-11-08","Action","PEGI_18"
"168","Palworld","PPSA23126","PS5","Нет","1.015,00 TL","","Нет","Да","","https://store.playstation.com/en-tr/concept/10011027","2024-09-24","Action","PEGI_12"
"169","ARK: Survival Ascended","PPSA17101","PS5","Нет","1.599,00 TL","ARK: Survival Ascended: 1.599,00 TL; ARK: Bob's Bundle: 2.579,00 TL","Нет","Да","","https://store.playstation.com/en-tr/concept/10008286","2023-11-30","Role Playing Games","PEGI_16"
"170","Truck Simulator Euro Roads 2026","PPSA37997","PS5","Нет","849,00 TL","","Нет","Нет","","https://store.playstation.com/en-tr/concept/10019715","2026-06-17","Action","PEGI_3"
"171","Call of Duty: Modern Warfare","CUSA15277","PS4","Нет","2.159,99 TL","","Нет","Нет","","https://store.playstation.com/en-tr/concept/229182","2019-10-24","Shooter","PEGI_18"
"173","Minecraft Dungeons","CUSA18797","PS4","Нет","849,00 TL","Minecraft Dungeons: 849,00 TL; Minecraft Dungeons: Ultimate Edition: 1.749,00 TL","Нет","Да","","https://store.playstation.com/en-tr/concept/10000378","2020-05-25","Adventure","PEGI_7"
"174","Five Nights at Freddy's: Security Breach","PPSA04677","PS4, PS5","Нет","1.399,00 TL","","Нет","Да","","https://store.playstation.com/en-tr/concept/10001137","2021-12-16","Horror","PEGI_12"
"175","Watch Dogs2","CUSA04294","PS4","Нет","1.749,00 TL","","Нет","Нет","PS Plus Extra","https://store.playstation.com/en-tr/concept/216759","2017-01-05","Adventure","PEGI_18"
"176","Lies of P","PPSA10621","PS4, PS5","Нет","2.349,00 TL","Standard Edition: 2.349,00 TL; Lies of P: Overture Bundle: 3.149,00 TL","Нет","Да","","https://store.playstation.com/en-tr/concept/10006052","2023-09-18","Action","PEGI_16"
"177","Persona 3 Reload","PPSA10873","PS4, PS5","Нет","2.579,00 TL","Persona 3 Reload PS4 & PS5: 2.579,00 TL; Digital Deluxe Edition: 2.999,00 TL; Digital Premium Edition: 3.849,00 TL","Нет","Да","","https://store.playstation.com/en-tr/concept/10001555","2024-02-02","Role Playing Games","PEGI_16"
"178","Path of Exile","PPSA21417","PS5","Нет","1.225,00 TL","Path of Exile: Path of Exile 2 Founder's Pack - Path of Exile 2 Early Access: 1.225,00 TL","Нет","Да","","https://store.playstation.com/en-tr/concept/231987","2024-09-06","Action","PEGI_18"
"179","Injustice 2","CUSA05459","PS4","Нет","699,00 TL","Injustice™ 2 - Standard Edition: 699,00 TL; Injustice™ 2 - Legendary Edition: 1.949,00 TL","Нет","Да","","https://store.playstation.com/en-tr/concept/221732","2017-05-18","Fighting","PEGI_16"
"180","STAR WARS Zero Company","PPSA18054","PS5","Да","2.999,00 TL","Standard Edition: 2.999,00 TL; Deluxe Edition: 3.499,00 TL","Нет","Нет","EA Access","https://store.playstation.com/en-tr/concept/10009029","2026-08-27","Strategy","PEGI_16"
"181","Crysis","CUSA18671","PS4","Нет","1.049,00 TL","Crysis Remastered Trilogy: 437,25 TL","Да","Да","","https://store.playstation.com/en-tr/concept/10000350","2020-10-09","Shooter","PEGI_16"
"182","Goat Simulator 3","PPSA04158","PS4, PS5","Нет","1.049,00 TL","Standard Edition: 1.049,00 TL; Deluxe Edition: 1.399,00 TL; Starter Edition: 1.749,00 TL","Нет","Да","","https://store.playstation.com/en-tr/concept/10003123","2022-11-16","Simulation","PEGI_12"
"183","Cities: Skylines","PPSA09192","PS4, PS5","Нет","1.399,00 TL","","Нет","Да","","https://store.playstation.com/en-tr/concept/10005732","2023-02-15","Simulation","PEGI_3"
"184","FOR HONOR","CUSA05264","PS4","Нет","1.049,00 TL","Ultimate Edition: 2.249,00 TL; Gold Edition: 2.099,00 TL","Нет","Нет","PS Plus Extra","https://store.playstation.com/en-tr/concept/221694","2024-03-14","Action","PEGI_18"
"185","Overcooked! 2","CUSA10870","PS4","Нет","219,75 TL","Overcooked! 2 - Gourmet Edition: 1.399,00 TL; Overcooked! 2: 219,75 TL; Overcooked! + Overcooked! 2: 1.199,00 TL","Нет","Нет","","https://store.playstation.com/en-tr/concept/231121","2018-08-06","Casual","PEGI_3"
"186","Hellblade II: Senua’s Saga","PPSA25991","PS5","Нет","1.749,00 TL","Hellblade II: Senua’s Saga: 1.749,00 TL; Deluxe Edition: 1.999,00 TL","Нет","Да","","https://store.playstation.com/en-tr/concept/10012536","2025-08-12","Action","PEGI_18"
"188","The Forest","CUSA12398","PS4","Нет","208,25 TL","","Нет","Нет","","https://store.playstation.com/en-tr/concept/231416","2018-11-05","Horror","PEGI_18"
"189","Sekiro: Shadows Die Twice","CUSA13801","PS4","Нет","469,00 TL","","Нет","Да","","https://store.playstation.com/en-tr/concept/232898","2019-04-04","Action","PEGI_18"
"190","NHL 26 Standard Edition","PPSA26785","PS5","Нет","2.900,00 TL","NHL® 26 Standard Edition PS5: 2.900,00 TL; NHL® 26 Deluxe Edition PS5: 4.000,00 TL","Нет","Нет","EA Access","https://store.playstation.com/en-tr/concept/10012851","2025-09-12","Sport","PEGI_12"
"191","Poppy Playtime: Chapter 5","PPSA36543","PS5","Нет","849,00 TL","Poppy Playtime: Chapter 5: 849,00 TL; Poppy Playtime: Chapter 5: 849,00 TL","Нет","Да","","https://store.playstation.com/en-tr/concept/10018882","2026-05-27","Puzzle","PEGI_12"
"192","LEGO Marvel Super Heroes","CUSA00044","PS4","Нет","1.399,00 TL","LEGO® Marvel™ Super Heroes: 1.399,00 TL","Нет","Да","","https://store.playstation.com/en-tr/concept/202493","2013-11-28","Action","PEGI_7"
"193","Metro Exodus","PPSA01749","PS4, PS5","Нет","1.049,00 TL","Standard Edition: 1.049,00 TL; Gold Edition: 1.399,00 TL; Metro Saga Bundle: 2.099,00 TL","Да","Да","","https://store.playstation.com/en-tr/concept/231769","2021-06-17","Shooter","PEGI_18"
"194","Gears of War: Reloaded","PPSA17525","PS5","Нет","799,50 TL","","Да","Да","","https://store.playstation.com/en-tr/concept/10008829","2025-08-26","Shooter","PEGI_18"
"195","Cult of the Lamb","PPSA06465","PS4, PS5","Нет","875,00 TL","Standard Edition: 875,00 TL; Cultist Edition: 519,60 TL; Heretic Edition: 1.229,00 TL; Sinful Edition: 1.749,00 TL; Unholy Edition: 1.949,00 TL; Woolhaven Edition: 1.634,00 TL; The One Who Waits: 1.547,40 TL","Нет","Да","","https://store.playstation.com/en-tr/concept/10004484","2022-08-11","Strategy","PEGI_12"
"196","Call of Duty: Advanced Warfare","CUSA00851","PS4","Нет","1.600,00 TL","Call of Duty®: Advanced Warfare Gold Edition: 1.600,00 TL; Call of Duty:Advanced Warfare - Digital Pro Edition (Day Zero): 3.200,00 TL","Нет","Нет","","https://store.playstation.com/en-tr/concept/200756","2015-04-06","Shooter","PEGI_18"
"197","Fallout 4","PPSA09017","PS4, PS5","Нет","699,00 TL","G.O.T.Y. Edition: 1.294,00 TL; Anniversary Edition: 1.939,00 TL; Fallout 4 AE + Skyrim AE: 2.949,00 TL","Нет","Нет","PS Plus Extra","https://store.playstation.com/en-tr/concept/201511","2024-04-25","Role Playing Games","PEGI_18"
"198","Nioh 3","PPSA32785","PS5","Нет","3.449,00 TL","Standard Edition: 3.449,00 TL; Digital Deluxe Edition: 5.149,00 TL","Нет","Да","","https://store.playstation.com/en-tr/concept/10014010","2026-02-05","Role Playing Games","PEGI_18"
"199","The Sinking City 2","PPSA18543","PS5","Да","2.149,00 TL","Standard Edition: 2.149,00 TL; Deluxe Edition: 2.349,00 TL; Premium Edition: 2.579,00 TL","Нет","Нет","","https://store.playstation.com/en-tr/concept/10009208","2026-08-18","Horror","PEGI_18"
"200","The Elder Scrolls V: Skyrim Special Edition","PPSA03747","PS4, PS5","Нет","1.399,00 TL","Anniversary Edition: 1.799,00 TL","Да","Да","PS Plus Extra","https://store.playstation.com/en-tr/concept/230955","2021-11-11","Role Playing Games","PEGI_18"
"201","Need for Speed Payback","CUSA05986","PS4","Нет","1.599,00 TL","Need for Speed™ Ultimate Bundle: 949,80 TL; Need for Speed™ Payback - Deluxe Edition: 2.499,00 TL; Need for Speed™ Payback: 1.599,00 TL","Да","Да","EA Access","https://store.playstation.com/en-tr/concept/223086","2017-11-09","Driving/Racing","PEGI_12"
"202","Age of Empires IV","PPSA25366","PS5","Нет","999,00 TL","Standard Edition: 999,00 TL; Deluxe Edition: 1.499,00 TL; Premium Edition: 1.799,00 TL; Premium Editions Bundle: 3.899,00 TL","Нет","Да","","https://store.playstation.com/en-tr/concept/10012160","2025-11-04","Strategy","PEGI_12"
"203","Echoes of Aincrad","PPSA22969","PS5","Нет","2.999,00 TL","Standard Edition: 2.999,00 TL; Deluxe Edition: 3.849,00 TL; Ultimate Edition: 4.749,00 TL","Нет","Да","","https://store.playstation.com/en-tr/concept/10010956","2026-07-09","Action","PEGI_12"
"204","No Man's Sky","PPSA01412","PS4, PS5","Нет","1.249,00 TL","","Нет","Да","","https://store.playstation.com/en-tr/concept/216600","2020-11-11","Unique","PEGI_12"
"205","The Elder Scrolls Online","PPSA02018","PS4, PS5","Нет","449,99 TL","Standard Edition: 449,99 TL; Deluxe Edition: 1.942,00 TL","Нет","Да","","https://store.playstation.com/en-tr/concept/204861","2021-06-15","Role Playing Games","PEGI_18"
"206","The Walking Dead: The Telltale Definitive Series","CUSA16506","PS4","Нет","1.749,00 TL","","Нет","Да","","https://store.playstation.com/en-tr/concept/234566","2019-09-09","Adventure","PEGI_18"
"207","THE FINALS","PPSA12405","PS5","Нет","2.090,00 TL","Year 1 Deluxe Edition: 2.090,00 TL","Нет","Да","","https://store.playstation.com/en-tr/concept/10006873","2023-12-08","Shooter","PEGI_12"
"208","REMATCH","PPSA23770","PS5","Нет","1.079,00 TL","REMATCH: 1.079,00 TL; PRO EDITION: 1.499,00 TL; ELITE EDITION: 1.949,00 TL","Нет","Да","","https://store.playstation.com/en-tr/concept/10011349","2025-06-19","Sport","PEGI_3"
"209","Dune: Awakening","PPSA02391","PS5","Да","2.149,00 TL","Standard Edition: 2.149,00 TL; Deluxe Edition: 2.999,00 TL; Ultimate Edition: 3.849,00 TL","Нет","Нет","","https://store.playstation.com/en-tr/concept/10001899","2026-09-22","Action","PEGI_16"
"210","ACE COMBAT 8: WINGS OF THEVE","PPSA24913","PS5","Да","3.449,00 TL","Standard Edition: 3.449,00 TL; Deluxe Edition: 4.299,00 TL","Нет","Нет","","https://store.playstation.com/en-tr/concept/10011942","2026-10-01","Shooter","PEGI_16"
"211","God of War","CUSA07410","PS4","Нет","849,00 TL","God of War™ Digital Deluxe Edition: 1.299,00 TL","Нет","Нет","PS Plus Extra","https://store.playstation.com/en-tr/concept/227770","2019-10-03","Action","PEGI_18"
"212","NARUTO X BORUTO Ultimate Ninja STORM CONNECTIONS","PPSA06980","PS4, PS5","Нет","2.099,00 TL","Standard Edition: 2.099,00 TL; Deluxe Edition: 899,70 TL; Ultimate Edition: 3.399,00 TL","Нет","Да","","https://store.playstation.com/en-tr/concept/10004744","2023-11-16","Fighting","PEGI_12"
"213","Stray","PPSA02101","PS4, PS5","Нет","1.049,00 TL","","Нет","Да","","https://store.playstation.com/en-tr/concept/10001114","2022-07-19","Adventure","PEGI_12"
"214","Train Sim World 6","PPSA29953","PS4, PS5","Нет","2.149,00 TL","USA Edition: 1.949,00 TL; UK Edition: 1.949,00 TL; Thomas & Friends™ Edition: 1.749,00 TL; Standard Edition: 2.149,00 TL; Deutsche Edition: 1.949,00 TL; Deluxe Edition: 3.449,00 TL; Special Edition: 5.149,00 TL","Нет","Да","","https://store.playstation.com/en-tr/concept/10015062","2025-09-30","Simulation","PEGI_3"
"215","Dispatch","PPSA27158","PS5","Нет","1.499,00 TL","Digital Deluxe Edition: 1.949,00 TL","Нет","Да","","https://store.playstation.com/en-tr/concept/10013259","2025-10-22","Strategy","PEGI_18"
"216","Tomb Raider: Legacy of Atlantis","PPSA29000","PS5","Да","2.579,00 TL","Standard Edition: 2.579,00 TL; Deluxe Edition: 2.999,00 TL","Нет","Нет","","https://store.playstation.com/en-tr/concept/10014491","2027-02-12","Adventure","PEGI_16"
"217","Kingdom Come: Deliverance","PPSA28731","PS4, PS5","Нет","1.299,00 TL","Kingdom Come: Deliverance - Royal Edition: 1.399,00 TL; Kingdom Come: Deliverance - Royal Edition: 1.749,00 TL","Нет","Да","PS Plus Extra","https://store.playstation.com/en-tr/concept/227410","2026-02-13","Adventure","PEGI_18"
"218","ACE COMBAT 7: SKIES UNKNOWN","CUSA07202","PS4","Нет","2.499,00 TL","Standard Edition: 2.499,00 TL; Maverick Edition: 3.649,00 TL; Maverick Ultimate Edition: 3.899,00 TL","Нет","Да","","https://store.playstation.com/en-tr/concept/221661","2019-02-18","Action","PEGI_12"
"219","God of War Sons of Sparta","PPSA28997","PS5","Нет","1.299,00 TL","Standard Edition: 1.299,00 TL; Digital Deluxe Edition: 1.749,00 TL","Да","Да","","https://store.playstation.com/en-tr/concept/10012744","2026-02-12","Action","PEGI_16"
"220","Party Animals","PPSA20635","PS5","Нет","774,00 TL","Party Animals Deluxe Edition: 1.160,00 TL; Party Animals: 774,00 TL","Нет","Нет","","https://store.playstation.com/en-tr/concept/10010023","2025-01-23","Fighting","PEGI_7"
"221","Horizon Call of the Mountain","PPSA05666","PS5","Нет","2.999,00 TL","","Да","Да","","https://store.playstation.com/en-tr/concept/10004029","2023-02-21","Action","PEGI_12"
"222","Hello Neighbor 2","PPSA07426","PS4, PS5","Нет","1.399,00 TL","Standard Edition: 1.399,00 TL; Deluxe Edition: 2.099,00 TL","Нет","Да","","https://store.playstation.com/en-tr/concept/10003558","2022-12-05","Adventure","PEGI_12"
"223","Disney Dreamlight Valley","PPSA08591","PS4, PS5","Нет","1.399,00 TL","Wishblossom Ranch Edition: 2.579,00 TL; Wishblossom Ranch Edition: 2.579,00 TL; Ultimate Edition: 3.449,00 TL; Ultimate Edition: 3.449,00 TL; Disney Dreamlight Valley: 1.399,00 TL; Honeyglow Woods Edition: 2.149,00 TL","Нет","Нет","","https://store.playstation.com/en-tr/concept/10002466","2022-09-06","Adventure","PEGI_3"
"224","Horizon Zero Dawn","PPSA13427","PS5","Нет","2.149,00 TL","","Да","Да","PS Plus Extra","https://store.playstation.com/en-tr/concept/221727","2024-10-30","Role Playing Games","PEGI_16"
"225","Mafia: Definitive Edition for","PPSA36458","PS4, PS5","Нет","232,35 TL","Mafia: Definitive Edition: 232,35 TL","Да","Да","","https://store.playstation.com/en-tr/concept/235302","2026-08-14","Action","PEGI_18"
"226","ASTRONEER","PPSA27623","PS4, PS5","Нет","1.299,00 TL","Glitchwalkers Edition: 307,25 TL; Glitchwalkers Deluxe: 1.399,00 TL; Evolution Edition: 1.299,00 TL; Ultimate Edition: 2.579,00 TL; Megatech Deluxe Edition: 1.749,00 TL","Нет","Да","PS Plus Extra","https://store.playstation.com/en-tr/concept/234630","2025-11-20","Simulation","PEGI_7"
"227","Fable","PPSA31381","PS5","Да","2.999,00 TL","Fable Standard Edition: 2.999,00 TL; Fable Premium Edition: 4.299,00 TL","Нет","Нет","","https://store.playstation.com/en-tr/concept/10015869","2027-02-23","Adventure","PEGI_18"
"228","South of Midnight","PPSA29642","PS5","Нет","1.104,35 TL","","Нет","Да","","https://store.playstation.com/en-tr/concept/10014874","2026-03-31","Adventure","PEGI_18"
"229","Taxi Life: A City Driving Simulator","PPSA14175","PS5","Нет","1.399,00 TL","Standard Edition: 1.399,00 TL; Supporter Edition: 1.599,00 TL; Complete Edition: 2.579,00 TL","Нет","Да","","https://store.playstation.com/en-tr/concept/10007412","2024-03-07","Simulation","PEGI_3"
"230","Farming Simulator 22","PPSA02385","PS4, PS5","Нет","1.049,00 TL","Farming Simulator 22: 1.049,00 TL; Platinum Edition: 1.749,00 TL; Premium Edition: 2.149,00 TL","Нет","Да","","https://store.playstation.com/en-tr/concept/10001771","2021-11-21","Simulator","PEGI_3"
"231","Plants vs. Zombies Garden Warfare 2","CUSA01934","PS4","Нет","699,00 TL","Plants vs. Zombies™ Garden Warfare 2: Deluxe Edition: 1.049,00 TL; Plants vs. Zombies™ Garden Warfare 2: 699,00 TL","Нет","Нет","EA Access","https://store.playstation.com/en-tr/concept/203427","2016-02-22","Shooter","PEGI_7"
"233","HOT WHEELS UNLEASHED 2 - Turbocharged","PPSA09285","PS4, PS5","Нет","1.749,00 TL","Deluxe Edition: 2.499,00 TL; Legendary Edition: 3.149,00 TL","Нет","Нет","","https://store.playstation.com/en-tr/concept/10005765","2023-10-18","Arcade","PEGI_3"
"235","Construction Simulator","PPSA04383","PS4, PS5","Нет","1.299,00 TL","Gold Edition: 1.749,00 TL; Titanium Edition: 1.399,50 TL","Нет","Да","PS Plus Extra","https://store.playstation.com/en-tr/concept/10000438","2022-09-19","Simulation","PEGI_3"
"236","Demon Slayer -Kimetsu no Yaiba- The Hinokami Chronicles 2","PPSA25427","PS4, PS5","Нет","2.579,00 TL","Standard Edition: 2.579,00 TL; Deluxe Edition: 2.999,00 TL","Нет","Нет","","https://store.playstation.com/en-tr/concept/10008540","2025-08-05","Action","PEGI_16"
"237","Hades II","PPSA36082","PS5","Нет","1.299,00 TL","","Нет","Да","","https://store.playstation.com/en-tr/concept/10018449","2026-04-14","Action","PEGI_12"
"238","SONIC SUPERSTARS","PPSA06889","PS4, PS5","Нет","839,70 TL","Deluxe Edition: 3.149,00 TL","Нет","Да","","https://store.playstation.com/en-tr/concept/10004658","2023-10-17","Action","PEGI_3"
"239","RESIDENT EVIL 7 biohazard","PPSA04401","PS4, PS5","Нет","699,00 TL","Standard Edition: 699,00 TL; Gold Edition: 1.399,00 TL","Нет","Да","","https://store.playstation.com/en-tr/concept/220037","2022-06-13","Action","PEGI_18"
"240","Moving Out 2","PPSA08206","PS4, PS5","Нет","1.049,00 TL","Moving Out 2: 1.049,00 TL; Moving Out + Moving Out 2 Bundle: 1.575,00 TL; Moving Out 2 - Deluxe Edition: 1.149,00 TL","Нет","Да","","https://store.playstation.com/en-tr/concept/10005309","2023-08-14","Strategy","PEGI_3"
"241","Crusader Kings III","PPSA02308","PS5","Нет","699,60 TL","Royal Edition: 2.599,00 TL","Нет","Да","PS Plus Extra","https://store.playstation.com/en-tr/concept/10001858","2022-03-29","Strategy","PEGI_12"
"242","DELTARUNE","PPSA27093","PS4, PS5","Нет","1.031,00 TL","DELTARUNE PS4 & PS5: 1.031,00 TL","Нет","Нет","","https://store.playstation.com/en-tr/concept/233495","2025-06-04","Role Playing Games","PEGI_12"
"243","Grizzy and the Lemmings - Crazy Party","PPSA37739","PS5","Нет","1.749,00 TL","","Нет","Да","","https://store.playstation.com/en-tr/concept/10019564","2026-07-18","Party","PEGI_3"
"244","inFAMOUS Second Son","CUSA00004","PS4","Нет","849,00 TL","inFAMOUS Second Son™ Legendary Edition: 1.299,00 TL; inFAMOUS Second Son™ + inFAMOUS™ First Light: 1.299,00 TL; inFAMOUS Second Son™: 849,00 TL","Да","Да","","https://store.playstation.com/en-tr/concept/202138","2014-03-20","Action","PEGI_16"
"245","LEGO Marvel Super Heroes 2","CUSA08476","PS4","Нет","2.099,00 TL","LEGO® Marvel Super Heroes 2 Deluxe Edition: 233,91 TL; LEGO® Marvel Super Heroes 2: 2.099,00 TL; LEGO® Marvel Collection: 2.099,00 TL","Нет","Да","","https://store.playstation.com/en-tr/concept/228783","2017-11-16","Action","PEGI_7"
"246","Middle-earth: Shadow of War","CUSA04402","PS4","Нет","1.399,00 TL","Middle-earth™: The Shadow Bundle: 249,90 TL; Middle-earth™: Shadow of War™ Definitive Edition: 1.749,00 TL; Middle-earth™: Shadow of War™: 1.399,00 TL","Нет","Да","","https://store.playstation.com/en-tr/concept/216695","2017-10-09","Action","PEGI_18"
"247","Dead Space","PPSA03846","PS5","Нет","2.900,00 TL","Standard Edition: 2.900,00 TL; Digital Deluxe Edition: 3.300,00 TL","Нет","Нет","EA Access","https://store.playstation.com/en-tr/concept/10002958","2023-01-27","Horror","PEGI_18"
"248","Detroit: Become Human","CUSA09417","PS4","Нет","1.749,00 TL","Detroit: Become Human Digital Deluxe Edition: 1.749,00 TL","Нет","Нет","","https://store.playstation.com/en-tr/concept/222727","2018-05-24","Action","PEGI_18"
"249","The Quarry for","PPSA06225","PS5","Нет","2.799,00 TL","Standard Edition: 2.799,00 TL; Deluxe Ed. for PS4™ & PS5™: 314,90 TL","Да","Да","","https://store.playstation.com/en-tr/concept/10004123","2022-06-09","Horror","PEGI_18"
"250","DEATH STRANDING 2: ON THE BEACH","PPSA02015","PS5","Нет","3.449,00 TL","Digital Deluxe Edition: 3.849,00 TL","Да","Да","","https://store.playstation.com/en-tr/concept/10001538","2025-06-25","Action","PEGI_18"
"252","Football Manager 26 Console","PPSA29707","PS5","Нет","799,60 TL","","Нет","Да","PS Plus Extra","https://store.playstation.com/en-tr/concept/10014519","2025-11-04","Sport","PEGI_3"
"253","Phasmophobia","PPSA09030","PS5","Нет","665,00 TL","","Нет","Нет","","https://store.playstation.com/en-tr/concept/10005673","2024-10-29","Horror","PEGI_16"
"254","The Elder Scrolls IV: Oblivion","PPSA21203","PS5","Нет","1.925,00 TL","Standard Edition: 1.925,00 TL; Deluxe Edition: 2.275,00 TL","Нет","Нет","","https://store.playstation.com/en-tr/concept/10010248","2025-04-22","Role Playing Games","PEGI_18"
"255","Call of Duty: Infinite Warfare","CUSA05282","PS4","Да","2.499,00 TL","Call of Duty®: Infinite Warfare - Legacy Edition: 1.259,60 TL; Call of Duty®: Infinite Warfare - Digital Deluxe: 1.364,65 TL; Call of Duty®: Infinite Warfare: 2.499,00 TL","Нет","Нет","","https://store.playstation.com/en-tr/concept/221672","2016-11-02","Shooter","PEGI_18"
"257","7 Days to Die","PPSA16645","PS5","Нет","1.749,00 TL","","Нет","Да","","https://store.playstation.com/en-tr/concept/10008451","2024-07-25","Simulation","PEGI_18"
"258","Neverwinter","CUSA05528","PS4","Нет","429,00 TL","Neverwinter Starter Edition Bundle: 429,00 TL","Нет","Да","","https://store.playstation.com/en-tr/concept/217642","2016-07-18","Role Playing Games","PEGI_16"
"259","Borderlands 3","PPSA01463","PS4, PS5","Нет","3.499,00 TL","Borderlands 3: 459,00 TL; Next Level Edition: 507,46 TL; Super Deluxe Edition: 2.799,00 TL; Ultimate Edition: 3.499,00 TL","Нет","Да","","https://store.playstation.com/en-tr/concept/227478","2020-11-11","Shooter","PEGI_18"
"260","God of War III","CUSA01715","PS4","Нет","849,00 TL","","Да","Да","","https://store.playstation.com/en-tr/concept/228618","2015-07-14","Action","PEGI_18"
"261","NARUTO SHIPPUDEN: Ultimate Ninja STORM 4","CUSA02854","PS4","Нет","699,00 TL","NARUTO SHIPPUDEN: Ultimate Ninja STORM 4 Road to Boruto: 1.749,00 TL; NARUTO SHIPPUDEN: Ultimate Ninja STORM 4: 699,00 TL","Нет","Да","","https://store.playstation.com/en-tr/concept/212870","2016-02-04","Fighting","PEGI_12"
"262","SpongeBob SquarePants: Titans of the Tide","PPSA26893","PS5","Нет","1.749,00 TL","Standard: 1.749,00 TL; Ghostly Digital Edition: 2.349,00 TL; Bikini Bottom Bundle: 3.849,00 TL","Нет","Да","","https://store.playstation.com/en-tr/concept/10013086","2025-11-18","Action","PEGI_7"
"263","Watch Dogs: Legion","PPSA01500","PS4, PS5","Нет","70,50 TL","Deluxe Edition: 670,00 TL; Gold Edition: 119,80 TL; Ultimate Edition: 139,80 TL","Нет","Да","PS Plus Extra","https://store.playstation.com/en-tr/concept/232581","2020-11-11","Action","PEGI_18"
"264","Bloodborne","CUSA00207","PS4","Нет","849,00 TL","Bloodborne™: Game of the Year Edition: 1.499,00 TL","Нет","Да","PS Plus Extra","https://store.playstation.com/en-tr/concept/200520","2015-03-24","Action","PEGI_16"
"265","Police Simulator: Patrol Officers","PPSA05831","PS4, PS5","Нет","1.049,00 TL","Bestseller Bundle: 3.499,00 TL; Gold Edition: 1.399,00 TL; Ultimate Duty Edition: 1.949,40 TL","Нет","Да","PS Plus Extra","https://store.playstation.com/en-tr/concept/10000663","2022-11-09","Simulation","PEGI_12"
"267","TopSpin 2K25 Cross-Gen","PPSA06899","PS4, PS5","Нет","699,00 TL","Cross-Gen Edition: 699,00 TL; Deluxe Edition: 1.049,00 TL; Grand Slam® Edition: 1.399,00 TL","Нет","Нет","","https://store.playstation.com/en-tr/concept/10004708","2024-04-25","Sport","PEGI_3"
"268","Arma Reforger","PPSA24605","PS5","Нет","1.399,00 TL","","Нет","Да","","https://store.playstation.com/en-tr/concept/10010198","2024-12-12","Action","PEGI_16"
"269","Plants vs. Zombies: Battle for Neighborville","CUSA10852","PS4","Нет","720,00 TL","Plants vs. Zombies: Battle for Neighborville™ Deluxe Edition: 1.080,00 TL; Plants vs. Zombies: Battle for Neighborville™: 720,00 TL; EA SPEED & SEED BUNDLE: 427,12 TL","Нет","Да","EA Access","https://store.playstation.com/en-tr/concept/234658","2019-10-17","Shooter","PEGI_7"
"270","Uncharted: The Nathan","CUSA02344","PS4","Нет","699,00 TL","","Да","Да","","https://store.playstation.com/en-tr/concept/205353","2015-10-06","Action","PEGI_16"
"271","FINAL FANTASY VII REBIRTH","PPSA08668","PS5","Нет","2.579,00 TL","Twin Pack: 3.849,00 TL; Standard Edition: 2.579,00 TL; Digital Deluxe Edition: 3.449,00 TL; Digital Deluxe Twin Pack: 4.749,00 TL","Нет","Нет","","https://store.playstation.com/en-tr/concept/10003999","2024-02-28","Role Playing Games","PEGI_16"
"272","Mafia II","CUSA17761","PS4","Нет","1.159,00 TL","","Да","Да","","https://store.playstation.com/en-tr/concept/234770","2020-05-18","Adventure","PEGI_18"
"273","Avatar Legends: The Fighting Game","PPSA36891","PS5","Нет","1.299,00 TL","Avatar Legends: The Fighting Game: 1.299,00 TL; Digital Deluxe Edition: 2.149,00 TL","Нет","Нет","","https://store.playstation.com/en-tr/concept/10018989","2026-07-23","Fighting","PEGI_3"
"274","Sniper Elite 5","PPSA04444","PS4, PS5","Нет","2.099,00 TL","Deluxe Edition: 3.149,00 TL; Complete Edition: 3.899,00 TL","Нет","Да","PS Plus Extra","https://store.playstation.com/en-tr/concept/234363","2022-05-25","Fighting","PEGI_16"
"275","Backrooms: Escape Together","PPSA29906","PS5","Нет","649,00 TL","","Нет","Да","","https://store.playstation.com/en-tr/concept/10015041","2026-06-18","Horror","PEGI_16"
"276","The First Berserker: Khazan","PPSA20447","PS5","Нет","1.399,00 TL","STANDARD EDITION: 1.399,00 TL; DELUXE EDITION: 1.599,00 TL","Нет","Да","","https://store.playstation.com/en-tr/concept/10009937","2025-03-27","Action","PEGI_16"
"277","Resonance: A Plague Tale Legacy","PPSA30601","PS5","Да","2.579,00 TL","","Нет","Нет","","https://store.playstation.com/en-tr/concept/10015413","2026-08-27","Adventure","PEGI_16"
"278","Anno 117: Pax Romana","PPSA23559","PS5","Нет","1.469,30 TL","Anno 117: Pax Romana: 1.469,30 TL; Gold Edition: 2.204,30 TL","Нет","Да","","https://store.playstation.com/en-tr/concept/10011009","2025-11-12","Strategy","PEGI_12"
"279","Assetto Corsa Competizione","PPSA03848","PS4, PS5","Нет","507,47 TL","Assetto Corsa Competizione - 2024 Pack: 1.399,00 TL","Нет","Да","PS Plus Extra","https://store.playstation.com/en-tr/concept/234902","2022-02-22","Driving/Racing","PEGI_3"
"281","Cities: Skylines","CUSA06407","PS4","Нет","2.499,00 TL","Cities: Skylines - Premium Edition 2: 2.499,00 TL; Cities: Skylines - Mayor's Edition: 4.299,00 TL","Нет","Да","PS Plus Extra","https://store.playstation.com/en-tr/concept/224821","2017-08-14","Simulation","PEGI_3"
"282","Sonic Racing: CrossWorlds","PPSA08804","PS4, PS5","Нет","2.499,00 TL","Standard Edition: 2.499,00 TL; Digital Deluxe Edition: 3.149,00 TL","Нет","Да","","https://store.playstation.com/en-tr/concept/10005570","2025-09-25","Driving/Racing","PEGI_3"
"284","Remnant II","PPSA06694","PS5","Да","2.149,00 TL","Remnant II® - Ultimate Edition: 2.999,00 TL; Remnant II® - Standard Edition: 2.149,00 TL; Remnant II® - Deluxe Edition: 2.579,00 TL","Да","Да","","https://store.playstation.com/en-tr/concept/10004544","2023-07-25","Adventure","PEGI_18"
"285","TEKKEN 7","CUSA06014","PS4","Нет","1.049,00 TL","Standard Edition: 1.049,00 TL; Originals Edition: 524,85 TL; Definitive Edition: 4.199,00 TL","Нет","Да","","https://store.playstation.com/en-tr/concept/222022","2017-06-01","Fighting","PEGI_16"
"286","Crash Bandicoot N. Sane Trilogy","CUSA07399","PS4","Нет","1.749,00 TL","","Нет","Нет","","https://store.playstation.com/en-tr/concept/227649","2017-06-29","Action","PEGI_7"
"287","Assetto Corsa","CUSA11487","PS4","Нет","1.399,00 TL","Assetto Corsa Ultimate Edition: 1.399,00 TL; Assetto Corsa: 1.049,00 TL","Нет","Да","","https://store.playstation.com/en-tr/concept/205920","2018-04-19","Driving/Racing","PEGI_3"
"288","Star Wars Outlaws","PPSA08260","PS5","Нет","2.799,00 TL","Deluxe Edition: 3.499,00 TL; Gold Edition: 4.199,00 TL; Ultimate Edition: 4.899,00 TL","Нет","Да","PS Plus Extra","https://store.playstation.com/en-tr/concept/10005323","2024-08-29","Adventure","PEGI_12"
"289","Darksiders","PPSA31977","PS4, PS5","Нет","909,30 TL","Darksiders Warmastered Edition: 909,30 TL; War and Death Edition: 1.399,00 TL","Да","Да","","https://store.playstation.com/en-tr/concept/228188","2026-05-19","Role Playing Games","PEGI_18"
"290","Undisputed","PPSA21914","PS5","Нет","2.149,00 TL","Championship Edition: 3.449,00 TL","Нет","Да","","https://store.playstation.com/en-tr/concept/10009297","2024-10-11","Fighting","PEGI_16"
"291","WRC 10 FIA World Rally Championship","PPSA03589","PS5","Нет","349,80 TL","Standard Edition: 349,80 TL; Standard Edition: 349,80 TL; Deluxe Edition PS4 & PS5: 2.149,00 TL","Нет","Да","","https://store.playstation.com/en-tr/concept/10002812","2021-09-02","Driving/Racing","PEGI_3"
"292","CAPTAIN TSUBASA 2: WORLD FIGHTERS","PPSA22728","PS5","Да","2.999,00 TL","Standard Edition: 2.999,00 TL; Deluxe Edition: 3.849,00 TL; Ultimate Edition: 4.299,00 TL","Нет","Нет","","https://store.playstation.com/en-tr/concept/10010870","2026-08-27","Sport","PEGI_12"
"293","Cronos: The New Dawn","PPSA24096","PS5","Нет","2.579,00 TL","Cronos: The New Dawn: 2.579,00 TL; Deluxe Edition: 2.999,00 TL","Нет","Да","","https://store.playstation.com/en-tr/concept/10011556","2025-09-05","Horror","PEGI_16"
"294","Mad Max","CUSA00054","PS4","Нет","174,75 TL","","Нет","Да","","https://store.playstation.com/en-tr/concept/202765","2015-08-31","Action","PEGI_18"
"295","MechWarrior 5: Mercenaries","PPSA03859","PS4, PS5","Нет","454,65 TL","MechWarrior 5: Mercenaries: 454,65 TL; Succession Wars Edition: 2.241,85 TL; JumpShip Edition: 1.676,35 TL","Нет","Да","","https://store.playstation.com/en-tr/concept/10002991","2021-09-23","Shooter","PEGI_12"
"297","Truck Simulator 25: Euro Driver","CUSA51951","PS4","Нет","525,00 TL","","Нет","Нет","","https://store.playstation.com/en-tr/concept/10013081","2025-05-05","Driving/Racing","PEGI_3"
"298","Brothers: A Tale of Two Sons Remake","PPSA14502","PS5","Нет","699,00 TL","","Нет","Да","","https://store.playstation.com/en-tr/concept/10007683","2024-02-28","Adventure","PEGI_16"
"300","RESIDENT EVIL 2","PPSA04289","PS4, PS5","Нет","1.399,00 TL","Standard Edition: 1.399,00 TL; Deluxe Edition: 1.749,00 TL","Нет","Да","","https://store.playstation.com/en-tr/concept/229500","2022-06-13","Horror","PEGI_18"
"301","Jurassic World Evolution 2","PPSA03286","PS4, PS5","Нет","2.099,00 TL","Jurassic World Evolution 2: Dominion Bundle: 2.799,00 TL; Deluxe Edition: 2.499,00 TL","Да","Да","PS Plus Extra","https://store.playstation.com/en-tr/concept/10002577","2021-11-09","Strategy","PEGI_16"
"302","Dragon's Dogma 2","PPSA09664","PS5","Нет","1.749,00 TL","Standard Edition: 1.749,00 TL; Dark Arisen: 2.149,00 TL","Нет","Да","","https://store.playstation.com/en-tr/concept/10005844","2024-03-21","Role Playing Games","PEGI_18"
"303","Teardown","PPSA15247","PS5","Нет","1.049,00 TL","Teardown: 1.049,00 TL; Ultimate Edition: 1.749,00 TL; Deluxe Edition: 1.399,00 TL","Нет","Да","","https://store.playstation.com/en-tr/concept/10007904","2023-11-15","Simulation","PEGI_12"
"304","Divinity: Original Sin 2","PPSA06866","PS4, PS5","Нет","2.579,00 TL","","Нет","Да","","https://store.playstation.com/en-tr/concept/232084","2025-12-15","Role Playing Games","PEGI_18"
"305","STAR WARS Battlefront II","CUSA05749","PS4","Нет","136,27 TL","STAR WARS™ Battlefront™ II: Celebration Edition: 2.099,00 TL; STAR WARS™ Battlefront™ II: 136,27 TL","Нет","Да","EA Access","https://store.playstation.com/en-tr/concept/229438","2017-11-16","Adventure","PEGI_16"
"306","PAYDAY 3","PPSA14411","PS5","Нет","1.299,00 TL","PAYDAY 3: 1.299,00 TL; Year 1 Edition: 2.579,00 TL","Нет","Да","","https://store.playstation.com/en-tr/concept/10007263","2023-09-21","Shooter","PEGI_18"
"307","ASTRO BOT Rescue Mission","CUSA12392","PS4","Нет","1.749,00 TL","ASTRO BOT Rescue Mission™: 1.749,00 TL","Нет","Да","","https://store.playstation.com/en-tr/concept/232682","2018-10-02","Action","PEGI_7"
"308","METAL GEAR SOLID: MASTER COLLECTION Vol.2","PPSA18194","PS5","Да","2.149,00 TL","","Нет","Нет","","https://store.playstation.com/en-tr/concept/10009075","2026-08-26","Action","PEGI_18"
"310","RoadCraft","PPSA09843","PS5","Нет","1.749,00 TL","1-Year Anniversary Edition: 2.579,00 TL","Нет","Да","","https://store.playstation.com/en-tr/concept/10006025","2025-05-19","Simulation","PEGI_3"
"312","LEGO Star Wars: The Skywalker Saga","PPSA01865","PS4, PS5","Нет","2.499,00 TL","Deluxe Edition: 2.799,00 TL; Galactic Edition: 2.799,00 TL","Нет","Да","","https://store.playstation.com/en-tr/concept/232847","2022-04-04","Action","PEGI_7"
"313","SILENT HILL: Townfall","PPSA33286","PS5","Да","2.149,00 TL","Standard Edition: 2.149,00 TL; Deluxe Edition: 2.579,00 TL","Нет","Нет","","https://store.playstation.com/en-tr/concept/10016947","2026-09-23","Horror","PEGI_16"
"314","Wrap House Simulator","PPSA35842","PS5","Нет","649,00 TL","Wrap House Simulator: 649,00 TL; Wrap House Simulator: 649,00 TL","Нет","Да","","https://store.playstation.com/en-tr/concept/10018477","2026-07-17","Simulator","PEGI_3"
"315","The Outlast Trials","PPSA05004","PS4, PS5","Нет","200,70 TL","Standard: 200,70 TL; Deluxe: 239,70 TL","Нет","Да","","https://store.playstation.com/en-tr/concept/10001988","2024-03-05","Horror","PEGI_18"
"316","Fernbus Coach Simulator","PPSA09167","PS5","Нет","1.749,00 TL","Holiday Bus Bundle: 2.579,00 TL; Fernbus Coach Simulator: 1.749,00 TL","Нет","Да","","https://store.playstation.com/en-tr/concept/10005594","2023-02-27","Simulator","PEGI_3"
"317","ARK: Survival Evolved","CUSA06782","PS4","Нет","649,00 TL","Ultimate Survivor Edition: 1.499,00 TL; ARK: Survival Evolved: 649,00 TL","Нет","Нет","","https://store.playstation.com/en-tr/concept/224802","2016-12-05","Action","PEGI_16"
"318","BLEACH Rebirth of Souls","PPSA03579","PS4, PS5","Нет","2.499,00 TL","Standard Edition: 2.499,00 TL; Deluxe Edition: 3.399,00 TL; Ultimate Edition: 3.899,00 TL","Нет","Да","","https://store.playstation.com/en-tr/concept/10001710","2025-03-20","Fighting","PEGI_12"
"320","The Alters","PPSA16033","PS5","Нет","1.499,00 TL","Standard Edition: 1.499,00 TL; Deluxe Edition: 1.289,40 TL","Нет","Да","","https://store.playstation.com/en-tr/concept/10008217","2025-06-13","Adventure","PEGI_16"
"321","STAR WARS Jedi: Survivor","PPSA07784","PS5","Нет","2.900,00 TL","Standard Edition: 2.900,00 TL; Deluxe Edition: 3.600,00 TL; Standard Edition: 1.800,00 TL; Cross-Gen Bundle Edition: 3.299,99 TL","Нет","Нет","EA Access","https://store.playstation.com/en-tr/concept/10005114","2023-04-28","Action","PEGI_12"
"322","Battlefield 4","CUSA00049","PS4","Нет","299,70 TL","Battlefield 4™ Premium Edition: 1.999,00 TL; Battlefield 4™: 299,70 TL","Да","Да","EA Access","https://store.playstation.com/en-tr/concept/200449","2013-11-28","Shooter","PEGI_18"
"324","Battlefield 2042","PPSA01465","PS4, PS5","Нет","799,80 TL","Standard Edition: 799,80 TL; Standard Edition: 140,00 TL; Elite Edition: 4.999,00 TL","Да","Да","EA Access","https://store.playstation.com/en-tr/concept/10000758","2021-11-18","Shooter","PEGI_16"
"325","DEATH STRANDING DIRECTOR’S CUT","PPSA01968","PS5","Нет","1.049,50 TL","Digital Deluxe Edition: 1.049,50 TL; DEATH STRANDING Digital Deluxe Edition: 1.749,00 TL","Да","Да","","https://store.playstation.com/en-tr/concept/234585","2021-09-23","Action","PEGI_18"
"326","Wreckfest PlayStation5 Version","PPSA03309","PS4, PS5","Нет","1.399,00 TL","Complete Edition: 1.329,00 TL; Wreckfest: Drive Hard. Die Last.: 1.049,00 TL; Wreckfest PlayStation®5 Version: 1.399,00 TL","Нет","Да","","https://store.playstation.com/en-tr/concept/227252","2021-05-03","Sport","PEGI_12"
"327","Far Cry 5","CUSA05847","PS4","Нет","344,85 TL","Far Cry® 5 Gold Edition: 584,85 TL","Нет","Нет","PS Plus Extra","https://store.playstation.com/en-tr/concept/221692","2018-03-26","Action","PEGI_18"
"329","DRAGON BALL: Sparking! ZERO","PPSA15210","PS5","Нет","2.149,00 TL","Standard Edition: 2.149,00 TL; NEO Edition: 3.449,00 TL; Legendary Edition: 5.149,00 TL","Нет","Да","","https://store.playstation.com/en-tr/concept/10007902","2024-10-10","Action","PEGI_12"
"330","Far Cry Primal","CUSA03309","PS4","Нет","1.399,00 TL","Apex Edition: 1.199,00 TL","Нет","Нет","PS Plus Extra","https://store.playstation.com/en-tr/concept/201634","2016-02-22","Adventure","PEGI_18"
"331","Test Drive Unlimited Solar Crown","PPSA05965","PS5","Нет","2.099,00 TL","Silver Streets Edition: 2.799,00 TL; Silver Sharps Edition: 2.799,00 TL; Gold Edition: 3.149,00 TL","Нет","Да","PS Plus Extra","https://store.playstation.com/en-tr/concept/10003910","2024-09-12","Driving/Racing","PEGI_18"
"332","DOOM Eternal","PPSA01982","PS4, PS5","Нет","1.049,00 TL","Deluxe Edition: 1.749,00 TL; Year One Pass: 699,00 TL; Ancient Gods Part Two: 349,00 TL; Ancient Gods Part One: 349,00 TL","Да","Да","PS Plus Extra","https://store.playstation.com/en-tr/concept/232624","2021-06-29","Shooter","PEGI_18"
"333","RIDE 6","PPSA21725","PS5","Нет","2.999,00 TL","Deluxe Edition: 3.849,00 TL; Ultimate Edition: 4.749,00 TL","Нет","Нет","","https://store.playstation.com/en-tr/concept/10010475","2026-02-11","Simulation","PEGI_3"
"334","Hello Neighbor","PPSA35154","PS4, PS5","Нет","1.299,00 TL","","Нет","Да","PS Plus Extra","https://store.playstation.com/en-tr/concept/231096","2026-03-26","Horror","PEGI_7"
"335","DRAGON BALL Z: KAKAROT","PPSA08083","PS4, PS5","Нет","849,00 TL","Standard Edition: 849,00 TL; Daima Edition: 1.074,50 TL; Master Edition: 4.299,00 TL","Нет","Да","","https://store.playstation.com/en-tr/concept/233235","2023-01-12","Role Playing Games","PEGI_12"
"336","Minecraft Dungeons II","PPSA16064","PS5","Да","1.499,00 TL","Minecraft Dungeons II: 1.499,00 TL; Deluxe Edition: 2.199,00 TL","Нет","Нет","","https://store.playstation.com/en-tr/concept/10008220","2026-09-29","Adventure","PEGI_7"
"337","NBA 2K25","PPSA22121","PS4, PS5","Нет","2.900,00 TL","Standard Edition: 2.900,00 TL; Tournament Edition: 3.149,00 TL; All-Star Edition: 3.600,00 TL","Нет","Нет","","https://store.playstation.com/en-tr/concept/10010481","2024-09-04","Sport","PEGI_3"
"338","MOUSE: P.I. For Hire","PPSA26578","PS5","Нет","1.299,00 TL","","Нет","Да","","https://store.playstation.com/en-tr/concept/10012945","2026-04-16","Adventure","PEGI_16"
"340","Rayman Legends Retold","PPSA34056","PS5","Да","1.749,00 TL","Rayman Legends Retold: 1.749,00 TL; Deluxe Edition: 2.149,00 TL","Нет","Нет","","https://store.playstation.com/en-tr/concept/10017364","2026-09-30","Adventure","PEGI_7"
"341","JoJo's Bizarre Adventure: All-Star Battle R","PPSA04323","PS4, PS5","Нет","1.749,00 TL","Standard Edition: 1.749,00 TL; Deluxe Edition: 2.499,00 TL; Ultimate Edition: 3.249,00 TL","Нет","Нет","","https://store.playstation.com/en-tr/concept/10001302","2022-09-01","Action","PEGI_12"
"342","HOT WHEELS Infinite Rush","PPSA22408","PS5","Да","2.149,00 TL","Standard Edition: 2.149,00 TL; Deluxe Edition: 3.449,00 TL; Ultimate Edition: 4.299,00 TL","Нет","Нет","","https://store.playstation.com/en-tr/concept/10010731","2026-09-09","Driving/Racing","PEGI_3"
"343","Hollow Knight: Silksong","PPSA12544","PS4, PS5","Нет","849,00 TL","","Нет","Да","","https://store.playstation.com/en-tr/concept/10005908","2025-09-04","Adventure","PEGI_7"
"344","Tropico 6 - Next","PPSA05682","PS5","Нет","1.399,00 TL","Next Gen Edition: 1.249,00 TL; Standard  Edition: 1.399,00 TL; El Prez Edition: 559,65 TL","Да","Да","","https://store.playstation.com/en-tr/concept/228871","2022-03-30","Strategy","PEGI_16"
"345","Age of Empires II","PPSA18654","PS5","Нет","1.699,00 TL","Standard: 1.699,00 TL; Premium Edition: 1.657,50 TL; Premium Editions Bundle: 4.198,00 TL","Нет","Да","","https://store.playstation.com/en-tr/concept/10009261","2025-05-06","Strategy","PEGI_12"
"346","FINAL FANTASY VII REMAKE INTERGRADE","PPSA01911","PS5","Нет","1.749,00 TL","Digital Deluxe Edition: 2.499,00 TL; FINAL FANTASY VII REMAKE Digital Deluxe Edition: 2.099,00 TL","Нет","Нет","PS Plus Extra","https://store.playstation.com/en-tr/concept/228744","2021-06-09","Role Playing Games","PEGI_16"
"349","SONIC X SHADOW GENERATIONS","PPSA17597","PS4, PS5","Нет","1.599,00 TL","Digital Deluxe Edition: 1.949,00 TL","Нет","Да","PS Plus Extra","https://store.playstation.com/en-tr/concept/10008755","2024-10-25","Action","PEGI_7"
"350","Stellar Blade","PPSA13197","PS5","Нет","2.799,00 TL","Complete Edition: 4.299,00 TL","Нет","Да","","https://store.playstation.com/en-tr/concept/10006891","2024-04-25","Adventure","PEGI_18"
"351","Creed: Rise to Glory","PPSA09773","PS5","Нет","999,00 TL","Standard: 999,00 TL; Deluxe: 2.149,00 TL; Creed: Rise to Glory™: 879,00 TL","Нет","Нет","","https://store.playstation.com/en-tr/concept/10005989","2023-04-03","Sport","PEGI_16"
"352","The Planet Crafter","PPSA35396","PS5","Нет","1.031,00 TL","Standard Edition: 1.031,00 TL; Deluxe Edition: 1.634,00 TL","Нет","Да","","https://store.playstation.com/en-tr/concept/10018182","2026-07-21","Adventure","PEGI_3"
"353","Little Nightmares II","PPSA02154","PS4, PS5","Нет","1.049,00 TL","Standard Edition: 1.049,00 TL; Little Nightmares I & II Bundle PS4 & PS5: 644,70 TL; Deluxe Edition: 524,70 TL","Нет","Да","","https://store.playstation.com/en-tr/concept/232583","2021-08-25","Action","PEGI_16"
"354","Need for Speed","CUSA01866","PS4","Нет","699,00 TL","Need for Speed™ Deluxe Edition: 879,00 TL; Need for Speed™ Deluxe Bundle: 3.249,00 TL; Need for Speed™: 699,00 TL; EA Family Bundle: 469,80 TL","Да","Да","EA Access","https://store.playstation.com/en-tr/concept/212864","2015-11-02","Driving/Racing","PEGI_12"
"355","The Smurfs - Dreams","PPSA21607","PS4, PS5","Нет","419,70 TL","","Нет","Да","","https://store.playstation.com/en-tr/concept/10010426","2024-10-23","Family","PEGI_7"
"356","Atomfall","PPSA15493","PS4, PS5","Нет","2.099,00 TL","Standard: 2.099,00 TL; Atomfall Deluxe Edition: 2.099,25 TL; Atomfall Complete Edition: 3.849,00 TL","Нет","Да","","https://store.playstation.com/en-tr/concept/10007896","2025-03-27","Adventure","PEGI_18"
"357","FINAL FANTASY XVI","PPSA10665","PS5","Нет","2.099,00 TL","COMPLETE EDITION: 2.799,00 TL","Нет","Да","PS Plus Extra","https://store.playstation.com/en-tr/concept/10002100","2023-06-21","Action","PEGI_18"
"358","Way of the Hunter 2","PPSA17911","PS5","Да","1.749,00 TL","Standard: 1.749,00 TL; Deluxe Edition: 2.579,00 TL","Нет","Нет","","https://store.playstation.com/en-tr/concept/10008946","2026-09-29","Action","PEGI_16"
"359","Age of Mythology: Retold","PPSA18653","PS5","Нет","599,00 TL","Standard Edition: 599,00 TL; Premium Edition: 999,00 TL","Да","Да","","https://store.playstation.com/en-tr/concept/10009260","2025-03-04","Strategy","PEGI_12"
"360","Way of the Hunter","PPSA05732","PS5","Нет","314,70 TL","Standard: 314,70 TL; Elite Edition: 1.575,00 TL; Ultimate Edition: 1.199,60 TL","Нет","Да","","https://store.playstation.com/en-tr/concept/10003862","2022-08-16","Shooter","PEGI_16"
"361","Halloween: The Game","PPSA29340","PS5","Да","1.749,00 TL","Halloween: The Game: 1.749,00 TL; Digital Deluxe: 2.579,00 TL","Нет","Нет","","https://store.playstation.com/en-tr/concept/10014718","2026-09-08","Horror","PEGI_18"
"362","Assassin's Creed Unity","CUSA00605","PS4","Нет","437,25 TL","","Нет","Нет","PS Plus Extra","https://store.playstation.com/en-tr/concept/200088","2014-11-12","Adventure","PEGI_18"
"363","Yakuza Kiwami 3 & Dark Ties","PPSA30223","PS4, PS5","Нет","2.579,00 TL","Standard Edition: 2.579,00 TL; Deluxe Edition: 2.111,85 TL","Нет","Да","","https://store.playstation.com/en-tr/concept/10015219","2026-02-11","Adventure","PEGI_18"
"364","Poppy Playtime: Chapter 4","PPSA25063","PS5","Нет","849,00 TL","Poppy Playtime: Chapter 4: 849,00 TL; Poppy Playtime: Chapter 4: 849,00 TL","Нет","Да","","https://store.playstation.com/en-tr/concept/10012036","2025-06-25","Puzzle","PEGI_16"
"365","RimWorld","CUSA31489","PS4","Нет","979,30 TL","Standard Edition: 979,30 TL; Digital Deluxe: 1.347,50 TL; Chronicles Bundle: 1.833,30 TL","Нет","Да","","https://store.playstation.com/en-tr/concept/10004133","2022-07-28","Simulation","PEGI_16"
"366","Cairn","PPSA28769","PS5","Нет","1.299,00 TL","Standard Edition: 1.299,00 TL; Cairn - Deluxe Edition: 1.590,00 TL","Нет","Да","","https://store.playstation.com/en-tr/concept/10014085","2026-01-29","Sport","PEGI_16"
"367","Supraland","CUSA23229","PS4","Нет","849,00 TL","","Нет","Да","","https://store.playstation.com/en-tr/concept/10000727","2020-10-22","Puzzle","PEGI_7"
"368","Job Simulator","PPSA10147","PS4, PS5","Нет","849,00 TL","","Нет","Нет","","https://store.playstation.com/en-tr/concept/221911","2023-02-21","Casual","PEGI_3"
"369","Far Cry 4","CUSA00462","PS4","Нет","1.399,00 TL","Gold Edition: 1.749,00 TL; FAR CRY 4 + FAR CRY PRIMAL BUNDLE: 2.149,00 TL","Да","Да","PS Plus Extra","https://store.playstation.com/en-tr/concept/201624","2014-11-17","Shooter","PEGI_18"
"370","Saints Row: The Third","PPSA02874","PS4, PS5","Нет","1.299,00 TL","PS5 Edition: 1.299,00 TL; Saints Row: The Third Remastered: 1.299,00 TL","Нет","Да","","https://store.playstation.com/en-tr/concept/234481","2021-05-25","Action","PEGI_18"
"371","ON THE ROAD - The Truck Simulator","PPSA02891","PS4, PS5","Нет","1.299,00 TL","Ultimate Cargo Bundle: 2.149,00 TL; ON THE ROAD - The Truck Simulator: 1.299,00 TL","Нет","Нет","","https://store.playstation.com/en-tr/concept/10001193","2021-11-10","Simulator","PEGI_3"
"372","ELDEN RING NIGHTREIGN","PPSA25381","PS4, PS5","Нет","1.749,00 TL","Standard Edition: 1.749,00 TL; Deluxe Edition: 2.349,00 TL","Нет","Да","","https://store.playstation.com/en-tr/concept/10010877","2025-05-29","Action","PEGI_16"
"373","World War Z: Aftermath","PPSA05425","PS5","Нет","461,67 TL","Deluxe Edition: 524,70 TL; Standard Edition: 461,67 TL; Deluxe Edition: 524,70 TL","Нет","Да","PS Plus Extra","https://store.playstation.com/en-tr/concept/230658","2023-01-24","Shooter","PEGI_18"
"374","Commandos: Origins","PPSA14708","PS5","Нет","2.579,00 TL","Standard Edition: 2.579,00 TL; Deluxe Edition: 1.749,30 TL; Standard Edition: 2.579,00 TL; Deluxe Edition: 2.099,30 TL","Нет","Да","","https://store.playstation.com/en-tr/concept/10007746","2025-04-09","Action","PEGI_16"
"375","INAZUMA ELEVEN: Victory Road","PPSA22207","PS4, PS5","Нет","2.999,00 TL","INAZUMA ELEVEN: Victory Road  PS4 & PS5: 2.999,00 TL; Deluxe Edition: 3.449,00 TL","Нет","Нет","","https://store.playstation.com/en-tr/concept/231308","2025-11-13","Sport","PEGI_12"
"376","Just Cause 4: Reloaded","CUSA09264","PS4","Нет","1.399,00 TL","Just Cause 4: Reloaded: 1.399,00 TL; Just Cause 4 - Gold Edition: 2.099,00 TL; Just Cause 4 - Complete Edition: 2.499,00 TL","Нет","Нет","","https://store.playstation.com/en-tr/concept/229133","2019-11-06","Action","PEGI_18"
"377","Assassin’s Creed The","CUSA04893","PS4","Нет","524,70 TL","","Да","Да","PS Plus Extra","https://store.playstation.com/en-tr/concept/225519","2016-11-16","Adventure","PEGI_18"
"378","Wolfenstein II: The New Colossus (CUSA07378)","CUSA07378","PS4","Нет","34,35 TL","Deluxe Edition: 2.099,00 TL","Да","Да","PS Plus Extra","https://store.playstation.com/en-tr/concept/229533","2017-10-26","Shooter","PEGI_18"
"379","ICARUS","PPSA27311","PS5","Нет","1.224,30 TL","ICARUS: Console Edition: 1.224,30 TL; ICARUS: Ultimate Console Edition: 4.514,30 TL","Нет","Да","","https://store.playstation.com/en-tr/concept/10013354","2026-03-26","Action","PEGI_16"
"380","Resident Evil Village","PPSA01557","PS4, PS5","Нет","1.399,00 TL","Gold Edition: 1.749,00 TL; Gold Edition Bundle: 2.579,00 TL","Да","Да","PS Plus Extra","https://store.playstation.com/en-tr/concept/235235","2021-05-06","Horror","PEGI_18"
"381","Planet Zoo","PPSA18026","PS5","Нет","1.749,00 TL","Deluxe Edition: 2.099,00 TL; Ultimate Edition: 4.199,00 TL","Нет","Нет","PS Plus Extra","https://store.playstation.com/en-tr/concept/10009025","2024-03-26","Simulation","PEGI_3"
"382","Directive 8020","PPSA16384","PS5","Нет","2.149,00 TL","Digital Deluxe Edition: 2.579,00 TL","Нет","Да","","https://store.playstation.com/en-tr/concept/10008357","2026-05-12","Horror","PEGI_18"
"383","Like a Dragon: Pirate Yakuza in Hawaii","PPSA24478","PS4, PS5","Нет","524,75 TL","Standard Edition: 524,75 TL; Deluxe Edition: 2.599,00 TL","Нет","Да","","https://store.playstation.com/en-tr/concept/10011704","2025-02-20","Adventure","PEGI_18"
"384","Farm Together 2","PPSA26382","PS5","Нет","945,00 TL","","Нет","Да","","https://store.playstation.com/en-tr/concept/10012795","2025-07-10","Simulation","PEGI_3"
"385","Don't Starve Together","PPSA02070","PS4, PS5","Нет","194,70 TL","Don't Starve Together: Console Edition: 194,70 TL; Starter Edition: 424,50 TL; Survival Edition: 870,33 TL; Constant Edition: 1.749,00 TL","Нет","Да","","https://store.playstation.com/en-tr/concept/222250","2025-10-21","Adventure","PEGI_12"
"386","Ratchet & Clank: Rift Apart","PPSA01474","PS5","Нет","619,00 TL","Digital Deluxe Edition: 699,00 TL","Да","Да","PS Plus Extra","https://store.playstation.com/en-tr/concept/10000669","2021-06-10","Action","PEGI_7"
"387","The Sinking City","PPSA01772","PS5","Нет","1.749,00 TL","The Sinking City Remastered: 1.749,00 TL; The Lucid Dreamer Bundle: 223,92 TL; Lovecraftian Bundle: 2.799,00 TL; Deluxe Edition: 2.275,00 TL","Да","Да","","https://store.playstation.com/en-tr/concept/10001340","2021-02-18","Adventure","PEGI_18"
"388","DRAGON BALL FighterZ","PPSA09789","PS4, PS5","Нет","2.499,00 TL","DRAGON BALL FighterZ PS4 & PS5: 2.499,00 TL; Legendary Edition: 1.287,25 TL; FighterZ Edition: 3.499,00 TL","Нет","Нет","","https://store.playstation.com/en-tr/concept/228726","2024-02-28","Fighting","PEGI_12"
"389","Truck and Logistics Simulator","PPSA12396","PS4, PS5","Нет","1.299,00 TL","Truck and Logistics Simulator: 1.299,00 TL","Нет","Да","","https://store.playstation.com/en-tr/concept/10006870","2023-11-30","Simulator","PEGI_3"
"390","STAR WARS: Galactic Racer","PPSA28416","PS5","Да","1.499,00 TL","Standard Edition: 1.499,00 TL; Deluxe Edition: 2.149,00 TL","Нет","Нет","","https://store.playstation.com/en-tr/concept/10014146","2026-10-06","Driving/Racing","PEGI_12"
"391","Metaphor: ReFantazio","PPSA20799","PS4, PS5","Нет","3.449,00 TL","Digital Anniversary Edition: 4.299,00 TL; Guidebook Edition: 3.849,00 TL","Нет","Да","","https://store.playstation.com/en-tr/concept/10001029","2024-10-10","Role Playing Games","PEGI_16"
"393","Battlefield V","CUSA08670","PS4","Нет","599,70 TL","Battlefield™ V: 599,70 TL; Definitive Edition: 2.999,00 TL","Да","Да","EA Access","https://store.playstation.com/en-tr/concept/227326","2018-11-19","Shooter","PEGI_16"
"394","Avowed","PPSA26136","PS5","Нет","2.099,00 TL","Avowed: 2.099,00 TL; Avowed Premium Edition: 2.499,00 TL","Нет","Да","","https://store.playstation.com/en-tr/concept/10012632","2026-02-17","Role Playing Games","PEGI_16"
"395","Poker Club","PPSA01959","PS4, PS5","Нет","849,00 TL","Poker Club: Gold Edition: 949,00 TL","Нет","Да","PS Plus Extra","https://store.playstation.com/en-tr/concept/10000299","2020-11-19","Casual","PEGI_18"
"396","Human: Fall Flat","PPSA02429","PS4, PS5","Нет","699,00 TL","Human Fall Flat VR: 455,00 TL; Human Fall Flat Franchise Bundle: 875,00 TL","Нет","Да","PS Plus Extra","https://store.playstation.com/en-tr/concept/227139","2021-06-24","Adventure","PEGI_3"
"397","Bootstrap Island","PPSA32963","PS5","Нет","1.079,00 TL","","Нет","Да","","https://store.playstation.com/en-tr/concept/10016753","2026-08-13","Adventure","PEGI_18"
"398","NieR: Automata Game of the","CUSA04480","PS4","Нет","1.399,00 TL","NieR: Automata™ Game of the YoRHa Edition: 1.399,00 TL","Нет","Нет","","https://store.playstation.com/en-tr/concept/217551","2019-02-25","Role Playing Games","PEGI_18"
"399","Sniper Elite 4","CUSA04099","PS4","Нет","249,90 TL","Sniper Elite 4 Digital Deluxe Edition: 349,90 TL","Да","Да","PS Plus Extra","https://store.playstation.com/en-tr/concept/216395","2017-02-13","Adventure","PEGI_16"
"400","Bellwright","PPSA36585","PS5","Нет","822,36 TL","","Нет","Да","","https://store.playstation.com/en-tr/concept/10018858","2026-06-09","Role Playing Games","PEGI_16"
"401","Raft","PPSA23241","PS5","Нет","839,00 TL","","Нет","Да","","https://store.playstation.com/en-tr/concept/10009602","2024-12-03","Adventure","PEGI_12"
"402","Yakuza Kiwami","PPSA31334","PS4, PS5","Нет","509,40 TL","Yakuza Kiwami PS4 & PS5: 509,40 TL; Yakuza Kiwami & Yakuza Kiwami 2 Bundle PS4 & PS5: 1.299,00 TL; Yakuza Complete Series: 2.799,50 TL","Нет","Да","","https://store.playstation.com/en-tr/concept/217751","2025-12-08","Adventure","PEGI_18"
"403","Teenage Mutant Ninja Turtles: Shredder's Revenge","PPSA06731","PS5","Нет","879,00 TL","Teenage Mutant Ninja Turtles: Shredder's Revenge - Ultimate Edition: 631,95 TL; Teenage Mutant Ninja Turtles: Shredder's Revenge: 879,00 TL; Teenage Mutant Ninja Turtles: Shredder's Revenge: 879,00 TL","Нет","Нет","","https://store.playstation.com/en-tr/concept/10003986","2022-11-15","Action","PEGI_12"
"404","Grand Theft Auto: The Trilogy – The","PPSA05805","PS4, PS5","Нет","2.099,00 TL","","Нет","Да","GTA+","https://store.playstation.com/en-tr/concept/10003543","2021-11-10","Action","PEGI_18"
"405","Overcooked! All You Can Eat","PPSA01528","PS4, PS5","Нет","1.399,00 TL","","Нет","Да","PS Plus Extra","https://store.playstation.com/en-tr/concept/10000899","2020-11-11","Family","PEGI_3"
"406","Warhammer 40,000: Darktide","PPSA21255","PS5","Нет","799,00 TL","Warhammer 40,000: Darktide: 799,00 TL; Imperial Edition: 1.199,00 TL","Нет","Да","","https://store.playstation.com/en-tr/concept/10010263","2024-12-03","Action","PEGI_18"
"407","Warhammer 40,000: Rogue Trader","PPSA15678","PS5","Нет","1.749,00 TL","Warhammer 40,000: Rogue Trader: 1.749,00 TL; Voidfarer Edition: 3.499,00 TL; Deluxe Edition: 2.275,00 TL","Нет","Да","","https://store.playstation.com/en-tr/concept/10008102","2023-12-07","Role Playing Games","PEGI_18"
"408","MotoGP26","PPSA32557","PS5","Нет","2.999,00 TL","","Нет","Нет","","https://store.playstation.com/en-tr/concept/10016581","2026-04-28","Driving/Racing","PEGI_3"
"410","Pavlov","PPSA14240","PS5","Нет","1.079,00 TL","","Нет","Нет","","https://store.playstation.com/en-tr/concept/10005322","2023-03-02","Shooter","PEGI_18"
"411","The Crew 2","CUSA08609","PS4","Нет","1.299,00 TL","Special Edition: 1.749,00 TL; Gold Edition: 2.149,00 TL","Да","Да","PS Plus Extra","https://store.playstation.com/en-tr/concept/227552","2018-06-28","Simulation","PEGI_12"
"412","Just Dance Free Experience","PPSA07251","PS5","Нет","1.749,00 TL","Standard Edition: 1.749,00 TL; Deluxe Edition: 2.099,00 TL; Ultimate Edition: 2.599,00 TL; 2025 Standard Edition: 1.749,00 TL","Нет","Да","","https://store.playstation.com/en-tr/concept/10004701","2022-11-21","Family","PEGI_3"
"413","Bully (Canis Canem Edit)","CUSA03551","PS4","Нет","315,00 TL","","Нет","Нет","GTA+","https://store.playstation.com/en-tr/concept/200477","2016-03-21","Adventure","PEGI_16"
"414","Bus Simulator 27","PPSA17461","PS5","Да","1.499,00 TL","Standard Edition: 1.499,00 TL; Year 1 Edition: 2.349,00 TL","Нет","Нет","","https://store.playstation.com/en-tr/concept/10008396","2026-09-08","Simulation","PEGI_3"
"415","Crash Bandicoot 4: It’s About Time","PPSA02433","PS4, PS5","Нет","2.299,00 TL","Crash Bandicoot™ 4: It’s About Time: 2.299,00 TL; Crash Bandicoot™ - Quadrilogy Bundle: 769,00 TL; Crash Bandicoot™ - Crashiversary Bundle: 999,00 TL","Нет","Да","","https://store.playstation.com/en-tr/concept/10000264","2021-03-12","Action","PEGI_12"
"416","RESIDENT EVIL 3","PPSA03953","PS4, PS5","Нет","1.399,00 TL","Standard Edition: 1.399,00 TL; Raccoon City Edition: 2.099,00 TL","Нет","Да","PS Plus","https://store.playstation.com/en-tr/concept/233069","2022-06-13","Adventure","PEGI_18"
"417","Arizona Sunshine VR 2","PPSA17011","PS5","Нет","1.399,00 TL","Arizona Sunshine® VR - Freddy's Bundle: 1.749,00 TL; Deluxe Edition: 1.749,00 TL","Нет","Нет","","https://store.playstation.com/en-tr/concept/10008622","2023-12-05","Action","PEGI_18"
"418","Sherlock Holmes Chapter One","PPSA01978","PS4, PS5","Нет","1.575,00 TL","Standard Edition: 1.575,00 TL; Sherlock Holmes - Absolute Deduction bundle: 4.199,00 TL; Fusion Bundle: 389,90 TL; Detective Reborn Bundle: 2.499,00 TL; Deluxe: 2.099,00 TL","Нет","Да","","https://store.playstation.com/en-tr/concept/235108","2021-11-15","Action","PEGI_16"
"419","NARUTO TO BORUTO: SHINOBI STRIKER","CUSA08767","PS4","Нет","1.049,00 TL","Ultimate Edition: 4.949,00 TL; NARUTO TO BORUTO: SHINOBI STRIKER Deluxe Edition: 1.949,00 TL","Нет","Да","","https://store.playstation.com/en-tr/concept/227447","2018-08-30","Action","PEGI_12"
"420","MX vs ATV Legends","PPSA04735","PS4, PS5","Нет","419,70 TL","MX vs ATV Legends: 419,70 TL; 2025 Supercross Edition: 2.149,00 TL; 2026 Ultimate Edition: 7.298,88 TL; 2026 Deluxe Edition: 3.849,00 TL","Нет","Да","","https://store.playstation.com/en-tr/concept/10000928","2022-06-28","Driving/Racing","PEGI_3"
"421","FINAL FANTASY XV","CUSA01615","PS4","Нет","769,00 TL","FINAL FANTASY XV ROYAL EDITION: 769,00 TL; FINAL FANTASY XV MULTIPLAYER: COMRADES: 349,00 TL","Нет","Да","","https://store.playstation.com/en-tr/concept/201597","2018-03-05","Role Playing Games","PEGI_16"
"422","ONE PIECE ODYSSEY","PPSA04995","PS4, PS5","Нет","1.399,00 TL","Standard Edition: 1.399,00 TL; Deluxe Edition: 419,80 TL","Нет","Да","","https://store.playstation.com/en-tr/concept/235242","2023-01-12","Adventure","PEGI_12"
"424","RIDE 5","PPSA04314","PS5","Нет","2.579,00 TL","Standard Edition: 2.579,00 TL; Special Edition: 3.849,00 TL","Нет","Нет","","https://store.playstation.com/en-tr/concept/10003247","2023-08-23","Driving/Racing","PEGI_3"
"425","Subside","PPSA27025","PS5","Нет","1.031,00 TL","Subside: 1.031,00 TL; Makoa Shelf Bundle: 1.299,00 TL","Нет","Нет","","https://store.playstation.com/en-tr/concept/10013169","2024-12-19","Simulation","PEGI_3"
"426","The Dark Pictures Anthology: The Devil in Me","PPSA05921","PS4, PS5","Нет","369,63 TL","Season One Bundle: 3.499,00 TL","Да","Да","","https://store.playstation.com/en-tr/concept/10004192","2022-11-18","Horror","PEGI_18"
"427","The Outer Worlds 2","PPSA24588","PS5","Нет","2.999,00 TL","The Outer Worlds 2: 2.999,00 TL; Premium: 3.999,00 TL","Нет","Да","","https://store.playstation.com/en-tr/concept/10011796","2025-10-29","Role Playing Games","PEGI_18"
"429","Diablo III","CUSA00433","PS4","Нет","304,07 TL","","Нет","Нет","","https://store.playstation.com/en-tr/concept/200914","2017-06-26","Role Playing Games","PEGI_16"
"430","Prince of Persia The Lost Crown","PPSA10528","PS4, PS5","Нет","1.049,00 TL","Complete Edition: 1.399,00 TL","Нет","Да","PS Plus Extra","https://store.playstation.com/en-tr/concept/10005985","2024-01-17","Action","PEGI_16"
"431","ONE PIECE: PIRATE WARRIORS 4","PPSA27502","PS4, PS5","Нет","1.749,00 TL","Standard Edition: 1.749,00 TL; Ultimate Edition: 3.849,00 TL; Legendary Edition: 4.749,00 TL","Нет","Да","","https://store.playstation.com/en-tr/concept/234628","2025-11-20","Adventure","PEGI_12"
"432","The Evil Within 2","CUSA08975","PS4","Нет","46,57 TL","","Да","Да","PS Plus Extra","https://store.playstation.com/en-tr/concept/228861","2017-10-12","Horror","PEGI_18"
"433","Hellblade: Senua’s Sacrifice","PPSA27581","PS5","Нет","899,00 TL","Standard Edition: 899,00 TL; Hellblade: Senua’s Sacrifice: 1.299,00 TL","Нет","Да","","https://store.playstation.com/en-tr/concept/10013503","2025-08-12","Adventure","PEGI_18"
"434","Synapse","PPSA12507","PS5","Нет","1.547,00 TL","","Нет","Нет","","https://store.playstation.com/en-tr/concept/10006846","2023-07-03","Action","PEGI_12"
"435","NINJA GAIDEN 4","PPSA25258","PS5","Нет","2.999,00 TL","Standard Edition: 2.999,00 TL; Deluxe Edition: 3.799,00 TL","Нет","Да","","https://store.playstation.com/en-tr/concept/10012110","2025-10-21","Action","PEGI_18"
"436","Truck Driver","PPSA03536","PS5","Нет","874,50 TL","Gold Edition: 874,50 TL; Truck Driver - Complete Edition: 1.749,00 TL; Truck Driver: 649,50 TL","Нет","Да","","https://store.playstation.com/en-tr/concept/232234","2025-06-26","Simulation","PEGI_3"
"437","Mafia III","CUSA03617","PS4","Нет","259,00 TL","Mafia III: Definitive Edition: 1.159,00 TL; Mafia III: 259,00 TL","Нет","Да","","https://store.playstation.com/en-tr/concept/208723","2016-10-06","Adventure","PEGI_18"
"438","Like a Dragon: Infinite Wealth","PPSA06436","PS4, PS5","Нет","2.499,00 TL","Deluxe Edition: 532,25 TL; Ultimate Edition: 3.899,00 TL","Нет","Да","PS Plus Extra","https://store.playstation.com/en-tr/concept/10004462","2024-01-25","Role Playing Games","PEGI_18"
"439","Until Dawn","PPSA15421","PS5","Нет","2.499,00 TL","","Да","Да","PS Plus Extra","https://store.playstation.com/en-tr/concept/10007897","2024-10-03","Horror","PEGI_18"
"440","Tomb Raider I-III Remastered Starring Lara Croft","PPSA16902","PS4, PS5","Нет","262,25 TL","Tomb Raider I-VI Remastered: 481,25 TL; Tomb Raider I-III Remastered Starring Lara Croft: 262,25 TL; The Tomb Raider & Soul Reaver Remastered Bundle: 3.449,00 TL","Да","Да","","https://store.playstation.com/en-tr/concept/10008568","2024-02-13","Action","PEGI_16"
"441","Rayman Legends","CUSA00031","PS4","Нет","699,00 TL","","Нет","Нет","PS Plus Extra","https://store.playstation.com/en-tr/concept/203902","2014-02-19","Adventure","PEGI_7"
"442","DIRT 5","PPSA01551","PS4, PS5","Нет","2.499,00 TL","DIRT 5 PS4 & PS5: 2.499,00 TL; Year One Edition: 3.149,00 TL","Нет","Нет","EA Access","https://store.playstation.com/en-tr/concept/234401","2020-11-11","Driving/Racing","PEGI_12"
"444","Super Bunny Man","PPSA24033","PS4, PS5","Нет","584,10 TL","","Нет","Да","","https://store.playstation.com/en-tr/concept/10011479","2026-08-06","Arcade","PEGI_7"
"445","DOOM","CUSA02092","PS4","Нет","699,00 TL","","Да","Да","PS Plus Extra","https://store.playstation.com/en-tr/concept/201101","2016-05-12","Shooter","PEGI_18"
"446","RoboCop: Rogue City","PPSA05059","PS5","Нет","1.749,00 TL","Alex Murphy Edition: 1.949,00 TL; Collection: 1.074,50 TL","Нет","Да","","https://store.playstation.com/en-tr/concept/10003485","2023-11-02","Action","PEGI_18"
"447","John Carpenter’s Toxic Commando","PPSA08254","PS5","Нет","1.749,00 TL","Standard Edition: 1.749,00 TL; Blood Edition: 2.149,00 TL","Нет","Да","","https://store.playstation.com/en-tr/concept/10004956","2026-03-12","Action","PEGI_18"
"448","Enlisted","PPSA03051","PS5","Нет","215,00 TL","Enlisted - USSR Starter Bundle: 215,00 TL; Enlisted - USA Starter Bundle: 215,00 TL; Enlisted - Japanese Starter Bundle: 215,00 TL; Enlisted - German Starter Bundle: 215,00 TL; Enlisted - ""Thunder in the Sky"" Bundle: 2.149,00 TL","Да","Да","","https://store.playstation.com/en-tr/concept/10002474","2021-04-08","Shooter","PEGI_16"
"449","Untitled Goose Game","CUSA23081","PS4","Нет","849,00 TL","","Нет","Да","PS Plus Extra","https://store.playstation.com/en-tr/concept/10000039","2020-01-08","Action","PEGI_3"
"450","Middle-earth: Shadow of Mordor","CUSA00053","PS4","Нет","2.149,00 TL","Middle-earth™: Shadow of Mordor™-Game of the Year Edition: 2.099,00 TL; Middle-earth™: Shadow of Mordor™ Legion Edition: 2.149,00 TL; Middle-earth™: Shadow of Mordor™: 699,00 TL","Нет","Да","","https://store.playstation.com/en-tr/concept/202761","2014-10-02","Adventure","PEGI_18"
"451","The Dark Pictures Anthology: Little Hope","PPSA06487","PS4, PS5","Нет","699,00 TL","","Да","Да","","https://store.playstation.com/en-tr/concept/235232","2022-09-27","Adventure","PEGI_18"
"452","HOT WHEELS UNLEASHED","PPSA02325","PS5","Нет","1.749,00 TL","Standard Edition: 1.749,00 TL; Game of the Year Edition: 3.449,00 TL; Standard Edition: 1.749,00 TL; Game of the Year Edition: 3.449,00 TL","Нет","Да","","https://store.playstation.com/en-tr/concept/10001874","2021-09-29","Driving/Racing","PEGI_3"
"453","PAW Patrol: Dino World","PPSA28676","PS4, PS5","Нет","1.499,00 TL","","Нет","Нет","","https://store.playstation.com/en-tr/concept/10014311","2026-07-30","Family","PEGI_3"
"454","The Ascent","PPSA02592","PS4, PS5","Нет","1.299,00 TL","The Ascent PS4 & PS5: 1.299,00 TL; Cyber Edition PS4 & PS5: 1.949,00 TL","Нет","Да","","https://store.playstation.com/en-tr/concept/233248","2022-03-24","Shooter","PEGI_18"
"455","Atelier Yumia: The Alchemist of Memories & the Envisioned Land","PPSA25468","PS4, PS5","Нет","2.499,00 TL","Standard Edition PS4/PS5: 2.499,00 TL; Standard Edition PS4: 2.099,00 TL; Digital Deluxe PS4/PS5: 2.799,00 TL; Digital Deluxe PS4: 2.499,00 TL; Ultimate Edition PS4/PS5: 4.199,00 TL; Ultimate Edition PS4: 3.899,00 TL","Нет","Да","","https://store.playstation.com/en-tr/concept/10012240","2025-03-20","Role Playing Games","PEGI_12"
"456","House Flipper 2","PPSA11333","PS5","Нет","1.399,00 TL","Scooby Bundle: 2.149,00 TL; Sakura Bundle: 2.149,00 TL; Housedresser Bundle: 2.349,00 TL; House Flipper 2 Complete: 2.579,00 TL; Complete Flipping Experience: 2.349,00 TL","Нет","Да","","https://store.playstation.com/en-tr/concept/10006545","2024-04-10","Simulator","PEGI_3"
"457","System Shock","PPSA06390","PS4, PS5","Нет","524,70 TL","System Shock: 524,70 TL","Нет","Да","","https://store.playstation.com/en-tr/concept/10004429","2024-05-21","Role Playing Games","PEGI_18"
"458","Wobbly Life","PPSA29413","PS4, PS5","Нет","1.079,00 TL","","Нет","Да","","https://store.playstation.com/en-tr/concept/10004896","2025-09-18","Casual","PEGI_7"
"459","Rival Stars Horse Racing","PPSA34465","PS5","Нет","974,25 TL","Rival Stars Horse Racing: 974,25 TL; Rival Stars Horse Racing: 974,25 TL","Нет","Да","","https://store.playstation.com/en-tr/concept/10017410","2026-04-27","Sport","PEGI_18"
"460","Frostpunk 2","PPSA16608","PS5","Нет","1.949,00 TL","Standard Edition: 1.949,00 TL; Deluxe Edition: 1.462,05 TL","Нет","Да","","https://store.playstation.com/en-tr/concept/10008442","2025-09-18","Strategy","PEGI_16"
"461","Legacy of Kain Soul Reaver 1&2","PPSA18152","PS4, PS5","Нет","419,60 TL","","Да","Да","","https://store.playstation.com/en-tr/concept/10009063","2024-12-10","Action","PEGI_18"
"462","SILENT HILL 2","PPSA08709","PS5","Нет","2.499,00 TL","Deluxe Edition: 2.799,00 TL","Нет","Да","PS Plus Extra","https://store.playstation.com/en-tr/concept/10005529","2024-10-07","Horror","PEGI_18"
"463","Waterpark Simulator","PPSA36797","PS5","Нет","515,00 TL","","Нет","Да","","https://store.playstation.com/en-tr/concept/10017040","2026-07-31","Simulator","PEGI_12"
"464","The Binding of Isaac: Rebirth","CUSA01344","PS4","Нет","649,00 TL","","Нет","Нет","","https://store.playstation.com/en-tr/concept/204584","2014-11-04","Action","PEGI_16"
"465","Overcooked","CUSA05399","PS4","Нет","559,00 TL","Overcooked: Gourmet Edition: 699,00 TL; Overcooked Holiday Bundle: 699,00 TL; Overcooked: 559,00 TL","Нет","Нет","","https://store.playstation.com/en-tr/concept/221740","2016-08-02","Casual","PEGI_3"
"466","Dragonkin: The Banished","PPSA21601","PS5","Нет","1.749,00 TL","Standard Edition: 1.749,00 TL; Blood Scales Edition: 2.149,00 TL","Нет","Да","","https://store.playstation.com/en-tr/concept/10010360","2026-03-19","Action","PEGI_16"
"467","RESIDENT EVIL 5","CUSA04284","PS4","Нет","699,00 TL","","Нет","Нет","","https://store.playstation.com/en-tr/concept/232115","2016-06-27","Horror","PEGI_18"
"468","Far Cry New Dawn","CUSA13886","PS4","Нет","54,71 TL","Ultimate Edition: 782,03 TL; Far Cry® New Dawn Deluxe Edition: 62,60 TL; Complete Edition: 680,34 TL","Да","Да","PS Plus Extra","https://store.playstation.com/en-tr/concept/232910","2019-02-14","Action","PEGI_18"
"469","Poppy Playtime: Chapter 2","PPSA21631","PS5","Нет","315,00 TL","Poppy Playtime: Chapter 2: 315,00 TL; Poppy Playtime: Chapter 2: 315,00 TL","Нет","Да","","https://store.playstation.com/en-tr/concept/10010437","2024-09-20","Horror","PEGI_16"
"471","A Plague Tale: Requiem","PPSA02785","PS5","Нет","2.799,00 TL","A Plague Tale Bundle: 3.149,00 TL","Нет","Да","","https://store.playstation.com/en-tr/concept/10002255","2022-10-17","Adventure","PEGI_18"
"472","Need for Speed Rivals","CUSA00168","PS4","Нет","1.949,00 TL","Need for Speed™ Rivals: Complete Edition: 1.949,00 TL; Need for Speed™ Rivals: 699,00 TL","Нет","Нет","EA Access","https://store.playstation.com/en-tr/concept/203064","2014-10-21","Driving/Racing","PEGI_7"
"473","Call of the Wild: The Angler","PPSA05537","PS4, PS5","Нет","1.049,00 TL","Call of the Wild: The Angler™ - Ultimate Fishing Bundle: 2.499,00 TL; Call of the Wild: The Angler™ - Fishing Starter Pack: 1.399,00 TL; Call of the Wild: The Angler™: 1.049,00 TL","Нет","Да","","https://store.playstation.com/en-tr/concept/10003945","2023-11-15","Simulation","PEGI_7"
"474","The Texas Chain Saw Massacre","PPSA05328","PS4, PS5","Нет","649,00 TL","The Texas Chain Saw Massacre - Content Pass Edition: 1.160,00 TL; The Texas Chain Saw Massacre: 649,00 TL","Нет","Нет","","https://store.playstation.com/en-tr/concept/10002719","2023-08-17","Horror","PEGI_18"
"475","Lake","PPSA06333","PS5","Нет","699,00 TL","Lake: Special Delivery: 875,00 TL; Lake: Special Delivery: 875,00 TL","Нет","Да","PS Plus Extra","https://store.playstation.com/en-tr/concept/10003149","2022-04-08","Unique","PEGI_16"
"476","Bus Simulator 21 Next Stop","PPSA06776","PS4, PS5","Нет","1.299,00 TL","Gold Edition: 1.749,00 TL","Нет","Да","PS Plus Extra","https://store.playstation.com/en-tr/concept/233251","2023-05-16","Simulation","PEGI_3"
"477","Five Nights at Freddy's: Secret of the Mimic","PPSA25682","PS5","Нет","1.749,00 TL","","Нет","Нет","","https://store.playstation.com/en-tr/concept/10012344","2025-06-13","Horror","PEGI_12"
"478","Demon's Souls","PPSA01341","PS5","Нет","619,00 TL","Digital Deluxe Edition: 4.749,00 TL","Нет","Да","PS Plus Extra","https://store.playstation.com/en-tr/concept/10000368","2020-11-11","Action","PEGI_18"
"479","Teenage Mutant Ninja Turtles: Splintered Fate","PPSA25582","PS4, PS5","Нет","999,00 TL","TMNT:SF and Casey Jones: 1.299,00 TL; TMNT: SF and Alopex: 1.299,00 TL; Standard Edition: 999,00 TL; TMNT:SF Gold Edition: 1.499,00 TL; TMNT: SF and Metalhead: 1.299,00 TL","Нет","Да","","https://store.playstation.com/en-tr/concept/10011976","2025-05-20","Adventure","PEGI_12"
"480","Metro Awakening","PPSA19383","PS5","Нет","1.299,00 TL","Metro Awakening + Arizona Sunshine® 2: 2.149,00 TL; Deluxe Edition: 1.749,00 TL","Нет","Да","","https://store.playstation.com/en-tr/concept/10009509","2024-11-07","Shooter","PEGI_16"
"481","Winx Club: The Magic is Back","PPSA31885","PS5","Нет","1.299,00 TL","","Нет","Нет","","https://store.playstation.com/en-tr/concept/10016199","2026-04-30","Action","PEGI_7"
"482","Monster Hunter Wilds","PPSA07862","PS5","Нет","1.749,00 TL","Standard Edition: 1.749,00 TL; Gold Edition: 3.449,00 TL","Да","Да","","https://store.playstation.com/en-tr/concept/10005176","2025-02-27","Action","PEGI_16"
"483","Slime Rancher","CUSA11650","PS4","Нет","174,75 TL","","Нет","Да","","https://store.playstation.com/en-tr/concept/231868","2018-09-02","Shooter","PEGI_3"
"484","Kayak VR: Mirage","PPSA06948","PS5","Нет","721,70 TL","Kayak VR: Mirage: 721,70 TL; Kayak VR + Yucatán: 918,75 TL; Kayak VR + Soča Valley: 918,75 TL; Kayak VR: Complete Edition: 993,30 TL","Нет","Нет","","https://store.playstation.com/en-tr/concept/10004438","2023-02-21","Simulation","PEGI_3"
"485","CarX Drift Racing Online","CUSA15633","PS4","Нет","1.031,00 TL","","Нет","Да","","https://store.playstation.com/en-tr/concept/10000161","2019-12-11","Driving/Racing","PEGI_3"
"486","FINAL FANTASY","CUSA33818","PS4","Нет","419,00 TL","","Нет","Да","","https://store.playstation.com/en-tr/concept/10002339","2023-04-19","Role Playing Games","PEGI_7"
"487","VISAGE","PPSA04698","PS4, PS5","Нет","737,40 TL","VISAGE: 737,40 TL; VISAGE: 737,40 TL","Нет","Да","","https://store.playstation.com/en-tr/concept/10001581","2021-11-10","Horror","PEGI_18"
"488","Poppy Playtime: Chapter 3","PPSA22380","PS5","Нет","509,00 TL","Poppy Playtime: Chapter 3: 509,00 TL; Poppy Playtime: Chapter 3: 509,00 TL","Нет","Да","","https://store.playstation.com/en-tr/concept/10010722","2024-09-20","Horror","PEGI_16"
"489","Plants vs. Zombies: Replanted","PPSA29802","PS4, PS5","Нет","720,00 TL","","Нет","Нет","EA Access","https://store.playstation.com/en-tr/concept/10014976","2025-10-23","Strategy","PEGI_7"
"490","Sniper Elite 3","CUSA00286","PS4","Нет","259,80 TL","Sniper Elite 3 ULTIMATE EDITION: 322,35 TL; Sniper Elite 3: 259,80 TL","Да","Да","","https://store.playstation.com/en-tr/concept/204339","2015-07-07","Shooter","PEGI_16"
"492","Fallout 76","CUSA12054","PS4","Нет","1.199,00 TL","Deluxe Edition: 2.099,00 TL","Нет","Да","PS Plus Extra","https://store.playstation.com/en-tr/concept/232248","2018-11-13","Role Playing Games","PEGI_18"
"493","Against the Storm","PPSA23099","PS5","Нет","769,00 TL","Against the Storm: 769,00 TL; Complete Edition: 623,00 TL; Against the Storm: 769,00 TL; Complete Edition: 623,00 TL","Нет","Да","","https://store.playstation.com/en-tr/concept/10011016","2025-06-26","Strategy","PEGI_12"
"494","Wolfenstein: Youngblood","CUSA13094","PS4","Нет","699,00 TL","Wolfenstein: Alt History Collection: 2.499,00 TL; Deluxe Edition: 209,80 TL; Wolfenstein: Resistance Bundle: 2.499,00 TL","Да","Да","PS Plus Extra","https://store.playstation.com/en-tr/concept/232887","2019-07-25","Action","PEGI_18"
"495","Gas Station Simulator","PPSA29133","PS5","Нет","949,00 TL","Gas Station Simulator, Airstrip DLC and Can Touch This DLC Bundle: 1.160,00 TL; Gas Station Simulator and Party Time DLC Bundle: 949,00 TL; Gas Station Simulator and Junkyard DLC Bundle: 714,45 TL; Gas Station Simulator and Can Touch This DLC Bundle: 1.031,00 TL; Gas Station Simulator and Airstrip DLC Bundle: 593,45 TL; Gas Station Simulator: 949,00 TL; Paradise Pack 4 in 1: 584,55 TL; Gas Station Simulator: Airstrip DLC + Tidal Wave DLC Bundle: 270,45 TL; Gas Station Simulator, Airstrip DLC and Can Touch This DLC Bundle: 875,00 TL; Gas Station Simulator and Party Time DLC Bundle: 314,55 TL; Gas Station Simulator and Junkyard DLC Bundle: 638,00 TL; Gas Station Simulator and Can Touch This DLC Bundle: 294,00 TL; Gas Station Simulator and Airstrip DLC Bundle: 335,60 TL; Gas Station Simulator: 699,00 TL; GSS Ultimate Pack 5 in 1: 1.299,00 TL","Нет","Да","","https://store.playstation.com/en-tr/concept/10004337","2026-04-09","Simulation","PEGI_12"
"496","Grounded","PPSA17008","PS4, PS5","Нет","699,50 TL","","Нет","Да","","https://store.playstation.com/en-tr/concept/10008048","2024-04-16","Adventure","PEGI_12"
"497","Adorable Adventures","PPSA35106","PS5","Нет","636,75 TL","","Нет","Да","","https://store.playstation.com/en-tr/concept/10017971","2026-04-29","Adventure","PEGI_3"
"498","PowerWash Simulator 2","PPSA23671","PS5","Нет","1.079,00 TL","","Нет","Да","","https://store.playstation.com/en-tr/concept/10011314","2025-10-23","Simulator","PEGI_3"
"499","Dead Cells","PPSA15554","PS4, PS5","Нет","879,00 TL","Castlevania Bundle: 1.419,00 TL; Medley of Pain Bundle: 1.399,00 TL","Нет","Да","PS Plus Extra","https://store.playstation.com/en-tr/concept/231053","2023-06-29","Action","PEGI_16"
"500","Sniper Elite: Resistance","PPSA17232","PS4, PS5","Нет","2.099,00 TL","Standard Edition: 2.099,00 TL; Sniper Elite Bundle: 4.749,00 TL; Deluxe Edition: 3.149,00 TL","Нет","Да","","https://store.playstation.com/en-tr/concept/10008716","—","Shooter","PEGI_16"
"501","Let's Sing 2026 with International Hits","PPSA26763","PS5","Нет","2.349,00 TL","Regular Edition: 1.749,00 TL; Gold Edition: 1.949,00 TL; Platinum Edition: 2.349,00 TL","Нет","Нет","","https://store.playstation.com/en-tr/concept/10013025","2025-11-04","Party","PEGI_12"
"502","PAC-MAN WORLD 2 Re-PAC","PPSA18188","PS4, PS5","Нет","1.749,00 TL","Standard Edition: 1.749,00 TL; Deluxe Edition: 2.149,00 TL","Нет","Да","","https://store.playstation.com/en-tr/concept/10009073","2025-09-25","Arcade","PEGI_7"
"503","Sleeping Dogs","CUSA01004","PS4","Нет","209,80 TL","","Нет","Да","","https://store.playstation.com/en-tr/concept/204275","2014-10-09","Adventure","PEGI_18"
"504","LEGO DC Super-Villains","CUSA11550","PS4","Нет","1.049,00 TL","LEGO® DC Super-Villains Deluxe Edition: 2.599,00 TL; LEGO® DC Heroes & Villains Bundle: 2.099,00 TL","Нет","Да","PS Plus Extra","https://store.playstation.com/en-tr/concept/231944","2018-10-18","Action","PEGI_7"
"505","Metro 2033 Redux","CUSA00591","PS4","Нет","699,00 TL","","Да","Да","","https://store.playstation.com/en-tr/concept/202807","2015-06-01","Shooter","PEGI_18"
"506","Just Cause 3","CUSA02747","PS4","Нет","699,00 TL","Just Cause 3: XXL Edition: 27,25 TL; Just Cause 3: 699,00 TL","Нет","Нет","","https://store.playstation.com/en-tr/concept/202209","2015-11-30","Action","PEGI_18"
"508","LEGO Marvel's Avengers","CUSA02122","PS4","Нет","1.399,00 TL","LEGO® Marvel’s Avengers Deluxe Edition: 199,92 TL","Нет","Да","PS Plus Extra","https://store.playstation.com/en-tr/concept/202494","2016-01-28","Family","PEGI_7"
"509","Resident Evil Revelations 2 (Episode One: Penal Colony)","CUSA00804","PS4","Нет","699,00 TL","Resident Evil Revelations 2 Deluxe Edition: 699,00 TL","Нет","Да","","https://store.playstation.com/en-tr/concept/232120","2015-02-24","Action","PEGI_18"
"510","Full Stride","PPSA30598","PS5","Нет","1.299,00 TL","","Нет","Нет","","https://store.playstation.com/en-tr/concept/10014823","2026-07-16","Sport","PEGI_3"
"511","The Mound: Omen of Cthulhu","PPSA26223","PS5","Нет","1.299,00 TL","Standard Edition: 1.299,00 TL; Deluxe Edition: 1.749,00 TL","Нет","Да","","https://store.playstation.com/en-tr/concept/10012563","2026-07-15","Shooter","PEGI_18"
"512","A.O.T. 3","PPSA25408","PS5","Да","2.999,00 TL","Standard Edition: 2.999,00 TL; Digital Deluxe Edition: 3.849,00 TL","Нет","Нет","","https://store.playstation.com/en-tr/concept/10012189","2026-12-09","Action","PEGI_16"
"514","FINAL FANTASY RESONANCE","PPSA31544","PS5","Да","2.579,00 TL","FINAL FANTASY RESONANCE: 2.579,00 TL; Digital Deluxe Edition: 2.999,00 TL","Нет","Нет","","https://store.playstation.com/en-tr/concept/10015961","2026-10-21","Role Playing Games","PEGI_12"
"515","The Evil Within","CUSA00375","PS4","Нет","699,00 TL","","Нет","Да","","https://store.playstation.com/en-tr/concept/204572","2014-12-16","Horror","PEGI_18"
"516","Chivalry 2","PPSA02184","PS4, PS5","Нет","1.399,00 TL","King's Edition: 419,80 TL; Special Edition: 349,80 TL","Нет","Да","PS Plus Extra","https://store.playstation.com/en-tr/concept/234762","2021-06-08","Fighting","PEGI_18"
"517","Path of Titans Standard Founder's Pack","PPSA04538","PS4, PS5","Нет","1.419,00 TL","Path of Titans Standard Founder's Pack: 1.419,00 TL; Deluxe Founder's Pack: 2.799,00 TL","Нет","Да","","https://store.playstation.com/en-tr/concept/10000950","2022-07-27","Role Playing Games","PEGI_12"
"518","Sifu","PPSA03001","PS4, PS5","Нет","1.399,00 TL","Standard Edition PS4 & PS5: 1.399,00 TL; Deluxe Edition PS4 & PS5: 2.149,00 TL","Нет","Да","","https://store.playstation.com/en-tr/concept/10001973","2022-02-06","Action","PEGI_16"
"519","SILENT HILL f","PPSA21159","PS5","Нет","3.449,00 TL","Standard Edition: 3.449,00 TL; Standard Dual Pack: 4.749,00 TL; Deluxe Edition: 3.849,00 TL; Deluxe Dual Pack: 5.599,00 TL","Нет","Да","","https://store.playstation.com/en-tr/concept/10010242","2025-09-24","Horror","PEGI_18"
"520","Docked","PPSA22143","PS5","Нет","1.299,00 TL","Standard: 1.299,00 TL; Deluxe Edition: 1.749,00 TL","Нет","Да","","https://store.playstation.com/en-tr/concept/10010640","2026-03-05","Simulator","PEGI_3"
"521","Little Nightmares","PPSA10737","PS4, PS5","Нет","849,00 TL","Little Nightmares Enhanced Edition: 849,00 TL; Complete Edition: 324,75 TL","Нет","Да","","https://store.playstation.com/en-tr/concept/223059","2025-10-09","Puzzle","PEGI_16"
"522","Nobody Wants to Die","PPSA19155","PS5","Нет","157,25 TL","","Нет","Да","","https://store.playstation.com/en-tr/concept/10003635","2024-07-16","Adventure","PEGI_18"
"523","Satisfactory","PPSA16634","PS5","Нет","1.749,00 TL","","Нет","Да","","https://store.playstation.com/en-tr/concept/10008447","2025-11-04","Simulation","PEGI_12"
"524","Mandragora: Whispers of the Witch Tree","PPSA06960","PS5","Нет","699,50 TL","Digital Deluxe Edition: 1.074,50 TL","Нет","Да","","https://store.playstation.com/en-tr/concept/10004736","2025-04-17","Role Playing Games","PEGI_16"
"525","Aniimo Pre-Order Pack","PPSA35870","PS5","Да","429,00 TL","Aniimo Pre-Order Pack: Advanced Edition: 429,00 TL; Aniimo Pre-Order Pack: Collector’s Edition: 1.031,00 TL","Нет","Нет","","https://store.playstation.com/en-tr/concept/10018491","2026-09-16","Action","PEGI_7"
"526","Thomas & Friends: Wonders of Sodor","PPSA32658","PS4, PS5","Нет","1.499,00 TL","Thomas & Friends™: Wonders of Sodor: 1.499,00 TL; Deluxe Edition: 1.949,00 TL","Нет","Нет","","https://store.playstation.com/en-tr/concept/10016368","2026-03-17","Simulation","PEGI_3"
"527","Nine Sols","PPSA25414","PS4, PS5","Нет","1.015,00 TL","","Нет","Да","","https://store.playstation.com/en-tr/concept/10007919","2024-11-26","Adventure","PEGI_16"
"528","Marathon","PPSA24487","PS5","Нет","1.499,00 TL","Standard Edition: 1.499,00 TL; Deluxe Edition: 2.249,00 TL","Нет","Да","","https://store.playstation.com/en-tr/concept/10008864","2026-03-05","Action","PEGI_16"
"529","Neighbours back From Hell","CUSA18967","PS4","Нет","525,00 TL","","Нет","Да","","https://store.playstation.com/en-tr/concept/10000295","2020-10-08","Adventure","PEGI_7"
"530","PGA TOUR 2K25","PPSA17952","PS5","Нет","1.399,00 TL","Standard Edition: 1.399,00 TL; Legend Edition Year 2: 2.449,00 TL; Pro Edition: 2.098,99 TL","Нет","Нет","","https://store.playstation.com/en-tr/concept/10008972","2025-02-27","Sport","PEGI_3"
"531","Crossfire: Sierra Squad","PPSA13339","PS5","Нет","689,40 TL","","Нет","Да","","https://store.playstation.com/en-tr/concept/10005891","2023-08-29","Shooter","PEGI_16"
"532","Serious Sam 4","PPSA03752","PS5","Нет","1.399,00 TL","","Нет","Да","","https://store.playstation.com/en-tr/concept/10002922","2021-12-22","Shooter","PEGI_18"
"533","Disciples: Liberation","PPSA02651","PS4, PS5","Нет","2.149,00 TL","Standard Edition: 2.149,00 TL; Digital Deluxe Edition: 524,75 TL","Да","Да","","https://store.playstation.com/en-tr/concept/10000604","2021-10-20","Strategy","PEGI_12"
"534","TOM CLANCY'S THE DIVISION","CUSA01262","PS4","Нет","1.049,00 TL","Tom Clancy’s The Division - Definitive Edition: 1.749,00 TL","Да","Да","PS Plus Extra","https://store.playstation.com/en-tr/concept/204941","2016-03-07","Action","PEGI_18"
"535","Jujutsu Kaisen Cursed Clash","PPSA09535","PS4, PS5","Нет","2.099,00 TL","Standard Edition: 2.099,00 TL; Deluxe Edition: 867,69 TL; Ultimate Edition: 3.499,00 TL","Нет","Нет","","https://store.playstation.com/en-tr/concept/10005862","2024-02-01","Action","PEGI_12"
"536","Voidtrain","PPSA33862","PS5","Нет","1.299,00 TL","Voidtrain: 1.299,00 TL; Voidtrain - Deluxe Edition: 1.547,00 TL","Да","Да","","https://store.playstation.com/en-tr/concept/10009826","2026-07-30","Action","PEGI_12"
"537","Achilles: Legends Untold","PPSA16626","PS5","Нет","153,80 TL","Achilles: Legends Untold: 153,80 TL; Achilles: Legends Untold: 189,80 TL","Нет","Да","","https://store.playstation.com/en-tr/concept/10004880","2023-11-01","Role Playing Games","PEGI_18"
"538","DIVINITY ORIGINAL SIN","CUSA02762","PS4","Нет","1.749,00 TL","","Нет","Да","","https://store.playstation.com/en-tr/concept/200919","2015-10-26","Role Playing Games","PEGI_16"
"539","Bus Bound","PPSA22482","PS5","Нет","1.039,20 TL","Bus Bound: 1.039,20 TL; Deluxe Edition: 1.749,00 TL","Нет","Да","","https://store.playstation.com/en-tr/concept/10010756","2026-04-30","Simulator","PEGI_3"
"540","Lords of the Fallen","PPSA03641","PS5","Нет","428,67 TL","Deluxe Edition: 1.749,00 TL","Нет","Да","","https://store.playstation.com/en-tr/concept/10002848","2023-10-12","Role Playing Games","PEGI_18"
"541","Dragon Age: Inquisition","CUSA00503","PS4","Нет","600,00 TL","Dragon Age™: Inquisition Deluxe Edition: 720,00 TL; Dragon Age™: Inquisition - Game of the Year Edition: 600,00 TL","Нет","Да","","https://store.playstation.com/en-tr/concept/201204","2015-10-05","Action","PEGI_18"
"542","RENNSPORT","PPSA28297","PS5","Нет","974,25 TL","Standard Edition: 974,25 TL; Deluxe Edition: 1.724,50 TL","Нет","Да","","https://store.playstation.com/en-tr/concept/10013999","2025-11-13","Simulation","PEGI_3"
"543","STAR WARS Jedi: Fallen Order","PPSA02199","PS4, PS5","Нет","1.799,99 TL","Standard Edition: 1.799,99 TL; Deluxe Edition: 2.200,00 TL","Да","Да","EA Access","https://store.playstation.com/en-tr/concept/232345","2021-06-11","Action","PEGI_16"
"544","DAVE THE DIVER","PPSA19116","PS4, PS5","Нет","699,00 TL","DAVE THE DIVER - Dave & Ichiban Bundle: 437,50 TL; DAVE THE DIVER: 699,00 TL","Нет","Да","","https://store.playstation.com/en-tr/concept/10009413","2024-04-16","Adventure","PEGI_12"
"545","Slime Rancher 2","PPSA20153","PS5","Нет","629,40 TL","Slime Rancher Rainbow Bundle: 787,50 TL; Slime Rancher 2: 629,40 TL","Нет","Да","","https://store.playstation.com/en-tr/concept/10009803","2024-06-07","Adventure","PEGI_3"
"546","Legacy of Kain: Defiance","PPSA31878","PS4, PS5","Нет","1.079,00 TL","Legacy of Kain: Defiance Remastered: 1.079,00 TL; Legacy of Kain: Defiance Remastered - Deluxe Edition: 1.299,00 TL; Legacy of Kain: Heart of Darkness Collection: 1.949,00 TL","Да","Да","","https://store.playstation.com/en-tr/concept/10016155","2026-03-03","Action","PEGI_18"
"547","UNO","PPSA15316","PS4, PS5","Нет","349,00 TL","LEGACY EDITION: 699,00 TL; UNO™ ULTIMATE EDITION: 1.049,00 TL","Нет","Да","PS Plus Extra","https://store.playstation.com/en-tr/concept/217373","2023-11-01","Family","PEGI_3"
"548","Serious","CUSA05773","PS4","Нет","1.049,00 TL","","Нет","Да","","https://store.playstation.com/en-tr/concept/204506","2020-11-17","Adventure","PEGI_18"
"549","Stellaris: Console Edition","PPSA27597","PS4, PS5","Нет","1.749,00 TL","Starter Edition: 687,68 TL; Deluxe Edition: 644,75 TL","Нет","Да","PS Plus Extra","https://store.playstation.com/en-tr/concept/10013520","2025-11-06","Strategy","PEGI_7"
"550","Lost Judgment","PPSA03775","PS4, PS5","Нет","459,80 TL","Standard Edition: 459,80 TL; Digital Deluxe Edition: 678,98 TL; Digital Ultimate Edition: 171,80 TL","Нет","Нет","","https://store.playstation.com/en-tr/concept/10002616","2021-09-23","Action","PEGI_18"
"551","Life is Strange: Reunion","PPSA28101","PS5","Нет","2.149,00 TL","Life is Strange: Reunion: 2.149,00 TL; Deluxe Edition: 2.579,00 TL; Life is Strange: Reunion Twin Pack: 2.999,00 TL","Нет","Да","","https://store.playstation.com/en-tr/concept/10013938","2026-03-26","Adventure","PEGI_16"
"552","NINJA GAIDEN 2 Black","PPSA26679","PS5","Нет","1.749,00 TL","","Нет","Нет","","https://store.playstation.com/en-tr/concept/10012997","2025-01-23","Action","PEGI_18"
"553","Little Kitty, Big City","PPSA13211","PS4, PS5","Нет","875,00 TL","","Нет","Да","","https://store.playstation.com/en-tr/concept/10007112","2025-05-09","Adventure","PEGI_3"
"554","Mina the Hollower","PPSA22864","PS5","Нет","902,00 TL","","Нет","Да","","https://store.playstation.com/en-tr/concept/10010918","2026-05-29","Action","PEGI_7"
"555","FARCRY 3","CUSA10326","PS4","Нет","349,75 TL","","Да","Да","PS Plus Extra","https://store.playstation.com/en-tr/concept/231486","2018-05-28","Action","PEGI_18"
"556","Guilty Gear -Strive","PPSA02257","PS4, PS5","Нет","1.749,00 TL","Guilty Gear -Strive-: 1.749,00 TL; 2.0 Starter Edition: 3.849,00 TL","Нет","Нет","","https://store.playstation.com/en-tr/concept/10000453","2021-06-10","Fighting","PEGI_12"
"557","Like a Dragon Gaiden: The Man Who Erased His Name","PPSA16269","PS4, PS5","Нет","749,70 TL","Standard Edition: 749,70 TL; Like a Dragon Gaiden: The Man Who Erased His Name Deluxe Edition PS4 & PS5: 2.619,00 TL","Нет","Да","","https://store.playstation.com/en-tr/concept/10008306","2023-11-08","Adventure","PEGI_18"
"558","Tales of Arise - Beyond the","PPSA02745","PS4, PS5","Нет","2.149,00 TL","Beyond the Dawn Edition: 2.149,00 TL; Premium Edition: 2.249,25 TL","Нет","Да","","https://store.playstation.com/en-tr/concept/234823","2023-09-19","Role Playing Games","PEGI_12"
"559","Firefighting Simulator: Ignite","PPSA17456","PS5","Нет","1.499,00 TL","Rescue & Protect Bundle: Firefighting Police: 2.579,00 TL; Rescue & Build Bundle: Firefighting Construction: 2.999,00 TL; Year 1 Edition: 2.349,00 TL; Vehicle Rescue Edition: 1.949,00 TL","Нет","Да","PS Plus Extra","https://store.playstation.com/en-tr/concept/10008409","2025-09-09","Simulation","PEGI_7"
"560","Immortals Fenyx Rising","PPSA01509","PS4, PS5","Нет","1.749,00 TL","Gold Edition: 2.579,00 TL","Да","Да","PS Plus Extra","https://store.playstation.com/en-tr/concept/234423","2020-12-02","Adventure","PEGI_12"
"561","Heavy Cargo - The Truck Simulator","PPSA18001","PS5","Нет","1.299,00 TL","","Нет","Нет","","https://store.playstation.com/en-tr/concept/10009016","2024-10-09","Simulator","PEGI_3"
"562","The Last of Us Complete","PPSA29488","PS5","Нет","4.749,00 TL","","Да","Да","","https://store.playstation.com/en-tr/concept/10014811","2025-04-10","Action","PEGI_18"
"563","The Long Dark","PPSA30659","PS4, PS5","Нет","1.299,00 TL","","Нет","Да","PS Plus Extra","https://store.playstation.com/en-tr/concept/229391","2025-11-11","Adventure","PEGI_16"
"565","AI LIMIT","PPSA27366","PS5","Нет","1.229,00 TL","Standard Edition: 1.229,00 TL; Digital Deluxe Edition: 1.575,00 TL","Нет","Да","","https://store.playstation.com/en-tr/concept/10006488","2025-03-27","Role Playing Games","PEGI_16"
"566","Hell Let Loose","PPSA02421","PS5","Нет","1.949,00 TL","Hell Let Loose: 1.949,00 TL; Ultimate Edition: 2.799,00 TL; Deluxe Edition: 2.349,00 TL","Нет","Да","","https://store.playstation.com/en-tr/concept/10001996","2021-10-04","Shooter","PEGI_16"
"567","Conan Exiles","CUSA10486","PS4","Нет","2.299,00 TL","Isle of Siptah Edition: 2.275,00 TL; Complete Edition: 4.599,00 TL","Нет","Да","PS Plus Extra","https://store.playstation.com/en-tr/concept/231261","2018-05-07","Adventure","PEGI_18"
"568","Among Us 3D: VR","PPSA18835","PS5","Нет","209,40 TL","","Нет","Нет","","https://store.playstation.com/en-tr/concept/10005565","2023-12-04","Party","PEGI_7"
"569","Marvel's Midnight Suns","PPSA03603","PS5","Нет","789,00 TL","Legendary Edition: 1.149,00 TL; Digital+ Edition: 3.149,00 TL; Standard Edition: 789,00 TL; Legendary Edition: 1.149,00 TL; Digital+ Edition: 3.149,00 TL","Нет","Нет","","https://store.playstation.com/en-tr/concept/10002129","2022-12-01","Strategy","PEGI_12"
"570","SWORD ART ONLINE Last Recollection","PPSA06958","PS4, PS5","Нет","335,84 TL","Standard Edition: 335,84 TL; Deluxe Edition: 2.999,00 TL","Нет","Да","","https://store.playstation.com/en-tr/concept/10004721","2023-10-05","Role Playing Games","PEGI_12"
"571","Yakuza 0 Director's Cut","PPSA31327","PS5","Нет","2.149,00 TL","","Нет","Да","","https://store.playstation.com/en-tr/concept/10015829","2025-12-08","Action","PEGI_18"
"572","LES MILLS XR BODYCOMBAT","PPSA13206","PS5","Нет","1.299,00 TL","LES MILLS XR BODYCOMBAT: 1.299,00 TL; Ultimate Fitness Pack: 2.149,00 TL","Нет","Нет","","https://store.playstation.com/en-tr/concept/10007109","2023-02-21","Sport","PEGI_3"
"573","Street Fighter V","CUSA01222","PS4","Нет","1.049,00 TL","Champion Edition: 1.049,00 TL; Season5 Premium Pass Bundle: 2.099,00 TL","Нет","Да","","https://store.playstation.com/en-tr/concept/204236","2020-02-27","Fighting","PEGI_12"
"574","DEATHLOOP","PPSA01670","PS5","Нет","2.499,00 TL","Standard Edition: 2.499,00 TL; DEATHLOOP + GHOSTWIRE: 1.006,73 TL; Deluxe Edition: 639,00 TL; The Arkane Collection: 3.999,00 TL","Да","Да","","https://store.playstation.com/en-tr/concept/10000185","2021-09-13","Action","PEGI_18"
"575","DREDGE","PPSA09076","PS4, PS5","Нет","351,60 TL","Digital Deluxe Edition: 945,00 TL; Complete Edition: 682,50 TL","Нет","Да","PS Plus Extra","https://store.playstation.com/en-tr/concept/10005693","2023-03-29","Adventure","PEGI_12"
"576","DreamWorks Gabby’s Dollhouse: Ready to Party","PPSA26016","PS4, PS5","Нет","1.749,00 TL","","Нет","Нет","","https://store.playstation.com/en-tr/concept/10012516","2025-09-18","Family","PEGI_3"
"577","Need for Speed Hot Pursuit","CUSA23265","PS4","Нет","283,73 TL","","Нет","Да","EA Access","https://store.playstation.com/en-tr/concept/10000781","2020-11-06","Driving/Racing","PEGI_7"
"578","Disgaea 7: Vows of the Virtueless","PPSA13844","PS4, PS5","Нет","2.099,00 TL","Disgaea 7: Vows of the Virtueless: 2.099,00 TL; Disgaea 7 Complete Edition: 2.534,35 TL; Digital Deluxe Edition: 1.399,50 TL","Нет","Нет","","https://store.playstation.com/en-tr/concept/10004787","2023-10-06","Role Playing Games","PEGI_12"
"579","Thief VR: Legacy of Shadow","PPSA22705","PS5","Нет","849,00 TL","Thief VR: Legacy of Shadow + Metro Awakening Bundle: 1.749,00 TL; Thief VR: Legacy of Shadow: 849,00 TL","Нет","Нет","","https://store.playstation.com/en-tr/concept/10010853","2025-12-04","Action","PEGI_12"
"580","NASCAR 26","PPSA37433","PS5","Да","2.579,00 TL","Standard Edition: 2.579,00 TL; Gold Edition: 3.449,00 TL","Нет","Нет","","https://store.playstation.com/en-tr/concept/10018405","2026-09-18","Sport","PEGI_3"
"581","Undertale","CUSA09415","PS4","Нет","525,00 TL","Undertale: 525,00 TL","Нет","Нет","","https://store.playstation.com/en-tr/concept/228887","2017-08-14","Role Playing Games","PEGI_12"
"582","Hot Wheels Let's Race: Ultimate Speed","PPSA26501","PS5","Нет","1.749,00 TL","Standard Edition: 1.749,00 TL; Deluxe Edition: 967,05 TL","Нет","Нет","","https://store.playstation.com/en-tr/concept/10012875","2025-10-23","Driving/Racing","PEGI_7"
"583","DARK SOULS III","CUSA03365","PS4","Нет","3.249,00 TL","DARK SOULS™ III - Deluxe Edition: 4.499,00 TL; DARK SOULS™ III: 3.249,00 TL","Нет","Да","","https://store.playstation.com/en-tr/concept/201190","2016-04-11","Action","PEGI_16"
"584","Skydance's BEHEMOTH","PPSA04962","PS5","Нет","1.749,00 TL","","Нет","Нет","","https://store.playstation.com/en-tr/concept/10003642","2024-12-05","Adventure","PEGI_18"
"585","Supraland: Six Inches Under","PPSA13784","PS4, PS5","Нет","849,00 TL","","Нет","Да","","https://store.playstation.com/en-tr/concept/10007345","2023-05-18","Adventure","PEGI_7"
"586","Tainted Grail: The Fall of Avalon","PPSA19411","PS5","Нет","1.575,00 TL","Standard Edition: 1.575,00 TL; Excalibur Edition: 2.349,00 TL; Adventure Pack: 2.149,00 TL","Нет","Да","","https://store.playstation.com/en-tr/concept/10009530","2025-05-23","Role Playing Games","PEGI_18"
"587","DayZ","CUSA05645","PS4","Нет","2.349,00 TL","DayZ Cool Edition: 2.999,00 TL; DayZ: 2.349,00 TL","Нет","Да","","https://store.playstation.com/en-tr/concept/221850","2019-05-28","Adventure","PEGI_18"
"588","FANTASY LIFE i: The Girl Who Steals Time","PPSA27625","PS4, PS5","Нет","2.999,00 TL","FANTASY LIFE i: The Girl Who Steals Time PS4 & PS5: 2.579,00 TL; Digital Deluxe Edition: 2.999,00 TL","Нет","Нет","","https://store.playstation.com/en-tr/concept/10013482","2025-05-21","Role Playing Games","PEGI_7"
"589","Syberia 3","CUSA05545","PS4","Нет","169,80 TL","","Да","Да","","https://store.playstation.com/en-tr/concept/221760","2017-04-24","Adventure","PEGI_12"
"590","Syberia","PPSA30140","PS5","Нет","1.299,00 TL","Syberia Remastered x Amerzone - The Explorer's Legacy: 1.805,30 TL; Syberia - Remastered: 1.299,00 TL","Да","Да","","https://store.playstation.com/en-tr/concept/10015158","2025-11-05","Adventure","PEGI_12"
"591","Two Point Museum","PPSA19769","PS5","Нет","1.399,00 TL","Explorer Edition: 1.399,00 TL","Нет","Да","","https://store.playstation.com/en-tr/concept/10009660","2025-02-27","Simulation","PEGI_3"
"592","Airplane Flight Simulator : EVO","PPSA28662","PS4, PS5","Нет","139,80 TL","Airplane Flight Simulator : EVO & Combat Zone + Bus Driving Simulator : EVO Bundle: 2.149,00 TL; Airplane Flight Simulator : EVO & Airplane Flight Simulator : Combat Zone Bundle: 1.499,00 TL; Airplane Flight Simulator : EVO: 139,80 TL","Нет","Да","","https://store.playstation.com/en-tr/concept/10012694","2025-05-09","Simulation","PEGI_3"
"593","Heavenly Bodies","PPSA02575","PS4, PS5","Нет","902,00 TL","Standard Edition: 902,00 TL; Cleanup DLC Edition: 257,75 TL","Нет","Да","","https://store.playstation.com/en-tr/concept/10002096","2021-12-07","Adventure","PEGI_3"
"594","Remnant: From the Ashes","CUSA13830","PS4","Нет","1.749,00 TL","Remnant: From the Ashes – Complete Edition: 2.149,00 TL; Remnant: From the Ashes: 1.749,00 TL","Да","Да","","https://store.playstation.com/en-tr/concept/231129","2019-12-18","Adventure","PEGI_16"
"595","Aces of Thunder","PPSA13699","PS5","Нет","1.299,00 TL","Aces of Thunder: 1.299,00 TL; Deluxe Edition: 2.149,00 TL","Нет","Нет","","https://store.playstation.com/en-tr/concept/10007306","2026-02-03","Simulation","PEGI_12"
"596","Skull and Bones","PPSA07648","PS5","Нет","1.049,00 TL","Skull and Bones Premium Edition: 2.099,00 TL; Skull and Bones Deluxe Edition: 1.399,00 TL","Нет","Да","PS Plus Extra","https://store.playstation.com/en-tr/concept/225700","2024-02-15","Unique","PEGI_18"
"597","My Friend Peppa Pig","PPSA03706","PS4, PS5","Нет","479,70 TL","Complete Edition: 479,70 TL","Да","Да","","https://store.playstation.com/en-tr/concept/10002581","2022-08-25","Family","PEGI_3"
"599","STAR WARS Battlefront","CUSA00634","PS4","Нет","101,70 TL","STAR WARS™ Battlefront™ Ultimate Edition: 101,70 TL","Нет","Да","EA Access","https://store.playstation.com/en-tr/concept/213119","2015-11-16","Shooter","PEGI_16"
"600","Songs of Conquest","PPSA17182","PS5","Нет","779,40 TL","","Нет","Да","","https://store.playstation.com/en-tr/concept/10008692","2024-11-12","Strategy","PEGI_12"
"601","Digimon Story Time Stranger","PPSA24701","PS5","Нет","2.999,00 TL","Standard Edition: 2.999,00 TL; Deluxe Edition: 4.299,00 TL; Ultimate Edition: 5.149,00 TL","Нет","Нет","","https://store.playstation.com/en-tr/concept/10011861","2025-10-02","Role Playing Games","PEGI_12"
"602","Eriksholm: The Stolen Dream","PPSA20548","PS5","Нет","1.049,40 TL","","Нет","Да","","https://store.playstation.com/en-tr/concept/10009571","2025-07-15","Adventure","PEGI_16"
"603","LEGO Harry","PPSA22946","PS5","Нет","1.399,00 TL","LEGO®  Harry Potter™ Collection: 1.399,00 TL; LEGO® Harry Potter™ Collection: 699,00 TL","Нет","Нет","","https://store.playstation.com/en-tr/concept/223683","2024-10-07","Action","PEGI_7"
"604","NieR Replicant ver.1.22474487139…","CUSA18742","PS4","Нет","398,99 TL","","Нет","Нет","","https://store.playstation.com/en-tr/concept/10000272","2021-04-22","Role Playing Games","PEGI_18"
"605","Hollow Knight","PPSA34971","PS4, PS5","Нет","623,00 TL","","Нет","Да","PS Plus Extra","https://store.playstation.com/en-tr/concept/232654","2026-02-06","Action","PEGI_7"
"606","Monster Hunter Stories 3: Twisted Reflection","PPSA26873","PS5","Нет","2.999,00 TL","Standard Edition: 2.999,00 TL; Deluxe Edition: 3.849,00 TL; Premium Deluxe Edition: 4.299,00 TL","Нет","Да","","https://store.playstation.com/en-tr/concept/10013075","2026-03-12","Role Playing Games","PEGI_12"
"607","Alien: Isolation","CUSA00362","PS4","Нет","1.199,00 TL","Alien: Isolation - The Collection: 1.949,00 TL; Alien: Isolation: 1.199,00 TL","Да","Да","","https://store.playstation.com/en-tr/concept/200213","2014-10-06","Horror","PEGI_18"
"608","Big Walk","PPSA33764","PS5","Нет","816,00 TL","","Нет","Да","","https://store.playstation.com/en-tr/concept/10017189","2026-08-04","Adventure","PEGI_3"
"609","MudRunner - American","CUSA09958","PS4","Нет","179,85 TL","MudRunner - American Wilds Edition: 179,85 TL","Нет","Да","","https://store.playstation.com/en-tr/concept/230052","2018-10-22","Simulation","PEGI_3"
"610","Demon Slayer -Kimetsu no Yaiba- The Hinokami Chronicles","PPSA03490","PS4, PS5","Нет","3.449,00 TL","Standard Edition: 3.449,00 TL; Digital Deluxe Edition: 345,24 TL; Ultimate Edition: 4.749,00 TL","Нет","Нет","","https://store.playstation.com/en-tr/concept/10000991","2021-10-15","Action","PEGI_16"
"611","Assassin's Creed IV Black Flag","CUSA00009","PS4","Нет","699,00 TL","","Да","Да","PS Plus Extra","https://store.playstation.com/en-tr/concept/200089","2013-11-28","Action","PEGI_18"
"612","Sonic Frontiers","PPSA03832","PS4, PS5","Нет","2.149,00 TL","Standard Edition: 2.149,00 TL; Digital Deluxe Edition: 2.579,00 TL","Нет","Да","","https://store.playstation.com/en-tr/concept/10002956","2022-11-08","Action","PEGI_7"
"613","The Three Kingdoms: Rebirth","PPSA37472","PS5","Нет","1.169,10 TL","","Нет","Да","","https://store.playstation.com/en-tr/concept/10019398","2026-08-10","Role Playing Games","PEGI_16"
"614","Space Engineers","PPSA08253","PS4, PS5","Нет","595,00 TL","Complete Edition: 3.449,00 TL","Нет","Да","PS Plus Extra","https://store.playstation.com/en-tr/concept/10002535","2023-05-10","Simulation","PEGI_12"
"615","LEGO Horizon Adventures","PPSA14632","PS5","Нет","1.749,00 TL","Digital Deluxe Edition: 2.149,00 TL","Да","Да","PS Plus Extra","https://store.playstation.com/en-tr/concept/10007722","2024-11-13","Action","PEGI_7"
"616","Vampire: The Masquerade - Bloodlines 2","PPSA15185","PS5","Нет","2.579,00 TL","Deluxe Edition: 2.999,00 TL; Premium Edition: 3.849,00 TL","Нет","Да","","https://store.playstation.com/en-tr/concept/10007767","2025-10-21","Role Playing Games","PEGI_18"
"617","XCOM 2","CUSA04530","PS4","Нет","104,85 TL","XCOM® 2 Digital Deluxe Edition: 262,24 TL; XCOM® 2 Collection: 1.399,00 TL","Нет","Да","PS Plus Extra","https://store.playstation.com/en-tr/concept/216773","2016-09-29","Strategy","PEGI_16"
"618","Goat Simulator","CUSA02779","PS4","Нет","349,00 TL","Goat Simulator: The GOATY: 839,00 TL; Goat Simulator: 349,00 TL","Нет","Да","","https://store.playstation.com/en-tr/concept/201723","2015-08-11","Simulation","PEGI_12"
"619","Gothic Classic","PPSA26049","PS4, PS5","Нет","1.299,00 TL","","Да","Да","","https://store.playstation.com/en-tr/concept/10010662","2026-07-28","Role Playing Games","PEGI_16"
"620","I am an Air Traffic Controller AIRPORT HERO HANEDA","CUSA42537","PS4","Нет","1.949,00 TL","I am an Air Traffic Controller AIRPORT HERO HANEDA: 1.949,00 TL","Нет","Нет","","https://store.playstation.com/en-tr/concept/10008038","2023-04-19","Simulation","PEGI_3"
"621","Rune Factory: Guardians of Azuma","PPSA27215","PS5","Нет","2.579,00 TL","Rune Factory: Guardians of Azuma: 2.579,00 TL; Digital Deluxe Edition: 2.999,00 TL; Super Digital Deluxe Ed.: 1.724,50 TL","Нет","Нет","","https://store.playstation.com/en-tr/concept/10010244","2026-02-12","Role Playing Games","PEGI_16"
"622","Apartment No 129","PPSA33146","PS5","Нет","145,00 TL","Apartment No 129 & Y. Village Bundle: 182,50 TL; Apartment No 129: 145,00 TL","Нет","Да","","https://store.playstation.com/en-tr/concept/10011587","2026-01-16","Horror","PEGI_16"
"623","MLB The Show 26","PPSA30630","PS5","Нет","2.999,00 TL","Digital Deluxe Edition: 3.449,00 TL","Нет","Нет","","https://store.playstation.com/en-tr/concept/10015430","2026-03-17","Sport","PEGI_3"
"624","Life is Strange 2 Episode 1","CUSA08124","PS4","Нет","203,99 TL","Life is Strange 2 Complete Season: 203,99 TL","Нет","Да","","https://store.playstation.com/en-tr/concept/232630","2018-09-25","Role Playing Games","PEGI_18"
"625","Sniper Ghost Warrior Contracts 2","PPSA03131","PS4, PS5","Нет","1.399,00 TL","Standard Edition: 1.399,00 TL; SGWC1 & SGWC2 Double Pack: 2.099,00 TL; Premium Edition: 1.749,00 TL; SGWC1 & SGWC2 Double Pack: 2.099,00 TL; Complete Edition: 2.099,00 TL","Нет","Да","","https://store.playstation.com/en-tr/concept/10000888","2021-06-03","Shooter","PEGI_18"
"627","CODE VEIN II","PPSA23908","PS5","Нет","2.999,00 TL","Standard Edition: 2.999,00 TL; Deluxe Edition: 3.849,00 TL; Ultimate Edition: 4.299,00 TL","Нет","Да","","https://store.playstation.com/en-tr/concept/10011448","2026-01-29","Role Playing Games","PEGI_16"
"628","Pummel Party","CUSA18824","PS4","Нет","730,00 TL","","Нет","Да","","https://store.playstation.com/en-tr/concept/10000367","2024-04-18","Party","PEGI_12"
"629","The Elder Scrolls V: Skyrim VR","CUSA08933","PS4","Нет","624,75 TL","","Да","Да","","https://store.playstation.com/en-tr/concept/229432","2017-11-16","Role Playing Games","PEGI_18"
"630","LEGO CITY Undercover","CUSA06511","PS4","Нет","188,91 TL","","Да","Да","PS Plus Extra","https://store.playstation.com/en-tr/concept/224875","2017-04-06","Adventure","PEGI_7"
"631","MY HERO ACADEMIA: All’s Justice","PPSA26174","PS5","Нет","2.999,00 TL","Standard Edition: 2.999,00 TL; Deluxe Edition: 3.849,00 TL; Ultimate Edition: 4.749,00 TL","Нет","Нет","","https://store.playstation.com/en-tr/concept/10012661","2026-02-05","Action","PEGI_12"
"633","Risk of Rain 2","PPSA06517","PS4, PS5","Нет","879,00 TL","Risk of Rain 2: 879,00 TL; ROR2 + SOTV + SOTS + AC: 1.074,50 TL","Нет","Да","","https://store.playstation.com/en-tr/concept/234386","2024-08-27","Action","PEGI_12"
"634","The Smurfs 2 - The Prisoner of the Green Stone","PPSA16716","PS4, PS5","Нет","279,80 TL","The Smurfs 2 - The Prisoner of the Green Stone: 279,80 TL; Smurftastic Collection: 499,80 TL","Нет","Да","","https://store.playstation.com/en-tr/concept/10008485","2023-11-01","Adventure","PEGI_7"
"635","CATAN","PPSA07226","PS4, PS5","Нет","529,00 TL","Deluxe: 169,80 TL; Super Deluxe: 1.299,00 TL; Complete Collection: 1.399,00 TL","Нет","Нет","","https://store.playstation.com/en-tr/concept/10004791","2023-02-23","Casual","PEGI_3"
"636","F1 Manager 2024","PPSA21789","PS4, PS5","Нет","1.229,00 TL","Standard Edition: 1.229,00 TL; Deluxe Edition: 1.575,00 TL","Нет","Да","","https://store.playstation.com/en-tr/concept/10010493","2024-07-23","Sport","PEGI_3"
"637","Persona 5","CUSA06638","PS4","Нет","224,85 TL","Persona 5: Ultimate Edition: 524,85 TL; Persona 5: 224,85 TL","Нет","Нет","","https://store.playstation.com/en-tr/concept/221771","2017-04-03","Role Playing Games","PEGI_16"
"638","Kerbal Space Program","PPSA03749","PS4, PS5","Нет","1.749,00 TL","Kerbal Space Program Enhanced Edition Complete: 2.579,00 TL; Kerbal Space Program: Enhanced Edition: 1.749,00 TL","Нет","Нет","","https://store.playstation.com/en-tr/concept/217244","2021-09-24","Simulation","PEGI_3"
"639","Lost in Play","PPSA22116","PS5","Нет","849,00 TL","Lost in Play: 849,00 TL; Lost in Play: 849,00 TL","Нет","Да","","https://store.playstation.com/en-tr/concept/10009877","2024-08-10","Puzzle","PEGI_7"
"640","Car Mechanic Simulator 2021","PPSA02401","PS4, PS5","Нет","1.049,00 TL","Offroad Mechanic Simulator & Car Mechanic Simulator 2021: 1.749,00 TL; Car Mechanic Simulator 2021: 1.049,00 TL","Нет","Да","","https://store.playstation.com/en-tr/concept/10001967","2022-05-02","Simulator","PEGI_3"
"641","60 Seconds! Reatomized","CUSA18932","PS4","Нет","349,00 TL","","Нет","Да","","https://store.playstation.com/en-tr/concept/231873","2020-12-17","Strategy","PEGI_12"
"642","DreamWorks All-Star Kart Racing","PPSA15483","PS4, PS5","Нет","437,25 TL","DreamWorks All-Star Kart Racing: 437,25 TL; Rally Edition: 1.749,00 TL","Нет","Нет","","https://store.playstation.com/en-tr/concept/10008016","2023-11-02","Casual","PEGI_3"
"643","GRID Legends","PPSA03864","PS4, PS5","Нет","700,00 TL","GRID Legends (PS5): 700,00 TL; Deluxe Edition: 915,25 TL","Нет","Да","EA Access","https://store.playstation.com/en-tr/concept/10003002","2022-02-24","Driving/Racing","PEGI_3"
"645","Legendary Tales","PPSA17518","PS5","Нет","1.224,30 TL","Legendary Tales: 1.224,30 TL; Forever Edition: 2.099,30 TL; Deluxe Edition: 1.644,30 TL","Нет","Да","","https://store.playstation.com/en-tr/concept/10006306","2024-02-08","Action","PEGI_12"
"646","Subnautica","PPSA02453","PS4, PS5","Нет","1.049,00 TL","Subnautica PS4 & PS5: 1.049,00 TL; Subnautica PS4 & PS5: 1.049,00 TL","Нет","Да","","https://store.playstation.com/en-tr/concept/232883","2021-05-13","Adventure","PEGI_7"
"647","Drums Rock","PPSA12508","PS5","Нет","699,00 TL","Standard Edition: 699,00 TL; Undertale Edition: 902,00 TL; Ultimate Music Edition: 2.579,00 TL; Premium Edition: 1.229,00 TL; Linkin Park Edition: 393,75 TL; Deluxe Edition: 1.049,00 TL","Нет","Да","","https://store.playstation.com/en-tr/concept/10006907","2023-02-21","Arcade","PEGI_12"
"648","SpongeBob SquarePants: The Cosmic Shake","PPSA16527","PS4, PS5","Нет","839,40 TL","","Нет","Да","","https://store.playstation.com/en-tr/concept/10003866","2023-10-23","Adventure","PEGI_7"
"649","The Dark Pictures Anthology: House of Ashes","PPSA02594","PS4, PS5","Нет","1.049,00 TL","","Да","Да","","https://store.playstation.com/en-tr/concept/10001837","2021-10-21","Adventure","PEGI_18"
"650","Casey Powell Lacrosse 18","CUSA11197","PS4","Нет","2.149,00 TL","","Нет","Нет","","https://store.playstation.com/en-tr/concept/231246","2018-04-25","Sport","PEGI_3"
"651","Hitman HD","CUSA12659","PS4","Нет","2.579,00 TL","","Да","Да","","https://store.playstation.com/en-tr/concept/233361","2019-01-10","Action","PEGI_18"
"652","LEGO The Incredibles","CUSA09897","PS4","Нет","2.099,00 TL","","Нет","Да","","https://store.playstation.com/en-tr/concept/229812","2018-06-14","Adventure","PEGI_7"
"653","SpongeBob SquarePants: Battle for Bikini Bottom - Rehydrated","CUSA14909","PS4","Нет","1.199,00 TL","","Нет","Да","","https://store.playstation.com/en-tr/concept/233372","2020-06-22","Action","PEGI_7"
"654","Tails of Iron 2: Whiskers of Winter","PPSA20369","PS4, PS5","Нет","350,00 TL","Standard Edition: 350,00 TL; Deluxe Edition: 1.049,00 TL; Standard Bundle: 1.049,00 TL; Deluxe Bundle: 1.229,00 TL","Нет","Да","","https://store.playstation.com/en-tr/concept/10009898","2025-01-28","Role Playing Games","PEGI_16"
"655","Biomutant","PPSA06254","PS4, PS5","Нет","349,75 TL","Biomutant PS4 & PS5: 349,75 TL","Да","Да","","https://store.playstation.com/en-tr/concept/229899","2022-09-06","Unique","PEGI_12"
"656","Tormented Souls 2","PPSA17322","PS5","Нет","909,30 TL","Tormented Souls 2: 909,30 TL; Digital Deluxe Edition: 1.049,30 TL","Нет","Да","","https://store.playstation.com/en-tr/concept/10008744","2025-10-22","Horror","PEGI_18"
"657","Hello Kitty Island Adventure","PPSA18176","PS5","Нет","1.749,00 TL","Hello Kitty Island Adventure: Deluxe Edition: 2.579,00 TL; Hello Kitty Island Adventure: 1.749,00 TL","Нет","Да","","https://store.playstation.com/en-tr/concept/10008904","2025-08-05","Simulation","PEGI_3"
"658","Empire of the Ants","PPSA14455","PS5","Нет","1.399,00 TL","Empire of the Ants: 1.399,00 TL","Нет","Да","","https://store.playstation.com/en-tr/concept/10007652","2024-11-03","Adventure","PEGI_7"
"659","ROMEO IS A DEAD MAN","PPSA34861","PS5","Нет","2.149,00 TL","","Нет","Нет","","https://store.playstation.com/en-tr/concept/10016000","2026-02-10","Adventure","PEGI_18"
"660","Painkiller","PPSA27676","PS5","Нет","349,80 TL","Painkiller: 349,80 TL; Deluxe Edition: 2.149,00 TL","Нет","Да","","https://store.playstation.com/en-tr/concept/10013491","2025-10-21","Action","PEGI_18"
"661","Beach Invasion 1915 - Gallipoli","PPSA32177","PS5","Нет","429,00 TL","","Нет","Да","","https://store.playstation.com/en-tr/concept/10016348","2025-12-14","Action","PEGI_16"
"662","PlateUp!","PPSA14232","PS4, PS5","Нет","699,00 TL","","Нет","Да","PS Plus Extra","https://store.playstation.com/en-tr/concept/10007566","2024-02-14","Casual","PEGI_3"
"663","Crime Scene Cleaner","PPSA28951","PS5","Нет","1.299,00 TL","Recycling Center Simulator & Crime Scene Cleaner: 1.949,00 TL; Laundry Store Simulator & Crime Scene Cleaner: 1.547,00 TL; Junkyard Simulator & Crime Scene Cleaner: 1.749,00 TL; Crime Scene Cleaner & Thief Simulator: 1.547,00 TL; Crime Scene Cleaner & Bum Simulator: 1.547,00 TL; Crime Scene Cleaner: 1.299,00 TL","Нет","Да","","https://store.playstation.com/en-tr/concept/10014471","2025-06-13","Simulation","PEGI_16"
"664","Planet of Lana II","PPSA23677","PS4, PS5","Нет","849,00 TL","Planet of Lana II: 849,00 TL; Supporter Edition: 1.079,00 TL; Planet of Lana Collection: 1.499,00 TL","Нет","Да","","https://store.playstation.com/en-tr/concept/10011317","2026-03-05","Action","PEGI_12"
"665","Contraband Police","PPSA25778","PS5","Нет","1.299,00 TL","Recycling Center Simulator & Contraband Police: 2.149,00 TL; Laundry Store Simulator & Contraband Police: 1.749,00 TL; Contraband Police & Thief Simulator: 1.949,00 TL; Contraband Police & Crime Scene Cleaner: 2.149,00 TL; Contraband Police & Car Mechanic Simulator 2021: 2.349,00 TL; Contraband Police: 1.299,00 TL","Нет","Да","","https://store.playstation.com/en-tr/concept/10012400","2025-11-07","Adventure","PEGI_18"
"666","Yakuza Kiwami 2","PPSA31333","PS4, PS5","Нет","509,40 TL","Yakuza Kiwami 2 PS4 & PS5: 509,40 TL","Нет","Да","","https://store.playstation.com/en-tr/concept/228780","2025-12-08","Role Playing Games","PEGI_18"
"667","Alone in the Dark","PPSA08135","PS5","Нет","699,50 TL","Standard: 699,50 TL; Digital Deluxe: 1.749,00 TL","Нет","Да","","https://store.playstation.com/en-tr/concept/10005283","2024-03-20","Horror","PEGI_18"
"668","Platform 8","PPSA24944","PS4, PS5","Нет","139,00 TL","Platform 8: 139,00 TL; The Exit 8 + Platform 8 Bundle PS5: 257,00 TL","Нет","Нет","","https://store.playstation.com/en-tr/concept/10011971","2024-11-27","Horror","PEGI_12"
"669","Titan Quest","CUSA08366","PS4","Нет","1.049,00 TL","","Да","Да","","https://store.playstation.com/en-tr/concept/227245","2018-03-19","Action","PEGI_12"
"670","KINGDOM HEARTS III","CUSA12025","PS4","Нет","2.499,00 TL","KINGDOM HEARTS All-In-One Package: 3.899,00 TL; KINGDOM HEARTS III: 2.499,00 TL","Нет","Нет","","https://store.playstation.com/en-tr/concept/208810","2019-01-28","Role Playing Games","PEGI_12"
"671","The Dark Pictures Anthology: Man of Medan","PPSA06488","PS4, PS5","Нет","349,50 TL","","Да","Да","","https://store.playstation.com/en-tr/concept/232935","2022-09-27","Horror","PEGI_16"
"672","Screamer","PPSA26092","PS5","Нет","2.999,00 TL","Digital Deluxe Edition: 3.449,00 TL","Нет","Нет","","https://store.playstation.com/en-tr/concept/10012598","2026-03-25","Driving/Racing","PEGI_16"
"673","Duskfade","PPSA29264","PS5","Нет","999,00 TL","Duskfade: 999,00 TL","Нет","Нет","","https://store.playstation.com/en-tr/concept/10014600","2026-08-13","Action","PEGI_7"
"674","Marvel vs. Capcom: Infinite","CUSA06380","PS4","Нет","1.399,00 TL","Marvel vs. Capcom: Infinite - Standard Edition: 1.399,00 TL; Marvel vs. Capcom: Infinite - Deluxe Edition: 2.099,00 TL","Нет","Да","","https://store.playstation.com/en-tr/concept/224890","2017-09-18","Action","PEGI_12"
"675","Road 96","PPSA05592","PS4, PS5","Нет","849,00 TL","","Нет","Да","","https://store.playstation.com/en-tr/concept/10003593","2022-04-13","Adventure","PEGI_16"
"676","Marvel's Iron Man VR","CUSA16206","PS4","Нет","1.749,00 TL","Marvel's Iron Man VR: 1.749,00 TL; Digital Deluxe Edition: 1.749,00 TL","Да","Да","","https://store.playstation.com/en-tr/concept/234592","2020-07-02","Action","PEGI_12"
"677","Kena: Bridge of Spirits","PPSA01802","PS4, PS5","Нет","1.749,00 TL","Standard Edition: 1.749,00 TL; Digital Deluxe: 2.149,00 TL","Нет","Да","","https://store.playstation.com/en-tr/concept/10001235","2021-09-20","Action","PEGI_12"
"678","Shadow of the Tomb Raider","CUSA10872","PS4","Нет","1.749,00 TL","Shadow of the Tomb Raider Definitive Edition: 1.749,00 TL","Да","Да","","https://store.playstation.com/en-tr/concept/231844","2019-11-04","Adventure","PEGI_18"
"679","Swordsman VR","PPSA06987","PS5","Нет","774,00 TL","Swordsman VR: 774,00 TL; Swordsman VR: 774,00 TL","Нет","Нет","","https://store.playstation.com/en-tr/concept/10001020","2023-02-21","Fighting","PEGI_18"
"680","Tales of Xillia","PPSA16952","PS5","Нет","1.049,40 TL","Standard Edition: 1.049,40 TL; Deluxe Edition: 2.579,00 TL","Нет","Да","","https://store.playstation.com/en-tr/concept/10008573","2025-10-30","Role Playing Games","PEGI_12"
"681","Vacation Simulator","PPSA10145","PS4, PS5","Нет","849,00 TL","","Нет","Нет","","https://store.playstation.com/en-tr/concept/232369","2023-02-21","Casual","PEGI_3"
"682","DRAGON QUEST VII Reimagined","PPSA17942","PS5","Нет","2.999,00 TL","DRAGON QUEST VII Reimagined: 2.999,00 TL; Digital Deluxe Edition: 3.649,00 TL","Нет","Нет","","https://store.playstation.com/en-tr/concept/10008842","2026-02-04","Role Playing Games","PEGI_12"
"683","Nickelodeon All-Star Brawl 2","PPSA16745","PS4, PS5","Нет","1.749,00 TL","Standard Edition: 1.749,00 TL; Deluxe Edition: 2.499,00 TL; Ultimate Edition: 862,25 TL","Нет","Нет","","https://store.playstation.com/en-tr/concept/10008091","2023-11-06","Fighting","PEGI_7"
"684","Captain Tsubasa: Rise of New Champions","CUSA14896","PS4","Нет","1.399,00 TL","Ultimate Edition: 2.799,00 TL; Deluxe Edition: 2.579,00 TL","Нет","Нет","PS Plus Extra","https://store.playstation.com/en-tr/concept/233219","2020-08-27","Sport","PEGI_7"
"685","Rogue Company","PPSA02092","PS5","Нет","1.379,60 TL","Ultimate Edition: 1.379,60 TL; Rogue Edition: 699,60 TL; Year 1 Pass: 699,60 TL; Ultimate Edition: 1.379,60 TL; Rogue Edition: 699,60 TL; Year 1 Pass: 699,60 TL","Нет","Да","","https://store.playstation.com/en-tr/concept/235037","2021-03-30","Action","PEGI_16"
"686","Myst","PPSA28898","PS5","Нет","1.199,20 TL","","Нет","Да","","https://store.playstation.com/en-tr/concept/10000550","2026-05-19","Adventure","PEGI_7"
"687","Nikoderiko: The Magical World - Director's Cut","PPSA23760","PS5","Нет","524,50 TL","Nikoderiko: The Magical World - Director's Cut: 524,50 TL; Nikoderiko: The Magical World - Director's Cut: 524,50 TL","Да","Да","","https://store.playstation.com/en-tr/concept/10008849","2024-10-14","Family","PEGI_7"
"689","cyubeVR","PPSA19271","PS5","Нет","798,85 TL","cyubeVR Standard Edition: 798,85 TL; cyubeVR Avatar Edition: 1.749,00 TL","Нет","Нет","","https://store.playstation.com/en-tr/concept/10009430","2024-03-16","Unique","PEGI_12"
"690","DiRT Rally 2.0","CUSA12747","PS4","Нет","1.049,00 TL","DiRT Rally 2.0 - Game of the Year Edition: 1.749,00 TL","Нет","Нет","EA Access","https://store.playstation.com/en-tr/concept/232437","2019-02-25","Sport","PEGI_3"
"691","The Legend of Heroes: Trails beyond the Horizon","PPSA26392","PS4, PS5","Нет","2.579,00 TL","The Legend of Heroes: Trails beyond the Horizon: 2.579,00 TL; Digital Deluxe Edition: 3.449,00 TL; Digital Deluxe+ Edition: 4.299,00 TL; Ultimate Edition: 7.309,99 TL","Нет","Нет","","https://store.playstation.com/en-tr/concept/10012789","2026-01-15","Role Playing Games","PEGI_18"
"692","MechWarrior 5: Clans","PPSA10268","PS5","Нет","584,55 TL","MechWarrior 5: Clans: 584,55 TL; Digital Collectors Edition: 1.396,85 TL","Нет","Да","","https://store.playstation.com/en-tr/concept/10006171","2024-10-17","Shooter","PEGI_16"
"693","Titanfall 2","CUSA04013","PS4","Нет","879,00 TL","Titanfall™ 2: Ultimate Edition: 1.399,00 TL","Да","Да","EA Access","https://store.playstation.com/en-tr/concept/221813","2016-10-27","Shooter","PEGI_16"
"694","Car Dealer Simulator","PPSA34602","PS5","Нет","1.031,00 TL","Car Dealer Simulator: 1.031,00 TL; Car Dealer Simulator: 1.031,00 TL","Нет","Да","","https://store.playstation.com/en-tr/concept/10017727","2026-02-18","Simulator","PEGI_3"
"695","Cooking Simulator VR","PPSA18073","PS5","Нет","1.031,00 TL","Cooking Simulator VR: 1.031,00 TL; Cooking Simulator VR: 1.031,00 TL","Нет","Да","","https://store.playstation.com/en-tr/concept/10009042","2023-12-15","Simulator","PEGI_3"
"696","KIBORG","PPSA23430","PS4, PS5","Нет","755,40 TL","KIBORG: 755,40 TL; Combo Edition: 1.749,00 TL","Да","Да","","https://store.playstation.com/en-tr/concept/10008983","2025-04-30","Action","PEGI_18"
"697","Bus Simulator","CUSA11690","PS4","Нет","849,00 TL","","Нет","Да","","https://store.playstation.com/en-tr/concept/231919","2019-09-16","Simulation","PEGI_3"
"698","Outward","PPSA03797","PS4, PS5","Нет","1.599,00 TL","Outward Definitive Edition: 1.599,00 TL; Outward: The Adventurer Bundle: 1.399,00 TL","Нет","Да","","https://store.playstation.com/en-tr/concept/231374","2022-05-17","Role Playing Games","PEGI_12"
"699","Dishonored 2","CUSA03604","PS4","Нет","699,00 TL","","Да","Да","PS Plus Extra","https://store.playstation.com/en-tr/concept/201017","2016-11-10","Action","PEGI_18"
"700","JoJo's Bizarre Adventure: Eyes of Heaven","CUSA04909","PS4","Нет","2.999,00 TL","","Нет","Нет","","https://store.playstation.com/en-tr/concept/202197","2016-06-30","Fighting","PEGI_12"
"701","Resident Evil 6","CUSA03840","PS4","Нет","699,00 TL","Resident Evil Triple Pack: 1.749,00 TL; Resident Evil 6: 699,00 TL","Нет","Да","","https://store.playstation.com/en-tr/concept/232116","2016-03-28","Shooter","PEGI_18"
"702","Mortal Shell","PPSA02867","PS4, PS5","Нет","1.049,00 TL","Mortal Shell: Enhanced Edition: 1.049,00 TL; Mortal Shell: 1.049,00 TL","Нет","Да","","https://store.playstation.com/en-tr/concept/234489","2021-03-04","Role Playing Games","PEGI_16"
"703","Darksiders II","PPSA23806","PS4, PS5","Нет","367,15 TL","","Да","Да","","https://store.playstation.com/en-tr/concept/231670","2024-10-15","Fighting","PEGI_16"
"704","Streets Of Rage 4","CUSA16221","PS4","Нет","875,00 TL","","Нет","Да","","https://store.playstation.com/en-tr/concept/234410","2020-04-29","Action","PEGI_12"
"705","TABS","PPSA06082","PS4, PS5","Нет","349,50 TL","","Нет","Да","","https://store.playstation.com/en-tr/concept/10003641","2024-12-17","Action","PEGI_7"
"706","Miraculous: Paris Under Siege","PPSA21323","PS4, PS5","Нет","2.149,00 TL","Standard Edition: 2.149,00 TL; Deluxe Edition: 629,70 TL","Нет","Нет","","https://store.playstation.com/en-tr/concept/10010300","2024-10-24","Action","PEGI_7"
"707","DRAGON BALL XENOVERSE 2","PPSA08586","PS4, PS5","Нет","699,00 TL","Standard Edition: 699,00 TL; Dragon Ball Xenoverse 1 and 2 Bundle: 654,33 TL; Special Edition: 1.749,00 TL; Deluxe Edition: 1.399,00 TL","Нет","Да","","https://store.playstation.com/en-tr/concept/217012","2024-05-23","Fighting","PEGI_12"
"708","Dishonored","CUSA02230","PS4","Нет","699,00 TL","","Нет","Да","","https://store.playstation.com/en-tr/concept/228538","2015-08-26","Action","PEGI_18"
"709","Car for Sale Simulator 2023","PPSA31261","PS5","Нет","649,00 TL","","Нет","Да","","https://store.playstation.com/en-tr/concept/10013255","2025-11-05","Simulation","PEGI_3"
"710","Back 4 Blood","PPSA01696","PS4, PS5","Нет","2.499,00 TL","Deluxe Edition: 859,00 TL; Ultimate Edition: 999,00 TL","Нет","Да","PS Plus Extra","https://store.playstation.com/en-tr/concept/233064","2021-10-11","Shooter","PEGI_18"
"711","Biped 2","PPSA23066","PS4, PS5","Нет","367,20 TL","","Нет","Да","","https://store.playstation.com/en-tr/concept/10010903","2025-11-05","Adventure","PEGI_3"
"712","Metro: Last Light Redux","CUSA00592","PS4","Нет","699,00 TL","","Да","Да","","https://store.playstation.com/en-tr/concept/226459","2015-06-01","Shooter","PEGI_18"
"713","Max Payne","CUSA04488","PS4","Нет","315,00 TL","Rockstar Games PS2™ Classics Bundle: 2.499,00 TL; Max Payne: 315,00 TL","Нет","Нет","","https://store.playstation.com/en-tr/concept/202613","2016-04-21","Action","PEGI_18"
"714","Like a Dragon: Ishin!","PPSA06455","PS4, PS5","Нет","3.149,00 TL","Standard: 3.149,00 TL; Digital Deluxe: 779,80 TL","Нет","Нет","","https://store.playstation.com/en-tr/concept/10004480","2023-02-21","Action","PEGI_18"
"715","WUCHANG: Fallen Feathers","PPSA09519","PS5","Нет","2.149,00 TL","Standard Edition: 2.149,00 TL; Deluxe Edition: 2.579,00 TL","Нет","Да","","https://store.playstation.com/en-tr/concept/10005853","2025-07-24","Action","PEGI_16"
"716","Hunting Simulator 2","PPSA01899","PS5","Нет","1.399,00 TL","Bear Hunter Edition: 315,00 TL; Elite Edition: 1.749,00 TL; Bear Hunter Edition: 315,00 TL; Elite Edition: 1.749,00 TL","Нет","Да","","https://store.playstation.com/en-tr/concept/10000348","2021-03-11","Shooter","PEGI_16"
"717","Absolum","PPSA28311","PS4, PS5","Нет","1.079,00 TL","","Нет","Да","","https://store.playstation.com/en-tr/concept/10014070","2025-10-09","Action","PEGI_12"
"718","Warhammer 40,000: Battlesector","CUSA25074","PS4","Нет","1.229,00 TL","","Нет","Да","","https://store.playstation.com/en-tr/concept/10001701","2021-12-02","Strategy","PEGI_16"
"719","MADiSON","PPSA07370","PS5","Нет","719,40 TL","","Нет","Да","","https://store.playstation.com/en-tr/concept/10004909","2022-07-07","Horror","PEGI_16"
"720","EVERSPACE 2","PPSA14033","PS5","Нет","1.749,00 TL","Galactic Edition: 1.959,30 TL","Нет","Да","","https://store.playstation.com/en-tr/concept/10007472","2023-08-14","Action","PEGI_12"
"721","Zoochosis","PPSA27033","PS4, PS5","Нет","485,55 TL","","Нет","Да","","https://store.playstation.com/en-tr/concept/10013173","2025-08-25","Simulation","PEGI_18"
"722","EBOLA VILLAGE","PPSA23684","PS5","Нет","212,25 TL","EBOLA VILLAGE: 212,25 TL; EBOLA VILLAGE: 849,00 TL","Да","Да","","https://store.playstation.com/en-tr/concept/10011320","2026-01-23","Adventure","PEGI_16"
"723","Ghosts of Tabor","PPSA24677","PS5","Нет","875,00 TL","Ghosts of Tabor Starter Pack: 1.634,00 TL; Ghosts of Tabor: 875,00 TL","Нет","Нет","","https://store.playstation.com/en-tr/concept/10011844","2025-05-06","Shooter","PEGI_16"
"724","LEGO NINJAGO Movie Video Game","CUSA07744","PS4","Нет","2.099,00 TL","","Нет","Да","PS Plus Extra","https://store.playstation.com/en-tr/concept/228782","2017-09-21","Action","PEGI_7"
"725","Assassin's Creed Syndicate","CUSA02376","PS4","Нет","1.749,00 TL","Assassin's Creed Triple Pack: Black Flag, Unity, Syndicate: 2.799,00 TL; Assassin's Creed® Syndicate Gold Edition: 1.749,00 TL","Нет","Нет","PS Plus Extra","https://store.playstation.com/en-tr/concept/212339","2015-10-22","Adventure","PEGI_18"
"726","Moss: The Forgotten Relic","PPSA33965","PS5","Нет","816,00 TL","Moss: The Forgotten Relic: 816,00 TL; Moss Franchise Bundle: 2.349,00 TL","Нет","Нет","","https://store.playstation.com/en-tr/concept/10017247","2026-07-16","Adventure","PEGI_7"
"727","EA SPORTS WRC 24","PPSA06092","PS5","Нет","1.799,99 TL","","Нет","Нет","EA Access","https://store.playstation.com/en-tr/concept/10004258","2023-10-31","Driving/Racing","PEGI_3"
"728","Sonic Origins","PPSA05325","PS4, PS5","Нет","682,50 TL","Standard Edition: 682,50 TL; Plus Edition: 863,39 TL","Нет","Да","","https://store.playstation.com/en-tr/concept/10003797","2022-06-22","Action","PEGI_3"
"729","Planet Coaster 2","PPSA19633","PS5","Нет","1.749,00 TL","Deluxe Edition: 2.275,00 TL","Нет","Нет","PS Plus Extra","https://store.playstation.com/en-tr/concept/10009610","2024-11-06","Simulation","PEGI_3"
"730","Nioh 2 Remastered – The","PPSA02486","PS4, PS5","Нет","459,00 TL","Nioh 2: 1.399,00 TL; The Complete Edition: 459,00 TL; The Nioh Collection: 619,00 TL","Нет","Да","","https://store.playstation.com/en-tr/concept/234389","2021-02-04","Unique","PEGI_18"
"731","Moss VR","PPSA09676","PS5","Нет","515,50 TL","Moss and Moss II VR Bundle: 838,00 TL","Нет","Нет","","https://store.playstation.com/en-tr/concept/229162","2023-02-21","Puzzle","PEGI_7"
"732","Darksiders III","CUSA08798","PS4","Нет","1.399,00 TL","Darksiders III Digital Deluxe Edition: 1.749,00 TL; Darksiders III Blades & Whip Edition: 2.799,00 TL; Darksiders III: 1.399,00 TL","Нет","Нет","","https://store.playstation.com/en-tr/concept/227688","2018-11-26","Action","PEGI_16"
"733","Disciples: Domination","PPSA28665","PS5","Нет","2.149,00 TL","Standard Edition: 2.149,00 TL; Deluxe Edition: 1.934,25 TL","Нет","Да","","https://store.playstation.com/en-tr/concept/10012987","2026-02-12","Role Playing Games","PEGI_12"
"734","Walkabout Mini Golf","PPSA13903","PS5","Нет","1.079,00 TL","Standard: 1.079,00 TL; Walkabout Mini Golf - Fan Favorites Edition: 1.749,00 TL; Whole In One - Summer 2026: 2.999,00 TL","Нет","Нет","","https://store.playstation.com/en-tr/concept/10003851","2023-05-11","Casual","PEGI_3"
"735","Kingdom Heritage Bundle","CUSA13501","PS4, PS5","Нет","875,00 TL","Heritage Bundle: 875,00 TL; Olympus Edition: 945,00 TL; Kingdom Two Crowns: 665,00 TL; Essentials Pack: 1.049,00 TL; Coronation Collection: 1.749,00 TL","Нет","Да","","https://store.playstation.com/en-tr/concept/232735","2024-05-14","Arcade","PEGI_7"
"736","Evil West","PPSA02371","PS4, PS5","Нет","2.799,00 TL","","Нет","Да","","https://store.playstation.com/en-tr/concept/10001902","2022-11-21","Shooter","PEGI_18"
"737","Bassmaster Fishing PS4 and","PPSA04071","PS4, PS5","Нет","649,00 TL","Bassmaster® Fishing PS4™ and PS5™: 649,00 TL; Bassmaster® Fishing: Deluxe Edition PS4™ and PS5™: 849,00 TL; Super Deluxe Edition: 259,80 TL; Digital Collector's Edition: 1.499,00 TL","Нет","Да","","https://store.playstation.com/en-tr/concept/10002150","2021-10-27","Sport","PEGI_3"
"738","Trailmakers","PPSA08379","PS4, PS5","Нет","1.049,00 TL","Trailmakers: 1.049,00 TL; Booster Edition: 1.229,00 TL; Deluxe Edition: 1.749,00 TL; Ultimate Edition: 3.849,00 TL","Нет","Да","","https://store.playstation.com/en-tr/concept/235234","2022-12-08","Driving/Racing","PEGI_7"
"739","Tales of Gracesf","PPSA19990","PS4, PS5","Нет","1.399,00 TL","Standard Edition: 1.399,00 TL; Deluxe Edition: 2.099,00 TL","Нет","Да","","https://store.playstation.com/en-tr/concept/10009737","2025-01-16","Role Playing Games","PEGI_12"
"740","Moving Out","CUSA17675","PS4","Нет","879,00 TL","Moving Out: 879,00 TL; Deluxe Edition: 1.049,00 TL","Нет","Да","","https://store.playstation.com/en-tr/concept/235065","2020-05-11","Unique","PEGI_3"
"741","Garten of Banban","PPSA22370","PS5","Нет","69,00 TL","Garten of Banban Bundle: 0 + 1 + 2 + 3 + 4 + 6 + 7 + 8: 2.149,00 TL; Garten of Banban Bundle: 699,00 TL; Garten of Banban: 69,00 TL; Garten of Banban Bundle: 0 + 1 + 2 + 3 + 4 + 6 + 7 + 8: 2.149,00 TL; Garten of Banban Bundle: 699,00 TL; Garten of Banban: 69,00 TL","Нет","Да","","https://store.playstation.com/en-tr/concept/10010716","2024-05-30","Horror","PEGI_12"
"742","Highway Police Simulator","PPSA21260","PS5","Нет","1.299,00 TL","Standard Edition: 1.299,00 TL; S.W.A.T. Edition: 1.499,00 TL","Нет","Нет","","https://store.playstation.com/en-tr/concept/10010265","2024-12-05","Simulator","PEGI_12"
"743","Who Wants to Be a Millionaire? – New Edition","PPSA04932","PS5","Нет","279,80 TL","Who Wants to Be a Millionaire? – New Edition PS5: 279,80 TL; Who Wants to Be a Millionaire? - Complete Edition: 315,00 TL; Final Answer Edition: 429,80 TL; Who Wants to Be a Millionaire? PS4: 279,80 TL; Who Wants to Be a Millionaire? - Complete Edition: 315,00 TL","Нет","Нет","","https://store.playstation.com/en-tr/concept/10001104","2021-12-01","Family","PEGI_3"
"744","DYSMANTLE","PPSA05134","PS4, PS5","Нет","499,00 TL","","Нет","Да","","https://store.playstation.com/en-tr/concept/233450","2022-01-19","Adventure","PEGI_12"
"745","Barbie Project Friendship","PPSA17465","PS4, PS5","Нет","1.399,00 TL","","Нет","Нет","","https://store.playstation.com/en-tr/concept/10008807","2024-10-24","Family","PEGI_3"
"746","FATAL FURY: City of the Wolves","PPSA19359","PS4, PS5","Нет","849,00 TL","Standard Edition: 849,00 TL; Revenge Edition: 2.149,00 TL; Legend Edition: 1.749,00 TL","Нет","Да","","https://store.playstation.com/en-tr/concept/10009499","2025-04-23","Fighting","PEGI_12"
"747","ONCE HUMAN (Free to Play) Starter Pack (Pre-Order Bundle)","PPSA31219","PS5","Да","515,00 TL","ONCE HUMAN (Free to Play) Starter Pack (Pre-Order Bundle): 515,00 TL; ONCE HUMAN (Free to Play) Radiance Pack (Pre-Order Bundle): 774,00 TL","Нет","Нет","","https://store.playstation.com/en-tr/concept/10015762","2026-08-25","Shooter","PEGI_18"
"748","MindsEye","PPSA28209","PS5","Нет","1.499,00 TL","Deluxe Edition: 584,70 TL","Нет","Да","","https://store.playstation.com/en-tr/concept/10014002","2025-06-10","Action","PEGI_18"
"749","NEW MONOPOLY","PPSA17419","PS4, PS5","Нет","1.049,00 TL","","Нет","Да","PS Plus Extra","https://store.playstation.com/en-tr/concept/10008585","2024-09-25","Party","PEGI_3"
"750","Hades","PPSA03711","PS4, PS5","Нет","879,00 TL","","Нет","Да","","https://store.playstation.com/en-tr/concept/10002648","2021-08-12","Action","PEGI_12"
"751","PAYDAY 2","CUSA50542","PS4","Нет","699,00 TL","","Нет","Нет","","https://store.playstation.com/en-tr/concept/231035","2024-09-30","Shooter","PEGI_18"
"752","Ancestors: The Humankind Odyssey","CUSA13248","PS4","Нет","1.749,00 TL","","Нет","Да","","https://store.playstation.com/en-tr/concept/232664","2019-12-05","Adventure","PEGI_16"
"753","Brotato","PPSA17624","PS4, PS5","Нет","175,00 TL","","Нет","Да","","https://store.playstation.com/en-tr/concept/10007282","2024-01-30","Action","PEGI_7"
"754","Is This Seat Taken?","PPSA37001","PS5","Нет","300,30 TL","","Нет","Да","","https://store.playstation.com/en-tr/concept/10017990","2026-08-06","Puzzle","PEGI_3"
"755","The Legend of Heroes: Trails of Cold Steel III / The Legend of Heroes: Trails of Cold Steel IV","PPSA17673","PS5","Нет","1.749,00 TL","Trails of Cold Steel III/IV: 2.499,00 TL; Standard: 1.749,00 TL; Trails of Cold Steel III Digital Deluxe Edition: 2.799,00 TL; The Legend of Heroes: Trails of Cold Steel III: 2.579,00 TL","Нет","Нет","","https://store.playstation.com/en-tr/concept/228455","2024-02-16","Music/Rhythm","PEGI_12"
"756","LEGO Voyagers","PPSA23732","PS4, PS5","Нет","1.079,00 TL","LEGO® Voyagers: 1.079,00 TL","Нет","Да","","https://store.playstation.com/en-tr/concept/10011346","2025-09-15","Puzzle","PEGI_3"
"757","WHAT THE GOLF?","PPSA07441","PS4, PS5","Нет","595,00 TL","","Нет","Да","","https://store.playstation.com/en-tr/concept/10002260","2024-03-14","Casual","PEGI_3"
"758","Shin Megami Tensei V: Vengeance","PPSA15717","PS4, PS5","Нет","2.499,00 TL","Digital Deluxe Edition: 2.999,00 TL","Нет","Да","","https://store.playstation.com/en-tr/concept/10007941","2024-06-13","Role Playing Games","PEGI_16"
"759","Apollo Justice: Ace Attorney Trilogy","CUSA37737","PS4","Нет","1.749,00 TL","Apollo Justice: Ace Attorney Trilogy: 1.749,00 TL; Ace Attorney Anthology: 2.579,00 TL","Нет","Нет","","https://store.playstation.com/en-tr/concept/10006390","2024-01-24","Adventure","PEGI_12"
"760","Carmageddon: Rogue Shift","PPSA31881","PS5","Нет","1.136,85 TL","","Нет","Да","","https://store.playstation.com/en-tr/concept/10016169","2026-02-05","Driving/Racing","PEGI_16"
"761","Barbie Horse Trails","PPSA23663","PS4, PS5","Нет","1.749,00 TL","","Нет","Нет","","https://store.playstation.com/en-tr/concept/10011309","2025-10-09","Adventure","PEGI_3"
"762","Dora: Rainforest Rescue","PPSA26396","PS4, PS5","Нет","1.749,00 TL","","Нет","Нет","","https://store.playstation.com/en-tr/concept/10012806","2025-10-23","Family","PEGI_3"
"763","Bluey's Quest for the Gold Pen","PPSA35381","PS5","Нет","1.749,00 TL","","Нет","Да","","https://store.playstation.com/en-tr/concept/10018059","2026-05-28","Adventure","PEGI_3"
"764","Ghost Master: Resurrection","PPSA34038","PS5","Нет","1.079,00 TL","","Да","Да","","https://store.playstation.com/en-tr/concept/10017245","2026-03-19","Strategy","PEGI_12"
"765","COPA CITY","PPSA24149","PS5","Нет","1.299,00 TL","Standard Edition: 1.299,00 TL; Deluxe Edition: 1.749,00 TL","Нет","Да","","https://store.playstation.com/en-tr/concept/10011541","2026-06-15","Strategy","PEGI_3"
"766","My Singing Monsters Playground","CUSA30440","PS4","Нет","1.749,00 TL","","Нет","Да","","https://store.playstation.com/en-tr/concept/10003771","2021-11-11","Family","PEGI_3"
"767","NASCAR 25","PPSA28723","PS5","Нет","1.749,00 TL","Standard Edition: 1.749,00 TL; Gold Edition: 2.149,00 TL","Нет","Нет","","https://store.playstation.com/en-tr/concept/10014332","2025-10-13","Sport","PEGI_3"
"768","PAW Patrol: Grand Prix","PPSA05521","PS4, PS5","Нет","1.049,00 TL","Complete Edition: 629,00 TL","Нет","Нет","PS Plus Extra","https://store.playstation.com/en-tr/concept/10003932","2022-09-29","Family","PEGI_3"
"769","Truck Driver: The American Dream","PPSA14312","PS5","Нет","874,50 TL","","Нет","Нет","","https://store.playstation.com/en-tr/concept/10007558","2023-09-25","Simulation","PEGI_12"
"770","Horizon Chase 2","PPSA12772","PS4, PS5","Нет","875,00 TL","","Нет","Да","","https://store.playstation.com/en-tr/concept/10006999","2024-05-30","Driving/Racing","PEGI_3"
"772","The Elf on the Shelf: Christmas Heroes","PPSA26093","PS4, PS5","Нет","1.749,00 TL","","Нет","Нет","","https://store.playstation.com/en-tr/concept/10012599","2025-10-16","Family","PEGI_3"
"773","BEYOND: Two Souls","CUSA00513","PS4","Нет","1.299,00 TL","The Heavy Rain™ & BEYOND: Two Souls™ Collection: 1.749,00 TL","Нет","Нет","","https://store.playstation.com/en-tr/concept/200599","2015-11-25","Action","PEGI_16"
"774","DARK SOULS II: Scholar of the First Sin","CUSA01589","PS4","Нет","1.299,00 TL","","Нет","Да","","https://store.playstation.com/en-tr/concept/226237","2015-04-01","Adventure","PEGI_16"
"775","The Relic: First Guardian","PPSA20946","PS5","Нет","2.149,00 TL","","Нет","Да","","https://store.playstation.com/en-tr/concept/10010147","2026-07-30","Action","PEGI_16"
"776","Solasta: Crown of the Magister","PPSA17744","PS5","Нет","1.049,00 TL","Standard Edition: 1.049,00 TL; Lightbringers Edition: 2.099,00 TL","Нет","Да","","https://store.playstation.com/en-tr/concept/10008805","2024-03-06","Role Playing Games","PEGI_16"
"777","The Bus","PPSA33295","PS5","Нет","1.749,00 TL","","Нет","Да","","https://store.playstation.com/en-tr/concept/10016957","2026-03-26","Simulation","PEGI_3"
"778","Instant Sports 2","PPSA35533","PS5","Нет","1.299,00 TL","","Нет","Нет","","https://store.playstation.com/en-tr/concept/10018301","2026-07-16","Sport","PEGI_7"
"779","PAW Patrol Rescue Wheels: Championship","PPSA27188","PS4, PS5","Нет","1.749,00 TL","","Нет","Нет","","https://store.playstation.com/en-tr/concept/10013289","2025-10-23","Family","PEGI_3"
"780","SUPER BOMBERMAN R 2","PPSA07191","PS4, PS5","Нет","1.749,00 TL","","Нет","Да","","https://store.playstation.com/en-tr/concept/10004838","2023-09-13","Party","PEGI_7"
"781","Trepang2","PPSA15349","PS5","Нет","1.199,00 TL","Trepang2: 1.199,00 TL; Digital Deluxe Edition: 179,75 TL","Нет","Да","","https://store.playstation.com/en-tr/concept/10007968","2023-10-01","Shooter","PEGI_18"
"782","Quake II","PPSA09478","PS4, PS5","Нет","174,91 TL","Quake II: 174,91 TL; Quake 1 & 2 Bundle PS5: 525,00 TL","Нет","Да","","https://store.playstation.com/en-tr/concept/10005715","2023-08-10","Shooter","PEGI_18"
"783","Brothers: a Tale of two Sons","CUSA02305","PS4","Нет","849,00 TL","","Нет","Да","","https://store.playstation.com/en-tr/concept/200617","2015-08-11","Action","PEGI_16"
"784","Choo-Choo Charles","PPSA17339","PS5","Нет","849,00 TL","Choo-Choo Charles: 849,00 TL; Choo-Choo Charles: 849,00 TL","Нет","Да","","https://store.playstation.com/en-tr/concept/10008639","2023-12-21","Horror","PEGI_16"
"785","Fran Bow","CUSA41317","PS4","Нет","849,00 TL","","Нет","Да","","https://store.playstation.com/en-tr/concept/10007382","2023-04-27","Adventure","PEGI_16"
"786","Cozy Grove Camp Spirit","PPSA38133","PS4, PS5","Нет","849,00 TL","","Нет","Нет","","https://store.playstation.com/en-tr/concept/10019291","2026-07-15","Adventure","PEGI_3"
"787","Hardspace: Shipbreaker","PPSA07300","PS5","Нет","1.749,00 TL","","Нет","Да","","https://store.playstation.com/en-tr/concept/10001523","2022-09-20","Simulation","PEGI_12"
"788","Luto","PPSA17181","PS5","Нет","849,00 TL","","Нет","Да","","https://store.playstation.com/en-tr/concept/10008690","2025-07-21","Horror","PEGI_18"
"789","Outer Wilds","PPSA08102","PS4, PS5","Нет","879,00 TL","Archaeologist Edition: 1.399,00 TL; Outer Wilds: 879,00 TL","Нет","Да","","https://store.playstation.com/en-tr/concept/229826","2022-09-15","Unique","PEGI_7"
"790","The Lord of the Rings: Gollum","PPSA06366","PS4, PS5","Нет","209,80 TL","Precious Edition: 279,80 TL","Нет","Да","","https://store.playstation.com/en-tr/concept/10003139","2023-05-25","Adventure","PEGI_16"
"791","Ratchet & Clank","CUSA01073","PS4","Нет","849,00 TL","","Нет","Да","","https://store.playstation.com/en-tr/concept/214653","2016-04-19","Action","PEGI_7"
"792","Crime Simulator","PPSA31325","PS5","Нет","849,00 TL","Crime Simulator x UBOAT: 1.749,00 TL; Crime Simulator x Thief Simulator 2: 1.299,00 TL; Crime Simulator x Tavern Manager Simulator: 1.299,00 TL; Crime Simulator x Ship Graveyard Simulator 2: 1.749,00 TL; Crime Simulator x Drug Dealer Simulator: 1.499,00 TL; Crime Simulator: 849,00 TL","Нет","Да","","https://store.playstation.com/en-tr/concept/10015827","2026-04-09","Action","PEGI_18"
"793","DUCATI - 90th Anniversary","CUSA05245","PS4","Нет","42,90 TL","","Нет","Нет","","https://store.playstation.com/en-tr/concept/221676","2016-06-08","Driving/Racing","PEGI_3"
"794","Tony Hawk's Pro Skater 1 + 2 - Cross-Gen Deluxe Bundle","PPSA02177","PS4, PS5","Нет","1.599,00 TL","Tony Hawk's™ Pro Skater™ 1 + 2: 113,49 TL; Tony Hawk's™ Pro Skater™ 1 + 2 - Cross-Gen Deluxe Bundle: 1.599,00 TL","Нет","Нет","","https://store.playstation.com/en-tr/concept/235168","2021-03-25","Sport","PEGI_12"
"795","Biped","PPSA24591","PS4, PS5","Нет","78,75 TL","Bipedal Party: 1.079,00 TL","Нет","Да","PS Plus Extra","https://store.playstation.com/en-tr/concept/10000494","2024-12-17","Adventure","PEGI_3"
"796","BMX Streets","PPSA16467","PS5","Нет","1.246,00 TL","","Нет","Да","","https://store.playstation.com/en-tr/concept/10008379","2026-02-18","Simulation","PEGI_12"
"797","UBOAT","PPSA26991","PS5","Нет","1.299,00 TL","","Нет","Да","","https://store.playstation.com/en-tr/concept/10013144","2025-09-17","Action","PEGI_18"
"798","Onimusha 2: Samurai's Destiny","CUSA49799","PS4","Нет","1.299,00 TL","Onimusha 2: 1.299,00 TL; Onimusha 1+2 Pack: 838,00 TL","Нет","Да","","https://store.playstation.com/en-tr/concept/10011533","2025-05-22","Action","PEGI_16"
"799","Revenge of the Savage Planet","PPSA20154","PS4, PS5","Нет","1.299,00 TL","The Cosmic Hoarder Edition: 1.224,30 TL","Нет","Нет","","https://store.playstation.com/en-tr/concept/10009791","2025-05-08","Adventure","PEGI_12"
"800","System Shock 2: 25th Anniversary Remaster","PPSA26809","PS4, PS5","Нет","714,45 TL","","Нет","Нет","","https://store.playstation.com/en-tr/concept/10013043","2025-07-10","Shooter","PEGI_16"
"801","Anomaly Agent","PPSA26184","PS4, PS5","Нет","57,00 TL","","Нет","Да","","https://store.playstation.com/en-tr/concept/10011310","2024-11-15","Action","PEGI_12"
"802","Battle Brothers","CUSA28064","PS4","Нет","367,50 TL","Battle Brothers: 367,50 TL; Complete Edition: 1.289,50 TL","Нет","Нет","","https://store.playstation.com/en-tr/concept/10002849","2022-01-13","Action","PEGI_12"
"803","EA SPORTS College Football 27","PPSA32814","PS5","Нет","3.999,00 TL","Standard Edition: 3.999,00 TL; EA SPORTS™ Kickoff Bundle: 5.499,00 TL; Deluxe Edition: 5.499,00 TL; MVP Bundle: 7.999,00 TL","Нет","Нет","EA Access","https://store.playstation.com/en-tr/concept/10016592","2026-07-09","Sport","PEGI_3"
"804","Nickelodeon Extreme Tennis: Next!","PPSA34342","PS5","Нет","714,45 TL","","Нет","Да","","https://store.playstation.com/en-tr/concept/10017544","2026-05-27","Sport","PEGI_3"
"805","Tennis On-Court","PPSA15911","PS5","Нет","299,75 TL","","Нет","Нет","","https://store.playstation.com/en-tr/concept/10008168","2023-10-17","Sport","PEGI_3"
"806","Tiny Tina's Wonderlands","PPSA01493","PS4, PS5","Нет","1.048,99 TL","Next-Level Edition: 1.048,99 TL; Chaotic Great Edition: 1.399,01 TL","Нет","Да","","https://store.playstation.com/en-tr/concept/10000818","2022-03-24","Shooter","PEGI_16"
"807","Pathfinder: Wrath of the Righteous","PPSA15870","PS4, PS5","Нет","174,75 TL","Narrative-Rich CRPG Bundle: 1.119,60 TL; Game of the Year Edition: 437,25 TL","Нет","Да","PS Plus Extra","https://store.playstation.com/en-tr/concept/10003238","2024-03-28","Role Playing Games","PEGI_16"
"808","Street Fighter 30th","CUSA07997","PS4","Нет","1.049,00 TL","","Нет","Нет","","https://store.playstation.com/en-tr/concept/229406","2018-05-28","Arcade","PEGI_12"
"809","South Park: The Fractured but Whole","CUSA04323","PS4","Нет","1.049,00 TL","Bundle: South Park™ : The Stick of Truth™ + The Fractured but Whole™: 2.099,00 TL","Нет","Нет","PS Plus Extra","https://store.playstation.com/en-tr/concept/216489","2018-01-31","Role Playing Games","PEGI_18"
"810","Who's Your Daddy?!","PPSA17571","PS4, PS5","Нет","349,00 TL","","Нет","Нет","","https://store.playstation.com/en-tr/concept/10007749","2024-05-01","Action","PEGI_16"
"811","Death Relives","PPSA10639","PS5","Нет","1.079,00 TL","Death Relives: 1.079,00 TL; Death Relives: 549,00 TL","Нет","Да","","https://store.playstation.com/en-tr/concept/10006282","2025-07-26","Horror","PEGI_18"
"812","MARVEL Cosmic Invasion","PPSA29629","PS4, PS5","Нет","1.299,00 TL","MARVEL Cosmic Invasion: 1.299,00 TL","Нет","Да","","https://store.playstation.com/en-tr/concept/10012545","2025-12-01","Action","PEGI_12"
"813","Mixtape","PPSA29453","PS5","Нет","816,00 TL","","Нет","Да","","https://store.playstation.com/en-tr/concept/10014780","2026-05-07","Adventure","PEGI_16"
"814","Kao the Kangaroo","PPSA05594","PS5","Нет","157,35 TL","Kao the Kangaroo: 157,35 TL; Anniversary Edition: 259,80 TL; A Well Good Bundle: 229,80 TL; Kao the Kangaroo: 157,35 TL; Anniversary Edition: 259,80 TL; A Well Good Bundle: 229,80 TL","Нет","Да","","https://store.playstation.com/en-tr/concept/10003980","2022-05-27","Action","PEGI_7"
"815","Sally Face","CUSA29626","PS4","Нет","181,17 TL","","Нет","Да","","https://store.playstation.com/en-tr/concept/10003140","2022-04-14","Horror","PEGI_16"
"816","Journey to Foundation","PPSA16399","PS5","Нет","1.634,00 TL","","Нет","Нет","","https://store.playstation.com/en-tr/concept/10008018","2023-10-26","Adventure","PEGI_16"
"817","MAVRIX by Matt Jones","PPSA33856","PS5","Нет","1.499,00 TL","","Нет","Нет","","https://store.playstation.com/en-tr/concept/10017196","2026-01-22","Sport","PEGI_3"
"818","GigaBash","PPSA06097","PS4, PS5","Нет","377,65 TL","","Нет","Да","","https://store.playstation.com/en-tr/concept/10003301","2022-08-04","Action","PEGI_12"
"819","Darwin's Paradox!","PPSA36024","PS5","Нет","1.079,00 TL","Darwin's Paradox!: 1.079,00 TL","Нет","Нет","","https://store.playstation.com/en-tr/concept/10014258","2026-04-02","Adventure","PEGI_7"
"820","NBA THE RUN","PPSA24545","PS5","Нет","1.079,00 TL","Standard Edition: 1.079,00 TL; Deluxe Edition: 1.499,00 TL","Нет","Нет","","https://store.playstation.com/en-tr/concept/10011746","2026-06-09","Sport","PEGI_3"
"821","Sudden Strike 4","CUSA06994","PS4","Нет","849,00 TL","Sudden Strike 4: Complete Collection: 1.399,00 TL; Sudden Strike 4: 849,00 TL","Да","Да","","https://store.playstation.com/en-tr/concept/227471","2017-08-10","Strategy","PEGI_16"
"822","Metal: Hellsinger VR","PPSA22617","PS5","Нет","1.049,00 TL","Metal: Hellsinger VR: 1.049,00 TL; Complete Edition: 1.399,00 TL","Нет","Да","","https://store.playstation.com/en-tr/concept/10010811","2024-10-03","Shooter","PEGI_16"
"823","Crysis 2","CUSA18672","PS4","Нет","749,00 TL","","Да","Да","","https://store.playstation.com/en-tr/concept/10000351","2021-10-15","Action","PEGI_16"
"824","Snow Bros.","PPSA26760","PS5","Нет","649,00 TL","Snow Bros. Classic Collection: 649,00 TL; Snow Bros. Classic Collection: 649,00 TL","Нет","Нет","","https://store.playstation.com/en-tr/concept/10013023","2026-02-05","Arcade","PEGI_3"
"825","Outbound","PPSA31599","PS5","Нет","649,00 TL","","Нет","Да","","https://store.playstation.com/en-tr/concept/10016008","2026-05-14","Adventure","PEGI_3"
"826","Minecraft Legends","PPSA05510","PS4, PS5","Нет","1.749,00 TL","Minecraft Legends: 1.749,00 TL; Minecraft Legends Deluxe Edition: 2.149,00 TL","Да","Да","","https://store.playstation.com/en-tr/concept/10000771","2023-04-18","Strategy","PEGI_7"
"827","Tekken 6","PPSA07708","PS4, PS5","Нет","429,00 TL","","Нет","Нет","","https://store.playstation.com/en-tr/concept/10005101","2023-10-17","Fighting","PEGI_16"
"828","One Piece Pirate Warriors 3","CUSA01742","PS4","Нет","69,90 TL","One Piece Pirate Warriors 3 - Gold Edition: 1.749,00 TL; One Piece Pirate Warriors 3: 69,90 TL","Нет","Нет","","https://store.playstation.com/en-tr/concept/203284","2015-08-27","Action","PEGI_12"
"829","Uncharted 2: Among Thieves","CUSA03281","PS4","Нет","649,00 TL","","Да","Да","","https://store.playstation.com/en-tr/concept/228659","2016-11-16","Action","PEGI_16"
"830","Granblue Fantasy: Relink","PPSA06955","PS4, PS5","Нет","1.749,00 TL","EndlessRagnarok STD Edition: 2.579,00 TL; EndlessRagnarok SP Edition: 3.449,00 TL","Нет","Нет","PS Plus Extra","https://store.playstation.com/en-tr/concept/229066","2024-01-28","Role Playing Games","PEGI_12"
"831","We Love Katamari REROLL+ Royal Reverie","PPSA08951","PS4, PS5","Нет","1.575,00 TL","Standard Edition: 1.575,00 TL; Special Edition: 2.099,00 TL","Нет","Нет","","https://store.playstation.com/en-tr/concept/10005624","2023-06-01","Action","PEGI_3"
"832","Dead Island 2","PPSA03099","PS4, PS5","Нет","1.749,00 TL","Ultimate Edition: 2.499,00 TL; Series Bundle: 769,80 TL","Нет","Да","PS Plus Extra","https://store.playstation.com/en-tr/concept/201061","2023-04-20","Adventure","PEGI_18"
"833","Monopoly: Star Wars Heroes vs. Villains","PPSA29182","PS5","Нет","1.049,00 TL","","Нет","Да","","https://store.playstation.com/en-tr/concept/10014632","2026-06-29","Family","PEGI_7"
"834","Maneater","PPSA01862","PS4, PS5","Нет","1.399,00 TL","Maneater Apex Edition: 1.749,00 TL","Да","Да","PS Plus Extra","https://store.playstation.com/en-tr/concept/233202","2020-11-11","Action","PEGI_18"
"835","Prey","CUSA06559","PS4","Нет","1.049,00 TL","Deluxe Edition: 1.399,00 TL","Да","Да","PS Plus Extra","https://store.playstation.com/en-tr/concept/224929","2017-05-04","Shooter","PEGI_18"
"836","Liftoff: Drone Racing","CUSA17700","PS4","Нет","879,00 TL","Liftoff: Drone Racing: 879,00 TL; Deluxe Edition: 1.299,00 TL","Нет","Да","","https://store.playstation.com/en-tr/concept/235077","2020-11-10","Driving/Racing","PEGI_3"
"837","GORN 2","PPSA28243","PS5","Нет","297,15 TL","GORN Collection: 1.499,00 TL; GORN 2: 297,15 TL","Нет","Да","","https://store.playstation.com/en-tr/concept/10014031","2025-07-14","Action","PEGI_18"
"838","Hello Neighbor: Search and Rescue","PPSA11061","PS4, PS5","Нет","1.049,00 TL","Hello Neighbor: Search and Rescue: 1.049,00 TL","Нет","Да","","https://store.playstation.com/en-tr/concept/10006454","2023-05-24","Puzzle","PEGI_7"
"839","Buffet Boss","CUSA59673","PS4","Нет","128,50 TL","Platinum Supporter: 128,50 TL; Complete Editions: 300,50 TL; Complete Edition: 214,50 TL; Starter Bundle: 128,50 TL","Нет","Нет","","https://store.playstation.com/en-tr/concept/10020059","2026-07-17","Simulation","PEGI_3"
"840","FINAL FANTASY VI","CUSA33838","PS4","Нет","629,00 TL","FINAL FANTASY VI: 629,00 TL; FINAL FANTASY I–VI Bundle: 2.599,00 TL","Нет","Да","","https://store.playstation.com/en-tr/concept/10002344","2023-04-19","Role Playing Games","PEGI_7"
"841","The Boys","PPSA34904","PS5","Нет","1.160,00 TL","","Нет","Нет","","https://store.playstation.com/en-tr/concept/10017892","2026-06-09","Action","PEGI_18"
"842","Forspoken","PPSA03984","PS5","Нет","2.499,00 TL","Standard Edition: 2.499,00 TL; Digital Deluxe Upgrade: 220,00 TL; Digital Deluxe Edition: 919,00 TL","Нет","Да","","https://store.playstation.com/en-tr/concept/10000846","2023-01-23","Action","PEGI_18"
"843","The Binding of Isaac: Repentance","PPSA05619","PS5","Нет","2.579,00 TL","","Нет","Нет","","https://store.playstation.com/en-tr/concept/10002630","2021-11-04","Action","PEGI_16"
"844","Chained Climb Together","PPSA32514","PS5","Нет","128,50 TL","Chained Climb Together: 128,50 TL; Chained Climb Together: 209,00 TL","Нет","Нет","","https://store.playstation.com/en-tr/concept/10011839","2025-10-01","Casual","PEGI_3"
"845","L. A. Noire","CUSA09172","PS4","Нет","169,00 TL","","Нет","Да","GTA+","https://store.playstation.com/en-tr/concept/229788","2017-11-13","Action","PEGI_18"
"846","Tony Hawk's Pro Skater 3 + 4","PPSA18010","PS4, PS5","Нет","1.799,40 TL","TH34R Cross-Gen: 1.080,00 TL; TH12R+TH34R Standard: 1.799,40 TL; TH34R Deluxe: 2.520,00 TL; TH12R+TH34R Deluxe: 3.999,00 TL","Нет","Нет","","https://store.playstation.com/en-tr/concept/10009018","2025-07-07","Sport","PEGI_12"
"847","TRAIL OUT","PPSA24855","PS5","Нет","1.299,00 TL","","Да","Да","","https://store.playstation.com/en-tr/concept/10011514","2026-03-05","Driving/Racing","PEGI_16"
"848","Alien: Rogue Incursion","PPSA30391","PS5","Нет","1.079,00 TL","Standard: 1.079,00 TL; Deluxe: 1.499,00 TL","Нет","Да","","https://store.playstation.com/en-tr/concept/10015301","2025-09-30","Action","PEGI_18"
"849","Contra: Operation Galuga","PPSA15368","PS4, PS5","Нет","1.399,00 TL","Standard Edition: 1.399,00 TL; Contra Run & Gun Bundle: 1.949,00 TL","Нет","Да","","https://store.playstation.com/en-tr/concept/10007962","2024-03-12","Shooter","PEGI_12"
"850","WRC Generations - Fully","PPSA07579","PS4, PS5","Нет","1.749,00 TL","Fully Loaded Edition: 1.749,00 TL","Нет","Да","","https://store.playstation.com/en-tr/concept/10004982","2022-11-03","Simulation","PEGI_3"
"851","Aliens: Fireteam Elite","PPSA03544","PS4, PS5","Нет","1.049,00 TL","Standard: 1.049,00 TL; Ultimate Edition: 2.099,00 TL; Into The Hive Edition: 349,75 TL","Нет","Да","","https://store.playstation.com/en-tr/concept/10002794","2021-08-23","Action","PEGI_16"
"852","Totally Reliable Delivery Service","PPSA28855","PS4, PS5","Нет","97,35 TL","Totally Reliable Delivery Service - Deluxe Edition: 1.160,00 TL","Нет","Да","PS Plus Extra","https://store.playstation.com/en-tr/concept/10000393","2025-10-22","Party","PEGI_3"
"853","Shieldwall","PPSA27104","PS5","Нет","774,00 TL","Shieldwall: 774,00 TL; Shieldwall: 774,00 TL","Нет","Да","","https://store.playstation.com/en-tr/concept/10011189","2025-02-07","Action","PEGI_12"
"854","The Smurfs - Village Party","PPSA21458","PS4, PS5","Нет","279,80 TL","The Smurfs - Village Party: 279,80 TL; Cartoon Party Collection - 3 in 1: 393,75 TL","Нет","Да","","https://store.playstation.com/en-tr/concept/10010362","2024-06-05","Party","PEGI_3"
"855","A.O.T. 2: Final Battle","CUSA08948","PS4","Нет","2.149,00 TL","Standard Edition: 2.149,00 TL; Deluxe Edition: 2.999,00 TL; Final Battle: 2.499,00 TL","Нет","Нет","","https://store.playstation.com/en-tr/concept/228896","2019-08-01","Action","PEGI_18"
"856","Batman: Return to Arkham","CUSA04607","PS4","Нет","1.749,00 TL","","Нет","Да","","https://store.playstation.com/en-tr/concept/216064","2016-10-20","Adventure","PEGI_16"
"857","Stranded Deep","CUSA18152","PS4","Нет","424,50 TL","","Нет","Нет","PS Plus Extra","https://store.playstation.com/en-tr/concept/232519","2020-04-20","Action","PEGI_16"
"858","Tour de France 2026","PPSA35448","PS5","Нет","1.504,30 TL","Standard Edition: 1.504,30 TL; Deluxe Edition: 1.805,30 TL","Нет","Нет","","https://store.playstation.com/en-tr/concept/10017761","2026-06-04","Sport","PEGI_3"
"859","Asterix & Obelix - Mission Babylon","PPSA30490","PS5","Нет","1.499,00 TL","","Нет","Да","","https://store.playstation.com/en-tr/concept/10015356","2025-10-29","Action","PEGI_7"
"860","Gaelic Football Laochra","PPSA28333","PS5","Нет","1.499,00 TL","","Нет","Нет","","https://store.playstation.com/en-tr/concept/10014080","2026-05-27","Sport","PEGI_3"
"861","CONTROL","PPSA01951","PS4, PS5","Нет","1.749,00 TL","CONTROL Ultimate Edition: 1.749,00 TL; Control: Ultimate Edition: 1.749,00 TL","Нет","Да","","https://store.playstation.com/en-tr/concept/231819","2021-02-01","Action","PEGI_16"
"862","Looney Tunes: Wacky World of Sports","PPSA19564","PS4, PS5","Нет","1.749,00 TL","Standard Edition: 1.749,00 TL; Deluxe Edition: 2.579,00 TL","Нет","Нет","","https://store.playstation.com/en-tr/concept/10009580","2024-09-26","Sport","PEGI_7"
"863","Human Anatomy VR","PPSA17932","PS5","Нет","1.499,00 TL","Human Anatomy VR — PS5: 1.499,00 TL; Human + Animal VR Bundle: 2.149,00 TL; Human Anatomy VR — PS4: 849,00 TL","Нет","Да","","https://store.playstation.com/en-tr/concept/233596","2023-07-23","Educational","PEGI_3"
"864","My Time at Sandrock","PPSA14718","PS4, PS5","Нет","1.499,00 TL","My Time at Sandrock: 1.499,00 TL; Deluxe Edition: 2.149,00 TL","Нет","Да","","https://store.playstation.com/en-tr/concept/10007685","2023-11-01","Adventure","PEGI_7"
"865","The Smurfs - Mission Vileaf","PPSA02876","PS5","Нет","131,85 TL","The Smurfs - Mission Vileaf: 131,85 TL; Childhood Heroes - 3 in 1: 437,25 TL; The Smurfs - Mission Vileaf: 131,85 TL","Нет","Да","","https://store.playstation.com/en-tr/concept/10002353","2021-12-01","Adventure","PEGI_3"
"866","Five Nights at Freddy's","CUSA18362","PS4","Нет","139,50 TL","","Нет","Да","","https://store.playstation.com/en-tr/concept/234740","2020-02-03","Horror","PEGI_12"
"867","Space Adventure Cobra - The Awakening","PPSA17337","PS5","Нет","1.399,00 TL","Space Adventure Cobra - The Awakening: 1.399,00 TL; Gold Edition: 1.575,00 TL","Нет","Нет","","https://store.playstation.com/en-tr/concept/10008749","2025-08-25","Action","PEGI_12"
"868","Uncharted: Drake's Fortune","CUSA03280","PS4","Нет","649,00 TL","","Да","Да","","https://store.playstation.com/en-tr/concept/228658","2016-11-16","Action","PEGI_16"
"869","Riven","PPSA28932","PS5","Нет","1.049,30 TL","","Нет","Да","","https://store.playstation.com/en-tr/concept/10014461","2026-05-19","Adventure","PEGI_12"
"870","Darkest Dungeon II","PPSA19591","PS4, PS5","Нет","630,00 TL","Resolute Edition PS4 & PS5: 1.160,55 TL; Oblivion Edition: 630,00 TL","Нет","Да","","https://store.playstation.com/en-tr/concept/10009597","2024-07-14","Role Playing Games","PEGI_12"
"871","Uncharted 3: Drake’s Deception","CUSA03282","PS4","Нет","649,00 TL","","Да","Да","","https://store.playstation.com/en-tr/concept/228660","2016-11-16","Action","PEGI_16"
"872","SimRail - The Railway Simulator","PPSA30103","PS5","Нет","1.499,00 TL","","Нет","Да","","https://store.playstation.com/en-tr/concept/10015137","2026-06-19","Simulation","PEGI_3"
"873","Terrinoth: Heroes of Descent","PPSA34062","PS5","Нет","1.499,00 TL","","Нет","Нет","","https://store.playstation.com/en-tr/concept/10017368","2026-06-07","Role Playing Games","PEGI_12"
"875","Trine 5: A Clockwork Conspiracy","PPSA14276","PS4, PS5","Нет","419,60 TL","","Нет","Да","","https://store.playstation.com/en-tr/concept/10007533","2023-08-30","Family","PEGI_12"
"876","Metal Gear Solid V: The Definitive Experience","CUSA05597","PS4","Нет","849,00 TL","","Нет","Да","","https://store.playstation.com/en-tr/concept/221722","2016-10-12","Action","PEGI_18"
"877","Offroad Truck Simulator: Heavy Duty Challenge","PPSA14200","PS5","Нет","1.499,00 TL","","Нет","Да","","https://store.playstation.com/en-tr/concept/10007555","2023-09-13","Simulator","PEGI_3"
"878","New Super Lucky's Tale","PPSA34823","PS5","Нет","1.039,20 TL","New Super Lucky's Tale: 1.039,20 TL; New Super Lucky's Tale: 1.299,00 TL","Нет","Нет","","https://store.playstation.com/en-tr/concept/10000800","2026-03-26","Family","PEGI_3"
"879","The Lord of the Rings: Return to Moria","PPSA16618","PS5","Нет","350,00 TL","The Lord of the Rings: Return to Moria™ - Collector's Edition: 1.949,00 TL","Нет","Нет","PS Plus Extra","https://store.playstation.com/en-tr/concept/10008445","2023-12-04","Adventure","PEGI_12"
"880","Citadelum","PPSA22227","PS5","Нет","747,60 TL","","Нет","Да","","https://store.playstation.com/en-tr/concept/10010665","2026-03-05","Strategy","PEGI_16"
"881","Team Sonic Racing","CUSA11115","PS4","Нет","1.399,00 TL","Team Sonic Racing™: 1.399,00 TL; Team Sonic Racing & Super Monkey Ball: Banana Blitz HD: 489,00 TL","Нет","Да","","https://store.playstation.com/en-tr/concept/233441","2019-05-20","Driving/Racing","PEGI_3"
"882","Sniper Elite V2","CUSA12351","PS4","Нет","239,80 TL","","Нет","Да","","https://store.playstation.com/en-tr/concept/204338","2019-05-13","Action","PEGI_16"
"883","Life is Strange: Before the Storm Episode 1","CUSA08487","PS4","Нет","257,00 TL","Life is Strange: Before the Storm Episode 1: 257,00 TL; Life is Strange: Before the Storm Deluxe Edition: 1.079,00 TL; Life is Strange: Before the Storm Complete Season: 730,00 TL","Нет","Нет","","https://store.playstation.com/en-tr/concept/229439","2017-08-31","Action","PEGI_16"
"884","Amnesia: The Bunker","CUSA40995","PS4","Нет","175,00 TL","","Нет","Да","","https://store.playstation.com/en-tr/concept/10007451","2023-06-06","Horror","PEGI_18"
"885","Towerborne","PPSA29586","PS5","Нет","600,00 TL","Towerborne: 600,00 TL; Deluxe Edition: 1.200,00 TL","Нет","Да","","https://store.playstation.com/en-tr/concept/10014850","2026-02-26","Action","PEGI_12"
"886","Gori: Cuddly Carnage","PPSA07394","PS4, PS5","Нет","949,00 TL","Standard: 949,00 TL; Special Edition: 1.079,00 TL; Neon Edition: 839,00 TL; Dragon Edition: 769,00 TL","Нет","Нет","","https://store.playstation.com/en-tr/concept/10004945","2024-08-26","Action","PEGI_16"
"887","SAMURAI WARRIORS 4 Empires","CUSA03984","PS4","Нет","1.749,00 TL","","Нет","Нет","","https://store.playstation.com/en-tr/concept/229579","2016-04-07","Action","PEGI_12"
"888","Deep Rock Galactic","PPSA02962","PS4, PS5","Нет","314,70 TL","Standard Edition: 314,70 TL; Deluxe Edition: 1.365,00 TL; Ultimate Edition: 481,25 TL","Нет","Нет","","https://store.playstation.com/en-tr/concept/233449","2022-01-03","Shooter","PEGI_16"
"889","Leafy Corner","PPSA38021","PS5","Нет","429,00 TL","","Нет","Да","","https://store.playstation.com/en-tr/concept/10018355","2026-07-30","Simulation","PEGI_3"
"890","Five Nights at Freddy's: Help Wanted - Full","PPSA18329","PS5","Нет","367,15 TL","Five Nights at Freddy's: Help Wanted - Bundle: 524,65 TL","Нет","Да","PS Plus Extra","https://store.playstation.com/en-tr/concept/234277","2023-11-21","Horror","PEGI_12"
"891","Tank Mechanic Simulator - Reinforced","PPSA26307","PS5","Нет","1.079,00 TL","Tank Mechanic Simulator - Reinforced Ultimate: 1.590,00 TL; Tank Mechanic Simulator - Reinforced: 1.079,00 TL","Нет","Да","","https://store.playstation.com/en-tr/concept/10012731","2025-12-05","Simulation","PEGI_3"
"892","Disney•Pixar Toy Story 3","PPSA07374","PS4, PS5","Нет","429,00 TL","","Нет","Да","","https://store.playstation.com/en-tr/concept/10004937","2025-03-14","Action","PEGI_7"
"893","Sherlock Holmes: The Devil's Daughter","CUSA26518","PS4","Нет","139,90 TL","Sherlock Holmes Essential Bundle: 349,90 TL; Sherlock Holmes: The Devil's Daughter: 139,90 TL; Sherlock Holmes Bundle: 2.275,00 TL","Нет","Да","","https://store.playstation.com/en-tr/concept/10002297","2021-06-23","Adventure","PEGI_16"
"894","SUPER","PPSA30553","PS5","Нет","849,00 TL","","Нет","Нет","","https://store.playstation.com/en-tr/concept/10015390","2026-02-05","Party","PEGI_7"
"895","Castle Crashers","CUSA14537","PS4","Нет","219,00 TL","","Нет","Нет","","https://store.playstation.com/en-tr/concept/233119","2019-12-02","Arcade","PEGI_12"
"896","Stranger Things VR","PPSA22883","PS5","Нет","949,00 TL","","Нет","Нет","","https://store.playstation.com/en-tr/concept/10010650","2024-12-05","Adventure","PEGI_18"
"897","Metal: Hellsinger","PPSA01952","PS4, PS5","Нет","1.399,00 TL","Metal: Hellsinger (PS5): 1.399,00 TL; Complete Edition: 1.749,00 TL; Metal: Hellsinger (PS4): 1.049,00 TL","Нет","Да","","https://store.playstation.com/en-tr/concept/10001499","2022-09-15","Horror","PEGI_16"
"898","Waltz of the Wizard","PPSA13689","PS5","Нет","849,00 TL","","Нет","Нет","","https://store.playstation.com/en-tr/concept/10007299","2023-10-03","Action","PEGI_12"
"899","BALL x PIT","PPSA31872","PS5","Нет","649,00 TL","","Нет","Да","","https://store.playstation.com/en-tr/concept/10016190","2025-10-15","Arcade","PEGI_7"
"900","METAL GEAR SOLID: MASTER COLLECTION Vol.1","PPSA14364","PS4, PS5","Нет","599,00 TL","METAL GEAR SOLID 3: 395,00 TL; METAL GEAR SOLID 2: 395,00 TL; METAL GEAR SOLID: 484,00 TL; MASTER COLLECTION Vol.1: 599,00 TL","Нет","Нет","","https://store.playstation.com/en-tr/concept/10007607","2023-10-24","Action","PEGI_18"
"901","Teenage Mutant Ninja Turtles: Mutants Unleashed","PPSA17246","PS4, PS5","Нет","1.399,00 TL","Standard Edition: 1.399,00 TL; Digital Deluxe Edition: 1.749,00 TL","Нет","Нет","","https://store.playstation.com/en-tr/concept/10008636","2024-10-17","Family","PEGI_7"
"902","Wolfenstein: The New Order","CUSA00320","PS4","Нет","699,00 TL","","Нет","Да","PS Plus Extra","https://store.playstation.com/en-tr/concept/205292","2014-05-19","Shooter","PEGI_18"
"903","PAW Patrol World","PPSA09190","PS4, PS5","Нет","1.399,00 TL","","Нет","Нет","PS Plus Extra","https://store.playstation.com/en-tr/concept/10005670","2023-09-28","Action","PEGI_3"
"904","Arizona Sunshine VR Remake","PPSA21738","PS4, PS5","Нет","849,00 TL","VR Co-Apocalypse Bundle - Arizona Sunshine® VR Remake + After the Fall®: 1.299,00 TL; Arizona Sunshine® VR Remake: 849,00 TL; Arizona Sunshine® VR Legacy - Deluxe Edition: 849,00 TL; Arizona Sunshine® VR Legacy: 649,00 TL","Да","Да","","https://store.playstation.com/en-tr/concept/227097","2024-10-17","Horror","PEGI_18"
"905","Star Wars: Tales from the Galaxy's Edge","PPSA06883","PS5","Нет","1.749,00 TL","Star Wars: Tales from the Galaxy's Edge - Enhanced Edition: 1.749,00 TL","Нет","Нет","","https://store.playstation.com/en-tr/concept/10004699","2023-02-21","Adventure","PEGI_12"
"906","Danganronpa V3: Killing Harmony","CUSA08532","PS4","Нет","1.399,00 TL","","Нет","Нет","","https://store.playstation.com/en-tr/concept/223088","2017-09-28","Adventure","PEGI_16"
"907","Ghostrunner","PPSA03685","PS4, PS5","Нет","1.049,00 TL","Ghostrunner: Complete Edition: 1.399,00 TL; Ghostrunner: 1.049,00 TL; Ghostrunner: 1.049,00 TL","Нет","Да","","https://store.playstation.com/en-tr/concept/10001291","2021-09-28","Action","PEGI_18"
"908","Lost Records: Bloom & Rage","PPSA19733","PS5","Нет","1.399,00 TL","","Нет","Да","","https://store.playstation.com/en-tr/concept/10009639","2025-02-18","Adventure","PEGI_16"
"909","RAINBOW HIGH: RUNWAY RUSH","PPSA08504","PS4, PS5","Нет","559,60 TL","","Нет","Нет","","https://store.playstation.com/en-tr/concept/10005424","2023-09-21","Family","PEGI_3"
"910","House Flipper","CUSA23089","PS4","Нет","875,00 TL","Hairdresser Flipper: 1.749,00 TL; House Flipper: All-in-One Bundle: 4.299,00 TL; House Flipper - Pets Bundle: 1.949,00 TL; House Flipper - Luxury Garden Bundle: 2.579,00 TL; House Flipper - Farm Pets Bundle: 2.349,00 TL; House Flipper - Dine Out Bundle: 1.749,00 TL; House Flipper: 875,00 TL; Garden Bundle: 1.949,00 TL","Нет","Да","","https://store.playstation.com/en-tr/concept/10000044","2020-02-25","Simulation","PEGI_3"
"911","Shadow Gambit: The Cursed Crew","PPSA07721","PS5","Нет","1.399,00 TL","Shadow Gambit: The Cursed Crew: 1.399,00 TL; Supporter Edition: 1.749,00 TL; Complete Edition: 2.499,00 TL","Нет","Да","","https://store.playstation.com/en-tr/concept/10005071","2023-08-17","Strategy","PEGI_12"
"912","The LEGO Movie 2 Videogame","CUSA13509","PS4","Нет","1.399,00 TL","The LEGO® Movie Videogame Bundle: 2.099,00 TL; The LEGO Movie 2 Videogame: 1.399,00 TL","Нет","Да","","https://store.playstation.com/en-tr/concept/232851","2019-02-28","Adventure","PEGI_7"
"913","Mega Man X","CUSA10713","PS4","Нет","699,00 TL","Mega Man X Legacy Collection 1+2: 1.365,00 TL; Mega Man X Legacy Collection: 699,00 TL","Нет","Нет","","https://store.playstation.com/en-tr/concept/231109","2018-07-23","Action","PEGI_12"
"914","ARMORED CORE VI FIRES OF RUBICON","PPSA06773","PS4, PS5","Нет","2.999,00 TL","Standard Edition PS4 & PS5: 2.999,00 TL; Deluxe Edition PS4 & PS5: 3.449,00 TL","Нет","Да","","https://store.playstation.com/en-tr/concept/10001815","2023-08-24","Action","PEGI_12"
"915","Judgment","PPSA02740","PS5","Нет","349,75 TL","Judgment: 349,75 TL; Judgment: 262,25 TL","Нет","Нет","","https://store.playstation.com/en-tr/concept/232859","2021-04-23","Adventure","PEGI_18"
"916","Unspottable","CUSA27632","PS4","Нет","699,00 TL","","Нет","Да","","https://store.playstation.com/en-tr/concept/10001076","2021-06-16","Casual","PEGI_3"
"917","Hatsune Miku: Project DIVA X","CUSA05748","PS4","Нет","1.575,00 TL","Hatsune Miku: Project DIVA X: 1.575,00 TL","Нет","Нет","","https://store.playstation.com/en-tr/concept/216278","2016-08-29","Music/Rhythm","PEGI_12"
"918","Farm Simulator 2026","PPSA36883","PS5","Нет","649,00 TL","Farm Simulator 2026: 649,00 TL; Farm Simulator 2026: 356,95 TL","Нет","Нет","","https://store.playstation.com/en-tr/concept/10015725","2026-04-23","Driving/Racing","PEGI_3"
"919","Life Is Strange Episode 1","CUSA01435","PS4","Нет","849,00 TL","Life is Strange Complete Season: 849,00 TL","Нет","Нет","","https://store.playstation.com/en-tr/concept/202416","2015-01-29","Adventure","PEGI_16"
"920","Expeditions: A MudRunner Game","PPSA17422","PS4, PS5","Нет","2.799,00 TL","Year 1 Edition: 2.499,00 TL; Supreme Edition: 2.799,00 TL","Нет","Да","","https://store.playstation.com/en-tr/concept/10008790","2024-03-01","Simulation","PEGI_3"
"921","Autobahn Police Simulator 3","PPSA05212","PS5","Нет","1.299,00 TL","Standard Edition: 1.299,00 TL; Off-Road Bundle: 1.590,00 TL; Extinguish & Patrol Bundle: 2.149,00 TL; Complete Edition: 1.949,00 TL; Standard Edition: 1.299,00 TL; Complete Edition: 1.949,00 TL","Нет","Да","","https://store.playstation.com/en-tr/concept/10003777","2022-06-22","Simulator","PEGI_12"
"922","Goat Simulator","PPSA05566","PS5","Нет","472,05 TL","","Нет","Да","","https://store.playstation.com/en-tr/concept/10003965","2024-11-07","Simulator","PEGI_18"
"923","MADiSON VR","PPSA16915","PS5","Нет","719,40 TL","","Нет","Да","","https://store.playstation.com/en-tr/concept/10008566","2024-05-01","Horror","PEGI_16"
"924","Anno 1800 Console Edition - Standard","PPSA04719","PS5","Нет","479,70 TL","Deluxe Edition: 170,70 TL","Да","Да","PS Plus Extra","https://store.playstation.com/en-tr/concept/10003143","2023-03-15","Strategy","PEGI_12"
"925","Drug Dealer Simulator 2","PPSA28764","PS5","Нет","917,15 TL","Drug Dealer Simulator 1 & 2: 2.149,00 TL; DDS2: 917,15 TL","Нет","Да","","https://store.playstation.com/en-tr/concept/10014022","2026-06-17","Simulation","PEGI_18"
"926","Crysis 3","CUSA18673","PS4","Нет","749,00 TL","","Да","Да","","https://store.playstation.com/en-tr/concept/10000353","2021-10-15","Action","PEGI_16"
"928","LEGO Star Wars: The Force Awakens","CUSA03397","PS4","Да","209,90 TL","LEGO® Star Wars™: The Force Awakens Deluxe Edition: 2.499,00 TL; LEGO® Star Wars™: The Force Awakens: 209,90 TL","Нет","Да","","https://store.playstation.com/en-tr/concept/202448","2016-06-27","Action","PEGI_7"
"929","Lost in Random: The Eternal Die","PPSA24579","PS5","Нет","1.079,00 TL","Lost in Random: The Eternal Die: 1.079,00 TL; GODBREAKERS & Lost in Random: The Eternal Die bundle: 1.749,00 TL; Fortune Edition: 1.246,00 TL","Нет","Да","","https://store.playstation.com/en-tr/concept/10011792","2025-06-17","Action","PEGI_7"
"930","For The King II","PPSA23123","PS4, PS5","Нет","1.079,00 TL","For The King II: 1.079,00 TL; For The King Franchise Bundle: 1.499,00 TL; Age of Omus: 1.499,00 TL","Нет","Да","","https://store.playstation.com/en-tr/concept/10011010","2024-12-12","Strategy","PEGI_12"
"931","Gal Guardians: Servants of the Dark","PPSA27182","PS5","Нет","844,35 TL","Gal Guardians: Servants of the Dark: 844,35 TL; Gal Guardians: Servants of the Dark: 844,35 TL","Нет","Нет","","https://store.playstation.com/en-tr/concept/10013284","2025-03-26","Action","PEGI_16"
"932","Predator: Hunting Grounds","PPSA24179","PS5","Нет","349,50 TL","Predator: Hunting Grounds: 349,50 TL; Jungle Edition: 614,50 TL; Yautja Edition: 1.249,50 TL; Predator: Hunting Grounds: 424,50 TL; Predator: Hunting Grounds Digital Deluxe Edition: 874,50 TL","Нет","Нет","","https://store.playstation.com/en-tr/concept/10011593","2024-10-01","Action","PEGI_18"
"933","The Callisto Protocol","PPSA03352","PS4, PS5","Нет","2.499,00 TL","Digital Deluxe Edition: 2.249,00 TL; Digital Deluxe Edition: 1.999,00 TL","Нет","Да","","https://store.playstation.com/en-tr/concept/10002652","2022-12-02","Horror","PEGI_18"
"935","Hello Neighbor Hide and Seek","CUSA13970","PS4","Нет","1.199,00 TL","Hello Neighbor Hide and Seek: 1.199,00 TL; Hello Neighbor Bundle: 2.099,00 TL","Нет","Да","","https://store.playstation.com/en-tr/concept/232953","2018-12-06","Horror","PEGI_12"
"936","Transformers Beyond Reality","PPSA13727","PS4, PS5","Нет","875,00 TL","","Нет","Нет","","https://store.playstation.com/en-tr/concept/10004935","2023-05-08","Action","PEGI_7"
"937","Atelier Ryza 3: Alchemist of the End & the Secret Key DX (PS4&5)","PPSA31216","PS4, PS5","Нет","1.749,00 TL","","Нет","Нет","","https://store.playstation.com/en-tr/concept/10015757","2025-11-12","Role Playing Games","PEGI_12"
"938","Clean Up Earth","PPSA32634","PS5","Нет","1.299,00 TL","","Нет","Да","","https://store.playstation.com/en-tr/concept/10016611","2026-04-02","Simulation","PEGI_3"
"939","Emergency Room Simulator","PPSA34172","PS5","Нет","1.299,00 TL","","Нет","Нет","","https://store.playstation.com/en-tr/concept/10017440","2026-08-13","Simulation","PEGI_7"
"940","Demeo x Dungeons & Dragons: Battlemarked","PPSA28721","PS5","Нет","1.299,00 TL","","Нет","Нет","","https://store.playstation.com/en-tr/concept/10014283","2025-11-20","Role Playing Games","PEGI_7"
"941","LEGO Party!","PPSA29141","PS4, PS5","Нет","1.749,00 TL","","Нет","Нет","","https://store.playstation.com/en-tr/concept/10014603","2025-09-30","Party","PEGI_7"
"942","AWAY: The Survival Series","PPSA04702","PS4, PS5","Нет","1.299,00 TL","","Нет","Да","","https://store.playstation.com/en-tr/concept/10002803","2021-09-28","Adventure","PEGI_12"
"943","Kukoos: Lost Pets","CUSA36593","PS4","Нет","1.299,00 TL","","Нет","Да","","https://store.playstation.com/en-tr/concept/10006108","2022-12-05","Adventure","PEGI_3"
"944","Blood: Refreshed Supply","PPSA32852","PS4, PS5","Нет","1.299,00 TL","","Нет","Нет","","https://store.playstation.com/en-tr/concept/10016705","2025-12-04","Shooter","PEGI_16"
"945","Gex Trilogy","PPSA28543","PS5","Нет","1.299,00 TL","","Нет","Нет","","https://store.playstation.com/en-tr/concept/10014230","2025-06-15","Action","PEGI_16"
"946","Electrician Simulator","PPSA16249","PS5","Нет","42,45 TL","Electrician Simulator: 42,45 TL; Electrician Simulator: 42,45 TL","Нет","Да","","https://store.playstation.com/en-tr/concept/10008320","2023-11-08","Simulator","PEGI_3"
"947","CleanSheet Football 2","PPSA37489","PS5","Нет","1.299,00 TL","","Нет","Нет","","https://store.playstation.com/en-tr/concept/10018883","2026-06-11","Sport","PEGI_3"
"948","Bluey: The Videogame","PPSA09956","PS4, PS5","Нет","1.299,00 TL","","Нет","Нет","PS Plus Extra","https://store.playstation.com/en-tr/concept/10006070","2023-11-16","Family","PEGI_3"
"949","Weed Lord Simulator","PPSA27066","PS5","Нет","623,00 TL","","Нет","Да","","https://store.playstation.com/en-tr/concept/10013208","2026-06-04","Simulator","PEGI_18"
"950","Viewfinder","PPSA10248","PS4, PS5","Нет","875,00 TL","Viewfinder: 875,00 TL; Viewfinder: 875,00 TL","Нет","Да","","https://store.playstation.com/en-tr/concept/10006160","2023-07-18","Adventure","PEGI_3"
"952","TIEBREAK – GRAND","PPSA14453","PS4, PS5","Нет","2.099,00 TL","Ace Edition: 2.499,00 TL","Нет","Да","","https://store.playstation.com/en-tr/concept/10007649","2024-08-22","Simulation","PEGI_3"
"953","OVRDARK: a Do Not Open story","PPSA13862","PS5","Нет","1.299,00 TL","","Нет","Да","","https://store.playstation.com/en-tr/concept/10007384","2024-03-29","Horror","PEGI_16"
"954","Little Nightmares VR: Altered Echoes","PPSA31228","PS5","Нет","1.299,00 TL","","Нет","Да","","https://store.playstation.com/en-tr/concept/10013518","2026-04-23","Horror","PEGI_12"
"955","Luna Abyss","PPSA36257","PS5","Нет","844,35 TL","","Нет","Да","","https://store.playstation.com/en-tr/concept/10018646","2026-05-21","Action","PEGI_16"
"956","Song of Nunu: A League of Legends Story","PPSA17354","PS4, PS5","Нет","1.299,00 TL","","Да","Да","","https://store.playstation.com/en-tr/concept/10003597","2024-01-31","Adventure","PEGI_12"
"957","Penny’s Big Breakaway","PPSA15257","PS5","Нет","1.299,00 TL","","Нет","Да","","https://store.playstation.com/en-tr/concept/10005042","2024-02-21","Action","PEGI_3"
"958","Tamarin","CUSA16044","PS4","Нет","1.299,00 TL","Standard Edition: 1.299,00 TL; Deluxe Edition: 262,35 TL","Нет","Да","","https://store.playstation.com/en-tr/concept/234342","2020-09-10","Action","PEGI_12"
"959","Scott Pilgrim EX","PPSA28238","PS5","Нет","1.299,00 TL","Scott Pilgrim EX: 1.299,00 TL; Scott Pilgrim EX: 1.299,00 TL","Нет","Да","","https://store.playstation.com/en-tr/concept/10014026","2026-03-03","Adventure","PEGI_12"
"960","Sumerian Six","PPSA34194","PS5","Нет","1.299,00 TL","Sumerian Six: 1.299,00 TL; Deluxe Edition: 1.419,00 TL","Нет","Да","","https://store.playstation.com/en-tr/concept/10017461","2026-03-06","Strategy","PEGI_16"
"961","The Jackbox Party Pack 11","PPSA29371","PS4, PS5","Нет","1.299,00 TL","","Нет","Нет","","https://store.playstation.com/en-tr/concept/10014727","2025-10-23","Party","PEGI_12"
"962","Stranded: Alien Dawn","PPSA05412","PS4, PS5","Нет","1.499,00 TL","Stranded: Alien Dawn: 1.499,00 TL; Premium Edition: 1.949,00 TL","Нет","Да","","https://store.playstation.com/en-tr/concept/10003849","2023-04-25","Strategy","PEGI_16"
"963","WILL: Follow The Light","PPSA36388","PS5","Нет","1.299,00 TL","","Нет","Да","","https://store.playstation.com/en-tr/concept/10018694","2026-05-07","Unique","PEGI_7"
"965","VRider SBK","PPSA28675","PS5","Нет","1.299,00 TL","","Нет","Нет","","https://store.playstation.com/en-tr/concept/10014224","2025-06-27","Driving/Racing","PEGI_3"
"966","MotoGP23","PPSA10682","PS4, PS5","Нет","194,85 TL","","Нет","Нет","","https://store.playstation.com/en-tr/concept/10006305","2023-06-07","Driving/Racing","PEGI_3"
"967","Inscryption","PPSA07023","PS4, PS5","Нет","699,00 TL","","Нет","Да","","https://store.playstation.com/en-tr/concept/10004707","2022-08-30","Adventure","PEGI_16"
"968","Persona 5: Dancing in Starlight","CUSA12813","PS4","Нет","2.799,00 TL","Persona Dancing: Endless Night Collection: 1.049,75 TL; Persona 5: Dancing in Starlight: 2.799,00 TL","Нет","Нет","","https://store.playstation.com/en-tr/concept/231945","2018-12-18","Music/Rhythm","PEGI_12"
"969","Ultimate Fishing Simulator","CUSA25897","PS4","Нет","1.299,00 TL","","Нет","Да","","https://store.playstation.com/en-tr/concept/10001865","2020-12-18","Simulator","PEGI_3"
"970","Little Strays","PPSA29189","PS4, PS5","Нет","699,00 TL","Little Strays: 699,00 TL; Little Strays: Legacy Edition: 769,00 TL; Little Strays: Deluxe Edition: 949,00 TL; Little Strays: Havana: 103,10 TL; Little Strays: Beyond Havana: 1.160,00 TL","Нет","Нет","","https://store.playstation.com/en-tr/concept/10014636","2025-06-19","Adventure","PEGI_3"
"971","Mirror's Edge Catalyst","CUSA01499","PS4","Нет","279,60 TL","","Да","Да","EA Access","https://store.playstation.com/en-tr/concept/209177","2016-06-08","Action","PEGI_16"
"972","HiQ Ace","CUSA10659","PS4","Нет","129,00 TL","HiQ Ace Deluxe: 129,00 TL","Нет","Нет","","https://store.playstation.com/en-tr/concept/231712","2017-12-18","Arcade","PEGI_7"
"973","MotoGP25","PPSA25319","PS5","Нет","2.149,00 TL","MotoGP™25: 2.149,00 TL; MotoGP™25: 2.149,00 TL","Нет","Нет","","https://store.playstation.com/en-tr/concept/10012137","2025-04-29","Sport","PEGI_3"
"974","Tumblestone","CUSA04472","PS4","Нет","324,75 TL","","Нет","Да","","https://store.playstation.com/en-tr/concept/220119","2016-07-26","Action","PEGI_3"
"975","Metal Gear Solid V: The Phantom Pain","CUSA01154","PS4","Нет","1.299,00 TL","","Нет","Да","","https://store.playstation.com/en-tr/concept/202860","2015-08-31","Action","PEGI_18"
"976","Blasphemous 2","PPSA13579","PS4, PS5","Нет","1.049,00 TL","Blasphemous + Blasphemous 2 Bundle: 1.599,00 TL; Mea Culpa Edition: 344,75 TL","Нет","Да","PS Plus Extra","https://store.playstation.com/en-tr/concept/10007264","2023-08-23","Action","PEGI_16"
"977","Defender of the Crown: The Legend Returns","PPSA36520","PS5","Нет","849,00 TL","","Нет","Да","","https://store.playstation.com/en-tr/concept/10018689","2026-08-13","Strategy","PEGI_12"
"979","Ravenswatch","PPSA09253","PS4, PS5","Нет","1.049,00 TL","Standard Edition: 1.049,00 TL; Deluxe Edition: 1.399,00 TL; Year One Edition: 2.149,00 TL","Нет","Да","","https://store.playstation.com/en-tr/concept/10005682","2024-11-28","Action","PEGI_18"
"980","SpongeBob: Krusty Cook-Off","PPSA30650","PS5","Нет","649,00 TL","Extra Krusty Edition: 649,00 TL; SpongeBob: Krusty Cook-Off – Kelp City Bundle: 849,00 TL; Extra Krusty Edition: 649,00 TL; SpongeBob: Krusty Cook-Off – Kelp City Bundle: 849,00 TL","Нет","Да","","https://store.playstation.com/en-tr/concept/10015018","2025-07-02","Casual","PEGI_3"
"981","Ship Graveyard Simulator 2","PPSA21999","PS5","Нет","1.049,00 TL","Ship Graveyard Simulator Collection: 1.229,00 TL; Ship Graveyard Simulator 2: 1.049,00 TL; Mine & Ship Bundle: Gold Mining & Ship Graveyard Simulator 2: 1.575,00 TL; Complete Edition: 1.749,00 TL","Нет","Да","","https://store.playstation.com/en-tr/concept/10010588","2024-09-06","Simulation","PEGI_3"
"982","Sword Art Online: Hollow Realization","CUSA05033","PS4","Нет","424,50 TL","Sword Art Online: Hollow Realization Deluxe Edition: 1.749,00 TL; Sword Art Online: Hollow Realization: 424,50 TL","Нет","Нет","","https://store.playstation.com/en-tr/concept/216398","2016-11-07","Role Playing Games","PEGI_12"
"983","Sword Art Online: Lost Song","CUSA02763","PS4","Нет","424,50 TL","","Нет","Нет","","https://store.playstation.com/en-tr/concept/204525","2015-11-12","Role Playing Games","PEGI_12"
"984","Tiny Bookshop","PPSA34086","PS5","Нет","849,00 TL","","Нет","Да","","https://store.playstation.com/en-tr/concept/10016208","2026-04-10","Simulation","PEGI_12"
"985","Unruly Heroes","CUSA12550","PS4","Нет","849,00 TL","","Нет","Да","","https://store.playstation.com/en-tr/concept/232358","2019-05-27","Action","PEGI_7"
"986","Assassin's Creed III","CUSA11560","PS4","Нет","479,70 TL","","Да","Да","PS Plus Extra","https://store.playstation.com/en-tr/concept/231856","2019-03-28","Action","PEGI_18"
"987","TOKYO GHOUL:re [CALL to EXIST]","CUSA12452","PS4","Нет","2.499,00 TL","","Нет","Да","","https://store.playstation.com/en-tr/concept/233225","2019-11-15","Action","PEGI_16"
"988","Roboquest VR","PPSA28899","PS5","Нет","1.246,00 TL","","Нет","Да","","https://store.playstation.com/en-tr/concept/10014369","2025-11-20","Shooter","PEGI_3"
"989","FAIRY TAIL 2","PPSA24062","PS4, PS5","Нет","2.499,00 TL","FAIRY TAIL 2 (PS4 & PS5): 2.499,00 TL; Digital Deluxe: 2.999,00 TL; Ultimate Edition: 4.599,00 TL","Нет","Нет","","https://store.playstation.com/en-tr/concept/10011532","2024-12-12","Role Playing Games","PEGI_12"
"990","VRacer Hoverbike","PPSA32341","PS5","Нет","1.246,00 TL","","Нет","Нет","","https://store.playstation.com/en-tr/concept/10016446","2025-11-04","Sport","PEGI_3"
"991","Mutant Year Zero: Road to Eden","CUSA12667","PS4","Нет","1.229,00 TL","Mutant Year Zero: Road to Eden - Deluxe Edition: 1.575,00 TL; Mutant Year Zero: Road to Eden: 1.229,00 TL","Нет","Да","","https://store.playstation.com/en-tr/concept/232411","2018-12-03","Adventure","PEGI_16"
"992","Yooka-Replaylee","PPSA26097","PS5","Нет","1.246,00 TL","Yooka-Replaylee: 1.246,00 TL","Нет","Да","","https://store.playstation.com/en-tr/concept/10012610","2025-10-08","Adventure","PEGI_7"
"993","Cash Cleaner Simulator","PPSA33177","PS5","Нет","764,10 TL","The Complete Collection: 1.349,10 TL; The Essentials: 1.044,00 TL","Нет","Да","","https://store.playstation.com/en-tr/concept/10016878","2026-02-11","Simulation","PEGI_12"
"994","Monster Jam Showdown","PPSA16159","PS4, PS5","Нет","1.749,00 TL","Big Air Edition: 2.499,00 TL","Нет","Нет","PS Plus Extra","https://store.playstation.com/en-tr/concept/10008248","2024-08-28","Driving/Racing","PEGI_3"
"995","Lorelei and the Laser Eyes","PPSA23814","PS4, PS5","Нет","839,00 TL","","Нет","Нет","","https://store.playstation.com/en-tr/concept/10011409","2024-12-03","Puzzle","PEGI_12"
"996","Gold Mining Simulator","CUSA16668","PS4","Нет","140,27 TL","Standard Edition: 140,27 TL; Gold Mining Simulator + Mini Machines DLC (Bundle): 522,00 TL; Gold Mining Simulator + Gems & Glory DLC + Mini Mining Machines DLC: 673,75 TL; Gold Mining Simulator + Gems & Glory DLC (Bundle): 696,00 TL","Нет","Да","","https://store.playstation.com/en-tr/concept/234641","2021-05-28","Simulation","PEGI_3"
"997","SAMURAI MAIDEN","PPSA08900","PS4, PS5","Нет","2.099,00 TL","Standard Edition: 2.099,00 TL; Deluxe Edition: 2.619,00 TL","Нет","Нет","","https://store.playstation.com/en-tr/concept/10001987","2022-12-07","Action","PEGI_12"
"998","Truck Simulator 25: Euro Driver VR","PPSA30811","PS5","Нет","466,95 TL","","Нет","Нет","","https://store.playstation.com/en-tr/concept/10015537","2025-12-22","Driving/Racing","PEGI_3"
"999","Disco Elysium - The Final Cut","PPSA03329","PS4, PS5","Нет","1.749,00 TL","","Нет","Да","","https://store.playstation.com/en-tr/concept/10002292","2021-03-30","Role Playing Games","PEGI_18"
"1000","Borderlands: The","CUSA01446","PS4","Нет","2.099,00 TL","Borderlands: The Handsome Collection: 2.099,00 TL; Borderlands Legendary Collection: 2.299,00 TL","Нет","Нет","","https://store.playstation.com/en-tr/concept/215282","2015-03-26","Shooter","PEGI_18"
"1001","Atelier Ryza 2: Lost Legends & the Secret Fairy DX (PS4&5)","PPSA31214","PS4, PS5","Нет","1.749,00 TL","","Нет","Нет","","https://store.playstation.com/en-tr/concept/10015756","2025-11-12","Role Playing Games","PEGI_12"
"1002","Maestro","PPSA28751","PS5","Нет","755,30 TL","Maestro : Secret Sorcery Pack: 1.246,00 TL; Maestro : Doom Bound Pack: 1.246,00 TL; Maestro : All Aboard Pack: 1.246,00 TL; Maestro: 755,30 TL; Complete Edition: 1.749,00 TL","Нет","Да","","https://store.playstation.com/en-tr/concept/10014333","2025-06-19","Music/Rhythm","PEGI_3"
"1003","The Quintessential Quintuplets - Five Memories Spent With You","CUSA45760","PS4","Нет","1.229,00 TL","","Нет","Нет","","https://store.playstation.com/en-tr/concept/10004104","2024-05-22","Adventure","PEGI_12"
"1004","Mortal Kombat: Legacy Kollection","PPSA28068","PS4, PS5","Нет","2.149,00 TL","","Нет","Нет","","https://store.playstation.com/en-tr/concept/10013904","2025-10-29","Fighting","PEGI_18"
"1005","S.T.A.L.K.E.R.: Shadow of Chornobyl - Enhanсed Edition","PPSA21734","PS4, PS5","Нет","849,00 TL","S.T.A.L.K.E.R.: Shadow of Chornobyl - Enhanсed Edition: 849,00 TL","Нет","Да","","https://store.playstation.com/en-tr/concept/10008577","2025-05-20","Action","PEGI_16"
"1006","NEO: The World Ends with You","CUSA26377","PS4","Нет","2.099,00 TL","NEO: The World Ends with You: 2.099,00 TL","Нет","Нет","","https://store.playstation.com/en-tr/concept/10001982","2021-07-26","Action","PEGI_12"
"1007","The Dark Pictures: Switchback VR","PPSA09736","PS5","Нет","1.049,00 TL","","Нет","Да","","https://store.playstation.com/en-tr/concept/10004042","2023-03-15","Horror","PEGI_18"
"1008","Insurgency: Sandstorm","PPSA09741","PS4, PS5","Нет","1.399,00 TL","1-Year Anniversary Edition: 1.749,00 TL; 4-Year Anniversary Edition: 1.934,55 TL","Нет","Да","PS Plus Extra","https://store.playstation.com/en-tr/concept/227147","2024-01-30","Unique","PEGI_18"
"1009","Miasma Chronicles","PPSA06217","PS5","Нет","1.199,00 TL","","Нет","Да","","https://store.playstation.com/en-tr/concept/10004322","2023-05-23","Strategy","PEGI_16"
"1010","Smalland: Survive the Wilds","PPSA17372","PS5","Нет","1.199,00 TL","","Нет","Да","","https://store.playstation.com/en-tr/concept/10008767","2024-02-15","Adventure","PEGI_12"
"1011","Cry Babies Magic Tears: The Big Game","PPSA17237","PS5","Нет","1.199,00 TL","","Нет","Нет","","https://store.playstation.com/en-tr/concept/10008704","2023-09-21","Puzzle","PEGI_3"
"1012","Kingdoms of Amalur: Re-Reckoning","CUSA17245","PS4","Нет","71,80 TL","Kingdoms of Amalur: Re-Reckoning: 71,80 TL; Fate Edition: 1.925,00 TL","Нет","Да","","https://store.playstation.com/en-tr/concept/234893","2020-09-07","Action","PEGI_18"
"1013","Astral Ascent","PPSA03609","PS4, PS5","Нет","431,60 TL","","Нет","Да","","https://store.playstation.com/en-tr/concept/10002816","2023-11-14","Action","PEGI_12"
"1014","METAL SLUG XX","CUSA11740","PS4","Нет","139,80 TL","","Нет","Нет","","https://store.playstation.com/en-tr/concept/202878","2018-05-29","Shooter","PEGI_12"
"1015","Moonlighter 2: The Endless Vault","PPSA15789","PS5","Да","1.169,10 TL","Moonlighter 2: The Endless Vault: 1.169,10 TL","Нет","Нет","","https://store.playstation.com/en-tr/concept/10008133","2026-09-02","Adventure","PEGI_3"
"1016","The King is Watching","PPSA34959","PS5","Нет","649,00 TL","","Нет","Да","","https://store.playstation.com/en-tr/concept/10017931","2026-07-29","Strategy","PEGI_7"
"1017","Homefront: The Revolution","CUSA00938","PS4","Нет","699,00 TL","Homefront®: The Revolution 'Freedom Fighter' Bundle: 139,90 TL","Да","Да","","https://store.playstation.com/en-tr/concept/202024","2016-05-19","Shooter","PEGI_18"
"1018","The Pathless","PPSA01826","PS4, PS5","Нет","1.199,00 TL","","Нет","Да","","https://store.playstation.com/en-tr/concept/233096","2020-11-11","Adventure","PEGI_12"
"1019","Sudden Strike 5","PPSA28664","PS5","Нет","1.826,65 TL","Standard Edition: 1.826,65 TL; Deluxe Edition: 2.579,00 TL","Нет","Да","","https://store.playstation.com/en-tr/concept/10012979","2026-04-23","Strategy","PEGI_12"
"1020","Pillars of Eternity","CUSA06880","PS4","Нет","599,60 TL","","Нет","Да","","https://store.playstation.com/en-tr/concept/227445","2017-08-28","Role Playing Games","PEGI_16"
"1021","VARLET","PPSA28191","PS5","Нет","2.349,00 TL","Digital DX Edition: 2.999,00 TL","Нет","Нет","","https://store.playstation.com/en-tr/concept/10010815","2025-08-27","Role Playing Games","PEGI_12"
"1022","SWORD ART ONLINE Fractured Daydream","PPSA06568","PS5","Нет","524,75 TL","SWORD ART ONLINE Fractured Daydream: 524,75 TL; Deluxe Edition: 2.999,00 TL; Premium Edition: 1.399,60 TL","Нет","Да","","https://store.playstation.com/en-tr/concept/10004518","2024-10-03","Action","PEGI_12"
"1023","SONIC FORCES","CUSA05674","PS4","Нет","1.949,00 TL","","Нет","Да","","https://store.playstation.com/en-tr/concept/228448","2018-06-19","Adventure","PEGI_7"
"1024","Five Nights at Freddy's 2","CUSA18364","PS4","Нет","139,50 TL","","Нет","Да","","https://store.playstation.com/en-tr/concept/235195","2020-02-03","Horror","PEGI_12"
"1025","Sid Meier’s Civilization VI","CUSA15381","PS4","Нет","1.049,00 TL","Sid Meier’s Civilization VI: 1.049,00 TL; Civilization® VI Platinum: 2.149,00 TL; Civilization® VI Anthology: 1.039,60 TL","Нет","Нет","","https://store.playstation.com/en-tr/concept/233594","2019-11-21","Strategy","PEGI_12"
"1026","Bus Simulator : World Tour","PPSA33620","PS4, PS5","Нет","849,00 TL","Bus Simulator : World Tour & EVO: 1.299,00 TL; Bus Simulator : World Tour: 849,00 TL","Нет","Нет","","https://store.playstation.com/en-tr/concept/10017119","2026-01-27","Simulation","PEGI_3"
"1027","Tools Up!","CUSA17242","PS4","Нет","699,00 TL","Tools Up! - The Renovation Spree Bundle: 1.160,00 TL; Tools Up!: 699,00 TL","Нет","Да","","https://store.playstation.com/en-tr/concept/234898","2019-12-02","Casual","PEGI_3"
"1028","UFO ROBOT GRENDIZER – The Feast of the Wolves","PPSA14375","PS4, PS5","Нет","349,80 TL","UFO ROBOT GRENDIZER – The Feast of the Wolves: 349,80 TL; Deluxe Edition: 419,80 TL","Нет","Да","","https://store.playstation.com/en-tr/concept/10007629","2023-11-13","Adventure","PEGI_7"
"1029","Don't Starve","CUSA00327","PS4","Нет","601,00 TL","Don't Starve Mega Pack 2020: 402,15 TL; Don't Starve: Console Edition: 601,00 TL","Нет","Да","","https://store.playstation.com/en-tr/concept/201156","2014-01-07","Adventure","PEGI_12"
"1030","Syberia - The World Before","PPSA02776","PS4, PS5","Нет","279,80 TL","Thrilling Stories Collection - 3 in 1: 437,25 TL","Да","Да","PS Plus Extra","https://store.playstation.com/en-tr/concept/10001404","2022-11-14","Adventure","PEGI_16"
"1031","Berserk and the Band of the Hawk","CUSA07406","PS4","Нет","2.099,00 TL","","Нет","Нет","","https://store.playstation.com/en-tr/concept/227092","2017-03-24","Action","PEGI_18"
"1032","Zombie Army 4: Dead War","CUSA12596","PS4","Нет","1.749,00 TL","Zombie Army 4 Complete: 5.149,00 TL","Нет","Да","PS Plus Extra","https://store.playstation.com/en-tr/concept/232371","2020-02-03","Shooter","PEGI_18"
"1033","Moss II VR","PPSA09678","PS5","Нет","474,50 TL","","Нет","Да","","https://store.playstation.com/en-tr/concept/10000768","2023-02-21","Puzzle","PEGI_7"
"1034","TSUKIHIME -A piece of blue glass moon","CUSA45310","PS4","Нет","1.174,50 TL","Standard Edition: 1.174,50 TL; Digital Deluxe Edition: 1.289,50 TL","Нет","Нет","","https://store.playstation.com/en-tr/concept/10002483","2024-06-26","Adventure","PEGI_18"
"1035","Knack 2","CUSA07670","PS4","Нет","1.749,00 TL","Knack 2: 1.749,00 TL","Да","Да","","https://store.playstation.com/en-tr/concept/217223","2017-09-05","Action","PEGI_7"
"1036","SHINOBI: Art of Vengeance","PPSA19461","PS4, PS5","Нет","1.299,00 TL","Standard: 1.299,00 TL; Digital Deluxe Edition: 1.749,00 TL","Нет","Да","","https://store.playstation.com/en-tr/concept/10008251","2025-08-29","Action","PEGI_12"
"1037","MARVEL vs. CAPCOM Fighting Collection: Arcade Classics","CUSA46747","PS4","Нет","1.749,00 TL","","Нет","Да","","https://store.playstation.com/en-tr/concept/10009938","2024-09-11","Action","PEGI_16"
"1038","EARTH DEFENSE FORCE 6","PPSA18970","PS4, PS5","Нет","2.099,00 TL","Deluxe Edition: 3.149,00 TL","Нет","Нет","PS Plus Extra","https://store.playstation.com/en-tr/concept/10002862","2024-07-23","Shooter","PEGI_16"
"1039","Denshattack!","PPSA29952","PS5","Нет","699,00 TL","Denshattack!: 699,00 TL; Digital Deluxe Edition: 879,00 TL","Нет","Нет","","https://store.playstation.com/en-tr/concept/10015063","2026-07-15","Action","PEGI_12"
"1040","Tomb Raider IV-VI","PPSA18151","PS4, PS5","Нет","262,25 TL","","Да","Да","","https://store.playstation.com/en-tr/concept/10009064","2025-02-14","Action","PEGI_16"
"1041","Saints Row IV: Re-Elected","CUSA01106","PS4","Нет","849,00 TL","Saints Row IV: Re-Elected & Gat out of Hell: 1.299,00 TL; Saints Row IV: Re-Elected: 849,00 TL","Нет","Да","","https://store.playstation.com/en-tr/concept/204433","2015-01-23","Action","PEGI_18"
"1043","Pacific Drive","PPSA17476","PS5","Нет","1.049,00 TL","Whispers Edition: 1.949,00 TL; Ritual Edition: 2.579,00 TL; Flintlock × Pacific Drive: 2.299,00 TL","Нет","Да","PS Plus Extra","https://store.playstation.com/en-tr/concept/10006288","2024-02-21","Driving/Racing","PEGI_12"
"1044","Dreamcore","PPSA24781","PS5","Нет","774,00 TL","","Нет","Да","","https://store.playstation.com/en-tr/concept/10011875","2025-01-23","Horror","PEGI_7"
"1045","Roots of Pacha","PPSA18928","PS4, PS5","Нет","593,45 TL","","Нет","Да","","https://store.playstation.com/en-tr/concept/10008955","2023-11-28","Simulation","PEGI_3"
"1046","Alien: Rogue Incursion VR","PPSA06448","PS5","Нет","1.399,00 TL","Standard: 1.399,00 TL; Deluxe: 2.149,00 TL","Нет","Да","","https://store.playstation.com/en-tr/concept/10004478","2024-12-19","Action","PEGI_18"
"1047","Broforce","CUSA03887","PS4","Нет","129,80 TL","","Нет","Нет","","https://store.playstation.com/en-tr/concept/216078","2016-02-29","Action","PEGI_16"
"1048","Bus Driving Simulator : EVO","PPSA26161","PS5","Нет","139,80 TL","Bus Driving Simulator : EVO: 139,80 TL; Bus Driving Simulator : EVO: 139,80 TL","Нет","Нет","","https://store.playstation.com/en-tr/concept/10011929","2024-10-31","Simulator","PEGI_3"
"1049","This Bed We Made","PPSA17885","PS5","Нет","1.299,00 TL","This Bed We Made: 1.299,00 TL; This Bed We Made: 1.299,00 TL","Нет","Нет","","https://store.playstation.com/en-tr/concept/10008630","2023-11-01","Adventure","PEGI_16"
"1050","Jotunnslayer: Hordes of Hel","PPSA30814","PS5","Нет","849,00 TL","Standard Edition: 849,00 TL; Collector's Edition: 1.160,00 TL; Conan Edition: 1.079,00 TL","Нет","Да","","https://store.playstation.com/en-tr/concept/10015542","2025-09-03","Role Playing Games","PEGI_12"
"1051","Mad Games Tycoon 2","PPSA31772","PS5","Нет","849,00 TL","","Нет","Да","","https://store.playstation.com/en-tr/concept/10016127","2026-03-25","Unique","PEGI_3"
"1052","Atelier Ryza: Ever Darkness & the Secret Hideout DX (PS4&5)","PPSA30250","PS4, PS5","Нет","1.749,00 TL","Atelier Ryza DX: 1.749,00 TL; Atelier Ryza Deluxe Pack: 3.849,00 TL","Нет","Нет","","https://store.playstation.com/en-tr/concept/10015234","2025-11-12","Role Playing Games","PEGI_12"
"1053","Solarpunk","PPSA27103","PS5","Нет","1.138,81 TL","","Нет","Да","","https://store.playstation.com/en-tr/concept/10013019","2026-06-08","Simulation","PEGI_3"
"1054","Haven","PPSA01562","PS4, PS5","Нет","875,00 TL","Haven: 875,00 TL; Haven - Deluxe Edition: 378,00 TL","Нет","Да","","https://store.playstation.com/en-tr/concept/10000983","2020-12-03","Role Playing Games","PEGI_12"
"1055","Drop Duchy","PPSA36031","PS5","Нет","569,40 TL","","Нет","Да","","https://store.playstation.com/en-tr/concept/10018579","2026-04-21","Puzzle","PEGI_3"
"1056","Quake","PPSA01881","PS4, PS5","Нет","349,00 TL","","Нет","Да","","https://store.playstation.com/en-tr/concept/10001441","2021-10-12","Shooter","PEGI_18"
"1057","Secret Neighbor","CUSA25165","PS4","Нет","699,00 TL","","Нет","Да","PS Plus Extra","https://store.playstation.com/en-tr/concept/10001738","2021-04-28","Adventure","PEGI_7"
"1058","Warhammer 40,000: Chaos Gate - Daemonhunters","PPSA12577","PS4, PS5","Нет","1.575,00 TL","Purifier Edition: 1.749,00 TL; Chaos Gate & Realms of Ruin: 2.619,00 TL","Нет","Да","","https://store.playstation.com/en-tr/concept/10006942","2024-02-20","Strategy","PEGI_18"
"1059","The Last Faith","PPSA09346","PS4, PS5","Нет","279,95 TL","","Нет","Да","","https://store.playstation.com/en-tr/concept/10005554","2023-11-15","Adventure","PEGI_16"
"1060","STAR WARS Republic Commando","CUSA19234","PS4","Нет","183,75 TL","STAR WARS™: Grand Collection: 3.149,00 TL; STAR WARS™: Bounty Hunter™ & Republic Commando™ Bundle: 1.049,00 TL; STAR WARS™ Republic Commando™: 183,75 TL","Нет","Нет","","https://store.playstation.com/en-tr/concept/10000469","2021-04-06","Shooter","PEGI_12"
"1061","Summer’s Heartbeat","PPSA37582","PS5","Нет","849,00 TL","","Нет","Да","","https://store.playstation.com/en-tr/concept/10019471","2026-07-22","Role Playing Games","PEGI_12"
"1063","The Plucky Squire","PPSA15319","PS5","Нет","209,80 TL","The Plucky Squire x The Swords of Ditto: Mormo's Curse Bundle: 1.499,00 TL; The Plucky Squire: 209,80 TL","Да","Да","","https://store.playstation.com/en-tr/concept/10007954","2024-09-17","Action","PEGI_7"
"1064","Mass Effect","CUSA19515","PS4","Нет","2.600,00 TL","","Да","Да","EA Access","https://store.playstation.com/en-tr/concept/10000606","2021-05-13","Unique","PEGI_18"
"1065","Until Dawn 2015","CUSA00194","PS4","Нет","699,00 TL","","Нет","Нет","PS Plus Extra","https://store.playstation.com/en-tr/concept/205132","2015-08-25","Horror","PEGI_18"
"1066","Content Warning","PPSA29789","PS5","Нет","343,20 TL","","Нет","Да","","https://store.playstation.com/en-tr/concept/10014968","2026-04-01","Action","PEGI_12"
"1067","Darkest Dungeon","CUSA05967","PS4","Нет","115,35 TL","Darkest Dungeon®: Ancestral Edition: 389,70 TL; Darkest Dungeon®: 115,35 TL","Нет","Да","","https://store.playstation.com/en-tr/concept/222836","2016-09-26","Role Playing Games","PEGI_16"
"1068","Fears to Fathom - Ironbark Lookout","PPSA24413","PS5","Нет","472,00 TL","","Нет","Да","","https://store.playstation.com/en-tr/concept/10011662","2024-10-25","Horror","PEGI_16"
"1069","A.O.T. Wings of Freedom","CUSA03662","PS4","Нет","1.749,00 TL","","Нет","Нет","","https://store.playstation.com/en-tr/concept/200163","2016-09-22","Action","PEGI_18"
"1070","Maid of Sker VR","PPSA34553","PS5","Нет","701,35 TL","","Нет","Да","","https://store.playstation.com/en-tr/concept/10017684","2026-03-17","Horror","PEGI_18"
"1071","Rogue Legacy 2","PPSA15506","PS4, PS5","Нет","875,00 TL","","Нет","Да","","https://store.playstation.com/en-tr/concept/10007723","2023-06-20","Action","PEGI_7"
"1072","Firefighting Simulator - The Squad","PPSA06405","PS4, PS5","Нет","1.299,00 TL","","Нет","Да","","https://store.playstation.com/en-tr/concept/10004348","2022-12-05","Simulation","PEGI_7"
"1073","LEGO Batman 3: Beyond Gotham","CUSA00579","PS4","Нет","212,25 TL","LEGO BATMAN 3: BEYOND GOTHAM PREMIUM EDITION: 1.299,00 TL","Нет","Да","PS Plus Extra","https://store.playstation.com/en-tr/concept/202496","2014-11-13","Action","PEGI_7"
"1074","Vampire Survivors","PPSA21703","PS4, PS5","Нет","105,00 TL","","Нет","Да","","https://store.playstation.com/en-tr/concept/10010458","2024-08-29","Action","PEGI_12"
"1075","Persona 5 Royal","CUSA17419","PS4","Нет","2.799,00 TL","","Нет","Нет","PS Plus Extra","https://store.playstation.com/en-tr/concept/234529","2020-03-30","Role Playing Games","PEGI_16"
"1076","Cloudpunk","PPSA02438","PS5","Нет","1.079,00 TL","Cloudpunk: 1.079,00 TL; Cloudpunk: 1.079,00 TL","Нет","Да","","https://store.playstation.com/en-tr/concept/10000251","2022-08-19","Adventure","PEGI_16"
"1077","ScooterFlow","PPSA34759","PS5","Нет","730,00 TL","","Нет","Да","","https://store.playstation.com/en-tr/concept/10017808","2026-04-30","Sport","PEGI_3"
"1078","C-Smash VRS New Dimension","PPSA07635","PS5","Нет","1.079,00 TL","","Нет","Нет","","https://store.playstation.com/en-tr/concept/10005072","2023-06-22","Sport","PEGI_3"
"1079","Furi","PPSA06146","PS4, PS5","Нет","699,00 TL","Furi: 699,00 TL; Modore Edition: 262,50 TL","Нет","Да","","https://store.playstation.com/en-tr/concept/217102","2022-05-17","Action","PEGI_16"
"1080","Copycat","PPSA18346","PS5","Нет","211,60 TL","Copycat: 211,60 TL","Нет","Да","","https://store.playstation.com/en-tr/concept/10009136","2025-05-29","Simulator","PEGI_12"
"1081","Kynseed","PPSA26764","PS5","Нет","1.079,00 TL","Kynseed: 1.079,00 TL; Kynseed: 1.079,00 TL","Нет","Нет","","https://store.playstation.com/en-tr/concept/10012547","2026-08-04","Role Playing Games","PEGI_12"
"1082","Gunsmith Simulator","PPSA30937","PS5","Нет","1.079,00 TL","Gunsmith Simulator & Gunsmith Simulator - Flint & Powder: 1.160,00 TL; Gunsmith Simulator & Crime Scene Cleaner: 1.949,00 TL; Gunsmith Simulator: 1.079,00 TL","Нет","Да","","https://store.playstation.com/en-tr/concept/10013892","2025-10-09","Action","PEGI_12"
"1083","KARMA: The Dark World","PPSA22844","PS5","Нет","1.079,00 TL","KARMA: The Dark World: 1.079,00 TL; Deluxe Edition: 824,45 TL","Нет","Да","","https://store.playstation.com/en-tr/concept/10010911","2025-03-26","Horror","PEGI_18"
"1084","Mars Kitchen VR","PPSA31340","PS5","Нет","1.079,00 TL","","Нет","Нет","","https://store.playstation.com/en-tr/concept/10015040","2026-01-16","Simulator","PEGI_3"
"1085","Forensics: Crime Scene Detective","PPSA35886","PS5","Нет","1.079,00 TL","","Нет","Нет","","https://store.playstation.com/en-tr/concept/10018499","2026-07-13","Simulation","PEGI_7"
"1086","Hell Clock","PPSA33042","PS5","Нет","1.079,00 TL","","Нет","Да","","https://store.playstation.com/en-tr/concept/10016758","2026-07-09","Action","PEGI_16"
"1087","My Life: Zoo Vet","PPSA23232","PS5","Нет","1.079,00 TL","My Life: Zoo Vet: 1.079,00 TL; My Life: Zoo Vet: 1.079,00 TL","Нет","Нет","","https://store.playstation.com/en-tr/concept/10011089","2024-12-22","Simulation","PEGI_3"
"1088","My Little Puppy","PPSA33802","PS5","Нет","1.079,00 TL","","Нет","Да","","https://store.playstation.com/en-tr/concept/10015164","2026-05-29","Adventure","PEGI_12"
"1089","Educational Family Games","PPSA38286","PS4, PS5","Нет","1.079,00 TL","","Да","Да","","https://store.playstation.com/en-tr/concept/10019534","2026-07-09","Party","PEGI_3"
"1090","RollerCoaster Tycoon Classic","PPSA32049","PS4, PS5","Нет","755,30 TL","","Нет","Нет","","https://store.playstation.com/en-tr/concept/10016280","2026-03-27","Strategy","PEGI_3"
"1091","Panzer Knights","PPSA31519","PS5","Нет","1.079,00 TL","","Нет","Да","","https://store.playstation.com/en-tr/concept/10015943","2026-08-13","Shooter","PEGI_12"
"1092","Incantation","PPSA32745","PS5","Нет","1.079,00 TL","Incantation: 1.079,00 TL","Нет","Нет","","https://store.playstation.com/en-tr/concept/10016664","2026-04-07","Adventure","PEGI_16"
"1093","Drug Dealer Simulator","PPSA29618","PS4, PS5","Нет","1.079,00 TL","Drug Dealer Simulator: 1.079,00 TL; Contraband Police x Drug Dealer Simulator: 2.149,00 TL","Нет","Да","","https://store.playstation.com/en-tr/concept/10014685","2025-06-20","Simulation","PEGI_18"
"1094","Qliphah in Providence's Shadow","PPSA33152","PS5","Да","1.079,00 TL","","Нет","Нет","","https://store.playstation.com/en-tr/concept/10016861","2026-09-24","Role Playing Games","PEGI_16"
"1095","The Eternal Cylinder","PPSA06369","PS4, PS5","Нет","1.079,00 TL","","Нет","Да","","https://store.playstation.com/en-tr/concept/232593","2022-10-13","Adventure","PEGI_12"
"1096","Shovel Knight: Treasure Trove","CUSA01976","PS4","Нет","1.079,00 TL","","Нет","Нет","","https://store.playstation.com/en-tr/concept/203974","2015-04-22","Adventure","PEGI_7"
"1097","The Last Camp","PPSA26287","PS5","Нет","1.079,00 TL","The Last Camp: 1.079,00 TL; Ultimate Edition: 1.299,00 TL","Нет","Нет","","https://store.playstation.com/en-tr/concept/10012732","2025-07-11","Shooter","PEGI_16"
"1098","Tourist Bus Simulator","PPSA04433","PS5","Нет","1.299,00 TL","","Нет","Да","","https://store.playstation.com/en-tr/concept/10003309","2022-05-11","Simulation","PEGI_3"
"1099","The Escapists 2","CUSA06244","PS4","Нет","192,25 TL","The Escapists 2 - Game of the Year Edition: 945,00 TL; The Escapists 2: 192,25 TL; The Escapists  + The Escapists 2: 239,80 TL","Нет","Да","","https://store.playstation.com/en-tr/concept/222885","2017-08-22","Role Playing Games","PEGI_7"
"1100","House Flipper","PPSA34805","PS5","Нет","2.149,00 TL","","Нет","Да","","https://store.playstation.com/en-tr/concept/10017580","2026-06-24","Casual","PEGI_3"
"1101","Verho - Curse of Faces","PPSA36470","PS5","Нет","1.079,00 TL","","Нет","Да","","https://store.playstation.com/en-tr/concept/10018501","2026-07-29","Action","PEGI_12"
"1103","Wanderer: The Fragments of Fate","PPSA15665","PS5","Нет","2.149,00 TL","Standard Edition: 2.149,00 TL; Deluxe Edition: 2.579,00 TL","Нет","Нет","","https://store.playstation.com/en-tr/concept/10008095","2025-04-04","Adventure","PEGI_16"
"1104","Cooking Simulator","CUSA20218","PS4","Нет","849,00 TL","","Нет","Да","","https://store.playstation.com/en-tr/concept/10001366","2021-05-19","Educational","PEGI_3"
"1105","Zombieland: Headshot Fever Reloaded","PPSA09612","PS5","Нет","1.079,00 TL","","Нет","Нет","","https://store.playstation.com/en-tr/concept/10005906","2023-02-22","Arcade","PEGI_18"
"1106","Flight Simulator Delivery 2025 VR","PPSA27098","PS5","Нет","525,00 TL","","Нет","Нет","","https://store.playstation.com/en-tr/concept/10013230","2025-03-06","Action","PEGI_3"
"1107","PROJECT ZERO: Mask of the Lunar Eclipse","PPSA10278","PS4, PS5","Нет","1.749,00 TL","Standard Edition: 1.749,00 TL; Digital Deluxe Edition: 2.275,00 TL","Нет","Нет","","https://store.playstation.com/en-tr/concept/10006174","2023-03-08","Horror","PEGI_16"
"1108","NINJA GAIDEN","CUSA24124","PS4","Нет","1.749,00 TL","NINJA GAIDEN: Master Collection: 1.749,00 TL; Deluxe Edition: 2.149,00 TL","Нет","Нет","","https://store.playstation.com/en-tr/concept/10001248","2021-06-09","Action","PEGI_18"
"1109","Sonic Mania","CUSA07010","PS4","Нет","699,00 TL","","Нет","Нет","","https://store.playstation.com/en-tr/concept/227227","2017-08-14","Action","PEGI_3"
"1110","FINAL FANTASY X/X-2 HD Remaster","CUSA01244","PS4","Нет","1.049,00 TL","","Нет","Нет","","https://store.playstation.com/en-tr/concept/201588","2015-05-14","Role Playing Games","PEGI_12"
"1111","SpongeBob SquarePants: The Patrick Star Game","PPSA15341","PS4, PS5","Нет","1.399,00 TL","","Нет","Нет","","https://store.playstation.com/en-tr/concept/10007960","2024-10-03","Family","PEGI_3"
"1112","Sacred 2 Remaster","PPSA31114","PS5","Нет","844,35 TL","","Нет","Нет","","https://store.playstation.com/en-tr/concept/10015606","2025-11-11","Role Playing Games","PEGI_16"
"1113","Romancing SaGa 2: Revenge of the Seven","PPSA16565","PS4, PS5","Нет","1.049,50 TL","Romancing SaGa 2: Revenge of the Seven - PS4&PS5: 1.049,50 TL","Нет","Нет","","https://store.playstation.com/en-tr/concept/10008428","2024-10-23","Role Playing Games","PEGI_12"
"1114","Car Mechanic Simulator VR","PPSA19580","PS5","Нет","1.049,00 TL","Car Mechanic Simulator VR: 1.049,00 TL; Car Mechanic Simulator VR: 1.049,00 TL","Нет","Да","","https://store.playstation.com/en-tr/concept/10004749","2024-01-17","Simulator","PEGI_3"
"1115","METAL SLUG 3","CUSA02241","PS4","Нет","83,80 TL","","Нет","Нет","","https://store.playstation.com/en-tr/concept/202880","2015-04-28","Shooter","PEGI_12"
"1116","SPY×ANYA: Operation Memories","PPSA15213","PS4, PS5","Нет","1.749,00 TL","Standard Edition: 1.749,00 TL; Deluxe Edition: 2.499,00 TL","Нет","Нет","","https://store.playstation.com/en-tr/concept/10007892","2024-06-27","Adventure","PEGI_12"
"1117","Into the Radius","PPSA23650","PS5","Нет","1.049,00 TL","","Нет","Да","","https://store.playstation.com/en-tr/concept/10011305","2024-09-19","Action","PEGI_16"
"1118","PATAPON 1+2 REPLAY","PPSA26179","PS5","Нет","1.049,00 TL","","Нет","Нет","","https://store.playstation.com/en-tr/concept/10012660","2025-07-10","Music/Rhythm","PEGI_7"
"1119","Jurassic World","PPSA10065","PS4, PS5","Нет","1.049,00 TL","","Нет","Нет","","https://store.playstation.com/en-tr/concept/10004089","2023-02-21","Adventure","PEGI_12"
"1120","Pistol Whip","PPSA12514","PS4, PS5","Нет","1.049,00 TL","","Нет","Нет","","https://store.playstation.com/en-tr/concept/10001571","2023-02-21","Shooter","PEGI_12"
"1121","World of Goo 2","PPSA27368","PS5","Нет","1.049,00 TL","","Нет","Да","","https://store.playstation.com/en-tr/concept/10012774","2025-04-25","Puzzle","PEGI_7"
"1122","Marble It Up! Ultra","PPSA06383","PS4, PS5","Нет","1.049,00 TL","","Нет","Да","","https://store.playstation.com/en-tr/concept/233186","2023-08-16","Action","PEGI_3"
"1123","The Jackbox Party Pack 7","PPSA05036","PS4, PS5","Нет","1.049,00 TL","","Нет","Нет","","https://store.playstation.com/en-tr/concept/10000457","2021-11-24","Casual","PEGI_12"
"1124","Worms Armageddon","PPSA20052","PS4, PS5","Нет","1.049,00 TL","","Нет","Да","","https://store.playstation.com/en-tr/concept/10009765","2024-09-25","Strategy","PEGI_12"
"1125","Knights of Braveland","CUSA45930","PS4","Нет","699,00 TL","Ultimate Edition: 1.575,00 TL; Knights of Braveland: 699,00 TL","Нет","Да","","https://store.playstation.com/en-tr/concept/10007491","2024-01-31","Action","PEGI_7"
"1126","Terraria","CUSA00737","PS4","Нет","665,00 TL","","Нет","Да","PS Plus Extra","https://store.playstation.com/en-tr/concept/205080","2014-11-11","Adventure","PEGI_12"
"1127","NARUTO SHIPPUDEN: Ultimate Ninja STORM 3 Full Burst","CUSA07161","PS4","Нет","699,00 TL","","Нет","Да","","https://store.playstation.com/en-tr/concept/227172","2017-08-24","Fighting","PEGI_12"
"1128","Plants vs. Zombies Garden Warfare","CUSA00485","PS4","Нет","699,00 TL","","Нет","Нет","EA Access","https://store.playstation.com/en-tr/concept/203420","2014-08-21","Shooter","PEGI_7"
"1129","Bayonetta","CUSA16163","PS4","Нет","299,75 TL","Bayonetta & Vanquish 10th Anniversary Bundle: 1.949,00 TL; Bayonetta: 299,75 TL","Нет","Нет","","https://store.playstation.com/en-tr/concept/234853","2020-02-17","Action","PEGI_18"
"1130","Revenge On Gold Diggers","PPSA32275","PS5","Нет","519,20 TL","Revenge On Gold Diggers: 519,20 TL; Revenge On Gold Diggers: 519,20 TL","Нет","Нет","","https://store.playstation.com/en-tr/concept/10016344","2026-04-01","Simulation","PEGI_16"
"1131","Valkyria Chronicles 4","CUSA10776","PS4","Нет","38,44 TL","Valkyria Chronicles Remastered + Valkyria Chronicles 4 Bundle: 2.499,00 TL; Valkyria Chronicles 4 Complete Edition: 2.599,00 TL; Valkyria Chronicles 4: 38,44 TL","Нет","Нет","","https://store.playstation.com/en-tr/concept/230138","2018-09-24","Role Playing Games","PEGI_16"
"1132","Ghostwire: Tokyo","PPSA03397","PS5","Нет","609,00 TL","Standard Edition: 609,00 TL; Deluxe Edition: 3.149,00 TL","Да","Да","","https://store.playstation.com/en-tr/concept/10000301","2022-03-24","Adventure","PEGI_12"
"1133","Blasphemous","CUSA16261","PS4","Нет","875,00 TL","","Нет","Да","","https://store.playstation.com/en-tr/concept/234422","2019-09-09","Action","PEGI_16"
"1134","RIDE","CUSA01558","PS4","Нет","69,90 TL","","Да","Да","","https://store.playstation.com/en-tr/concept/203782","2015-04-09","Driving/Racing","PEGI_3"
"1135","My Little Universe","PPSA25326","PS5","Нет","649,00 TL","My Little Universe: 649,00 TL; Complete Edition: 730,00 TL; My Little Universe: 649,00 TL; Complete Edition: 730,00 TL","Нет","Да","","https://store.playstation.com/en-tr/concept/10012017","2025-04-03","Adventure","PEGI_7"
"1136","Formula Legends","PPSA26394","PS5","Нет","849,00 TL","Formula Legends – Formula E: 949,00 TL; Formula Legends Deluxe: 1.749,00 TL; Formula Legends: 849,00 TL; Formula Legends – Formula E: 949,00 TL; Formula Legends Deluxe: 1.749,00 TL; Formula Legends: 849,00 TL","Нет","Нет","","https://store.playstation.com/en-tr/concept/10012804","2025-09-18","Driving/Racing","PEGI_3"
"1137","Tintin Reporter - Cigars of the Pharaoh","PPSA13927","PS4, PS5","Нет","437,25 TL","","Нет","Да","","https://store.playstation.com/en-tr/concept/10007416","2023-11-06","Adventure","PEGI_7"
"1138","Sherlock Holmes The Awakened","PPSA08069","PS4, PS5","Нет","1.399,00 TL","Standard Edition PS5 & PS4: 1.399,00 TL; Sherlock Holmes: The Darkest Mysteries Bundle: 1.399,00 TL; Deluxe Edition PS5 & PS4: 1.749,00 TL","Нет","Нет","","https://store.playstation.com/en-tr/concept/10005262","2023-04-11","Horror","PEGI_16"
"1139","Cat Girl Survivor","PPSA30915","PS5","Нет","1.031,00 TL","","Нет","Нет","","https://store.playstation.com/en-tr/concept/10013657","2025-07-17","Action","PEGI_7"
"1140","Froggy Hates Snow","PPSA33307","PS5","Нет","649,00 TL","","Нет","Нет","","https://store.playstation.com/en-tr/concept/10016961","2026-05-07","Action","PEGI_7"
"1141","Nuclear Throne","CUSA03964","PS4","Нет","515,00 TL","","Нет","Нет","","https://store.playstation.com/en-tr/concept/216698","2015-12-05","Action","PEGI_12"
"1143","Never Alone (Kisima Ingitchuna)","CUSA01394","PS4","Нет","97,35 TL","Never Alone Arctic Collection: 127,35 TL; Never Alone (Kisima Ingitchuna): 97,35 TL","Нет","Да","","https://store.playstation.com/en-tr/concept/202994","2014-11-26","Puzzle","PEGI_12"
"1144","The Walking Dead: Saints & Sinners","PPSA13640","PS5","Нет","849,00 TL","The Walking Dead: Saints & Sinners: 849,00 TL; Tourist Edition: 1.299,00 TL; The Walking Dead: Saints & Sinners - Standard Edition: 849,00 TL; Tourist Edition: 1.299,00 TL","Нет","Да","","https://store.playstation.com/en-tr/concept/10007284","2023-03-21","Horror","PEGI_18"
"1145","Returnal","PPSA01285","PS5","Нет","619,00 TL","Digital Deluxe Edition: 699,00 TL","Да","Да","PS Plus Extra","https://store.playstation.com/en-tr/concept/10000176","2021-04-29","Shooter","PEGI_16"
"1146","Deliver At All Costs","PPSA25661","PS5","Нет","1.049,00 TL","","Нет","Нет","","https://store.playstation.com/en-tr/concept/10012329","2025-05-21","Action","PEGI_12"
"1147","Generation Zero","CUSA14212","PS4","Нет","1.049,00 TL","Generation Zero® - Ultimate Bundle: 3.149,00 TL; Generation Zero® - Story Bundle: 1.229,00 TL; Generation Zero®: 1.049,00 TL","Нет","Да","","https://store.playstation.com/en-tr/concept/231068","2019-03-25","Action","PEGI_12"
"1148","STRANGER OF PARADISE FINAL FANTASY ORIGIN","PPSA03233","PS4, PS5","Нет","1.749,00 TL","Standard Edition: 1.749,00 TL; Digital Deluxe Edition: 2.499,00 TL; Digital Deluxe Upgrade: 200,00 TL","Нет","Нет","","https://store.playstation.com/en-tr/concept/10002585","2022-03-14","Action","PEGI_16"
"1149","Ni no Kuni: Wrath of the White Witch","CUSA13079","PS4","Нет","429,80 TL","","Нет","Да","","https://store.playstation.com/en-tr/concept/232995","2019-09-19","Action","PEGI_12"
"1150","Vampyr","CUSA03468","PS4","Нет","279,80 TL","","Нет","Да","PS Plus Extra","https://store.playstation.com/en-tr/concept/205200","2018-06-04","Action","PEGI_18"
"1151","Mafia: Trilogy","CUSA03617","PS4","Нет","2.349,00 TL","","Да","Да","","https://store.playstation.com/en-tr/concept/10008649","2020-09-24","Adventure","PEGI_18"
"1152","Boomerang Fu","CUSA29291","PS4","Нет","525,00 TL","Boomerang Fu: 525,00 TL; Deluxe Edition: 699,00 TL","Нет","Да","","https://store.playstation.com/en-tr/concept/10003367","2022-01-13","Action","PEGI_3"
"1153","Waterpark Simulator 25","PPSA34388","PS5","Нет","235,95 TL","Waterpark Simulator 25: 235,95 TL; Waterpark Simulator 25: 429,00 TL","Нет","Нет","","https://store.playstation.com/en-tr/concept/10016856","2025-11-19","Adventure","PEGI_3"
"1154","Jagged Alliance 3","PPSA09572","PS4, PS5","Нет","839,60 TL","","Нет","Да","","https://store.playstation.com/en-tr/concept/10005890","2023-11-14","Strategy","PEGI_18"
"1155","TEKKEN 3","PPSA31291","PS4, PS5","Нет","429,00 TL","","Нет","Нет","","https://store.playstation.com/en-tr/concept/10015791","2025-10-21","Fighting","PEGI_12"
"1156","Cave Crave","PPSA27830","PS5","Нет","292,05 TL","Cave Crave + Electrician Simulator VR bundle: 584,55 TL; Cave Crave: 292,05 TL","Нет","Да","","https://store.playstation.com/en-tr/concept/10013706","2025-07-10","Puzzle","PEGI_7"
"1157","Tchia","PPSA04892","PS4, PS5","Нет","1.049,00 TL","Tchia (PS4 & PS5): 1.049,00 TL; Oléti Edition: 1.229,00 TL","Нет","Да","","https://store.playstation.com/en-tr/concept/10003612","2023-03-21","Adventure","PEGI_12"
"1158","Bendy and the Ink Machine","CUSA13635","PS4","Нет","699,00 TL","Bendy: Studio Collection: 1.225,00 TL; Bendy and the Ink Machine: 699,00 TL","Нет","Нет","","https://store.playstation.com/en-tr/concept/232792","2018-11-19","Action","PEGI_12"
"1159","FATAL FRAME II: Crimson Butterfly REMAKE","PPSA32802","PS5","Нет","2.149,00 TL","Standard Edition: 2.149,00 TL; Digital Deluxe Edition: 2.799,00 TL","Нет","Нет","","https://store.playstation.com/en-tr/concept/10016680","2026-03-11","Horror","PEGI_16"
"1160","The Colonists","CUSA27304","PS4","Нет","463,95 TL","","Нет","Да","","https://store.playstation.com/en-tr/concept/10002619","2021-05-03","Strategy","PEGI_3"
"1161","STAR OCEAN THE SECOND STORY R","PPSA13716","PS4, PS5","Нет","499,00 TL","STAR OCEAN THE SECOND STORY R - PS4 & PS5: 499,00 TL","Нет","Нет","","https://store.playstation.com/en-tr/concept/10007308","2023-11-01","Role Playing Games","PEGI_12"
"1162","Catherine: Full Body","CUSA15036","PS4","Нет","279,80 TL","Catherine: Full Body Deluxe Edition: 1.749,00 TL; Catherine: Full Body: 279,80 TL","Нет","Нет","","https://store.playstation.com/en-tr/concept/232987","2019-09-02","Action","PEGI_18"
"1163","PROJECT ZERO: MAIDEN OF BLACK WATER","PPSA04333","PS4, PS5","Нет","1.399,00 TL","Standard Edition: 1.399,00 TL; Digital Deluxe Edition: 1.925,00 TL","Нет","Нет","","https://store.playstation.com/en-tr/concept/10003261","2021-10-27","Horror","PEGI_18"
"1164","Chef Life - A Restaurant Simulator","PPSA07390","PS4, PS5","Нет","279,80 TL","Chef Life - A Restaurant Simulator: 279,80 TL; Al Forno Edition: 1.749,00 TL","Нет","Да","","https://store.playstation.com/en-tr/concept/10001709","2023-02-23","Simulation","PEGI_3"
"1165","The Jackbox Party Pack 10","PPSA16377","PS4, PS5","Нет","629,40 TL","The Jackbox Quintpack 2.0: 3.604,30 TL; The Jackbox Party Pack 10: 629,40 TL; The Jackbox Quintpack 2.0: 3.604,30 TL","Нет","Нет","","https://store.playstation.com/en-tr/concept/10008355","2023-10-19","Party","PEGI_12"
"1166","Green Hell","PPSA21629","PS4, PS5","Нет","875,00 TL","","Нет","Да","PS Plus Extra","https://store.playstation.com/en-tr/concept/10002038","2024-07-08","Simulator","PEGI_18"
"1167","DYNASTY WARRIORS: ORIGINS","PPSA15972","PS5","Нет","2.799,00 TL","Standard Version: 2.799,00 TL; Digital Deluxe Edition: 3.399,00 TL","Нет","Нет","","https://store.playstation.com/en-tr/concept/10008191","2025-01-16","Action","PEGI_16"
"1168","Layers of Fear (2016)","CUSA04497","PS4","Нет","84,90 TL","Layers of Fear: Masterpiece Edition: 949,00 TL; Layers of Fear (2016): 84,90 TL","Нет","Да","","https://store.playstation.com/en-tr/concept/216565","2016-03-06","Horror","PEGI_16"
"1169","Warhammer 40,000: Inquisitor","PPSA06136","PS5","Нет","2.149,00 TL","Ultimate Edition: 2.149,00 TL; Warhammer 40,000: Inquisitor - Martyr: 1.749,00 TL; Warhammer 40,000: Inquisitor - Martyr | Imperium edition: 2.349,00 TL; Warhammer 40,000: Inquisitor - Martyr Complete Upgrade Pack: 1.749,00 TL; Warhammer 40,000: Inquisitor - Martyr Complete Collection: 2.149,00 TL","Нет","Да","","https://store.playstation.com/en-tr/concept/231180","2022-10-26","Action","PEGI_18"
"1170","The Mortuary Assistant","PPSA16110","PS4, PS5","Нет","902,00 TL","","Нет","Нет","","https://store.playstation.com/en-tr/concept/10006285","2024-08-02","Horror","PEGI_16"
"1171","Necromunda: Hired Gun","PPSA02449","PS4, PS5","Нет","279,80 TL","","Нет","Да","","https://store.playstation.com/en-tr/concept/10001848","2021-06-01","Shooter","PEGI_18"
"1172","House Flipper VR","PPSA23487","PS5","Нет","525,00 TL","House Flipper VR: 525,00 TL; House Flipper VR: 525,00 TL","Нет","Да","","https://store.playstation.com/en-tr/concept/10003236","2024-10-21","Casual","PEGI_3"
"1173","Tetris Effect: Connected","PPSA07959","PS5","Нет","1.399,00 TL","Tetris® Effect: Connected: 1.399,00 TL","Нет","Нет","","https://store.playstation.com/en-tr/concept/232708","2023-02-21","Puzzle","PEGI_3"
"1174","Thief Simulator 2","PPSA21997","PS5","Нет","699,00 TL","Thief Simulator 2: 699,00 TL; Outlaw Bundle: Thief Simulator 2 x Drug Dealer Simulator: 1.676,00 TL","Нет","Да","","https://store.playstation.com/en-tr/concept/10010587","2024-07-12","Simulation","PEGI_18"
"1175","Titanic Survival Simulator","CUSA56518","PS4","Нет","649,00 TL","","Нет","Нет","","https://store.playstation.com/en-tr/concept/10016716","2026-03-12","Action","PEGI_12"
"1176","PowerWash Simulator","PPSA04988","PS4, PS5","Нет","1.079,00 TL","PowerWash Simulator – Ultimate Satisfaction Bundle: 2.349,00 TL; PowerWash Simulator: 1.079,00 TL","Нет","Да","","https://store.playstation.com/en-tr/concept/10003654","2023-01-31","Simulator","PEGI_3"
"1177","KLETKA","PPSA30762","PS4, PS5","Нет","454,30 TL","","Нет","Да","","https://store.playstation.com/en-tr/concept/10015504","2026-02-19","Horror","PEGI_16"
"1178","Xenon Racer","CUSA13446","PS4","Нет","429,00 TL","","Нет","Да","","https://store.playstation.com/en-tr/concept/232712","2019-03-25","Driving/Racing","PEGI_3"
"1179","Shop & Stuff: Supermarket Simulator","PPSA34617","PS5","Нет","601,00 TL","","Нет","Нет","","https://store.playstation.com/en-tr/concept/10017733","2026-03-27","Casual","PEGI_12"
"1180","Euro Truck Sim Driver Simulator 24 - Garbage","PPSA33800","PS5","Нет","301,95 TL","Euro Truck Sim Driver Simulator 24 - Garbage: 301,95 TL; Euro Truck Sim Driver Simulator 24 - Garbage: 455,00 TL","Нет","Нет","","https://store.playstation.com/en-tr/concept/10011961","2025-12-04","Simulation","PEGI_3"
"1181","City Bus Simulator 2026","PPSA34885","PS5","Нет","334,75 TL","","Нет","Нет","","https://store.playstation.com/en-tr/concept/10012195","2026-05-08","Simulation","PEGI_3"
"1182","Tormented Souls","PPSA02526","PS4, PS5","Нет","174,75 TL","Tormented Souls: 174,75 TL","Нет","Да","","https://store.playstation.com/en-tr/concept/10002062","2021-08-27","Horror","PEGI_18"
"1183","Crossy Road Castle","PPSA19932","PS5","Нет","816,00 TL","Crossy Road® Castle: 816,00 TL","Нет","Да","","https://store.playstation.com/en-tr/concept/10009719","2024-09-11","Family","PEGI_3"
"1184","Persona 5 Royal","PPSA05110","PS5","Нет","2.799,00 TL","The Persona Collection: 1.999,00 TL","Нет","Нет","PS Plus Extra","https://store.playstation.com/en-tr/concept/10002771","2022-10-20","Role Playing Games","PEGI_16"
"1185","Turbo Overkill","PPSA19969","PS4, PS5","Нет","699,00 TL","Turbo Overkill PS4 & PS5: 699,00 TL; Ultimate Edition: 1.299,00 TL","Нет","Да","","https://store.playstation.com/en-tr/concept/10009733","2025-01-29","Shooter","PEGI_16"
"1186","Golf With Your Friends","CUSA17676","PS4","Нет","699,00 TL","Ultimate Edition: 1.349,00 TL; Starter Edition: 79,90 TL","Нет","Да","PS Plus Extra","https://store.playstation.com/en-tr/concept/235061","2020-06-01","Casual","PEGI_7"
"1187","Animal Anatomy VR","PPSA33449","PS5","Нет","949,00 TL","","Нет","Нет","","https://store.playstation.com/en-tr/concept/10017002","2025-11-10","Educational","PEGI_3"
"1188","FlatOut 4 - Total Insanity","CUSA07458","PS4","Нет","57,90 TL","","Нет","Да","","https://store.playstation.com/en-tr/concept/227117","2017-03-16","Driving/Racing","PEGI_12"
"1189","SWORD ART ONLINE Alicization Lycoris","CUSA18228","PS4","Нет","849,00 TL","Deluxe Edition: 644,75 TL","Нет","Да","","https://store.playstation.com/en-tr/concept/234921","2020-07-09","Role Playing Games","PEGI_12"
"1190","Call of the Elder Gods","PPSA28765","PS5","Нет","949,00 TL","Call of the Elder Gods: 949,00 TL","Нет","Да","","https://store.playstation.com/en-tr/concept/10014361","2026-05-12","Adventure","PEGI_12"
"1191","End of Abyss","PPSA25717","PS5","Да","584,10 TL","","Нет","Нет","","https://store.playstation.com/en-tr/concept/10012377","2026-10-01","Action","PEGI_16"
"1192","Idle Immortal","PPSA35865","PS5","Нет","515,00 TL","Standard Edition: 515,00 TL; Deluxe Edition: 949,00 TL","Нет","Нет","","https://store.playstation.com/en-tr/concept/10018486","2026-08-12","Adventure","PEGI_12"
"1193","Assassin's Creed Chronicles – Trilogy","CUSA03440","PS4","Нет","75,24 TL","","Нет","Нет","","https://store.playstation.com/en-tr/concept/215266","2016-02-08","Action","PEGI_16"
"1194","Citizen Vigilante","PPSA30036","PS5","Нет","949,00 TL","","Нет","Да","","https://store.playstation.com/en-tr/concept/10015105","2026-07-16","Shooter","PEGI_18"
"1195","Total Chaos","PPSA32393","PS5","Нет","949,00 TL","","Нет","Да","","https://store.playstation.com/en-tr/concept/10016442","2025-11-20","Horror","PEGI_16"
"1196","Rune Dice","PPSA34745","PS5","Нет","949,00 TL","Rune Dice: 949,00 TL","Нет","Да","","https://store.playstation.com/en-tr/concept/10017762","2026-05-19","Casual","PEGI_7"
"1197","Budget Cuts Ultimate","PPSA08266","PS5","Нет","945,00 TL","","Нет","Да","","https://store.playstation.com/en-tr/concept/10005325","2023-05-31","Action","PEGI_12"
"1198","Bus Driver Simulator","CUSA20278","PS4","Нет","849,00 TL","","Нет","Да","","https://store.playstation.com/en-tr/concept/10000839","2020-11-03","Strategy","PEGI_3"
"1199","Persona 4 Golden","CUSA33874","PS4","Нет","1.229,00 TL","Persona 4 Golden: 1.229,00 TL; Persona 3 Portable & Persona 4 Golden Bundle: 897,00 TL","Нет","Нет","","https://store.playstation.com/en-tr/concept/10003382","2023-01-19","Role Playing Games","PEGI_16"
"1200","FINAL FANTASY XIV Online","PPSA02955","PS4, PS5","Нет","649,00 TL","Starter Edition: 649,00 TL; Complete Edition: 1.925,00 TL; Complete Collector’s Ed.: 4.749,00 TL","Нет","Нет","","https://store.playstation.com/en-tr/concept/201579","2021-05-25","Role Playing Games","PEGI_16"
"1201","NARUTO SHIPPUDEN: Ultimate Ninja STORM Trilogy","CUSA06291","PS4","Нет","1.399,00 TL","NARUTO SHIPPUDEN: Ultimate Ninja STORM Trilogy: 1.399,00 TL; NARUTO SHIPPUDEN: Ultimate Ninja STORM Legacy: 1.175,58 TL","Нет","Нет","","https://store.playstation.com/en-tr/concept/223570","2017-08-24","Action","PEGI_12"
"1202","Psychonauts","CUSA04150","PS4","Нет","472,00 TL","","Нет","Нет","","https://store.playstation.com/en-tr/concept/203294","2016-07-19","Adventure","PEGI_12"
"1203","LEGO The Hobbit","CUSA00355","PS4","Нет","181,87 TL","","Нет","Да","PS Plus Extra","https://store.playstation.com/en-tr/concept/202454","2020-05-05","Family","PEGI_7"
"1204","The Jackbox Party Pack 3","CUSA06236","PS4","Нет","945,00 TL","","Нет","Нет","","https://store.playstation.com/en-tr/concept/222886","2016-10-18","Party","PEGI_12"
"1205","Trine 4: The Nightmare Prince","CUSA09869","PS4","Нет","239,80 TL","Trine: Ultimate Collection: 349,80 TL","Нет","Нет","PS Plus Extra","https://store.playstation.com/en-tr/concept/230059","2019-10-07","Action","PEGI_12"
"1206","Scorn","PPSA07850","PS5","Нет","1.399,00 TL","","Нет","Да","","https://store.playstation.com/en-tr/concept/10005173","2023-10-02","Horror","PEGI_18"
"1207","Five Nights at Freddy's 4","CUSA18366","PS4","Нет","343,00 TL","","Нет","Да","","https://store.playstation.com/en-tr/concept/235193","2020-02-03","Horror","PEGI_12"
"1208","Dead Island","CUSA03291","PS4","Нет","104,85 TL","Dead Island Definitive Edition: 104,85 TL; Dead Island Definitive Collection: 1.049,00 TL","Нет","Да","","https://store.playstation.com/en-tr/concept/228499","2016-05-30","Action","PEGI_18"
"1209","Assassin's Creed Rogue","CUSA10123","PS4","Нет","419,70 TL","","Да","Да","PS Plus Extra","https://store.playstation.com/en-tr/concept/230095","2018-03-19","Action","PEGI_18"
"1210","Vampire: The Masquerade - Swansong","PPSA07302","PS5","Нет","1.299,00 TL","Standard Edition PS5: 1.299,00 TL; Standard Edition PS4: 1.299,00 TL; Primogen Edition PS5 & PS4: 1.499,00 TL","Нет","Да","","https://store.playstation.com/en-tr/concept/10001409","2022-05-19","Role Playing Games","PEGI_18"
"1211","Labyrinthine","PPSA28709","PS5","Нет","649,00 TL","Standard Edition: 649,00 TL; Supporter Edition: 580,50 TL","Нет","Да","","https://store.playstation.com/en-tr/concept/10014325","2025-09-18","Horror","PEGI_18"
"1212","WARRIORS: Abyss","PPSA25843","PS4, PS5","Нет","875,00 TL","Hack'n'Dash Edition: 1.399,00 TL; Ultimate Edition: 2.799,00 TL","Нет","Нет","PS Plus Extra","https://store.playstation.com/en-tr/concept/10012449","2025-02-12","Action","PEGI_16"
"1213","Ice Age: Scrat's Nutty Adventure","PPSA08354","PS4, PS5","Нет","314,70 TL","","Нет","Нет","PS Plus Extra","https://store.playstation.com/en-tr/concept/231098","2022-09-22","Family","PEGI_7"
"1214","LEGO Worlds","CUSA06262","PS4","Нет","1.049,00 TL","","Да","Да","PS Plus Extra","https://store.playstation.com/en-tr/concept/202508","2017-03-09","Adventure","PEGI_7"
"1215","Car Service Simulator","PPSA38110","PS5","Нет","257,00 TL","","Нет","Да","","https://store.playstation.com/en-tr/concept/10019784","2026-07-23","Simulator","PEGI_3"
"1216","Unmourned","PPSA30957","PS5","Нет","1.079,00 TL","Unmourned: 1.079,00 TL","Нет","Да","","https://store.playstation.com/en-tr/concept/10015636","2026-02-19","Horror","PEGI_18"
"1217","Dog Man: Mission Impawsible","PPSA25417","PS4, PS5","Нет","1.399,00 TL","","Нет","Нет","","https://store.playstation.com/en-tr/concept/10012029","2024-12-06","Adventure","PEGI_3"
"1218","STEEP","CUSA05526","PS4","Нет","699,00 TL","Steep X Games Gold Edition: 1.949,00 TL","Нет","Нет","PS Plus Extra","https://store.playstation.com/en-tr/concept/221765","2016-12-01","Sport","PEGI_12"
"1219","Songs of Silence","PPSA25318","PS5","Нет","524,50 TL","","Нет","Да","","https://store.playstation.com/en-tr/concept/10011866","2024-11-13","Strategy","PEGI_12"
"1220","Eternal Evil","PPSA27032","PS5","Нет","212,25 TL","Horror Bundle: 324,75 TL; Eternal Evil: 212,25 TL","Нет","Да","","https://store.playstation.com/en-tr/concept/10012383","2025-05-27","Shooter","PEGI_16"
"1221","Teeto","PPSA36441","PS5","Нет","730,00 TL","","Нет","Да","","https://store.playstation.com/en-tr/concept/10016801","2026-07-14","Adventure","PEGI_7"
"1222","Atelier Marie Remake: The Alchemist of Salburg","PPSA10907","PS4, PS5","Нет","1.749,00 TL","Standard Edition: 1.749,00 TL; Digital Deluxe Edition: 2.275,00 TL","Нет","Нет","","https://store.playstation.com/en-tr/concept/10006379","2023-07-12","Role Playing Games","PEGI_12"
"1223","Saints Row","PPSA02807","PS4, PS5","Нет","1.049,00 TL","Standard Edition: 1.049,00 TL; Gold Edition: 1.399,00 TL","Нет","Да","","https://store.playstation.com/en-tr/concept/10002042","2022-08-22","Shooter","PEGI_18"
"1224","XIII","PPSA02774","PS5","Нет","99,80 TL","XIII: 99,80 TL; Comic Book Legends - Blacksad: Under the Skin, The Bluecoats: North & South, XIII Bundle: 262,25 TL; XIII: 139,80 TL","Нет","Да","","https://store.playstation.com/en-tr/concept/10000403","2022-09-12","Action","PEGI_16"
"1225","AWAKEN - Astral Blade","PPSA22484","PS5","Нет","1.079,00 TL","AWAKEN - Astral Blade: 1.079,00 TL; Deluxe Edition: 519,60 TL","Да","Да","","https://store.playstation.com/en-tr/concept/10009167","2024-10-22","Action","PEGI_12"
"1226","DREADOUT","PPSA24516","PS5","Нет","909,30 TL","DREADOUT REMASTERED COLLECTION: 909,30 TL; DREADOUT REMASTERED COLLECTION: 909,30 TL","Нет","Да","","https://store.playstation.com/en-tr/concept/10011766","2025-01-15","Horror","PEGI_16"
"1227","Still Wakes the Deep","PPSA07905","PS5","Нет","1.199,00 TL","Still Wakes the Deep - The Complete Collection: 1.399,00 TL","Нет","Да","PS Plus Extra","https://store.playstation.com/en-tr/concept/10005163","2024-06-18","Adventure","PEGI_16"
"1228","The Rise of the Golden Idol","PPSA25812","PS5","Нет","629,10 TL","","Нет","Нет","","https://store.playstation.com/en-tr/concept/10010047","2024-11-12","Unique","PEGI_12"
"1229","Subnautica: Below Zero","PPSA02457","PS4, PS5","Нет","1.049,00 TL","","Нет","Да","","https://store.playstation.com/en-tr/concept/235298","2021-05-13","Unique","PEGI_12"
"1230","GreedFall","PPSA02981","PS4, PS5","Нет","239,80 TL","Gold Edition: 1.399,00 TL; Standard Edition: 239,80 TL","Нет","Да","","https://store.playstation.com/en-tr/concept/233031","2021-06-29","Role Playing Games","PEGI_18"
"1231","Asterix & Obelix XXL3: The Crystal Menhir","PPSA07498","PS4, PS5","Нет","139,80 TL","Asterix & Obelix XXL3: The Crystal Menhir: 139,80 TL; Asterix & Obelix XXL3: The Crystal Menhir: 139,80 TL","Да","Да","","https://store.playstation.com/en-tr/concept/234766","2022-12-10","Adventure","PEGI_7"
"1232","My Friendly Neighborhood","PPSA28640","PS4, PS5","Нет","1.246,00 TL","","Нет","Да","","https://store.playstation.com/en-tr/concept/10014274","2025-07-17","Horror","PEGI_12"
"1233","Firmament","PPSA28342","PS4, PS5","Нет","899,40 TL","","Нет","Да","","https://store.playstation.com/en-tr/concept/10000929","2025-07-02","Adventure","PEGI_7"
"1234","MLB The Show 24","PPSA17085","PS4, PS5","Нет","1.299,00 TL","Standard Edition: 1.299,00 TL; Standard Edition: 849,00 TL; MVP Edition: 1.599,00 TL; Digital Deluxe Edition: 2.579,00 TL","Нет","Нет","","https://store.playstation.com/en-tr/concept/10008651","2024-03-19","Sport","PEGI_3"
"1235","Devil May Cry","CUSA09263","PS4","Нет","1.049,00 TL","Devil May Cry HD Collection & 4SE Bundle: 1.599,00 TL; Devil May Cry HD Collection: 1.049,00 TL","Нет","Нет","","https://store.playstation.com/en-tr/concept/232009","2018-03-12","Action","PEGI_16"
"1236","CleanSheet Football","PPSA21124","PS5","Нет","759,20 TL","Standard Edition: 759,20 TL; Ultimate Edition: 1.749,00 TL","Нет","Нет","","https://store.playstation.com/en-tr/concept/10009801","2024-05-16","Sport","PEGI_3"
"1237","Five Nights at Freddy's: Help Wanted 2","PPSA18887","PS5","Нет","1.399,00 TL","","Нет","Нет","PS Plus Extra","https://store.playstation.com/en-tr/concept/10009325","2023-12-14","Horror","PEGI_12"
"1238","Commandos 2 - HD Remaster","CUSA16260","PS4","Нет","297,15 TL","Commandos 2 & Praetorians: HD Remaster Double Pack: 1.299,00 TL; Commandos 2 - HD Remaster: 297,15 TL","Нет","Да","","https://store.playstation.com/en-tr/concept/234406","2020-09-17","Strategy","PEGI_16"
"1239","Road 96: Mile 0","PPSA07584","PS4, PS5","Нет","549,00 TL","Road 96: Mile 0 - Full Journey: 1.160,00 TL; Road 96: Mile 0: 549,00 TL","Нет","Да","","https://store.playstation.com/en-tr/concept/10005020","2023-04-03","Music/Rhythm","PEGI_16"
"1241","Bratz Rhythm & Style","PPSA21174","PS4, PS5","Нет","1.399,00 TL","Bratz® Rhythm & Style: 1.399,00 TL; Deluxe Edition: 2.149,00 TL","Нет","Нет","","https://store.playstation.com/en-tr/concept/10010247","2025-09-11","Music/Rhythm","PEGI_3"
"1242","Green Hell VR","PPSA09114","PS5","Нет","699,00 TL","","Нет","Нет","","https://store.playstation.com/en-tr/concept/10004102","2023-08-15","Simulator","PEGI_18"
"1243","Bartender VR Simulator","PPSA18719","PS5","Нет","408,85 TL","Bartender VR Simulator: 408,85 TL; Bartender VR Simulator: 408,85 TL","Нет","Нет","","https://store.playstation.com/en-tr/concept/233275","2024-02-07","Simulation","PEGI_3"
"1244","Shave & Stuff","PPSA20922","PS5","Нет","649,00 TL","","Нет","Нет","","https://store.playstation.com/en-tr/concept/10010133","2024-05-12","Casual","PEGI_3"
"1245","OUTRIDERS","PPSA01779","PS4, PS5","Нет","1.049,00 TL","OUTRIDERS PS4 & PS5: 279,60 TL; COMPLETE EDITION: 1.049,00 TL","Да","Да","","https://store.playstation.com/en-tr/concept/227401","2024-02-08","Action","PEGI_18"
"1246","Jurassic World Evolution","CUSA09991","PS4","Нет","1.749,00 TL","Jurassic World Evolution: Jurassic Park Edition: 2.299,00 TL; Jurassic World Evolution Deluxe Edition: 1.949,00 TL; Jurassic World Evolution: 1.749,00 TL","Да","Да","","https://store.playstation.com/en-tr/concept/230379","2018-06-11","Action","PEGI_16"
"1247","Ship of Fools","PPSA07582","PS5","Нет","157,25 TL","Ship of Fools: 157,25 TL; Completely Foolish Edition: 374,75 TL; Aquapocalypse Edition: 2.149,00 TL","Нет","Да","","https://store.playstation.com/en-tr/concept/10005039","2022-11-21","Strategy","PEGI_7"
"1248","THE KING OF FIGHTERS XV","PPSA02214","PS4, PS5","Нет","1.049,00 TL","Ultimate Edition: 2.099,00 TL; Standard Edition: 1.049,00 TL; Deluxe Edition: 1.749,00 TL","Нет","Да","","https://store.playstation.com/en-tr/concept/10000894","2022-02-16","Fighting","PEGI_12"
"1249","STAR WARS Battlefront","PPSA16943","PS4, PS5","Нет","860,30 TL","","Нет","Да","","https://store.playstation.com/en-tr/concept/10008554","2024-03-13","Shooter","PEGI_16"
"1250","Shadows of Doubt","PPSA21848","PS5","Нет","879,00 TL","","Нет","Да","","https://store.playstation.com/en-tr/concept/10010521","2024-09-26","Adventure","PEGI_16"
"1251","Fabledom","PPSA19544","PS5","Нет","879,00 TL","","Нет","Да","","https://store.playstation.com/en-tr/concept/10009574","2024-09-12","Strategy","PEGI_7"
"1252","Felix the Cat","PPSA19226","PS4, PS5","Нет","879,00 TL","","Нет","Нет","","https://store.playstation.com/en-tr/concept/10009450","2024-03-27","Action","PEGI_3"
"1253","INDIKA","PPSA16214","PS5","Нет","875,00 TL","","Да","Да","PS Plus Extra","https://store.playstation.com/en-tr/concept/10008296","2024-05-17","Adventure","PEGI_18"
"1254","Hammerwatch II","PPSA06107","PS5","Нет","879,00 TL","Standard: 879,00 TL; Maximum Entertainment RPG Bundle: 1.049,00 TL; Hammerwatch II: The Chronicles Edition: 1.399,00 TL; Standard: 875,00 TL","Нет","Да","","https://store.playstation.com/en-tr/concept/10004263","2023-12-12","Action","PEGI_12"
"1255","The Exit 8","PPSA23276","PS4, PS5","Нет","139,00 TL","","Нет","Нет","PS Plus Extra","https://store.playstation.com/en-tr/concept/10011105","2024-08-08","Horror","PEGI_12"
"1256","ENDER MAGNOLIA: Bloom in the Mist","PPSA22266","PS5","Нет","879,00 TL","ENDER MAGNOLIA: Bloom in the Mist: 879,00 TL; ENDER MAGNOLIA: Bloom in the Mist: 879,00 TL","Нет","Да","","https://store.playstation.com/en-tr/concept/10010653","2025-01-22","Action","PEGI_12"
"1257","Have a Nice Death","PPSA16517","PS5","Нет","875,00 TL","Have a Nice Death: 875,00 TL; Have a Nice Death: 875,00 TL","Нет","Да","","https://store.playstation.com/en-tr/concept/10008404","2023-12-05","Arcade","PEGI_12"
"1258","BioShock","CUSA13064","PS4","Нет","351,60 TL","","Нет","Нет","","https://store.playstation.com/en-tr/concept/232561","2020-05-28","Action","PEGI_18"
"1259","Someday You'll Return: Director's Cut","PPSA13739","PS4, PS5","Нет","875,00 TL","","Нет","Нет","","https://store.playstation.com/en-tr/concept/10004623","2023-03-07","Adventure","PEGI_16"
"1260","Not For Broadcast","CUSA30757","PS4","Нет","875,00 TL","Standard Edition: 875,00 TL; Complete Edition: 1.399,00 TL","Да","Да","","https://store.playstation.com/en-tr/concept/10003940","2023-03-23","Simulation","PEGI_18"
"1261","Slay the Spire","CUSA15338","PS4","Нет","879,00 TL","","Да","Да","","https://store.playstation.com/en-tr/concept/233476","2019-05-20","Strategy","PEGI_7"
"1262","Spirit of the North","PPSA02305","PS5","Нет","879,00 TL","","Нет","Да","","https://store.playstation.com/en-tr/concept/10001854","2020-11-26","Adventure","PEGI_7"
"1263","South Park: The Stick of Truth","CUSA04695","PS4","Нет","1.399,00 TL","","Нет","Да","PS Plus Extra","https://store.playstation.com/en-tr/concept/204162","2018-02-12","Role Playing Games","PEGI_18"
"1264","DRAGON QUEST XI S: Echoes of an Elusive Age","CUSA19120","PS4","Нет","879,00 TL","DRAGON QUEST XI S: Echoes of an Elusive Age – Definitive Edition: 879,00 TL","Нет","Нет","","https://store.playstation.com/en-tr/concept/235335","2020-12-03","Role Playing Games","PEGI_12"
"1265","Double Dragon Gaiden: Rise of the Dragons","PPSA16019","PS4, PS5","Нет","879,00 TL","Double Dragon Gaiden: Rise of the Dragons: 879,00 TL; Beat 'Em Up Bundle: 3.449,00 TL","Нет","Нет","","https://store.playstation.com/en-tr/concept/10008153","2023-07-26","Fighting","PEGI_12"
"1266","KeyWe","PPSA02209","PS4, PS5","Нет","879,00 TL","","Нет","Да","","https://store.playstation.com/en-tr/concept/10001774","2021-09-27","Casual","PEGI_3"
"1267","Spiritfarer","CUSA20160","PS4","Нет","875,00 TL","","Нет","Да","","https://store.playstation.com/en-tr/concept/10000752","2020-08-17","Action","PEGI_12"
"1268","Ragnarock","PPSA10596","PS5","Нет","875,00 TL","Ragnarock: 875,00 TL","Нет","Да","","https://store.playstation.com/en-tr/concept/10003684","2023-02-22","Music/Rhythm","PEGI_16"
"1269","SUPERHOT: MIND CONTROL DELETE","CUSA18510","PS4","Нет","875,00 TL","THE COMPLETE SUPERHOT BUNDLE: 1.749,00 TL; SUPERHOT ONE OF US BUNDLE: 1.399,00 TL; SUPERHOT: MIND CONTROL DELETE: 875,00 TL","Нет","Да","","https://store.playstation.com/en-tr/concept/10000397","2020-07-16","Unique","PEGI_12"
"1270","Thief Simulator VR: Greenview Street","PPSA19487","PS5","Нет","875,00 TL","Thief Simulator VR: Greenview Street: 875,00 TL","Нет","Нет","","https://store.playstation.com/en-tr/concept/10008991","2024-05-08","Action","PEGI_7"
"1271","Until You Fall","PPSA15610","PS5","Нет","875,00 TL","Until You Fall: 875,00 TL; Until You Fall: 875,00 TL","Нет","Нет","","https://store.playstation.com/en-tr/concept/10000591","2023-06-15","Action","PEGI_12"
"1272","The House of Da Vinci VR","PPSA28111","PS5","Нет","875,00 TL","","Нет","Нет","","https://store.playstation.com/en-tr/concept/10013936","2025-04-30","Adventure","PEGI_7"
"1273","Wizard of Legend 2","PPSA24743","PS5","Нет","875,00 TL","","Нет","Да","","https://store.playstation.com/en-tr/concept/10011882","2025-06-12","Action","PEGI_7"
"1274","Disney Illusion Island Starring Mickey and Friends","PPSA17219","PS5","Нет","1.299,00 TL","","Нет","Нет","","https://store.playstation.com/en-tr/concept/10008711","2025-05-30","Adventure","PEGI_7"
"1275","Undead Citadel","PPSA15874","PS5","Нет","681,85 TL","","Нет","Да","","https://store.playstation.com/en-tr/concept/10008160","2025-06-26","Action","PEGI_18"
"1276","The Walking Dead: Destinies","PPSA15732","PS4, PS5","Нет","1.749,00 TL","","Нет","Нет","","https://store.playstation.com/en-tr/concept/10008113","2023-11-16","Action","PEGI_18"
"1277","Garten of Banban 4","PPSA22405","PS5","Нет","349,00 TL","Garten of Banban 4: 349,00 TL; Garten of Banban 4: 349,00 TL","Нет","Да","","https://store.playstation.com/en-tr/concept/10010730","2024-05-30","Horror","PEGI_12"
"1278","Avatar The Last Airbender: Quest for Balance","PPSA04341","PS4, PS5","Нет","1.749,00 TL","","Нет","Нет","","https://store.playstation.com/en-tr/concept/10003264","2023-09-21","Adventure","PEGI_12"
"1279","Railway Empire 2","PPSA04880","PS4, PS5","Нет","1.749,00 TL","Railway Empire 2: 1.749,00 TL; Digital Deluxe Edition: 1.289,50 TL","Да","Да","","https://store.playstation.com/en-tr/concept/10003604","2023-05-24","Strategy","PEGI_12"
"1280","Abiotic Factor","PPSA26012","PS5","Нет","1.135,20 TL","Supporter's Edition: 1.749,00 TL","Нет","Да","PS Plus Extra","https://store.playstation.com/en-tr/concept/10012483","2025-07-22","Adventure","PEGI_16"
"1281","Prototype2","CUSA01765","PS4","Нет","1.749,00 TL","","Нет","Нет","","https://store.playstation.com/en-tr/concept/203587","2015-08-19","Horror","PEGI_18"
"1282","Fast & Furious","PPSA30138","PS5","Нет","1.299,00 TL","","Нет","Нет","","https://store.playstation.com/en-tr/concept/10015155","2025-10-23","Driving/Racing","PEGI_7"
"1283","Plague Inc: Evolved","CUSA04843","PS4","Нет","220,66 TL","","Нет","Да","","https://store.playstation.com/en-tr/concept/217710","2016-05-30","Strategy","PEGI_7"
"1284","Zombie Army VR","PPSA13283","PS5","Нет","909,30 TL","","Нет","Нет","","https://store.playstation.com/en-tr/concept/10006184","2025-06-12","Shooter","PEGI_18"
"1285","PBA Pro Bowling 2026","PPSA33499","PS5","Нет","1.749,00 TL","","Нет","Нет","","https://store.playstation.com/en-tr/concept/10015043","2025-12-19","Sport","PEGI_3"
"1286","Speed Dates","PPSA35067","PS5","Нет","141,35 TL","Speed Dates PS4 EU: 141,35 TL; Speed Dates PS4 EU: 154,20 TL","Нет","Да","","https://store.playstation.com/en-tr/concept/10017982","2026-02-12","Adult","PEGI_12"
"1287","Sam & Max: Beyond Time and Space","CUSA30836","PS4","Нет","699,00 TL","Sam & Max: The Complete Trilogy: 1.749,00 TL; Sam & Max: Beyond Time and Space: 699,00 TL","Нет","Нет","","https://store.playstation.com/en-tr/concept/10003428","2022-09-13","Adventure","PEGI_12"
"1288","The Angry Birds Movie 2 VR: Under Pressure","CUSA16223","PS4","Нет","649,00 TL","","Нет","Да","","https://store.playstation.com/en-tr/concept/234412","2019-08-06","Adventure","PEGI_3"
"1289","Of Lies and Rain","PPSA28752","PS5","Нет","874,50 TL","Of Lies and Rain: 874,50 TL","Нет","Да","","https://store.playstation.com/en-tr/concept/10014352","2025-11-04","Shooter","PEGI_16"
"1290","Agatha Christie - Death on the Nile","PPSA27765","PS5","Нет","1.749,00 TL","Agatha Christie's Deadly Voyages - 2 in 1: 2.099,30 TL; Agatha Christie - Death on the Nile: 1.749,00 TL","Нет","Нет","","https://store.playstation.com/en-tr/concept/10013650","2025-09-24","Adventure","PEGI_12"
"1291","Asterix & Obelix Slap Them All! 2","PPSA16746","PS4, PS5","Нет","349,75 TL","Asterix Maxi Collection: 1.049,70 TL; Asterix & Obelix Slap Them All! 2: 349,75 TL; Asterix Maxi Collection: 1.049,70 TL","Нет","Да","","https://store.playstation.com/en-tr/concept/10008504","2023-11-14","Action","PEGI_7"
"1292","Basketball Pinball","PPSA08114","PS4, PS5","Нет","105,00 TL","Basketball Pinball: 105,00 TL; 4 in 1 Sports Bundle: 219,00 TL","Нет","Нет","","https://store.playstation.com/en-tr/concept/10005279","2022-06-02","Arcade","PEGI_3"
"1293","Ember Knights","PPSA23120","PS5","Нет","1.079,00 TL","","Нет","Да","","https://store.playstation.com/en-tr/concept/10011030","2025-10-16","Action","PEGI_7"
"1294","Dungeon Of Dragon Knight REMAKE","PPSA34362","PS5","Нет","863,20 TL","","Нет","Да","","https://store.playstation.com/en-tr/concept/10017423","2026-08-10","Role Playing Games","PEGI_7"
"1295","Farm Manager World","PPSA32035","PS5","Нет","1.079,00 TL","Farm Manager World x Farm Manager 2022: 1.499,00 TL; Farm Manager World: 1.079,00 TL","Нет","Да","","https://store.playstation.com/en-tr/concept/10016275","2026-03-26","Strategy","PEGI_3"
"1296","Farming Simulator 19","CUSA11593","PS4","Нет","1.299,00 TL","Standard: 1.299,00 TL; Premium Edition: 2.149,00 TL; Farming Simulator 19 - Platinum Edition: 1.749,00 TL","Нет","Да","","https://store.playstation.com/en-tr/concept/231872","2018-11-19","Simulation","PEGI_3"
"1297","Box To The Beat VR","PPSA17161","PS5","Нет","849,00 TL","Full Game: 849,00 TL","Нет","Нет","","https://store.playstation.com/en-tr/concept/10007964","2023-10-17","Fitness","PEGI_7"
"1299","MotoGP21","PPSA02377","PS5","Нет","161,85 TL","MotoGP™21: 161,85 TL; MotoGP™21: 161,85 TL","Нет","Нет","","https://store.playstation.com/en-tr/concept/10001934","2021-04-21","Driving/Racing","PEGI_3"
"1300","OFC - Ultimate Fighting Club","PPSA36530","PS5","Нет","649,00 TL","OFC - Ultimate Fighting Club: 649,00 TL; OFC - Ultimate Fighting Club: 183,75 TL","Нет","Нет","","https://store.playstation.com/en-tr/concept/10013216","2026-04-02","Fighting","PEGI_16"
"1301","Bendy: Lone Wolf","PPSA28609","PS4, PS5","Нет","849,00 TL","Bendy: Lone Wolf - PS4 & PS5: 849,00 TL; Bendy: Ink Demon's Collection: 1.634,00 TL","Нет","Да","","https://store.playstation.com/en-tr/concept/10014263","2025-08-15","Action","PEGI_12"
"1302","Reach","PPSA25045","PS5","Нет","1.299,00 TL","Reach: 1.299,00 TL; Reach Deluxe Edition: 1.749,00 TL; nDreams PSVR2 Bundle: 2.149,00 TL","Нет","Нет","","https://store.playstation.com/en-tr/concept/10012024","2025-10-16","Adventure","PEGI_12"
"1303","Airplane Flight Simulator : Combat Zone","PPSA30356","PS4, PS5","Нет","849,00 TL","","Нет","Нет","","https://store.playstation.com/en-tr/concept/10015277","2025-07-23","Shooter","PEGI_12"
"1304","Virtua Fighter 5 R.E.V.O. World Stage","PPSA30247","PS5","Нет","849,00 TL","Virtua Fighter 5 R.E.V.O. World Stage Standard Edition: 849,00 TL; Virtua Fighter 5 R.E.V.O. World Stage 30th Anniversary Edition: 2.149,00 TL","Нет","Нет","","https://store.playstation.com/en-tr/concept/10015221","2025-10-29","Fighting","PEGI_12"
"1305","CloverPit","PPSA35913","PS5","Нет","429,00 TL","","Нет","Да","","https://store.playstation.com/en-tr/concept/10017298","2026-08-13","Arcade","PEGI_12"
"1306","Beneath","PPSA27640","PS5","Нет","849,00 TL","","Нет","Да","","https://store.playstation.com/en-tr/concept/10013555","2025-10-27","Action","PEGI_18"
"1307","Beat The Champions","PPSA33213","PS5","Нет","849,00 TL","Beat The Champions: 849,00 TL; Beat The Champions: 849,00 TL","Нет","Нет","","https://store.playstation.com/en-tr/concept/10016900","2026-05-28","Sport","PEGI_3"
"1308","Cosmonious High","PPSA09862","PS5","Нет","849,00 TL","Cosmonious High: 849,00 TL","Нет","Нет","","https://store.playstation.com/en-tr/concept/10004600","2023-02-21","Action","PEGI_3"
"1309","Portal Knights","CUSA06287","PS4","Нет","699,00 TL","Portal Knights - Legendary Edition: 629,40 TL","Нет","Да","","https://store.playstation.com/en-tr/concept/224933","2017-06-04","Role Playing Games","PEGI_7"
"1310","3D Arcade Fishing","PPSA19599","PS5","Нет","849,00 TL","3D Arcade Fishing: 849,00 TL; 3D Arcade Fishing: 849,00 TL","Нет","Нет","","https://store.playstation.com/en-tr/concept/10009598","2024-03-26","Simulation","PEGI_3"
"1311","A Monster's Expedition (Through Puzzling Exhibitions)","PPSA04982","PS4, PS5","Нет","849,00 TL","A Monster's Expedition (Through Puzzling Exhibitions): 849,00 TL; Game and Soundtrack Bundle: 1.049,00 TL; Puzzle Bundle: 1.575,00 TL","Нет","Да","","https://store.playstation.com/en-tr/concept/10003653","2022-05-19","Puzzle","PEGI_3"
"1312","Ghostbusters: The Video Game","CUSA15558","PS4","Нет","428,67 TL","","Нет","Нет","","https://store.playstation.com/en-tr/concept/233875","2019-10-03","Shooter","PEGI_12"
"1314","CULTIC","PPSA35094","PS5","Нет","849,00 TL","","Нет","Нет","","https://store.playstation.com/en-tr/concept/10017989","2026-07-23","Shooter","PEGI_16"
"1315","Fighting","PPSA31177","PS5","Нет","849,00 TL","Fighting Force Collection: 849,00 TL; Fighting Force Collection: 849,00 TL","Нет","Нет","","https://store.playstation.com/en-tr/concept/10015736","2026-01-22","Action","PEGI_12"
"1316","Dragon Is Dead","PPSA31210","PS5","Нет","849,00 TL","","Нет","Нет","","https://store.playstation.com/en-tr/concept/10015753","2026-04-22","Action","PEGI_16"
"1317","EMPULSE","PPSA37712","PS5","Нет","849,00 TL","","Нет","Да","","https://store.playstation.com/en-tr/concept/10019550","2026-07-01","Shooter","PEGI_12"
"1318","#DRIVE Rally","PPSA31815","PS5","Нет","849,00 TL","","Нет","Да","","https://store.playstation.com/en-tr/concept/10015922","2026-06-17","Driving/Racing","PEGI_3"
"1319","DEAD OR ALIVE 6 Last Round Core Fighters","PPSA34363","PS5","Нет","1.749,00 TL","DOA6 Last Round (PS5): 1.749,00 TL","Нет","Да","","https://store.playstation.com/en-tr/concept/231800","2026-06-24","Fighting","PEGI_16"
"1320","Farming Simulator 17","CUSA04549","PS4","Нет","849,00 TL","Farming Simulator 17 - Premium Edition: 1.749,00 TL; Farming Simulator 17 - Platinum Edition: 1.299,00 TL; Farming Simulator 17: 849,00 TL","Нет","Нет","","https://store.playstation.com/en-tr/concept/216213","2016-10-24","Family","PEGI_3"
"1321","Flesh Made Fear","PPSA35689","PS5","Нет","849,00 TL","","Нет","Нет","","https://store.playstation.com/en-tr/concept/10018392","2026-06-24","Horror","PEGI_18"
"1322","Gurei","PPSA36353","PS5","Нет","849,00 TL","Standard Edition: 849,00 TL; Standard Edition: 849,00 TL","Нет","Да","","https://store.playstation.com/en-tr/concept/10018780","2026-07-22","Action","PEGI_12"
"1323","Kingdoms and Castles","PPSA16909","PS4, PS5","Нет","849,00 TL","","Нет","Да","","https://store.playstation.com/en-tr/concept/10008416","2024-03-21","Strategy","PEGI_7"
"1324","Midnight Fight Express","CUSA33536","PS4","Нет","424,50 TL","","Нет","Да","","https://store.playstation.com/en-tr/concept/10005006","2022-08-23","Fighting","PEGI_16"
"1325","Go Home Annie: An SCP Game","PPSA30151","PS5","Нет","721,65 TL","","Нет","Да","","https://store.playstation.com/en-tr/concept/10015151","2026-03-31","Action","PEGI_16"
"1326","Junkyard Simulator","PPSA24095","PS5","Нет","849,00 TL","Junkyard Simulator & Car Mechanic Simulator 2021: 1.949,00 TL; Junkyard Simulator: 849,00 TL","Нет","Да","","https://store.playstation.com/en-tr/concept/10010555","2025-10-24","Simulator","PEGI_3"
"1327","Nock","PPSA15189","PS5","Нет","849,00 TL","","Нет","Нет","","https://store.playstation.com/en-tr/concept/10006958","2023-05-24","Sport","PEGI_3"
"1328","Mineko's Night Market","PPSA14426","PS4, PS5","Нет","849,00 TL","","Нет","Да","","https://store.playstation.com/en-tr/concept/229969","2023-10-26","Unique","PEGI_3"
"1329","Momento","PPSA35828","PS5","Нет","849,00 TL","","Нет","Нет","","https://store.playstation.com/en-tr/concept/10018470","2026-06-30","Casual","PEGI_3"
"1330","Heaven","CUSA31665","PS4","Нет","849,00 TL","Heaven Dust Collection: 849,00 TL; Heaven Dust 2: 649,00 TL; Heaven Dust: 283,00 TL","Нет","Да","","https://store.playstation.com/en-tr/concept/10004268","2024-09-19","Horror","PEGI_16"
"1331","Lost Twins 2","PPSA23552","PS5","Нет","849,00 TL","Lost Twins II: 849,00 TL","Нет","Нет","","https://store.playstation.com/en-tr/concept/10011224","2025-08-14","Family","PEGI_3"
"1332","IMMORTALITY","PPSA18076","PS5","Нет","849,00 TL","","Нет","Нет","","https://store.playstation.com/en-tr/concept/10002267","2024-01-23","Unique","PEGI_16"
"1333","NBA BOUNCE","PPSA25034","PS4, PS5","Нет","849,00 TL","Standard Edition: 849,00 TL; Deluxe Edition: 1.299,00 TL","Нет","Нет","","https://store.playstation.com/en-tr/concept/10012016","2025-09-25","Family","PEGI_3"
"1334","MIO: Memories in Orbit","PPSA20661","PS5","Нет","849,00 TL","","Да","Да","","https://store.playstation.com/en-tr/concept/10010037","2026-01-20","Arcade","PEGI_7"
"1335","GYLT","PPSA13526","PS5","Нет","849,00 TL","GYLT: 849,00 TL; GYLT: 849,00 TL","Нет","Да","","https://store.playstation.com/en-tr/concept/10007169","2023-07-06","Horror","PEGI_12"
"1336","Prison Boss VR","PPSA19787","PS5","Нет","849,00 TL","Prison Boss VR: 849,00 TL","Нет","Да","","https://store.playstation.com/en-tr/concept/10009664","2023-12-06","Arcade","PEGI_12"
"1337","HELLDIVERS Dive","CUSA00231","PS4","Нет","849,00 TL","HELLDIVERS™: Super-Earth Ultimate Edition: 1.299,00 TL; HELLDIVERS™ Dive Harder Edition: 849,00 TL","Да","Да","","https://store.playstation.com/en-tr/concept/202013","2015-07-07","Shooter","PEGI_16"
"1338","Pyre","CUSA05763","PS4","Нет","849,00 TL","","Нет","Да","","https://store.playstation.com/en-tr/concept/221992","2017-07-25","Action","PEGI_7"
"1339","Rally Arcade Classics","PPSA26465","PS5","Нет","849,00 TL","","Нет","Нет","","https://store.playstation.com/en-tr/concept/10012847","2025-05-31","Simulator","PEGI_3"
"1340","Sovereign Syndicate","PPSA26903","PS5","Нет","849,00 TL","Sovereign Syndicate: 849,00 TL; Sovereign Syndicate: 849,00 TL","Нет","Да","","https://store.playstation.com/en-tr/concept/10013097","2026-01-29","Adventure","PEGI_16"
"1341","Sker Ritual","PPSA14196","PS5","Нет","849,00 TL","Nightmare Edition: 849,00 TL; Inferno Edition: 1.749,00 TL; Nightmare Edition: 849,00 TL; Inferno Edition: 1.749,00 TL","Нет","Да","","https://store.playstation.com/en-tr/concept/10005307","2026-07-28","Shooter","PEGI_18"
"1342","Project Neon","PPSA37317","PS4, PS5","Нет","849,00 TL","","Нет","Нет","","https://store.playstation.com/en-tr/concept/10019258","2026-08-06","Shooter","PEGI_7"
"1343","Styx: Master of Shadows","CUSA01069","PS4","Нет","849,00 TL","","Нет","Нет","","https://store.playstation.com/en-tr/concept/204173","2015-04-14","Adventure","PEGI_16"
"1344","SILLY POLLY BEAST","PPSA32694","PS4, PS5","Нет","849,00 TL","SILLY POLLY BEAST: 849,00 TL","Нет","Да","","https://store.playstation.com/en-tr/concept/10016634","2025-10-28","Adventure","PEGI_16"
"1345","Taxi Chaos","CUSA20140","PS4","Нет","849,00 TL","","Нет","Да","","https://store.playstation.com/en-tr/concept/10000744","2021-02-24","Unique","PEGI_3"
"1346","Tomba! 2","PPSA29866","PS5","Нет","849,00 TL","","Нет","Нет","","https://store.playstation.com/en-tr/concept/10015010","2025-12-14","Action","PEGI_3"
"1347","This is the Police","CUSA05839","PS4","Нет","849,00 TL","","Нет","Да","","https://store.playstation.com/en-tr/concept/223177","2017-03-22","Adventure","PEGI_16"
"1348","Wobbledogs","CUSA35705","PS4","Нет","849,00 TL","","Нет","Да","","https://store.playstation.com/en-tr/concept/10005761","2023-05-23","Simulation","PEGI_3"
"1349","WRC 8 FIA World Rally Championship","CUSA15494","PS4","Нет","849,00 TL","WRC 8 FIA World Rally Championship: 849,00 TL; WRC 8 Deluxe Edition FIA World Rally Championship: 1.299,00 TL","Нет","Да","","https://store.playstation.com/en-tr/concept/233787","2019-09-04","Simulation","PEGI_3"
"1350","Castle of Heart: Retold","PPSA27775","PS5","Нет","389,40 TL","","Нет","Нет","","https://store.playstation.com/en-tr/concept/10013666","2025-10-03","Action","PEGI_12"
"1351","The Mermaid Mask","PPSA36631","PS5","Нет","849,00 TL","","Нет","Да","","https://store.playstation.com/en-tr/concept/10018939","2026-07-17","Adventure","PEGI_7"
"1352","Unrailed 2: Back on Track","PPSA30893","PS5","Нет","849,00 TL","","Нет","Да","","https://store.playstation.com/en-tr/concept/10015599","2026-06-10","Party","PEGI_3"
"1353","Titanic VR","CUSA10530","PS4","Нет","849,00 TL","Apollo Titanic Bundle: 1.031,00 TL; Titanic VR: 849,00 TL","Нет","Нет","","https://store.playstation.com/en-tr/concept/231189","2018-12-05","Adventure","PEGI_7"
"1354","Bendy and the Ink Machine","PPSA27616","PS5","Нет","699,00 TL","Bendy: Studio Collection: 1.225,00 TL; Bendy and the Ink Machine: 699,00 TL","Нет","Да","","https://store.playstation.com/en-tr/concept/10013479","2025-05-09","Puzzle","PEGI_12"
"1355","WW2 Rebuilder","PPSA20641","PS5","Нет","849,00 TL","WW2 Rebuilder: 849,00 TL; WW2 Rebuilder: 699,00 TL","Нет","Да","","https://store.playstation.com/en-tr/concept/10010025","2024-05-10","Simulator","PEGI_7"
"1356","The Town of Light","CUSA07051","PS4","Нет","849,00 TL","The Town of Light: 849,00 TL","Нет","Нет","","https://store.playstation.com/en-tr/concept/227557","2017-06-05","Adventure","PEGI_18"
"1358","Top Gun Global War","PPSA34573","PS5","Нет","849,00 TL","Top Gun Global War: 849,00 TL; Top Gun Global War: 849,00 TL","Нет","Нет","","https://store.playstation.com/en-tr/concept/10017701","2025-11-28","Simulation","PEGI_12"
"1359","Under The Jolly Roger","CUSA18308","PS4","Нет","464,40 TL","Under the Jolly Roger - Complete Edition: 779,40 TL; Under The Jolly Roger: 464,40 TL; Under the Jolly Roger - Deluxe DLC Bundle: 551,85 TL; Deluxe Edition: 928,20 TL","Нет","Да","","https://store.playstation.com/en-tr/concept/235399","2020-02-24","Role Playing Games","PEGI_16"
"1360","The Legend of Bum-bo","PPSA06615","PS5","Нет","849,00 TL","","Нет","Нет","","https://store.playstation.com/en-tr/concept/10004548","2022-06-29","Puzzle","PEGI_7"
"1361","Gotham Knights","PPSA07257","PS5","Нет","3.149,00 TL","Standard Edition: 3.149,00 TL; Deluxe Edition: 4.199,00 TL","Нет","Нет","","https://store.playstation.com/en-tr/concept/233383","2022-10-20","Action","PEGI_16"
"1362","CRYMACHINA","PPSA14428","PS4, PS5","Нет","2.099,00 TL","Standard Edition: 2.099,00 TL; Digital Deluxe Edition: 2.799,00 TL","Нет","Нет","","https://store.playstation.com/en-tr/concept/10007151","2023-10-27","Action","PEGI_16"
"1363","FANTASIAN Neo Dimension","PPSA22265","PS4, PS5","Нет","839,60 TL","FANTASIAN Neo Dimension: 839,60 TL","Нет","Нет","","https://store.playstation.com/en-tr/concept/10010526","2024-12-04","Role Playing Games","PEGI_12"
"1364","FINAL FANTASY XII THE ZODIAC AGE","CUSA05531","PS4","Нет","1.749,00 TL","","Нет","Нет","","https://store.playstation.com/en-tr/concept/228209","2017-07-17","Role Playing Games","PEGI_16"
"1365","Batman - The Telltale Series - Episode 1: Realm of Shadows","CUSA05603","PS4","Нет","1.049,00 TL","Shadows Edition: 1.049,00 TL; Batman - The Telltale Series - Season Pass: 210,00 TL","Нет","Да","","https://store.playstation.com/en-tr/concept/221667","2016-08-01","Adventure","PEGI_18"
"1366","Pickleball Multisport VR","PPSA26389","PS5","Нет","839,00 TL","","Да","Да","","https://store.playstation.com/en-tr/concept/10011672","2025-01-13","Sport","PEGI_3"
"1367","WARRIORS ALL-STARS","CUSA07903","PS4","Нет","2.099,00 TL","","Нет","Нет","","https://store.playstation.com/en-tr/concept/227168","2017-09-29","Action","PEGI_12"
"1368","Architect Life: A House Design Simulator","PPSA22273","PS5","Нет","1.749,00 TL","Standard Edition: 1.749,00 TL; Life Sim: 4.299,00 TL; Home Deluxe Edition: 2.149,00 TL","Нет","Да","","https://store.playstation.com/en-tr/concept/10010668","2025-06-19","Simulation","PEGI_3"
"1369","The Walking Dead: The Final Season - Season Pass","CUSA12026","PS4","Нет","839,00 TL","The Walking Dead: The Final Season - Season Pass: 839,00 TL","Нет","Да","","https://store.playstation.com/en-tr/concept/232129","2018-08-13","Adventure","PEGI_18"
"1370","Sonic Colours: Ultimate","CUSA19351","PS4","Нет","1.599,00 TL","Standard Edition: 1.599,00 TL; Digital Deluxe Edition: 140,70 TL","Нет","Да","","https://store.playstation.com/en-tr/concept/10000537","2021-09-06","Action","PEGI_7"
"1371","The Casting of Frank Stone","PPSA16163","PS5","Нет","404,25 TL","Deluxe Edition: 539,22 TL","Да","Да","PS Plus Extra","https://store.playstation.com/en-tr/concept/10008245","2024-09-03","Horror","PEGI_18"
"1372","Anger Foot","PPSA29043","PS5","Нет","254,70 TL","Broforce x Anger Foot Bundle: 1.299,00 TL; Anger Foot: 254,70 TL","Нет","Да","","https://store.playstation.com/en-tr/concept/10013233","2025-07-01","Shooter","PEGI_16"
"1373","Please Be Happy","PPSA23026","PS5","Нет","419,40 TL","Please Be Happy: 419,40 TL; Please Be Happy: 419,40 TL","Нет","Нет","","https://store.playstation.com/en-tr/concept/10010977","2025-02-20","Adventure","PEGI_12"
"1374","Alaskan Road Truckers","PPSA16793","PS5","Нет","945,00 TL","Alaskan Road Truckers: Highway Edition - Cosmetic Bundle: 1.246,00 TL","Нет","Да","","https://store.playstation.com/en-tr/concept/10008444","2024-07-11","Simulation","PEGI_3"
"1375","Paint the Town Red","PPSA04066","PS4, PS5","Нет","595,00 TL","Paint the Town Red VR: 699,00 TL; Paint the Town Red: 595,00 TL","Нет","Да","","https://store.playstation.com/en-tr/concept/10001938","2021-07-28","Action","PEGI_16"
"1376","CityDriver","PPSA17451","PS5","Нет","1.749,00 TL","","Нет","Нет","","https://store.playstation.com/en-tr/concept/10008804","2023-12-12","Simulator","PEGI_3"
"1377","Forever Skies","PPSA07867","PS5","Нет","1.229,00 TL","Standard Edition: 1.229,00 TL; Help The Planet Bundle: 1.590,00 TL; Deluxe Edition: 1.399,00 TL; Enhanced Edition: 817,00 TL","Нет","Да","","https://store.playstation.com/en-tr/concept/10004499","2025-04-14","Simulator","PEGI_12"
"1378","We Were Here Forever","PPSA03593","PS4, PS5","Нет","629,00 TL","","Нет","Да","","https://store.playstation.com/en-tr/concept/10002430","2023-01-31","Adventure","PEGI_12"
"1379","Rise of the Ronin","PPSA04540","PS5","Нет","3.449,00 TL","Digital Deluxe Edition: 3.849,00 TL","Нет","Да","PS Plus Extra","https://store.playstation.com/en-tr/concept/10003386","2024-03-21","Action","PEGI_18"
"1380","The Coma 3: Bloodlines","PPSA36381","PS4, PS5","Нет","649,00 TL","","Нет","Да","","https://store.playstation.com/en-tr/concept/10018797","2026-04-30","Adventure","PEGI_12"
"1381","Hubris","PPSA13416","PS5","Нет","209,80 TL","","Нет","Да","","https://store.playstation.com/en-tr/concept/10007202","2023-06-22","Adventure","PEGI_12"
"1382","Balatro","PPSA21402","PS4, PS5","Нет","529,00 TL","","Нет","Нет","","https://store.playstation.com/en-tr/concept/10010334","2024-02-20","Strategy","PEGI_12"
"1383","TUNIC","PPSA03055","PS4, PS5","Нет","1.299,00 TL","","Нет","Да","","https://store.playstation.com/en-tr/concept/10002475","2022-09-27","Action","PEGI_7"
"1384","Ground Zero","PPSA30676","PS5","Нет","816,00 TL","","Нет","Да","","https://store.playstation.com/en-tr/concept/10015461","2026-04-16","Horror","PEGI_16"
"1385","Hyper Light Drifter","CUSA05666","PS4","Нет","816,00 TL","","Нет","Да","","https://store.playstation.com/en-tr/concept/217146","2016-07-26","Action","PEGI_12"
"1386","Machinarium","CUSA02602","PS4","Нет","699,00 TL","","Нет","Да","","https://store.playstation.com/en-tr/concept/202712","2016-10-17","Adventure","PEGI_7"
"1387","Sunset Motel","PPSA33105","PS5","Нет","816,00 TL","Sunset Motel: 816,00 TL; Sunset Motel: 816,00 TL","Да","Да","","https://store.playstation.com/en-tr/concept/10016807","2026-05-07","Simulator","PEGI_18"
"1388","Holdfast: Nations At War","PPSA28482","PS5","Нет","849,00 TL","Holdfast: Nations At War: 849,00 TL; Ultimate Edition: 3.449,00 TL; Patriot Edition: 1.749,00 TL; Age Of Sail Edition: 1.749,00 TL; Napoleonic Edition: 2.149,00 TL; Great War Edition: 1.749,00 TL","Нет","Да","","https://store.playstation.com/en-tr/concept/10008300","2025-07-09","Shooter","PEGI_12"
"1389","Steelrising","PPSA05063","PS5","Нет","1.749,00 TL","Bastille Edition: 2.149,00 TL","Нет","Да","","https://store.playstation.com/en-tr/concept/10003187","2022-09-08","Role Playing Games","PEGI_12"
"1390","Immortals of Aveum","PPSA08237","PS5","Нет","2.900,00 TL","Deluxe Edition: 3.300,00 TL","Нет","Нет","EA Access","https://store.playstation.com/en-tr/concept/10005317","2023-08-22","Shooter","PEGI_16"
"1391","Ultimate Chicken Horse","CUSA09374","PS4","Нет","629,00 TL","","Нет","Нет","","https://store.playstation.com/en-tr/concept/228877","2017-12-17","Adventure","PEGI_3"
"1392","The LEGO Movie Videogame","CUSA00563","PS4","Нет","1.399,00 TL","","Нет","Да","PS Plus Extra","https://store.playstation.com/en-tr/concept/204880","2014-05-14","Adventure","PEGI_7"
"1393","Only Up 2025","CUSA56443","PS4","Нет","171,50 TL","","Нет","Нет","","https://store.playstation.com/en-tr/concept/10016642","2025-09-12","Strategy","PEGI_3"
"1394","BioShock Infinite: The","CUSA03986","PS4","Нет","351,60 TL","","Нет","Нет","","https://store.playstation.com/en-tr/concept/10002926","2020-05-28","Action","—"
"1395","Sairento VR","CUSA14818","PS4","Нет","209,85 TL","","Нет","Нет","","https://store.playstation.com/en-tr/concept/231171","2019-07-05","Action","PEGI_18"
"1396","Supermarket Manager Simulator","PPSA28204","PS5","Нет","343,00 TL","Supermarket Manager Simulator: 343,00 TL; Supermarket Manager Simulator: 343,00 TL","Нет","Да","","https://store.playstation.com/en-tr/concept/10013941","2025-03-28","Simulator","PEGI_3"
"1397","DreamWorks Trolls Remix Rescue","PPSA13625","PS4, PS5","Нет","1.749,00 TL","DreamWorks Trolls Remix Rescue: 1.749,00 TL; Deluxe Edition: 419,80 TL","Нет","Нет","","https://store.playstation.com/en-tr/concept/10007273","2023-10-26","Adventure","PEGI_3"
"1398","Life is Strange: Double Exposure","PPSA16106","PS5","Нет","3.149,00 TL","Deluxe Edition: 2.499,00 TL; Ultimate Edition: 3.149,00 TL","Нет","Да","","https://store.playstation.com/en-tr/concept/10008183","2024-10-29","Adventure","PEGI_16"
"1399","Orcs Must Die! 3","PPSA07409","PS4, PS5","Нет","389,70 TL","Orcs Must Die! 3 Bundle: 541,45 TL; Orcs Must Die! 3 Bundle: 541,45 TL","Да","Да","PS Plus Extra","https://store.playstation.com/en-tr/concept/10002601","2022-06-07","Action","PEGI_12"
"1400","Kamikaze Strike: FPV Drone","PPSA35334","PS5","Нет","278,85 TL","Kamikaze Strike: FPV Drone: 278,85 TL; Kamikaze Strike: FPV Drone: 429,00 TL","Нет","Да","","https://store.playstation.com/en-tr/concept/10018144","2026-05-08","Simulation","PEGI_12"
"1401","Gear.Club Unlimited 2","PPSA05026","PS5","Нет","279,80 TL","Gotta Go Fast 3-in-1: 1.049,00 TL; Ultimate Edition: 279,80 TL; Ultimate Edition: 279,80 TL","Нет","Да","","https://store.playstation.com/en-tr/concept/231711","2021-12-06","Unique","PEGI_3"
"1402","Star Trucker","PPSA27804","PS5","Нет","525,00 TL","Star Trucker: 525,00 TL; Deluxe Bundle: 1.049,00 TL","Нет","Да","","https://store.playstation.com/en-tr/concept/10008262","2025-06-10","Simulation","PEGI_12"
"1403","Cozy Grove","PPSA03192","PS4, PS5","Нет","270,45 TL","Cozy Grove + New Neighbears: 367,20 TL; Cozy Grove: 270,45 TL; Cozy Grove + New Neighbears: 367,20 TL","Нет","Да","","https://store.playstation.com/en-tr/concept/10002088","2023-06-22","Adventure","PEGI_3"
"1404","King's Bounty II","PPSA05038","PS4, PS5","Нет","209,85 TL","Lord's Edition: 739,07 TL; King's Bounty II: 209,85 TL","Да","Да","","https://store.playstation.com/en-tr/concept/10001624","2023-09-06","Role Playing Games","PEGI_16"
"1405","Brawlout","CUSA05544","PS4","Нет","60,00 TL","Brawlout Deluxe Edition: 90,50 TL","Нет","Нет","PS Plus Extra","https://store.playstation.com/en-tr/concept/221878","2018-08-20","Action","PEGI_7"
"1406","SAMURAI WARRIORS 4","CUSA00783","PS4","Нет","879,00 TL","","Нет","Нет","","https://store.playstation.com/en-tr/concept/204492","2014-11-18","Action","PEGI_16"
"1407","Nioh","CUSA07123","PS4","Нет","699,00 TL","The Complete Edition: 459,00 TL; Nioh – Complete Edition: 1.749,00 TL","Нет","Да","PS Plus Extra","https://store.playstation.com/en-tr/concept/213861","2017-02-07","Action","PEGI_18"
"1408","Planet of Lana","PPSA19450","PS4, PS5","Нет","699,00 TL","","Нет","Да","","https://store.playstation.com/en-tr/concept/10009541","2024-04-14","Action","PEGI_12"
"1409","Stick Fight: The Game","CUSA11826","PS4","Нет","122,50 TL","","Нет","Нет","PS Plus Extra","https://store.playstation.com/en-tr/concept/232043","2021-12-03","Unique","PEGI_7"
"1410","Pets & Stuff","PPSA25437","PS5","Нет","525,00 TL","","Нет","Нет","","https://store.playstation.com/en-tr/concept/10012207","2024-12-12","Casual","PEGI_3"
"1411","STAR WARS Jedi Knight: Jedi Academy","CUSA17820","PS4","Нет","227,15 TL","","Нет","Нет","","https://store.playstation.com/en-tr/concept/235122","2020-03-25","Adventure","PEGI_16"
"1412","WARRIORS OROCHI 3 Ultimate","CUSA00661","PS4","Нет","879,00 TL","","Нет","Нет","","https://store.playstation.com/en-tr/concept/226937","2014-09-30","Action","PEGI_12"
"1413","Grit and Valor - 1949","PPSA25808","PS5","Нет","849,00 TL","","Нет","Да","","https://store.playstation.com/en-tr/concept/10012427","2025-08-21","Action","PEGI_12"
"1414","Unturned","CUSA19287","PS4","Нет","350,00 TL","","Нет","Да","","https://store.playstation.com/en-tr/concept/232743","2020-11-12","Unique","PEGI_16"
"1415","Sniper Ghost Warrior 3 Season","CUSA04854","PS4","Нет","2.349,00 TL","","Нет","Да","","https://store.playstation.com/en-tr/concept/216394","2017-04-24","Shooter","PEGI_18"
"1416","Road Maintenance Simulator 2 + Winter Services","PPSA25346","PS5","Нет","1.299,00 TL","","Нет","Нет","","https://store.playstation.com/en-tr/concept/10012147","2024-12-09","Simulator","PEGI_3"
"1417","Nickelodeon All-Star Brawl","PPSA02280","PS4, PS5","Нет","1.749,00 TL","","Нет","Нет","","https://store.playstation.com/en-tr/concept/10001829","2021-10-04","Fighting","PEGI_7"
"1418","Ys Memoire: The Oath in Felghana","PPSA24260","PS4, PS5","Нет","389,70 TL","","Нет","Нет","","https://store.playstation.com/en-tr/concept/10007319","2025-01-06","Role Playing Games","PEGI_16"
"1419","Workshop Simulator VR","PPSA31883","PS5","Нет","503,10 TL","","Нет","Нет","","https://store.playstation.com/en-tr/concept/10016072","2025-09-03","Simulator","PEGI_3"
"1420","Strange Antiquities","PPSA34178","PS4, PS5","Нет","774,00 TL","","Нет","Да","","https://store.playstation.com/en-tr/concept/10017445","2026-04-30","Unique","PEGI_7"
"1421","Primal Carnage: Evolution","CUSA29602","PS4","Нет","774,00 TL","","Нет","Нет","","https://store.playstation.com/en-tr/concept/10002488","2023-12-30","Action","PEGI_12"
"1422","Darkwood","PPSA03960","PS5","Нет","774,00 TL","Stealth & Survival Bundle: 1.749,00 TL; Darkwood: 774,00 TL; Darkwood - Special Edition: 774,00 TL; Darkwood: 649,00 TL","Нет","Да","","https://store.playstation.com/en-tr/concept/232700","2022-10-27","Horror","PEGI_18"
"1423","Easy Red 2","CUSA49432","PS4","Нет","387,00 TL","","Нет","Да","","https://store.playstation.com/en-tr/concept/10011381","2025-03-28","Shooter","PEGI_16"
"1424","Deus Ex: Mankind Divided","CUSA01836","PS4","Нет","1.049,00 TL","Deus Ex: Mankind Divided - Digital Deluxe Edition: 1.575,00 TL","Да","Да","PS Plus Extra","https://store.playstation.com/en-tr/concept/200943","2016-10-18","Action","PEGI_18"
"1425","SpellForce: Conquest of Eo","PPSA17231","PS5","Нет","1.299,00 TL","","Нет","Нет","","https://store.playstation.com/en-tr/concept/10008526","2023-11-07","Strategy","PEGI_12"
"1426","Arcade Archives 2 COMBAT SCHOOL","PPSA35170","PS5","Нет","387,00 TL","Arcade Archives 2 COMBAT SCHOOL: 387,00 TL; Arcade Archives COMBAT SCHOOL: 300,00 TL","Нет","Нет","","https://store.playstation.com/en-tr/concept/10018060","2026-08-05","Action","PEGI_7"
"1427","Warhammer 40,000: Boltgun","PPSA07247","PS4, PS5","Нет","461,67 TL","Warhammer 40,000: Boltgun (PS4 & PS5): 461,67 TL; Forges of Corruption: 629,00 TL","Нет","Да","","https://store.playstation.com/en-tr/concept/10004833","2023-05-22","Shooter","PEGI_18"
"1428","Wo Long: Fallen Dynasty","PPSA08773","PS4, PS5","Нет","1.749,00 TL","Complete Edition: 2.499,00 TL","Нет","Да","PS Plus Extra","https://store.playstation.com/en-tr/concept/10004116","2023-03-02","Unique","PEGI_16"
"1429","Void Crew","PPSA28509","PS5","Нет","779,40 TL","","Нет","Да","","https://store.playstation.com/en-tr/concept/10014205","2025-09-04","Action","PEGI_12"
"1430","Gamedec","PPSA12363","PS5","Нет","773,70 TL","","Нет","Да","","https://store.playstation.com/en-tr/concept/10006851","2023-02-23","Role Playing Games","PEGI_18"
"1431","Warhammer: Vermintide 2","CUSA13645","PS4","Нет","1.299,00 TL","Warhammer: Vermintide 2 - Winds of Magic Bundle: 1.749,00 TL; Warhammer: Vermintide 2 - Ultimate Edition: 2.349,00 TL; Warhammer: Vermintide 2 - Premium Edition: 1.949,00 TL","Нет","Да","PS Plus Extra","https://store.playstation.com/en-tr/concept/232764","2018-12-17","Action","PEGI_18"
"1432","Real Boxing 2","CUSA56690","PS4","Нет","515,00 TL","Standard Edition: 515,00 TL; Complete Edition: 849,00 TL","Нет","Нет","","https://store.playstation.com/en-tr/concept/10014440","2025-12-24","Sport","PEGI_16"
"1433","Zero Caliber VR","PPSA30821","PS5","Нет","1.079,00 TL","","Нет","Нет","","https://store.playstation.com/en-tr/concept/10015554","2025-12-16","Shooter","PEGI_16"
"1434","Ultra Street Fighter IV","CUSA01839","PS4","Нет","1.079,00 TL","","Нет","Нет","","https://store.playstation.com/en-tr/concept/221219","2015-05-25","Fighting","PEGI_12"
"1435","Tricky Monkey Zoo","PPSA33220","PS5","Нет","257,00 TL","Tricky Monkey Zoo: 257,00 TL; Tricky Monkey Zoo: 257,00 TL","Нет","Нет","","https://store.playstation.com/en-tr/concept/10016905","2026-03-13","Simulator","PEGI_7"
"1436","GRIME II","PPSA34673","PS5","Нет","1.160,00 TL","","Нет","Да","","https://store.playstation.com/en-tr/concept/10017769","2026-03-31","Action","PEGI_12"
"1437","Persona5 Strikers","CUSA20040","PS4","Нет","170,44 TL","Standard Edition: 170,44 TL; Digital Deluxe Edition: 3.499,00 TL","Нет","Нет","","https://store.playstation.com/en-tr/concept/10000672","2021-02-22","Action","PEGI_16"
"1438","The Jackbox Naughty Pack","PPSA21821","PS4, PS5","Нет","699,00 TL","","Нет","Нет","","https://store.playstation.com/en-tr/concept/10010512","2024-09-11","Party","PEGI_16"
"1439","Beholder: Conductor","PPSA36965","PS5","Нет","687,00 TL","","Да","Да","","https://store.playstation.com/en-tr/concept/10019096","2026-06-03","Simulation","PEGI_16"
"1440","Outcast - A New Beginning","PPSA04814","PS5","Нет","769,45 TL","Standard: 769,45 TL","Да","Да","","https://store.playstation.com/en-tr/concept/10003564","2024-03-15","Action","PEGI_16"
"1441","RUSH","PPSA33631","PS5","Нет","424,50 TL","","Нет","Нет","","https://store.playstation.com/en-tr/concept/10017027","2025-11-06","Driving/Racing","PEGI_3"
"1442","Shin Megami Tensei III Nocturne HD Remaster","CUSA24920","PS4","Нет","2.349,00 TL","Standard Edition: 2.349,00 TL; Digital Deluxe Edition: 749,70 TL","Нет","Нет","","https://store.playstation.com/en-tr/concept/10000341","2021-05-24","Role Playing Games","PEGI_16"
"1443","Layers of Fear 2 (2019)","CUSA15639","PS4","Нет","84,90 TL","","Нет","Да","","https://store.playstation.com/en-tr/concept/233093","2019-05-27","Adventure","PEGI_18"
"1444","JDM: Japanese Drift Master","PPSA34032","PS5","Нет","1.499,00 TL","","Нет","Да","","https://store.playstation.com/en-tr/concept/10017347","2026-02-06","Simulator","PEGI_16"
"1445","Mary Skelter Finale","CUSA26856","PS4","Нет","2.149,00 TL","Standard Edition: 2.149,00 TL; Deluxe Edition: 2.579,00 TL","Нет","Нет","","https://store.playstation.com/en-tr/concept/10002429","2021-09-30","Role Playing Games","PEGI_16"
"1446","Out of Sight","PPSA28511","PS5","Нет","360,60 TL","","Нет","Да","","https://store.playstation.com/en-tr/concept/10014012","2025-05-22","Horror","PEGI_12"
"1447","VALKYRIE ELYSIUM","PPSA07275","PS4, PS5","Нет","2.099,00 TL","Digital Standard Edition: 2.099,00 TL; Digital Deluxe Edition: 751,52 TL","Нет","Да","","https://store.playstation.com/en-tr/concept/10004428","2022-09-28","Action","PEGI_12"
"1448","CODE VEIN","CUSA10246","PS4","Нет","2.499,00 TL","CODE VEIN Deluxe Edition: 3.149,00 TL; CODE VEIN: 2.499,00 TL","Нет","Да","","https://store.playstation.com/en-tr/concept/229759","2019-09-26","Role Playing Games","PEGI_16"
"1449","Kizuna AI - Touch the Beat!","PPSA11200","PS5","Нет","1.499,00 TL","Kizuna AI - Touch the Beat!: 1.499,00 TL; Kizuna AI - Touch the Beat!: 1.499,00 TL","Нет","Нет","","https://store.playstation.com/en-tr/concept/10004843","2023-02-21","Music/Rhythm","PEGI_3"
"1450","Constance","PPSA29415","PS5","Нет","849,00 TL","","Нет","Да","","https://store.playstation.com/en-tr/concept/10014757","2026-05-01","Action","PEGI_3"
"1451","Evil Nun: The Broken Mask","PPSA18440","PS5","Нет","279,60 TL","Evil Nun: The Broken Mask: 279,60 TL; Evil Nun: The Broken Mask: 279,60 TL","Нет","Да","","https://store.playstation.com/en-tr/concept/10008702","2023-12-07","Action","PEGI_16"
"1452","Neon Inferno","PPSA31665","PS4, PS5","Нет","636,75 TL","Neon Inferno: 636,75 TL","Нет","Да","","https://store.playstation.com/en-tr/concept/10016056","2025-11-19","Action","PEGI_16"
"1453","Ion Fury","CUSA14704","PS4","Нет","215,80 TL","Ion Fury: Double Shot Edition: 674,55 TL; Ion Fury: 215,80 TL","Нет","Да","","https://store.playstation.com/en-tr/concept/233277","2020-05-14","Shooter","PEGI_18"
"1454","Sea of Stars","PPSA07587","PS4, PS5","Нет","1.499,00 TL","Sea of Stars: Sunset Edition: 1.499,00 TL","Нет","Да","","https://store.playstation.com/en-tr/concept/10004226","2023-08-28","Role Playing Games","PEGI_7"
"1455","Subway Simulator 2025 - City Train","CUSA56067","PS4","Нет","356,95 TL","Subway Simulator 2025 - City Train: 356,95 TL","Нет","Нет","","https://store.playstation.com/en-tr/concept/10016308","2025-10-06","Arcade","PEGI_3"
"1456","Bang-On Balls: Chronicles","PPSA11116","PS4, PS5","Нет","875,00 TL","Avatar Edition: 406,00 TL; Avatar Edition: 406,00 TL","Нет","Да","PS Plus Extra","https://store.playstation.com/en-tr/concept/10006478","2024-03-04","Adventure","PEGI_7"
"1457","Plane Flight Simulator","PPSA34494","PS5","Нет","389,40 TL","","Нет","Нет","","https://store.playstation.com/en-tr/concept/10017519","2026-02-16","Adventure","PEGI_3"
"1458","Yakuza 6: The Song of Life","CUSA09660","PS4","Нет","349,50 TL","Yakuza 6: The Song of Life: 349,50 TL","Нет","Нет","","https://store.playstation.com/en-tr/concept/217754","2018-04-16","Action","PEGI_18"
"1459","Frostpunk","CUSA15690","PS4","Нет","1.049,00 TL","Frostpunk: Complete Collection: 315,00 TL","Нет","Да","PS Plus Extra","https://store.playstation.com/en-tr/concept/233993","2019-10-10","Strategy","PEGI_16"
"1460","Stubbs the Zombie in Rebel Without a Pulse","CUSA24146","PS4","Нет","139,80 TL","","Нет","Да","","https://store.playstation.com/en-tr/concept/10001292","2021-03-16","Action","PEGI_18"
"1461","Torchlight II","CUSA15355","PS4","Нет","169,80 TL","Torchlight II: 169,80 TL","Нет","Да","","https://store.playstation.com/en-tr/concept/233563","2019-09-02","Role Playing Games","PEGI_12"
"1462","Pawbay","PPSA36500","PS4, PS5","Нет","297,15 TL","Pawbay: 297,15 TL; Pawbay: Cozy Strays: 949,00 TL; Pawbay: Cat Chaos: 949,00 TL","Нет","Нет","","https://store.playstation.com/en-tr/concept/10018855","2026-05-14","Adventure","PEGI_3"
"1463","DARK SOULS","CUSA08495","PS4","Нет","2.579,00 TL","","Нет","Да","","https://store.playstation.com/en-tr/concept/229482","2018-05-24","Role Playing Games","PEGI_16"
"1464","Red Solstice 2: Survivors","PPSA12646","PS4, PS5","Нет","1.049,00 TL","","Нет","Да","","https://store.playstation.com/en-tr/concept/10006961","2025-01-23","Strategy","PEGI_16"
"1465","FINAL FANTASY IX","CUSA08918","PS4","Нет","220,50 TL","","Нет","Нет","","https://store.playstation.com/en-tr/concept/229479","2017-09-19","Role Playing Games","PEGI_12"
"1466","FoxyLand","CUSA17525","PS4","Нет","175,00 TL","","Нет","Да","","https://store.playstation.com/en-tr/concept/234998","2019-11-27","Adventure","PEGI_3"
"1467","Rayman: 30th","PPSA33016","PS5","Нет","699,00 TL","","Нет","Нет","","https://store.playstation.com/en-tr/concept/10016684","2026-02-13","Action","PEGI_3"
"1468","Capes","PPSA16244","PS4, PS5","Нет","1.399,00 TL","Standard Edition: 1.399,00 TL; King City Edition: 1.575,00 TL","Нет","Да","","https://store.playstation.com/en-tr/concept/10008317","2024-05-29","Strategy","PEGI_16"
"1469","Archery RED","PPSA37055","PS5","Нет","730,00 TL","","Нет","Нет","","https://store.playstation.com/en-tr/concept/10019143","2026-06-28","Simulator","PEGI_3"
"1470","Tortuga - A Pirate's Tale","PPSA06765","PS4, PS5","Нет","576,95 TL","","Да","Да","","https://store.playstation.com/en-tr/concept/10004637","2023-01-18","Strategy","PEGI_16"
"1471","Iron Harvest","PPSA02393","PS5","Нет","1.749,00 TL","","Да","Да","","https://store.playstation.com/en-tr/concept/10000559","2021-10-26","Unique","PEGI_16"
"1472","Streetdog BMX","PPSA36210","PS5","Нет","730,00 TL","Streetdog BMX: 730,00 TL; Streetdog BMX: 730,00 TL","Нет","Да","","https://store.playstation.com/en-tr/concept/10018696","2026-07-15","Unique","PEGI_3"
"1473","We Were Here Together","PPSA30124","PS4, PS5","Нет","549,00 TL","We Were Here Together: 549,00 TL","Нет","Да","","https://store.playstation.com/en-tr/concept/10001202","2025-09-25","Unique","PEGI_12"
"1474","Subterrain","CUSA07331","PS4","Нет","730,00 TL","","Нет","Да","","https://store.playstation.com/en-tr/concept/227184","2017-01-24","Action","PEGI_16"
"1475","Cook Serve Forever","PPSA30143","PS4, PS5","Нет","253,75 TL","Forever Delicious Bundle: 2.149,00 TL; Cook Serve Forever: 253,75 TL; CSD 3 Forever Bundle: 1.749,00 TL; CSD 1/2 Forever Bundle: 1.749,00 TL","Нет","Нет","","https://store.playstation.com/en-tr/concept/10010773","2025-07-30","Casual","PEGI_7"
"1476","Tropico 5","CUSA01123","PS4","Нет","849,00 TL","Tropico 5 - Complete Collection: 1.199,00 TL","Да","Да","PS Plus Extra","https://store.playstation.com/en-tr/concept/204990","2015-04-23","Strategy","PEGI_16"
"1477","The TakeOver","CUSA17193","PS4","Нет","735,00 TL","","Нет","Нет","","https://store.playstation.com/en-tr/concept/234852","2021-05-19","Action","PEGI_16"
"1478","Croc Legend of the Gobbos","PPSA30595","PS4, PS5","Нет","1.299,00 TL","","Нет","Нет","","https://store.playstation.com/en-tr/concept/10011925","2025-10-15","Family","PEGI_3"
"1479","Webbed","CUSA29054","PS4","Нет","730,00 TL","","Нет","Да","","https://store.playstation.com/en-tr/concept/10002884","2022-02-02","Action","PEGI_7"
"1480","Tour de France 2024","PPSA20114","PS5","Нет","1.299,00 TL","Tour de France 2024: 1.299,00 TL; Tour de France 2024: 1.299,00 TL","Нет","Нет","","https://store.playstation.com/en-tr/concept/10009776","2024-06-06","Simulation","PEGI_3"
"1481","Gun Club VR","PPSA17068","PS5","Нет","220,15 TL","Gun Club VR: 220,15 TL; Gun Club VR: 306,25 TL; Ultimate Edition: 419,70 TL","Нет","Нет","","https://store.playstation.com/en-tr/concept/232889","2023-12-17","Arcade","PEGI_7"
"1482","The Grinch: Christmas Adventures","PPSA07656","PS4, PS5","Нет","849,00 TL","The Grinch: Christmas Adventures: 849,00 TL; The Grinch: Christmas Adventures - Merry & Mischievous Edition: 1.079,00 TL","Нет","Нет","","https://store.playstation.com/en-tr/concept/10005079","2023-10-12","Family","PEGI_3"
"1483","Evasion","CUSA12202","PS4","Нет","730,00 TL","","Нет","Нет","","https://store.playstation.com/en-tr/concept/232225","2018-10-09","Action","PEGI_12"
"1484","Five Hearts Under One Roof","CUSA55074","PS4","Нет","730,00 TL","","Нет","Да","","https://store.playstation.com/en-tr/concept/10013438","2026-02-02","Strategy","PEGI_12"
"1485","Dragon Age: The Veilguard","PPSA01390","PS5","Нет","2.900,00 TL","Standard Edition: 2.900,00 TL; Deluxe Edition: 3.600,00 TL","Нет","Да","EA Access","https://store.playstation.com/en-tr/concept/10000586","2024-10-31","Role Playing Games","PEGI_18"
"1486","The Backrooms","PPSA24722","PS4, PS5","Нет","515,00 TL","","Нет","Да","","https://store.playstation.com/en-tr/concept/10005772","2026-05-13","Horror","PEGI_16"
"1487","Blair Witch","CUSA18085","PS4","Нет","1.299,00 TL","Standard VR Edition: 1.299,00 TL; VR Deluxe Edition: 1.499,00 TL; Deluxe Edition: 1.499,00 TL; Blair Witch: 1.299,00 TL","Нет","Да","","https://store.playstation.com/en-tr/concept/235083","2019-12-11","Horror","PEGI_16"
"1488","The Shore","PPSA31832","PS5","Нет","679,20 TL","","Нет","Да","","https://store.playstation.com/en-tr/concept/10016170","2026-04-30","Adventure","PEGI_12"
"1489","Ben 10: Power Trip","PPSA08359","PS4, PS5","Нет","1.049,00 TL","","Нет","Да","PS Plus Extra","https://store.playstation.com/en-tr/concept/234613","2022-09-27","Action","PEGI_7"
"1490","Task Force Delta - Afghanistan","PPSA08893","PS5","Нет","649,00 TL","Task Force Delta - Afghanistan: 649,00 TL; Task Force Delta - Afghanistan: 649,00 TL","Нет","Нет","","https://store.playstation.com/en-tr/concept/10005184","2023-02-08","Action","PEGI_16"
"1491","Drone Simulator","PPSA34257","PS5","Нет","429,00 TL","","Нет","Нет","","https://store.playstation.com/en-tr/concept/10017498","2025-11-16","Simulation","PEGI_3"
"1492","Metal Slug Tactics","PPSA20643","PS4, PS5","Нет","525,00 TL","","Нет","Нет","","https://store.playstation.com/en-tr/concept/10009982","2024-11-05","Arcade","PEGI_12"
"1493","Freaky Lab VR","PPSA35718","PS5","Нет","356,85 TL","","Нет","Нет","","https://store.playstation.com/en-tr/concept/10018413","2026-04-08","Unique","PEGI_7"
"1494","Among the Sleep","CUSA03519","PS4","Нет","525,00 TL","","Нет","Да","","https://store.playstation.com/en-tr/concept/206063","2015-12-08","Adventure","PEGI_12"
"1495","Kong: Survivor Instinct","PPSA20289","PS5","Нет","525,00 TL","","Нет","Нет","","https://store.playstation.com/en-tr/concept/10009861","2024-10-22","Adventure","PEGI_16"
"1496","Trollhunters: Defenders of Arcadia","CUSA18913","PS4","Нет","175,80 TL","","Нет","Да","","https://store.playstation.com/en-tr/concept/10000325","2020-09-24","Family","PEGI_7"
"1497","Gigantosaurus: Dino Sports","PPSA16493","PS4, PS5","Нет","349,80 TL","","Нет","Нет","","https://store.playstation.com/en-tr/concept/10007340","2024-06-27","Sport","PEGI_3"
"1498","MXGP 2019 - The Official Motocross Videogame","CUSA15295","PS4","Нет","107,90 TL","","Нет","Нет","","https://store.playstation.com/en-tr/concept/233530","2019-08-26","Driving/Racing","PEGI_3"
"1499","Rebel Galaxy Outlaw","CUSA20623","PS4","Нет","324,75 TL","","Нет","Нет","","https://store.playstation.com/en-tr/concept/10001305","2020-09-21","Unique","PEGI_16"
"1500","Nobody Saves the World","PPSA03333","PS4, PS5","Нет","262,50 TL","Nobody Saves the World + Frozen Hearth Bundle: 1.160,00 TL; Nobody Saves the World: 262,50 TL","Нет","Да","","https://store.playstation.com/en-tr/concept/10000853","2022-04-14","Adventure","PEGI_12"
"1501","Five Nights at Freddy's: Into the Pit","PPSA18431","PS4, PS5","Нет","849,00 TL","Five Nights at Freddy's: Into the Pit: 849,00 TL","Нет","Да","","https://store.playstation.com/en-tr/concept/10009158","2024-09-27","Horror","PEGI_16"
"1502","MX vs ATV All Out","CUSA06877","PS4","Нет","209,80 TL","","Нет","Нет","","https://store.playstation.com/en-tr/concept/227167","2018-03-26","Driving/Racing","PEGI_3"
"1503","Parking Masters","PPSA24776","PS5","Нет","455,00 TL","Parking Masters Deluxe Edition: 595,00 TL; Parking Masters: 455,00 TL; Parking Masters Deluxe Edition: 595,00 TL; Parking Masters: 455,00 TL","Нет","Да","","https://store.playstation.com/en-tr/concept/10011895","2024-08-15","Simulation","PEGI_3"
"1504","Capcom Arcade Stadium","CUSA26272","PS4","Нет","1.399,00 TL","Capcom Arcade Stadium Bundle: 1.399,00 TL","Нет","Да","","https://store.playstation.com/en-tr/concept/10002190","2021-05-25","Arcade","PEGI_16"
"1505","Nick Jr. Party Adventure","PPSA15570","PS4, PS5","Нет","349,75 TL","","Нет","Нет","","https://store.playstation.com/en-tr/concept/10008059","2024-10-10","Puzzle","PEGI_3"
"1506","Bratz: Flaunt Your Fashion","PPSA08284","PS4, PS5","Нет","1.049,00 TL","Bratz™: Flaunt Your Fashion: 1.049,00 TL; Complete Edition: 430,15 TL","Нет","Нет","","https://store.playstation.com/en-tr/concept/10005336","2022-11-03","Adventure","PEGI_3"
"1507","Lost Soul Aside","PPSA26358","PS5","Нет","2.999,00 TL","Digital Deluxe Edition: 3.449,00 TL","Нет","Да","","https://store.playstation.com/en-tr/concept/10012778","2025-08-28","Role Playing Games","PEGI_12"
"1508","Totally Spies! - Cyber Mission","PPSA23846","PS4, PS5","Нет","349,75 TL","Totally Spies! - Cyber Mission PS4 & PS5: 349,75 TL; Everyday Heroines - 3 in 1: 2.799,00 TL; Everyday Heroines - 3 in 1: 2.799,00 TL","Нет","Нет","","https://store.playstation.com/en-tr/concept/10011421","2024-10-30","Adventure","PEGI_7"
"1509","2Dark","CUSA04802","PS4","Нет","699,00 TL","","Нет","Нет","","https://store.playstation.com/en-tr/concept/216163","2017-03-09","Adventure","PEGI_18"
"1510","WitchSpring R - The Story of Pieberry","PPSA22914","PS5","Нет","699,50 TL","","Нет","Нет","","https://store.playstation.com/en-tr/concept/10010849","2024-08-29","Role Playing Games","PEGI_12"
"1511","Ys VIII: Lacrimosa of DANA","PPSA06813","PS5","Нет","1.399,00 TL","Ys VIII: Lacrimosa of DANA: 1.399,00 TL","Нет","Нет","","https://store.playstation.com/en-tr/concept/221809","2022-11-18","Role Playing Games","PEGI_12"
"1512","4 in a row","PPSA20669","PS5","Нет","699,00 TL","4 in a row: 699,00 TL; 4 in a row: 699,00 TL","Нет","Да","","https://store.playstation.com/en-tr/concept/10010046","2024-05-22","Family","PEGI_3"
"1513","Angry Birds VR: Isle of Pigs","PPSA17162","PS5","Нет","699,00 TL","","Нет","Нет","","https://store.playstation.com/en-tr/concept/10008009","2023-10-10","Casual","PEGI_3"
"1514","Huntdown","CUSA12064","PS4","Нет","699,00 TL","","Нет","Нет","","https://store.playstation.com/en-tr/concept/232194","2020-05-11","Arcade","PEGI_16"
"1515","Firewatch","CUSA04118","PS4","Нет","699,00 TL","","Нет","Да","","https://store.playstation.com/en-tr/concept/216211","2016-02-09","Adventure","PEGI_16"
"1516","Asterix & Obelix XXL: Romastered","PPSA08162","PS4, PS5","Нет","699,00 TL","Asterix & Obelix XXL: Romastered: 699,00 TL; Asterix & Obelix XXL: Romastered: 699,00 TL; Asterix & Obelix Collection - 3 in 1: 1.399,00 TL","Нет","Нет","","https://store.playstation.com/en-tr/concept/10000621","2022-11-30","Action","PEGI_7"
"1517","Batman: Arkham VR","CUSA05340","PS4","Нет","699,00 TL","","Нет","Да","","https://store.playstation.com/en-tr/concept/225521","2017-01-23","Adventure","PEGI_18"
"1518","Gunfire Reborn","PPSA06781","PS4, PS5","Нет","699,00 TL","","Нет","Да","","https://store.playstation.com/en-tr/concept/10004650","2023-06-08","Shooter","PEGI_12"
"1519","Apsulov: End of Gods","PPSA03084","PS4, PS5","Нет","699,00 TL","","Нет","Да","","https://store.playstation.com/en-tr/concept/10000273","2021-08-27","Action","PEGI_16"
"1520","Cafe Owner Simulator","CUSA44661","PS4","Нет","699,00 TL","","Нет","Да","","https://store.playstation.com/en-tr/concept/10008941","2024-01-18","Simulation","PEGI_3"
"1521","Circuit Superstars","CUSA29510","PS4","Нет","699,00 TL","","Нет","Да","","https://store.playstation.com/en-tr/concept/234761","2022-01-27","Driving/Racing","PEGI_3"
"1522","Dead Hook","PPSA19452","PS5","Нет","699,00 TL","","Нет","Нет","","https://store.playstation.com/en-tr/concept/10009531","2024-02-08","Shooter","PEGI_12"
"1523","Clone Drone In The Danger Zone","CUSA27749","PS4","Нет","699,00 TL","Clone Drone In The Danger Zone: 699,00 TL","Нет","Да","","https://store.playstation.com/en-tr/concept/234050","2021-07-26","Action","PEGI_7"
"1524","Hitchhiker - A Mystery Game","CUSA24043","PS4","Нет","699,00 TL","","Нет","Да","","https://store.playstation.com/en-tr/concept/234556","2021-04-15","Unique","PEGI_12"
"1525","Paint the Town Red VR","PPSA20446","PS5","Нет","699,00 TL","","Нет","Да","","https://store.playstation.com/en-tr/concept/10009936","2024-07-25","Action","PEGI_16"
"1526","Gordian Quest","PPSA18985","PS4, PS5","Нет","699,00 TL","","Нет","Да","","https://store.playstation.com/en-tr/concept/10009359","2024-04-30","Role Playing Games","PEGI_12"
"1527","Bright Memory: Infinite","PPSA07404","PS5","Нет","699,00 TL","","Нет","Да","","https://store.playstation.com/en-tr/concept/10004557","2022-07-20","Shooter","PEGI_18"
"1528","Morels The Hunt 2","PPSA24887","PS5","Нет","699,00 TL","","Нет","Да","","https://store.playstation.com/en-tr/concept/10011360","2024-11-14","Simulation","PEGI_7"
"1529","Retro Machina","CUSA20603","PS4","Нет","699,00 TL","","Нет","Да","","https://store.playstation.com/en-tr/concept/10001304","2021-04-07","Unique","PEGI_7"
"1530","Spike Volleyball","CUSA10577","PS4","Нет","699,00 TL","","Нет","Да","","https://store.playstation.com/en-tr/concept/231370","2019-02-04","Sport","PEGI_3"
"1531","Pro Flight Simulator","PPSA26534","PS5","Нет","699,00 TL","Pro Flight Simulator: 699,00 TL; Pro Flight Simulator: 699,00 TL","Нет","Нет","","https://store.playstation.com/en-tr/concept/10012909","2024-11-01","Simulation","PEGI_3"
"1532","resident evil 4 (2005)","CUSA04704","PS4","Нет","699,00 TL","","Нет","Нет","","https://store.playstation.com/en-tr/concept/232114","2016-08-29","Horror","PEGI_18"
"1533","Teslagrad 2","PPSA07609","PS4, PS5","Нет","699,00 TL","Teslagrad Power Pack Edition PS4 & PS5: 1.015,00 TL; Teslagrad 2 PS4 & PS5: 699,00 TL","Нет","Да","","https://store.playstation.com/en-tr/concept/10005057","2023-04-19","Adventure","PEGI_7"
"1534","The Jackbox Party Starter","PPSA07483","PS4, PS5","Нет","699,00 TL","","Нет","Нет","","https://store.playstation.com/en-tr/concept/10004971","2022-06-29","Party","PEGI_12"
"1535","The Touryst","PPSA03077","PS4, PS5","Нет","699,00 TL","","Нет","Нет","","https://store.playstation.com/en-tr/concept/10002492","2021-09-08","Adventure","PEGI_3"
"1536","Tannenberg","PPSA02756","PS4, PS5","Нет","699,00 TL","","Нет","Да","","https://store.playstation.com/en-tr/concept/234574","2021-06-15","Action","PEGI_18"
"1537","The Wizards: Dark Times - Brotherhood","PPSA16567","PS5","Нет","699,00 TL","","Нет","Нет","","https://store.playstation.com/en-tr/concept/10008430","2024-02-22","Role Playing Games","PEGI_12"
"1538","Rookie Boxing","PPSA26544","PS5","Нет","349,00 TL","Rookie Boxing: 349,00 TL; Rookie Boxing: 349,00 TL","Нет","Нет","","https://store.playstation.com/en-tr/concept/10012918","2024-10-25","Sport","PEGI_12"
"1539","Whitewater VR - Extreme Kayaking Adventure","PPSA24167","PS5","Нет","699,00 TL","","Нет","Нет","","https://store.playstation.com/en-tr/concept/10011488","2024-10-24","Simulation","PEGI_3"
"1540","Garten of Banban 6","PPSA25891","PS5","Нет","349,00 TL","Garten of Banban 6: 349,00 TL; Garten of Banban 6: 349,00 TL","Нет","Да","","https://store.playstation.com/en-tr/concept/10012479","2024-10-31","Horror","PEGI_12"
"1541","GUNDAM BREAKER 4","PPSA08064","PS4, PS5","Нет","2.099,00 TL","Standard Edition: 2.099,00 TL; Deluxe Edition: 3.149,00 TL; Ultimate Edition: 3.499,00 TL","Нет","Нет","","https://store.playstation.com/en-tr/concept/10005248","2024-08-28","Action","PEGI_7"
"1542","Unpacking","PPSA07118","PS4, PS5","Нет","699,00 TL","","Нет","Да","","https://store.playstation.com/en-tr/concept/10004687","2022-05-10","Simulation","PEGI_3"
"1543","Doki Doki Literature Club Plus!","PPSA03733","PS4, PS5","Нет","537,00 TL","","Нет","Да","","https://store.playstation.com/en-tr/concept/10002895","2021-06-30","Adventure","PEGI_18"
"1544","Trivial Pursuit Live! 2","CUSA26430","PS4","Нет","699,00 TL","","Да","Да","","https://store.playstation.com/en-tr/concept/10002261","2022-03-16","Casual","PEGI_3"
"1545","Rally Car Mechanic Simulator","PPSA35185","PS5","Нет","849,00 TL","","Нет","Да","","https://store.playstation.com/en-tr/concept/10018074","2026-07-07","Sport","PEGI_3"
"1546","BlazeRush","CUSA01813","PS4","Нет","349,00 TL","","Нет","Да","","https://store.playstation.com/en-tr/concept/200518","2015-12-14","Arcade","PEGI_7"
"1547","Extreme Offroad Racing VR","PPSA28300","PS5","Нет","349,00 TL","Extreme Offroad Racing VR: 349,00 TL; Extreme Offroad Racing: 349,00 TL","Нет","Да","","https://store.playstation.com/en-tr/concept/10009226","2025-04-15","Simulation","PEGI_3"
"1548","Rogue Waters","PPSA17098","PS5","Нет","346,17 TL","","Нет","Да","","https://store.playstation.com/en-tr/concept/10008657","2025-02-04","Strategy","PEGI_16"
"1549","ZOMBIE BAR SIMULATOR VR","PPSA21932","PS5","Нет","454,35 TL","","Нет","Да","","https://store.playstation.com/en-tr/concept/10010557","2024-04-19","Casual","PEGI_12"
"1550","Industry Giant 2","CUSA06505","PS4","Нет","1.079,00 TL","The Giants Bundle: 1.299,00 TL; Industry Giant 2 - Gold Edition: 849,00 TL; Industry Giant 2: 1.079,00 TL","Нет","Да","","https://store.playstation.com/en-tr/concept/224854","2016-12-19","Strategy","PEGI_3"
"1551","Electrician Simulator VR","PPSA26254","PS5","Нет","283,05 TL","Electrician Simulator VR: 283,05 TL; Electrician Simulator VR + Gorilla Attack bundle: 314,55 TL; Electrician Simulator VR + Bridge the Gap! bundle: 346,05 TL; Electrician Simulator VR + Before Exit: Supermarket bundle: 346,05 TL; Complete Edition: 515,50 TL","Нет","Да","","https://store.playstation.com/en-tr/concept/10012717","2025-03-21","Simulation","PEGI_3"
"1552","Yakuza: Like a Dragon","PPSA02384","PS4, PS5","Нет","769,00 TL","Hero Edition: 1.049,00 TL; Legendary Hero Edition: 1.199,00 TL; LIKE A DRAGON Series Starter Pack: 2.799,00 TL","Нет","Да","PS Plus Extra","https://store.playstation.com/en-tr/concept/235238","2021-03-01","Unique","PEGI_18"
"1553","Life is Strange","CUSA23981","PS4","Нет","284,01 TL","","Нет","Да","","https://store.playstation.com/en-tr/concept/10001187","2022-01-31","Adventure","PEGI_16"
"1554","Dark Deception: Monsters & Mortals","PPSA23008","PS4, PS5","Нет","193,00 TL","","Нет","Нет","","https://store.playstation.com/en-tr/concept/10010970","2025-05-23","Horror","PEGI_16"
"1555","Baldo the Guardian Owls","PPSA15403","PS5","Нет","42,45 TL","Baldo the Guardian Owls: 42,45 TL; Baldo the Guardian Owls: 849,00 TL","Нет","Да","","https://store.playstation.com/en-tr/concept/234612","2024-01-22","Adventure","PEGI_7"
"1556","MY HERO ONE'S JUSTICE 2","CUSA16171","PS4","Нет","1.749,00 TL","Ultimate Edition: 3.449,00 TL; MY HERO ONE'S JUSTICE 2 Deluxe Edition: 2.099,00 TL; MY HERO ONE'S JUSTICE 2: 1.749,00 TL","Нет","Нет","","https://store.playstation.com/en-tr/concept/234276","2020-04-16","Fighting","PEGI_12"
"1557","Dustwind: Resistance","PPSA29135","PS5","Нет","279,60 TL","","Нет","Да","","https://store.playstation.com/en-tr/concept/10014598","2025-06-17","Action","PEGI_16"
"1558","DARQ","PPSA08712","PS5","Нет","219,75 TL","DARQ Ultimate Edition: 219,75 TL; DARQ Ultimate Edition: 219,75 TL","Нет","Да","","https://store.playstation.com/en-tr/concept/10005528","2022-11-09","Action","PEGI_16"
"1559","Thief","CUSA00250","PS4","Нет","699,00 TL","Thief: Master Thief Edition: 875,00 TL","Да","Да","PS Plus Extra","https://store.playstation.com/en-tr/concept/204538","2014-02-27","Action","PEGI_16"
"1560","Suicide Squad: Kill the Justice League","PPSA03913","PS5","Нет","2.099,00 TL","Deluxe Edition: 2.199,00 TL","Нет","Нет","","https://store.playstation.com/en-tr/concept/10001609","2024-02-01","Shooter","PEGI_18"
"1561","Stellar Wanderer DX","PPSA24255","PS5","Нет","679,20 TL","","Нет","Да","","https://store.playstation.com/en-tr/concept/10011638","2026-03-11","Simulation","PEGI_7"
"1562","This War of Mine: Final Cut","PPSA05102","PS5","Нет","699,00 TL","Complete Edition: 189,00 TL","Нет","Да","PS Plus Extra","https://store.playstation.com/en-tr/concept/10003699","2022-05-10","Adventure","PEGI_18"
"1563","Bloodstained: Ritual of the Night","CUSA07963","PS4","Нет","1.399,00 TL","","Нет","Да","","https://store.playstation.com/en-tr/concept/228679","2019-06-17","Adventure","PEGI_12"
"1564","Night in the Woods","PPSA05489","PS4, PS5","Нет","849,00 TL","","Нет","Нет","","https://store.playstation.com/en-tr/concept/221960","2022-12-13","Adventure","PEGI_12"
"1565","Visions of Mana","PPSA16097","PS4, PS5","Нет","2.499,00 TL","Digital Deluxe: 3.149,00 TL","Нет","Нет","","https://store.playstation.com/en-tr/concept/10008215","2024-08-28","Role Playing Games","PEGI_12"
"1566","Chorus","PPSA01592","PS4, PS5","Нет","879,00 TL","Chorus: 879,00 TL","Нет","Да","","https://store.playstation.com/en-tr/concept/10000793","2021-12-02","Unique","PEGI_12"
"1567","Baldur's Gate: Dark Alliance II","PPSA08527","PS5","Нет","1.259,00 TL","Standard: 1.259,00 TL; Standard: 1.547,00 TL","Нет","Нет","","https://store.playstation.com/en-tr/concept/10005387","2022-07-28","Role Playing Games","PEGI_12"
"1568","Wildermyth","PPSA16007","PS5","Нет","679,20 TL","Wildermyth: Console Edition: 679,20 TL; Wildermyth: Console Edition: 679,20 TL","Нет","Нет","","https://store.playstation.com/en-tr/concept/10008205","2024-10-21","Role Playing Games","PEGI_12"
"1569","Dungeons & Dragons Neverwinter Nights 2","PPSA20783","PS5","Нет","629,40 TL","","Да","Да","","https://store.playstation.com/en-tr/concept/10010081","2025-07-15","Role Playing Games","PEGI_12"
"1570","HYPERCHARGE Unboxed","PPSA20082","PS4, PS5","Нет","1.049,00 TL","HYPERCHARGE Unboxed: 1.049,00 TL; COMPLETE EDITION: 629,55 TL","Нет","Да","","https://store.playstation.com/en-tr/concept/10003895","2025-05-30","Family","PEGI_12"
"1571","Espresso Tycoon","PPSA22935","PS5","Нет","665,00 TL","","Нет","Да","","https://store.playstation.com/en-tr/concept/10010943","2024-08-28","Simulator","PEGI_3"
"1572","Aliens: Dark Descent","PPSA08312","PS4, PS5","Нет","874,65 TL","","Нет","Да","","https://store.playstation.com/en-tr/concept/10005351","2023-06-19","Strategy","PEGI_16"
"1573","Nordic Ashes: The Complete Saga","PPSA31588","PS5","Нет","636,75 TL","","Нет","Да","","https://store.playstation.com/en-tr/concept/10015993","2025-12-19","Action","PEGI_7"
"1574","Grand Rush VR Highway Car Traffic Racing Simulator","PPSA23426","PS5","Нет","136,50 TL","","Нет","Нет","","https://store.playstation.com/en-tr/concept/10011186","2024-09-26","Action","PEGI_3"
"1575","Project Wingman: Frontline 59","PPSA07485","PS5","Нет","524,50 TL","","Нет","Да","","https://store.playstation.com/en-tr/concept/10000702","2023-10-03","Arcade","PEGI_16"
"1576","Marsupilami: Hoobadventure","PPSA08242","PS4, PS5","Нет","279,60 TL","","Нет","Да","","https://store.playstation.com/en-tr/concept/10002819","2022-11-24","Adventure","PEGI_PROVISIONAL_7"
"1577","Synth Riders","PPSA11407","PS4, PS5","Нет","879,00 TL","Standard Edition: 879,00 TL; Latest Music Edition: 1.749,00 TL; Dua Lipa Bundle: 1.419,00 TL","Нет","Нет","","https://store.playstation.com/en-tr/concept/235392","2023-02-22","Party","PEGI_12"
"1578","Manhunt","CUSA03545","PS4","Нет","315,00 TL","","Нет","Нет","","https://store.playstation.com/en-tr/concept/202899","2016-03-21","Adventure","PEGI_18"
"1579","Autobahn Police Simulator 2","CUSA08936","PS4","Нет","1.299,00 TL","","Нет","Нет","","https://store.playstation.com/en-tr/concept/228897","2020-03-02","Driving/Racing","PEGI_7"
"1580","Beyond Hanwell","PPSA26338","PS5","Нет","1.299,00 TL","","Нет","Нет","","https://store.playstation.com/en-tr/concept/10012767","2024-11-27","Horror","PEGI_18"
"1581","RIDE 4","PPSA01599","PS5","Нет","2.149,00 TL","Standard Edition: 2.149,00 TL; Special Edition: 3.449,00 TL; Standard Edition: 2.149,00 TL; Special Edition: 3.449,00 TL","Нет","Да","","https://store.playstation.com/en-tr/concept/235338","2021-01-20","Driving/Racing","PEGI_3"
"1582","Welcome to ParadiZe","PPSA09257","PS5","Нет","1.399,00 TL","Standard Edition: 1.399,00 TL; Zombot Edition: 1.749,00 TL","Нет","Да","","https://store.playstation.com/en-tr/concept/10005724","2024-02-29","Action","PEGI_18"
"1583","PlayStationVR Worlds","CUSA01690","PS4","Нет","1.299,00 TL","","Нет","Да","","https://store.playstation.com/en-tr/concept/221798","2017-01-23","Action","PEGI_16"
"1584","RICK AND MORTY: VIRTUAL RICK-ALITY","CUSA09988","PS4","Нет","1.299,00 TL","","Нет","Нет","","https://store.playstation.com/en-tr/concept/229849","2018-04-09","Adventure","PEGI_16"
"1585","Akatori","PPSA36787","PS4, PS5","Нет","649,00 TL","","Нет","Да","","https://store.playstation.com/en-tr/concept/10019019","2026-08-13","Action","PEGI_7"
"1586","SLEEP AWAKE","PPSA23538","PS5","Нет","1.299,00 TL","","Нет","Да","","https://store.playstation.com/en-tr/concept/10011233","2025-12-02","Action","PEGI_16"
"1587","ASTROSMASH","PPSA22839","PS5","Нет","649,00 TL","Standard: 649,00 TL; Standard: 649,00 TL","Нет","Нет","","https://store.playstation.com/en-tr/concept/10010375","2024-12-10","Arcade","PEGI_7"
"1588","Disco Simulator","PPSA24652","PS5","Нет","649,00 TL","","Нет","Да","","https://store.playstation.com/en-tr/concept/10011821","2026-01-29","Simulator","PEGI_16"
"1589","Crawl","CUSA07441","PS4","Нет","649,00 TL","","Нет","Нет","","https://store.playstation.com/en-tr/concept/227109","2017-04-10","Action","PEGI_16"
"1590","Collapsed","CUSA27101","PS4","Нет","649,00 TL","","Нет","Да","","https://store.playstation.com/en-tr/concept/10002530","2021-03-12","Action","PEGI_12"
"1591","Dead Nation","CUSA00176","PS4","Нет","649,00 TL","","Нет","Да","","https://store.playstation.com/en-tr/concept/201083","2014-03-04","Shooter","PEGI_18"
"1592","Car Dealer Garage Simulator 2026","CUSA56447","PS4","Нет","649,00 TL","","Нет","Нет","","https://store.playstation.com/en-tr/concept/10016647","2026-01-14","Driving/Racing","PEGI_3"
"1593","Evil Inside VR","PPSA33104","PS5","Нет","649,00 TL","Evil Inside VR: 649,00 TL; Evil Inside Revisited: 849,00 TL","Нет","Да","","https://store.playstation.com/en-tr/concept/10016851","2026-05-07","Horror","PEGI_18"
"1594","Corner Kitchen Fast Food Simulator","PPSA34439","PS5","Нет","649,00 TL","","Нет","Да","","https://store.playstation.com/en-tr/concept/10017600","2026-02-10","Simulator","PEGI_3"
"1595","Far Lands","PPSA23730","PS5","Нет","649,00 TL","","Нет","Нет","","https://store.playstation.com/en-tr/concept/10011344","2026-07-29","Action","PEGI_16"
"1596","BATTLESHIP","CUSA04286","PS4","Нет","649,00 TL","","Нет","Да","","https://store.playstation.com/en-tr/concept/200462","2016-08-12","Strategy","PEGI_7"
"1597","Black Jacket","PPSA34148","PS5","Нет","649,00 TL","","Нет","Да","","https://store.playstation.com/en-tr/concept/10017432","2026-05-12","Strategy","PEGI_18"
"1598","Full Throttle","CUSA06701","PS4","Нет","649,00 TL","","Нет","Нет","","https://store.playstation.com/en-tr/concept/224851","2024-02-28","Adventure","PEGI_16"
"1599","Fat Princess Adventures","CUSA00836","PS4","Нет","649,00 TL","Fat Princess™ Adventures Mega Loot Bundle: 849,00 TL; Fat Princess™ Adventures: 649,00 TL","Нет","Да","","https://store.playstation.com/en-tr/concept/212543","2015-12-04","Action","PEGI_16"
"1600","FAR: LONE SAILS","CUSA12901","PS4","Нет","649,00 TL","","Нет","Да","","https://store.playstation.com/en-tr/concept/232536","2019-04-01","Adventure","PEGI_7"
"1601","Garbage Truck Sim Driver Simulator 26","CUSA50242","PS4","Нет","649,00 TL","","Нет","Нет","","https://store.playstation.com/en-tr/concept/10011959","2026-03-09","Simulation","PEGI_3"
"1602","HeadCount VR","CUSA28362","PS4","Нет","649,00 TL","","Нет","Нет","","https://store.playstation.com/en-tr/concept/10002999","2023-03-23","Arcade","PEGI_12"
"1603","HORSE CLUB ADVENTURES","CUSA20580","PS4","Нет","649,00 TL","Lakeside Collection: 1.499,00 TL; HORSE CLUB ADVENTURES: 649,00 TL","Нет","Нет","","https://store.playstation.com/en-tr/concept/10001318","2021-05-26","Adventure","PEGI_3"
"1604","Make Way","PPSA16511","PS4, PS5","Нет","649,00 TL","","Нет","Нет","","https://store.playstation.com/en-tr/concept/10003237","2024-01-15","Driving/Racing","PEGI_3"
"1605","Feudal Baron: King's Land","PPSA35181","PS5","Нет","649,00 TL","","Нет","Да","","https://store.playstation.com/en-tr/concept/10018069","2026-08-06","Strategy","PEGI_7"
"1606","Lovers in a Dangerous Spacetime","CUSA04384","PS4","Нет","649,00 TL","","Нет","Да","","https://store.playstation.com/en-tr/concept/216344","2016-02-08","Action","PEGI_7"
"1607","Helicopter Rescue Simulator","PPSA37223","PS5","Нет","649,00 TL","","Нет","Да","","https://store.playstation.com/en-tr/concept/10019257","2026-07-23","Simulation","PEGI_3"
"1608","Minishoot' Adventures","PPSA34242","PS5","Нет","649,00 TL","","Нет","Да","","https://store.playstation.com/en-tr/concept/10012421","2026-03-03","Adventure","PEGI_7"
"1609","PBA Pro Bowling 2021","CUSA25463","PS4","Нет","649,00 TL","PBA Pro Bowling 2021: 649,00 TL; Ultimate Starter Pack: 2.579,00 TL","Нет","Нет","","https://store.playstation.com/en-tr/concept/10001724","2020-12-21","Sport","PEGI_3"
"1610","Taxi Driver - The Simulation","CUSA26592","PS4","Нет","649,00 TL","","Нет","Нет","","https://store.playstation.com/en-tr/concept/10002326","2021-05-12","Driving/Racing","PEGI_3"
"1611","Skatesterre","PPSA37185","PS5","Нет","649,00 TL","","Нет","Нет","","https://store.playstation.com/en-tr/concept/10019221","2026-08-13","Sport","PEGI_16"
"1612","Super Pixel Racers","CUSA11257","PS4","Нет","649,00 TL","","Нет","Да","","https://store.playstation.com/en-tr/concept/231699","2018-10-30","Driving/Racing","PEGI_3"
"1613","Silent Evil Dead Horror Syndrome","CUSA56933","PS4","Нет","649,00 TL","","Нет","Нет","","https://store.playstation.com/en-tr/concept/10017128","2026-04-16","Action","PEGI_16"
"1614","SkyDrift Infinity","CUSA13659","PS4","Нет","649,00 TL","","Нет","Да","","https://store.playstation.com/en-tr/concept/232809","2021-07-28","Driving/Racing","PEGI_7"
"1615","Risk","CUSA00774","PS4","Нет","649,00 TL","","Да","Да","","https://store.playstation.com/en-tr/concept/203677","2015-02-04","Strategy","PEGI_7"
"1616","Terminator: Resistance Enhanced","PPSA01763","PS5","Нет","1.949,00 TL","Terminator: Resistance Enhanced: 1.949,00 TL; Terminator: Resistance: 1.749,00 TL","Нет","Да","","https://store.playstation.com/en-tr/concept/10001332","2021-04-29","Action","PEGI_16"
"1617","SHARK! SHARK!","PPSA22840","PS5","Нет","649,00 TL","SHARK! SHARK!: 649,00 TL; SHARK! SHARK!: 649,00 TL","Нет","Нет","","https://store.playstation.com/en-tr/concept/10010376","2025-02-15","Family","PEGI_3"
"1618","The Incredible Adventures of Van Helsing III","CUSA15211","PS4","Нет","649,00 TL","The Incredible Adventures of Van Helsing: Complete Trilogy: 1.949,00 TL; The Incredible Adventures of Van Helsing III: Extended Edition: 1.031,00 TL; The Incredible Adventures of Van Helsing III Deluxe Edition: 730,00 TL; The Incredible Adventures of Van Helsing III: 649,00 TL","Нет","Да","","https://store.playstation.com/en-tr/concept/233496","2020-01-29","Action","PEGI_16"
"1619","Shadow the Ronin: The Revenge to the Samurai","CUSA58778","PS4","Нет","649,00 TL","","Нет","Нет","","https://store.playstation.com/en-tr/concept/234310","2026-06-01","Action","PEGI_7"
"1620","The Angry 4","PPSA05373","PS5","Нет","649,00 TL","","Нет","Нет","","https://store.playstation.com/en-tr/concept/10003561","2021-09-18","Arcade","PEGI_3"
"1621","Puzzle Quest","PPSA29372","PS4, PS5","Нет","649,00 TL","","Нет","Да","","https://store.playstation.com/en-tr/concept/10014697","2025-09-18","Puzzle","PEGI_7"
"1622","Wild West Supermarket Simulator","PPSA35360","PS5","Нет","649,00 TL","","Нет","Да","","https://store.playstation.com/en-tr/concept/10017828","2026-06-26","Simulation","PEGI_3"
"1623","Shadows: Awakening","CUSA10346","PS4","Нет","1.299,00 TL","","Нет","Да","","https://store.playstation.com/en-tr/concept/231176","2018-08-30","Action","PEGI_16"
"1624","Internet Cafe Simulator 2025","PPSA27030","PS5","Нет","349,00 TL","Internet Cafe Simulator 2025: 349,00 TL; Internet Cafe Simulator 2025: 349,00 TL","Нет","Нет","","https://store.playstation.com/en-tr/concept/10013171","2024-12-03","Simulator","PEGI_3"
"1625","WEED SHOP SIMULATOR","PPSA35460","PS5","Нет","389,40 TL","WEED SHOP SIMULATOR: 389,40 TL; WEED SHOP SIMULATOR: 236,25 TL","Нет","Нет","","https://store.playstation.com/en-tr/concept/10014965","2026-03-05","Action","PEGI_18"
"1626","Superliminal","PPSA06085","PS4, PS5","Нет","294,00 TL","","Нет","Да","","https://store.playstation.com/en-tr/concept/10000602","2022-11-20","Puzzle","PEGI_12"
"1627","Moorhuhn Kart 4","PPSA23234","PS5","Нет","1.079,00 TL","Moorhuhn Kart 4: 1.079,00 TL; Moorhuhn Kart 4: 1.079,00 TL","Нет","Да","","https://store.playstation.com/en-tr/concept/10011090","2025-03-12","Driving/Racing","PEGI_3"
"1628","High On Life 2","PPSA30094","PS5","Нет","2.579,00 TL","High On Life 2: 2.579,00 TL","Нет","Нет","","https://store.playstation.com/en-tr/concept/10012995","2026-02-13","Shooter","PEGI_18"
"1629","The Long Desert Drive","PPSA32646","PS5","Нет","649,00 TL","The Long Desert Drive: 649,00 TL; The Long Desert Drive: 324,50 TL","Нет","Нет","","https://store.playstation.com/en-tr/concept/10014885","2025-10-08","Casual","PEGI_16"
"1630","Unicorn Overlord","PPSA09771","PS4, PS5","Нет","629,70 TL","Monarch Edition: 2.499,00 TL","Нет","Нет","PS Plus Extra","https://store.playstation.com/en-tr/concept/10002780","2024-03-07","Role Playing Games","PEGI_12"
"1631","Turok","PPSA24559","PS4, PS5","Нет","849,00 TL","Turok: 849,00 TL; Turok Trilogy Bundle: 644,75 TL","Нет","Нет","","https://store.playstation.com/en-tr/concept/10000778","2025-02-28","Shooter","PEGI_16"
"1632","H1Z1: Battle Royale","CUSA11745","PS4","Нет","215,00 TL","Viper Launch Bundle: 215,00 TL; Hardline Launch Bundle: 1.499,00 TL","Нет","Нет","","https://store.playstation.com/en-tr/concept/229077","2018-05-21","Action","PEGI_16"
"1633","Rain World","PPSA08500","PS4, PS5","Нет","875,00 TL","","Нет","Да","PS Plus Extra","https://store.playstation.com/en-tr/concept/221982","2023-07-11","Adventure","PEGI_7"
"1634","Mark of the Ninja","CUSA13340","PS4","Нет","174,75 TL","","Нет","Да","","https://store.playstation.com/en-tr/concept/233079","2018-10-08","Action","PEGI_16"
"1635","Warplanes: WW2 Dogfight","PPSA33542","PS5","Нет","321,75 TL","","Да","Да","","https://store.playstation.com/en-tr/concept/10017054","2026-02-27","Action","PEGI_7"
"1636","Overland","PPSA05491","PS4, PS5","Нет","849,00 TL","","Нет","Да","","https://store.playstation.com/en-tr/concept/233197","2022-12-13","Strategy","PEGI_12"
"1637","RiMS Racing","PPSA02715","PS5","Нет","1.299,00 TL","European Deluxe Edition: 1.499,00 TL; Japanese Deluxe Edition: 1.499,00 TL; Standard Edition: 1.299,00 TL; European Deluxe Edition: 1.499,00 TL; Japanese Deluxe Edition: 1.499,00 TL; Ultimate Edition: 349,80 TL","Нет","Да","","https://store.playstation.com/en-tr/concept/10001073","2021-08-19","Driving/Racing","PEGI_3"
"1638","Snooker Nation Championship","CUSA15216","PS4","Нет","322,00 TL","Pool & Snooker Nation Bundle: 455,00 TL; PS5 Edition: 322,00 TL; Snooker Nation Championship: 322,00 TL; Pool and Snooker Bundle: 455,00 TL","Нет","Нет","","https://store.playstation.com/en-tr/concept/233488","2019-04-16","Simulation","PEGI_3"
"1639","Menace from the Deep","PPSA35129","PS5","Нет","636,75 TL","Menace from the Deep: Complete Edition: 636,75 TL; Menace from the Deep: Complete Edition: 636,75 TL","Нет","Нет","","https://store.playstation.com/en-tr/concept/10018026","2026-05-14","Strategy","PEGI_12"
"1640","Warzone Chronicles: Virtual Warfare Shooter","CUSA52852","PS4","Нет","525,00 TL","","Нет","Нет","","https://store.playstation.com/en-tr/concept/10013665","2025-02-10","Shooter","PEGI_16"
"1641","Chernobylite","PPSA04748","PS5","Нет","259,80 TL","","Да","Да","PS Plus Extra","https://store.playstation.com/en-tr/concept/10002921","2022-04-21","Horror","PEGI_18"
"1643","Heroines Through My Lens","PPSA37308","PS5","Нет","816,00 TL","","Нет","Нет","","https://store.playstation.com/en-tr/concept/10019296","2026-06-19","Role Playing Games","PEGI_3"
"1644","Road Redemption","CUSA13020","PS4","Нет","699,00 TL","","Нет","Да","","https://store.playstation.com/en-tr/concept/232560","2018-11-05","Action","PEGI_18"
"1645","DORAEMON STORY OF SEASONS: Friends of the Great Kingdom","PPSA06763","PS5","Нет","524,70 TL","Standard Edition: 524,70 TL; Special Edition: 2.099,00 TL","Нет","Нет","","https://store.playstation.com/en-tr/concept/10002044","2022-11-01","Simulation","PEGI_3"
"1646","SCARLET NEXUS","PPSA02174","PS4, PS5","Нет","2.499,00 TL","Standard Edition: 2.499,00 TL; Deluxe Edition: 419,85 TL; Ultimate Edition: 3.499,00 TL","Нет","Да","","https://store.playstation.com/en-tr/concept/235097","2021-06-24","Role Playing Games","PEGI_16"
"1647","Tricky Towers","CUSA05198","PS4","Нет","525,00 TL","Bewitching Brick Bundle: 69,00 TL","Нет","Да","PS Plus Extra","https://store.playstation.com/en-tr/concept/221793","2016-08-01","Casual","PEGI_3"
"1648","DYNASTY WARRIORS: Godseekers","CUSA06639","PS4","Нет","2.099,00 TL","","Нет","Нет","","https://store.playstation.com/en-tr/concept/225598","2017-03-01","—","PEGI_12"
"1649","Garfield Lasagna Party","PPSA08507","PS4, PS5","Нет","279,80 TL","","Нет","Да","","https://store.playstation.com/en-tr/concept/10005429","2022-11-10","Party","PEGI_3"
"1650","Evil Genius 2: World Domination","PPSA04169","PS4, PS5","Нет","419,70 TL","Standard: 419,70 TL; Deluxe Edition: 314,85 TL","Нет","Да","","https://store.playstation.com/en-tr/concept/10003128","2021-11-29","Strategy","PEGI_12"
"1651","KONOSUBA - God's Blessing on this Wonderful World! Love For These Clothes Of Desire!","CUSA41316","PS4","Нет","524,70 TL","","Нет","Нет","","https://store.playstation.com/en-tr/concept/10000507","2024-02-07","Adventure","PEGI_12"
"1652","Blue Prince","PPSA25009","PS5","Нет","629,40 TL","","Нет","Нет","PS Plus Extra","https://store.playstation.com/en-tr/concept/10012002","2025-04-10","Adventure","PEGI_7"
"1653","Son and Bone","PPSA20527","PS5","Нет","440,65 TL","","Нет","Нет","","https://store.playstation.com/en-tr/concept/10009977","2024-09-04","Shooter","PEGI_18"
"1654","STRIDE: Fates","PPSA21353","PS5","Нет","1.049,00 TL","","Нет","Нет","","https://store.playstation.com/en-tr/concept/10010312","2024-05-16","Adventure","PEGI_18"
"1655","Nightmare Reaper","PPSA15754","PS5","Нет","314,70 TL","Nightmare Reaper: 314,70 TL; Nightmare Reaper: 314,70 TL","Нет","Нет","","https://store.playstation.com/en-tr/concept/10008127","2023-05-17","Action","PEGI_16"
"1656","Stasis: Bone Totem","PPSA18978","PS5","Нет","314,55 TL","","Нет","Да","","https://store.playstation.com/en-tr/concept/10009356","2024-03-27","Adventure","PEGI_18"
"1657","Little Strays 2","PPSA34517","PS5","Нет","849,00 TL","Little Strays 2: 849,00 TL; Little Strays 2: Valley of Colors: 189,80 TL; Little Strays 2: Souls of First Light: 949,00 TL; Legacy Edition: 1.031,00 TL","Нет","Нет","","https://store.playstation.com/en-tr/concept/10017671","2026-02-05","Adventure","PEGI_3"
"1658","Shadow Tactics: Aiko's Choice","PPSA18379","PS5","Нет","699,00 TL","Ultimate Bundle: 2.999,00 TL; Shadow Tactics: Aiko's Choice: 699,00 TL; Deluxe Edition: 875,00 TL","Нет","Да","","https://store.playstation.com/en-tr/concept/10009142","2024-12-06","Strategy","PEGI_16"
"1659","Dream Peak","PPSA34091","PS5","Нет","623,00 TL","","Да","Да","","https://store.playstation.com/en-tr/concept/10016630","2026-02-09","Adventure","PEGI_12"
"1660","WONDER BOY ASHA in Monster World","PPSA27841","PS5","Нет","339,60 TL","WONDER BOY ASHA in Monster World: 339,60 TL; WONDER BOY ASHA in Monster World: 279,60 TL","Нет","Нет","","https://store.playstation.com/en-tr/concept/10001676","2025-07-02","Action","PEGI_3"
"1661","Constraint Zone","PPSA30936","PS5","Нет","623,00 TL","","Нет","Да","","https://store.playstation.com/en-tr/concept/10015594","2025-08-02","Horror","PEGI_12"
"1662","Defense Grid 2","CUSA00565","PS4","Нет","629,00 TL","","Нет","Да","","https://store.playstation.com/en-tr/concept/200917","2014-09-30","Strategy","PEGI_12"
"1663","Worms W.M.D","CUSA04022","PS4","Нет","1.049,00 TL","Worms Battlegrounds + Worms W.M.D: 1.199,00 TL","Нет","Да","PS Plus Extra","https://store.playstation.com/en-tr/concept/219617","2016-08-22","Strategy","PEGI_12"
"1664","SubwaySim 2","PPSA20239","PS5","Нет","1.749,00 TL","Standard Edition: 1.749,00 TL; Deluxe Edition: 2.149,00 TL; Complete Edition: 2.799,00 TL","Нет","Нет","","https://store.playstation.com/en-tr/concept/10009837","2025-04-29","Simulation","PEGI_3"
"1665","Monster Energy Supercross 25 - The Official Video Game","PPSA20435","PS5","Нет","2.499,00 TL","Special Edition: 3.149,00 TL; Dirt Master Edition: 3.899,00 TL","Нет","Нет","","https://store.playstation.com/en-tr/concept/10009931","2025-04-09","Sport","PEGI_3"
"1666","Mutant Boxing League VR","PPSA25435","PS5","Нет","293,65 TL","","Нет","Нет","","https://store.playstation.com/en-tr/concept/10011611","2025-02-18","Sport","PEGI_12"
"1667","Rooftops & Alleys: The Parkour Game","PPSA27582","PS5","Нет","1.079,00 TL","Rooftops & Alleys: The Parkour Game: 1.079,00 TL; Anniversary Edition: 1.499,00 TL","Нет","Да","","https://store.playstation.com/en-tr/concept/10013315","2025-06-17","Sport","PEGI_7"
"1668","Salt and Sanctuary","CUSA04261","PS4","Нет","629,00 TL","","Нет","Нет","","https://store.playstation.com/en-tr/concept/211338","2016-03-15","Action","PEGI_16"
"1669","Euro Fishing","CUSA06447","PS4","Нет","629,00 TL","Euro Fishing: Urban Edition: 1.079,00 TL; Euro Fishing: Ultimate Edition: 1.575,00 TL; Euro Fishing: Season Pass: 1.547,00 TL; Euro Fishing: Castle Edition: 1.079,00 TL; Euro Fishing: 629,00 TL","Нет","Да","","https://store.playstation.com/en-tr/concept/225118","2017-04-10","Simulation","PEGI_3"
"1670","ONE PIECE World Seeker","CUSA14054","PS4","Нет","2.499,00 TL","ONE PIECE World Seeker Deluxe Edition: 419,00 TL; ONE PIECE World Seeker: 2.499,00 TL","Нет","Да","","https://store.playstation.com/en-tr/concept/231375","2019-03-15","Adventure","PEGI_12"
"1671","Harry Potter: Quidditch Champions","PPSA05834","PS4, PS5","Нет","1.049,00 TL","Standard Edition: 1.049,00 TL; Deluxe Edition: 209,85 TL","Нет","Нет","","https://store.playstation.com/en-tr/concept/10004151","2024-09-03","Action","PEGI_12"
"1672","Stilt","PPSA18202","PS5","Нет","382,05 TL","","Нет","Нет","","https://store.playstation.com/en-tr/concept/10009077","2024-03-08","Action","PEGI_7"
"1673","EA SPORTS Madden NFL 26","PPSA26127","PS5","Нет","2.899,99 TL","Playoff Bundle: 4.000,00 TL","Нет","Нет","PS Plus Extra","https://store.playstation.com/en-tr/concept/10012604","2025-08-07","Sport","PEGI_3"
"1674","Moto Racer 4","CUSA05029","PS4","Нет","69,80 TL","Moto Racer 4 - Deluxe Edition: 139,80 TL; Moto Racer 4: 69,80 TL","Нет","Да","","https://store.playstation.com/en-tr/concept/221733","2016-11-02","Arcade","PEGI_7"
"1675","LA-MULANA","CUSA17434","PS4","Нет","525,00 TL","LA-MULANA 1 & 2 Bundle: 1.229,00 TL; LA-MULANA: 525,00 TL","Нет","Нет","","https://store.playstation.com/en-tr/concept/234965","2020-03-19","Action","PEGI_12"
"1676","Garten of Banban 8: Anti Devil","PPSA33173","PS5","Нет","429,00 TL","Garten of Banban 8: 429,00 TL; Garten of Banban 8: 429,00 TL","Да","Да","","https://store.playstation.com/en-tr/concept/10016475","2025-11-27","Horror","PEGI_12"
"1677","Resident Evil 3 Nemesis","PPSA07815","PS4, PS5","Нет","429,00 TL","","Нет","Нет","","https://store.playstation.com/en-tr/concept/10005151","2025-08-19","Horror","PEGI_18"
"1678","BLACK CLOVER: QUARTET KNIGHTS","CUSA11202","PS4","Нет","249,90 TL","BLACK CLOVER: QUARTET KNIGHTS Deluxe Edition: 2.799,00 TL; BLACK CLOVER: QUARTET KNIGHTS: 249,90 TL","Нет","Нет","","https://store.playstation.com/en-tr/concept/229724","2018-09-14","Action","PEGI_12"
"1679","Journey","CUSA00470","PS4","Нет","525,00 TL","","Нет","Да","","https://store.playstation.com/en-tr/concept/202276","2015-07-20","Adventure","PEGI_7"
"1680","The Life and Suffering of Sir Brante","CUSA31131","PS4","Нет","1.079,00 TL","","Да","Да","","https://store.playstation.com/en-tr/concept/10004059","2022-02-10","Role Playing Games","PEGI_12"
"1681","Monster Hunter Rise","PPSA08035","PS4, PS5","Нет","1.749,00 TL","Standard Edition: 1.749,00 TL; Deluxe Edition: 1.249,00 TL; Bundle Edition: 2.579,00 TL; Deluxe Bundle Edition: 1.749,00 TL","Нет","Да","","https://store.playstation.com/en-tr/concept/10005250","2023-01-19","Role Playing Games","PEGI_12"
"1682","Beach Buggy Racing","CUSA02366","PS4","Нет","429,00 TL","","Нет","Да","","https://store.playstation.com/en-tr/concept/200355","2015-06-02","Driving/Racing","PEGI_3"
"1683","KILLZONE SHADOW FALL","CUSA00002","PS4","Нет","849,00 TL","","Да","Да","PS Plus Extra","https://store.playstation.com/en-tr/concept/202335","2013-11-28","Shooter","PEGI_18"
"1684","Beholgar 2","PPSA36919","PS5","Нет","774,00 TL","Beholgar PS5: 774,00 TL; Beholgar Bundle: 1.079,00 TL","Нет","Да","","https://store.playstation.com/en-tr/concept/10019076","2026-06-11","Adventure","PEGI_16"
"1685","Fort Solis","PPSA14373","PS5","Нет","1.049,00 TL","Fort Solis Lempo Bundle: 644,70 TL; Terra Edition: 374,75 TL","Нет","Да","","https://store.playstation.com/en-tr/concept/10007627","2023-08-22","Adventure","PEGI_16"
"1686","My Universe - Fashion Boutique","CUSA19325","PS4","Нет","157,35 TL","","Нет","Нет","","https://store.playstation.com/en-tr/concept/10000505","2020-10-26","Unique","PEGI_3"
"1687","V-Rally 4","CUSA09688","PS4","Нет","1.049,00 TL","","Нет","Да","","https://store.playstation.com/en-tr/concept/229868","2018-09-05","Driving/Racing","PEGI_3"
"1688","ACA NEOGEO METAL SLUG","CUSA06899","PS4","Нет","300,00 TL","","Нет","Нет","","https://store.playstation.com/en-tr/concept/209645","2016-11-23","Action","PEGI_12"
"1689","Forgive Me Father 2","PPSA29035","PS5","Нет","649,50 TL","","Нет","Да","","https://store.playstation.com/en-tr/concept/10014515","2025-09-23","Shooter","PEGI_16"
"1690","Journey To The Savage Planet: Employee Of The Month","PPSA10022","PS4, PS5","Нет","1.049,00 TL","","Нет","Да","","https://store.playstation.com/en-tr/concept/233179","2023-02-14","Action","PEGI_12"
"1691","ACA NEOGEO METAL SLUG 4","CUSA13154","PS4","Нет","300,00 TL","","Нет","Нет","","https://store.playstation.com/en-tr/concept/232636","2020-02-17","Action","PEGI_12"
"1692","Wall World 2","PPSA35128","PS5","Нет","601,00 TL","","Нет","Да","","https://store.playstation.com/en-tr/concept/10018024","2026-05-28","Action","PEGI_16"
"1693","Ghostrunner 2","PPSA09912","PS5","Нет","279,80 TL","Ghostrunner Game Bundle: 1.399,00 TL; Ghostrunner 2: 279,80 TL; Deluxe Edition: 1.749,00 TL; Brutal Edition: 499,80 TL","Нет","Да","","https://store.playstation.com/en-tr/concept/10005977","2023-10-26","Action","PEGI_18"
"1694","ONE PUNCH MAN: A HERO NOBODY KNOWS","CUSA16264","PS4","Нет","2.499,00 TL","ONE PUNCH MAN: A HERO NOBODY KNOWS Deluxe Edition: 2.999,00 TL; ONE PUNCH MAN: A HERO NOBODY KNOWS: 2.499,00 TL","Нет","Да","","https://store.playstation.com/en-tr/concept/234384","2020-02-27","Action","PEGI_12"
"1695","Dreams","CUSA04301","PS4","Нет","1.399,00 TL","","Да","Да","PS Plus Extra","https://store.playstation.com/en-tr/concept/206887","2020-02-13","Unique","PEGI_12"
"1696","Townsmen VR","PPSA08310","PS5","Нет","1.399,00 TL","","Нет","Да","","https://store.playstation.com/en-tr/concept/10005350","2023-02-21","Strategy","PEGI_12"
"1697","WRC 7 FIA World Rally Championship","CUSA08226","PS4","Нет","699,00 TL","WRC Collection: 174,90 TL; WRC 7 FIA World Rally Championship: 699,00 TL","Нет","Да","","https://store.playstation.com/en-tr/concept/227580","2017-09-14","Driving/Racing","PEGI_3"
"1698","Paw Patrol: On a Roll!","CUSA11095","PS4","Нет","1.049,00 TL","Paw Patrol Bundle: 2.099,00 TL","Нет","Нет","PS Plus Extra","https://store.playstation.com/en-tr/concept/231136","2018-10-25","Family","PEGI_3"
"1699","Mount & Blade: Warband","CUSA03263","PS4","Нет","699,00 TL","","Нет","Нет","","https://store.playstation.com/en-tr/concept/209608","2016-09-15","Action","PEGI_16"
"1700","Rise of the Tomb Raider: 20 Year Celebration","CUSA05716","PS4","Нет","1.049,00 TL","","Да","Да","PS Plus Extra","https://store.playstation.com/en-tr/concept/221750","2016-10-10","Action","PEGI_18"
"1701","Spirit of the North","CUSA17576","PS4","Нет","595,00 TL","","Нет","Да","","https://store.playstation.com/en-tr/concept/232707","2019-10-31","Action","PEGI_7"
"1702","Just Shapes & Beats","CUSA16383","PS4","Нет","595,00 TL","Just Shapes & Beats Mega Bundle: 769,00 TL; Just Shapes & Beats: 595,00 TL","Нет","Да","","https://store.playstation.com/en-tr/concept/233595","2019-05-29","Action","PEGI_7"
"1703","Rogue Legacy","CUSA00587","PS4","Нет","595,00 TL","","Нет","Да","","https://store.playstation.com/en-tr/concept/203737","2014-07-29","Fighting","PEGI_12"
"1704","A Quiet Place: The Road Ahead","PPSA19007","PS5","Нет","346,17 TL","","Нет","Да","PS Plus Extra","https://store.playstation.com/en-tr/concept/10009366","2024-10-17","Horror","PEGI_16"
"1705","SAMURAI WARRIORS 4-II","CUSA02855","PS4","Нет","1.749,00 TL","","Нет","Нет","","https://store.playstation.com/en-tr/concept/229580","2015-10-30","Action","PEGI_16"
"1706","TRUCK SIMULATOR US DRIVER","PPSA34163","PS5","Нет","466,95 TL","","Нет","Нет","","https://store.playstation.com/en-tr/concept/10016006","2025-12-15","Adventure","PEGI_3"
"1707","Crash Team Rumble","PPSA06660","PS4, PS5","Нет","710,84 TL","Standard Edition: 710,84 TL; Deluxe Edition: 3.149,00 TL","Нет","Нет","","https://store.playstation.com/en-tr/concept/10003516","2023-06-19","Action","PEGI_7"
"1708","VENDETTA FOREVER","PPSA22813","PS5","Нет","849,00 TL","","Нет","Нет","","https://store.playstation.com/en-tr/concept/10010902","2024-10-23","Shooter","PEGI_12"
"1709","Tentacular","PPSA09271","PS5","Нет","297,15 TL","","Нет","Да","","https://store.playstation.com/en-tr/concept/10005758","2023-02-21","Puzzle","PEGI_7"
"1710","Speed Dates","PPSA37044","PS5","Нет","283,25 TL","","Нет","Да","","https://store.playstation.com/en-tr/concept/10019135","2026-06-17","Simulation","PEGI_12"
"1711","POCOYO PARTY","CUSA23679","PS4","Нет","584,55 TL","","Нет","Нет","","https://store.playstation.com/en-tr/concept/10001062","2021-04-14","Party","PEGI_3"
"1712","Bugsnax","PPSA01503","PS4, PS5","Нет","769,00 TL","","Нет","Да","","https://store.playstation.com/en-tr/concept/10000854","2020-11-11","Adventure","PEGI_3"
"1713","DRIFTCE","PPSA09442","PS4, PS5","Нет","1.049,00 TL","","Нет","Да","","https://store.playstation.com/en-tr/concept/10005462","2023-05-11","Driving/Racing","PEGI_3"
"1714","I Hate This Place","PPSA34808","PS5","Нет","584,55 TL","","Нет","Нет","","https://store.playstation.com/en-tr/concept/10017830","2026-01-29","Horror","PEGI_16"
"1715","Orcs Must Die! Deathtrap","PPSA29875","PS5","Нет","779,40 TL","","Нет","Да","","https://store.playstation.com/en-tr/concept/10014122","2025-07-29","Strategy","PEGI_12"
"1716","Decision: Red Daze","PPSA21653","PS5","Нет","594,30 TL","","Нет","Да","","https://store.playstation.com/en-tr/concept/10010445","2025-10-14","Role Playing Games","PEGI_16"
"1717","Code Violet","PPSA26528","PS5","Нет","1.074,50 TL","","Нет","Нет","","https://store.playstation.com/en-tr/concept/10012908","2026-01-09","Horror","PEGI_16"
"1718","Pro Jank Footy","PPSA35675","PS5","Нет","584,10 TL","","Нет","Нет","","https://store.playstation.com/en-tr/concept/10018386","2026-08-12","Sport","PEGI_7"
"1719","Beach Buggy Racing 2: Island Adventure","CUSA26790","PS4","Нет","687,00 TL","","Нет","Нет","","https://store.playstation.com/en-tr/concept/10002398","2021-03-17","Driving/Racing","PEGI_3"
"1720","Zombie Graveyard Simulator","PPSA37537","PS5","Нет","649,00 TL","","Нет","Да","","https://store.playstation.com/en-tr/concept/10019436","2026-07-30","Simulator","PEGI_16"
"1721","Garten of Banban 3","PPSA22397","PS5","Нет","175,00 TL","Garten of Banban 3: 175,00 TL; Garten of Banban 3: 175,00 TL","Нет","Да","","https://store.playstation.com/en-tr/concept/10010718","2024-05-30","Horror","PEGI_12"
"1722","Project Motor Racing","PPSA26575","PS5","Нет","1.749,00 TL","Project Motor Racing: 1.749,00 TL; Project Motor Racing: Year 1 Bundle: 2.579,00 TL","Нет","Да","","https://store.playstation.com/en-tr/concept/10011465","2025-11-25","Driving/Racing","PEGI_3"
"1723","MY LITTLE PONY: A Maretime Bay Adventure","PPSA05728","PS4, PS5","Нет","349,75 TL","","Нет","Нет","","https://store.playstation.com/en-tr/concept/10004079","2022-09-29","Family","PEGI_3"
"1724","Iron Meat","PPSA22017","PS4, PS5","Нет","489,30 TL","","Нет","Да","","https://store.playstation.com/en-tr/concept/10001178","2024-09-25","Action","PEGI_16"
"1725","Finding Frankie","PPSA28057","PS5","Нет","349,50 TL","","Нет","Да","","https://store.playstation.com/en-tr/concept/10013893","2025-04-14","Adventure","PEGI_18"
"1726","GHOST at DAWN","PPSA33214","PS4, PS5","Нет","580,50 TL","","Нет","Нет","","https://store.playstation.com/en-tr/concept/10013860","2026-03-24","Horror","PEGI_18"
"1727","Chants of Sennaar","CUSA42225","PS4","Нет","249,50 TL","Chants of Sennaar: 249,50 TL","Нет","Да","","https://store.playstation.com/en-tr/concept/10007905","2023-09-05","Puzzle","PEGI_7"
"1728","Arcade Paradise VR","PPSA20309","PS5","Нет","297,15 TL","Wired VR Bundle: 1.749,00 TL; Complete Edition: 2.349,00 TL; Base Game Bundle: 1.299,00 TL; Arcade Paradise VR x Tin Hearts Bundle: 1.079,00 TL; Arcade Paradise VR x DIG VR Bundle: 1.079,00 TL; Arcade Paradise VR: 297,15 TL","Нет","Да","","https://store.playstation.com/en-tr/concept/10009874","2024-08-08","Unique","PEGI_12"
"1729","CRISIS CORE –FINAL FANTASY VII– REUNION","PPSA07810","PS4, PS5","Нет","2.099,00 TL","STANDARD EDITION: 2.099,00 TL; DIGITAL DELUXE EDITION: 1.119,60 TL","Нет","Нет","","https://store.playstation.com/en-tr/concept/10004142","2022-12-12","Action","PEGI_16"
"1730","The Inquisitor","PPSA10961","PS5","Нет","374,50 TL","Standard Edition: 374,50 TL; Deluxe Edition: 2.149,00 TL","Нет","Да","","https://store.playstation.com/en-tr/concept/10006295","2024-02-08","Adventure","PEGI_18"
"1731","Little Misfortune","CUSA18313","PS4","Нет","849,00 TL","","Нет","Да","","https://store.playstation.com/en-tr/concept/235408","2020-05-28","Adventure","PEGI_16"
"1732","Q.U.B.E. 10th Anniversary","PPSA05590","PS5","Нет","326,40 TL","Q.U.B.E. 10th Anniversary: 326,40 TL; Q.U.B.E. 10th Anniversary: 326,40 TL","Нет","Да","","https://store.playstation.com/en-tr/concept/10003979","2023-01-19","Adventure","PEGI_3"
"1733","Saints Row: Gat out of Hell","CUSA00939","PS4","Нет","699,00 TL","","Нет","Да","","https://store.playstation.com/en-tr/concept/213748","2015-01-22","Action","PEGI_16"
"1734","Real Cake Maker","CUSA58742","PS4","Нет","429,00 TL","Complete Edition: 429,00 TL; Real Cake Maker & My Bakery Empire: Complete Editions: 849,00 TL","Нет","Нет","","https://store.playstation.com/en-tr/concept/10018900","2026-05-14","Simulation","PEGI_3"
"1735","Transport Fever 2","PPSA12361","PS4, PS5","Нет","437,25 TL","Deluxe Edition: 2.099,00 TL","Нет","Да","","https://store.playstation.com/en-tr/concept/10006507","2023-03-06","Simulation","PEGI_3"
"1736","Hot Wheels Monster Trucks: Stunt Mayhem","PPSA18192","PS4, PS5","Нет","1.399,00 TL","Standard Edition: 1.399,00 TL; Deluxe Edition: 1.749,00 TL","Нет","Нет","","https://store.playstation.com/en-tr/concept/10009076","2024-10-17","Driving/Racing","PEGI_3"
"1737","STORY OF SEASONS: Friends of Mineral Town","CUSA26026","PS4","Нет","167,88 TL","","Нет","Нет","PS Plus Extra","https://store.playstation.com/en-tr/concept/10002035","2021-10-14","Simulation","PEGI_12"
"1738","TCG Card Market Simulator","PPSA31410","PS5","Нет","274,50 TL","TCG Card Market Simulator: 274,50 TL; TCG Card Market Simulator: 455,00 TL","Нет","Нет","","https://store.playstation.com/en-tr/concept/10012498","2025-08-21","Strategy","PEGI_3"
"1739","Climber: Sky is the Limit","PPSA25001","PS5","Нет","212,25 TL","Climber: Sky is the Limit: 212,25 TL; Climber: Sky is the Limit: 212,25 TL","Нет","Да","","https://store.playstation.com/en-tr/concept/10010495","2024-09-19","Sport","PEGI_3"
"1740","BIG SHOTS","PPSA20633","PS5","Нет","339,60 TL","","Нет","Нет","","https://store.playstation.com/en-tr/concept/10009439","2024-04-18","Shooter","PEGI_7"
"1741","Amerzone - The Explorer's Legacy","PPSA16078","PS5","Нет","1.399,00 TL","","Нет","Да","","https://store.playstation.com/en-tr/concept/10008226","2025-04-23","Adventure","PEGI_12"
"1742","STAR WARS: Episode I: Jedi Power Battles","PPSA16921","PS4, PS5","Нет","314,55 TL","STAR WARS™: Prequel Pack: 2.275,00 TL; STAR WARS™: Episode I: Jedi Power Battles™ PS4 & PS5: 314,55 TL","Нет","Да","","https://store.playstation.com/en-tr/concept/10008489","2025-01-23","Action","PEGI_12"
"1743","Curse of the Dead Gods","CUSA19401","PS4","Нет","174,75 TL","","Нет","Да","","https://store.playstation.com/en-tr/concept/10000563","2021-02-23","Action","PEGI_16"
"1744","Fast & Furious: Spy Racers Rise of SH1FT3R","PPSA03778","PS4, PS5","Нет","1.399,00 TL","Fast & Furious: Spy Racers Rise of SH1FT3R: 1.399,00 TL; Complete Edition: 1.599,00 TL","Да","Да","","https://store.playstation.com/en-tr/concept/10001869","2022-01-27","Family","PEGI_3"
"1745","Valiant Hearts: The Great War","CUSA00479","PS4","Нет","649,00 TL","","Да","Да","PS Plus Extra","https://store.playstation.com/en-tr/concept/205194","2014-06-24","Puzzle","PEGI_12"
"1746","MasterChef: Learn to Cook!","CUSA51366","PS4","Нет","138,27 TL","Standard Edition: 138,27 TL; Complete Edition: 279,60 TL; Meatlover Special: 601,00 TL","Нет","Да","","https://store.playstation.com/en-tr/concept/10012531","2024-12-05","Simulation","PEGI_3"
"1747","Arcade Archives VS. BATTLE CITY","CUSA49611","PS4","Нет","300,00 TL","","Нет","Нет","","https://store.playstation.com/en-tr/concept/10011515","2024-09-11","Action","PEGI_3"
"1748","Strange Horticulture","CUSA46010","PS4","Нет","559,00 TL","","Нет","Да","","https://store.playstation.com/en-tr/concept/10009589","2024-02-23","Unique","PEGI_7"
"1749","Perennial Order","PPSA19608","PS5","Нет","279,60 TL","Perennial Order: 279,60 TL","Нет","Да","","https://store.playstation.com/en-tr/concept/10009601","2024-09-06","Role Playing Games","PEGI_12"
"1750","SAMURAI SHODOWN","CUSA15963","PS4","Нет","2.099,00 TL","SAMURAI SHODOWN: 2.099,00 TL; SAMURAI SHODOWN DELUXE EDITION: 2.999,00 TL","Нет","Нет","","https://store.playstation.com/en-tr/concept/234055","2019-06-30","Action","PEGI_16"
"1751","Shop Simulator: Supermarket","PPSA26015","PS5","Нет","349,00 TL","Shop Simulator: Supermarket: 349,00 TL; Shop Simulator Supermarket Gold Edition: 549,00 TL; Shop Simulator: Supermarket: 349,00 TL","Нет","Да","","https://store.playstation.com/en-tr/concept/10011837","2024-11-21","Simulator","PEGI_3"
"1752","DYNASTY WARRIORS 8: Xtreme Legends","CUSA00365","PS4","Нет","699,00 TL","","Нет","Нет","","https://store.playstation.com/en-tr/concept/221177","2014-04-03","Action","PEGI_16"
"1753","Islets","PPSA27124","PS4, PS5","Нет","849,00 TL","Islets: 849,00 TL","Нет","Да","","https://store.playstation.com/en-tr/concept/10013241","2025-09-23","Action","PEGI_7"
"1754","Factory Simulator: Clothes & Outlet","PPSA27001","PS5","Нет","549,00 TL","","Нет","Нет","","https://store.playstation.com/en-tr/concept/10013155","2026-01-22","Simulator","PEGI_3"
"1755","All Motors Racing Simulator","PPSA36262","PS5","Нет","549,00 TL","All Motors Racing Simulator: 549,00 TL; All Motors Racing Simulator: 549,00 TL","Нет","Нет","","https://store.playstation.com/en-tr/concept/10018717","2026-02-20","Driving/Racing","PEGI_3"
"1756","A Plague Tale: Innocence","PPSA02387","PS4, PS5","Нет","1.399,00 TL","A Plague Tale: Innocence: 1.399,00 TL","Нет","Да","","https://store.playstation.com/en-tr/concept/231037","2021-07-05","Adventure","PEGI_18"
"1757","Duck Game","CUSA05355","PS4","Нет","549,00 TL","","Нет","Нет","","https://store.playstation.com/en-tr/concept/216967","2017-08-21","Action","PEGI_12"
"1758","Boxville 2","PPSA26740","PS5","Нет","549,00 TL","Boxville Collection: 730,00 TL; Boxville 2: 549,00 TL; Boxville Collection: 730,00 TL; Boxville 2: 549,00 TL","Нет","Нет","","https://store.playstation.com/en-tr/concept/10013009","2025-06-26","Unique","PEGI_3"
"1759","Drift Master 2026 Simulator - Driving Sim","CUSA57731","PS4","Нет","356,85 TL","","Нет","Нет","","https://store.playstation.com/en-tr/concept/10017855","2026-04-29","Action","PEGI_3"
"1760","Hollowbody","PPSA29912","PS5","Нет","687,00 TL","","Нет","Да","","https://store.playstation.com/en-tr/concept/10015028","2026-06-05","Horror","PEGI_16"
"1761","Bus World","PPSA31082","PS5","Нет","849,00 TL","","Да","Да","","https://store.playstation.com/en-tr/concept/10015676","2025-12-11","Simulation","PEGI_7"
"1762","Clicker Heroes","CUSA05169","PS4","Нет","484,00 TL","Transcendence Starter Pack: 484,00 TL","Нет","Да","","https://store.playstation.com/en-tr/concept/222227","2017-03-06","Role Playing Games","PEGI_7"
"1763","Escape Plan","CUSA00153","PS4","Нет","549,00 TL","Escape Plan™ Collection: 849,00 TL; Escape Plan™: 549,00 TL","Нет","Да","","https://store.playstation.com/en-tr/concept/201305","2013-11-28","Puzzle","PEGI_12"
"1764","SMITE 2","PPSA18620","PS5","Нет","844,35 TL","SMITE 2 Founder's Edition: 844,35 TL; Deluxe Founder's Edition: 1.676,35 TL; Ultimate Founder's Edition: 2.794,35 TL","Нет","Нет","","https://store.playstation.com/en-tr/concept/10009245","2025-01-14","Strategy","PEGI_16"
"1765","Discounty","PPSA21990","PS4, PS5","Нет","551,85 TL","Discounty: 551,85 TL","Нет","Нет","","https://store.playstation.com/en-tr/concept/10009623","2025-08-20","Simulation","PEGI_3"
"1766","The Spell Brigade","PPSA34310","PS5","Нет","549,00 TL","Standard Edition: 549,00 TL; Deluxe Edition: 849,00 TL","Нет","Да","","https://store.playstation.com/en-tr/concept/10017532","2026-04-29","Action","PEGI_7"
"1767","Night Club Manager Simulator","CUSA55901","PS4","Нет","549,00 TL","","Нет","Нет","","https://store.playstation.com/en-tr/concept/10016200","2025-11-27","Action","PEGI_12"
"1768","Static Dread: The Lighthouse","PPSA31109","PS5","Нет","549,00 TL","Static Dread: The Lighthouse: 549,00 TL; Static Dread: The Lighthouse: 549,00 TL","Нет","Да","","https://store.playstation.com/en-tr/concept/10015420","2025-11-06","Simulation","PEGI_16"
"1769","Five Nights at Freddy's: Sister Location","CUSA20139","PS4","Нет","343,00 TL","","Нет","Нет","","https://store.playstation.com/en-tr/concept/235194","2020-07-20","Action","PEGI_12"
"1770","Weeb Store Simulator: Supermarket Together","PPSA34357","PS5","Нет","251,55 TL","","Нет","Нет","","https://store.playstation.com/en-tr/concept/10016689","2025-12-11","Simulation","PEGI_3"
"1771","STAR WARS: Squadrons","CUSA15089","PS4","Нет","279,00 TL","STAR WARS™: Squadrons: 279,00 TL; EA STAR WARS™ TRIPLE BUNDLE: 610,16 TL","Нет","Да","EA Access","https://store.playstation.com/en-tr/concept/234657","2020-10-01","Unique","PEGI_12"
"1772","DEEEER Simulator: Your Average Everyday Deer Game","CUSA28369","PS4","Нет","595,00 TL","DEEEER Simulator: Your Average Everyday Deer Game: 595,00 TL; DEEEER Simulator Max Gear Bundle: 629,00 TL","Нет","Да","","https://store.playstation.com/en-tr/concept/10002989","2021-11-24","Action","PEGI_12"
"1773","INSIDE","CUSA02754","PS4","Нет","949,00 TL","","Нет","Да","","https://store.playstation.com/en-tr/concept/223663","2016-08-22","Action","PEGI_18"
"1774","Resist","PPSA27339","PS5","Нет","306,25 TL","","Нет","Нет","","https://store.playstation.com/en-tr/concept/10013366","2025-04-10","Action","PEGI_16"
"1775","Battlecrafter VR","PPSA35717","PS5","Нет","503,10 TL","","Нет","Нет","","https://store.playstation.com/en-tr/concept/10018414","2026-03-14","Simulator","PEGI_3"
"1776","I Was a Teenage Exocolonist","PPSA08519","PS4, PS5","Нет","1.079,00 TL","","Нет","Нет","","https://store.playstation.com/en-tr/concept/10005431","2022-08-25","Role Playing Games","PEGI_12"
"1777","Power of Ten","PPSA17769","PS5","Нет","537,00 TL","Power of Ten: 537,00 TL; Power of Ten: 537,00 TL","Нет","Нет","","https://store.playstation.com/en-tr/concept/10008629","2024-03-19","Action","PEGI_12"
"1778","NINJA GAIDEN: Ragebound","PPSA28002","PS4, PS5","Нет","1.079,00 TL","","Нет","Да","","https://store.playstation.com/en-tr/concept/10013857","2025-07-31","Action","PEGI_16"
"1779","Hydroneer","PPSA34372","PS5","Нет","537,00 TL","","Нет","Да","","https://store.playstation.com/en-tr/concept/10016411","2026-05-08","Strategy","PEGI_3"
"1780","The Caribou Trail","PPSA31865","PS5","Нет","537,00 TL","","Нет","Нет","","https://store.playstation.com/en-tr/concept/10015316","2026-07-07","Adventure","PEGI_16"
"1781","Unknown 9: Awakening","PPSA07930","PS4, PS5","Нет","849,00 TL","Standard Edition: 849,00 TL; Deluxe Edition: 1.079,00 TL","Нет","Да","","https://store.playstation.com/en-tr/concept/10001989","—","Action","PEGI_16"
"1782","The Surge 2","CUSA12567","PS4","Нет","279,80 TL","The Surge 2 - Premium Edition: 279,80 TL; The Surge 1 & 2 - Dual Pack: 1.399,00 TL","Нет","Да","","https://store.playstation.com/en-tr/concept/232357","2020-01-15","Action","PEGI_18"
"1783","The Legend of Legacy HD","PPSA17528","PS4, PS5","Нет","899,00 TL","","Нет","Нет","","https://store.playstation.com/en-tr/concept/10008524","2024-03-22","Role Playing Games","PEGI_12"
"1784","MXGP - The Official Motocross Videogame","CUSA01184","PS4","Нет","42,90 TL","","Нет","Нет","","https://store.playstation.com/en-tr/concept/202600","2014-10-16","Driving/Racing","PEGI_3"
"1785","Sodaman","PPSA37113","PS5","Нет","537,00 TL","Sodaman: 537,00 TL","Нет","Да","","https://store.playstation.com/en-tr/concept/10019180","2026-06-30","Action","PEGI_12"
"1786","Recycling Center Simulator","PPSA30127","PS5","Нет","1.079,00 TL","Recycling Center Simulator & Laundry Store Simulator: 1.299,00 TL; Recycling Center Simulator: 1.079,00 TL; Recycling Center Simulator & Laundry Store Simulator: 1.299,00 TL; Recycling Center Simulator: 1.079,00 TL","Нет","Да","","https://store.playstation.com/en-tr/concept/10015150","2025-08-22","Simulator","PEGI_3"
"1787","Super Meat Boy 3D","PPSA31162","PS5","Нет","1.079,00 TL","","Нет","Да","","https://store.playstation.com/en-tr/concept/10015730","2026-03-31","Action","PEGI_16"
"1788","TowerFall Ascension","CUSA00534","PS4","Нет","601,00 TL","","Нет","Нет","","https://store.playstation.com/en-tr/concept/204996","2016-07-05","Action","PEGI_7"
"1789","Gym Simulator 26","PPSA32894","PS5","Нет","537,00 TL","","Нет","Да","","https://store.playstation.com/en-tr/concept/10016724","2026-03-27","Simulator","PEGI_18"
"1790","RAGE 2","CUSA10300","PS4","Нет","279,80 TL","Deluxe Edition: 2.499,00 TL","Да","Да","PS Plus Extra","https://store.playstation.com/en-tr/concept/229997","2019-05-13","Action","PEGI_18"
"1791","The Wolf Among Us","CUSA01009","PS4","Нет","529,00 TL","","Нет","Нет","","https://store.playstation.com/en-tr/concept/204807","2014-11-06","Action","PEGI_18"
"1792","Gal Guardians: Demon Purge","PPSA09600","PS5","Нет","175,80 TL","Gal Guardians: Demon Purge: 175,80 TL; Gal Guardians: Demon Purge: 175,00 TL","Нет","Нет","","https://store.playstation.com/en-tr/concept/10005910","2023-02-22","Action","PEGI_12"
"1793","Forklift Simulator","PPSA21808","PS5","Нет","849,00 TL","","Нет","Да","","https://store.playstation.com/en-tr/concept/10010507","2024-08-29","Simulator","PEGI_3"
"1794","Brain Beats","CUSA23661","PS4","Нет","210,00 TL","","Нет","Нет","","https://store.playstation.com/en-tr/concept/10001081","2021-01-12","Music/Rhythm","PEGI_3"
"1795","SAMURAI WARRIORS 5","CUSA24100","PS4","Нет","2.499,00 TL","Deluxe Edition: 3.499,00 TL","Нет","Нет","PS Plus Extra","https://store.playstation.com/en-tr/concept/10001263","2021-07-26","Action","PEGI_16"
"1796","Onechanbara Z2: Chaos","CUSA02814","PS4","Нет","879,00 TL","","Нет","Нет","","https://store.playstation.com/en-tr/concept/203219","2015-08-28","Action","PEGI_16"
"1797","Farming Simulator 15","CUSA01565","PS4","Нет","649,00 TL","Farming Simulator 15: Complete Edition: 1.299,00 TL; Farming Simulator 15: 649,00 TL","Нет","Нет","","https://store.playstation.com/en-tr/concept/201645","2015-05-18","Family","PEGI_3"
"1798","The Medium","PPSA03718","PS5","Нет","2.149,00 TL","Standard Edition: 2.149,00 TL; Deluxe Edition: 2.349,00 TL","Нет","Да","","https://store.playstation.com/en-tr/concept/10002899","2021-09-02","Horror","PEGI_18"
"1799","Bio Inc. Redemption","PPSA19856","PS4, PS5","Нет","525,00 TL","Symptoms and Treatment: 1.149,00 TL; Medical Herbs Bundle: 1.149,00 TL; Bio Inc. Redemption: 525,00 TL","Нет","Да","","https://store.playstation.com/en-tr/concept/10009691","2024-02-26","Simulation","PEGI_12"
"1800","ABRISS - build to destroy","PPSA18294","PS5","Нет","529,00 TL","","Нет","Да","","https://store.playstation.com/en-tr/concept/10009061","2024-03-06","Puzzle","PEGI_3"
"1801","Brain Show","PPSA18544","PS5","Нет","525,00 TL","","Да","Да","","https://store.playstation.com/en-tr/concept/10009196","2025-03-06","Puzzle","PEGI_3"
"1802","Chains of Freedom","PPSA27603","PS4, PS5","Нет","525,00 TL","","Нет","Да","","https://store.playstation.com/en-tr/concept/10013373","2025-04-15","Action","PEGI_16"
"1803","Spray Paint Simulator","PPSA27129","PS5","Нет","525,00 TL","Spray Paint Simulator: 525,00 TL; Spray Paint Simulator: 525,00 TL","Нет","Нет","","https://store.playstation.com/en-tr/concept/10013245","2025-05-29","Simulation","PEGI_3"
"1804","OneShot: World","CUSA34846","PS4","Нет","525,00 TL","","Нет","Да","","https://store.playstation.com/en-tr/concept/10005508","2022-09-21","Adventure","PEGI_3"
"1805","Wild Hunter: Sniper Rifle Adventures Simulator","PPSA24862","PS5","Нет","525,00 TL","","Нет","Нет","","https://store.playstation.com/en-tr/concept/10011243","2024-10-03","Adventure","PEGI_16"
"1806","Super Toy Cars 2","CUSA17634","PS4","Нет","525,00 TL","Super Toy Cars 2: 525,00 TL; Super Toy Cars 1 & 2 Bundle: 699,00 TL","Нет","Да","","https://store.playstation.com/en-tr/concept/235049","2020-07-23","Driving/Racing","PEGI_7"
"1807","The Beast Inside","PPSA10718","PS5","Нет","875,00 TL","The Beast Inside: 875,00 TL; The Beast Inside: 875,00 TL","Нет","Да","","https://store.playstation.com/en-tr/concept/10006325","2022-11-29","Action","PEGI_18"
"1808","Construction Simulator 3","CUSA17659","PS4","Нет","525,00 TL","","Нет","Да","","https://store.playstation.com/en-tr/concept/235051","2020-04-07","Simulation","PEGI_3"
"1809","Ships Simulator","CUSA45835","PS4","Нет","525,00 TL","","Нет","Нет","","https://store.playstation.com/en-tr/concept/10009506","2023-11-30","Strategy","PEGI_3"
"1810","Deadside","PPSA20492","PS5","Нет","875,00 TL","Supporter Edition: 1.049,00 TL; Deluxe Pack Edition: 3.149,00 TL","Нет","Да","","https://store.playstation.com/en-tr/concept/10009964","2025-02-25","Shooter","PEGI_16"
"1811","Raiden IV x MIKADO remix","PPSA08833","PS4, PS5","Нет","1.049,00 TL","","Нет","Нет","","https://store.playstation.com/en-tr/concept/10003754","2023-02-03","Action","PEGI_7"
"1812","Techtonica","PPSA22821","PS5","Нет","262,25 TL","","Нет","Да","","https://store.playstation.com/en-tr/concept/10010339","2024-11-07","Strategy","PEGI_3"
"1813","The Sisters 2 - Road to Fame","PPSA15458","PS4, PS5","Нет","419,70 TL","The Sisters Collection 2 in 1: 524,70 TL; The Sisters 2 - Road to Fame: 419,70 TL","Нет","Нет","","https://store.playstation.com/en-tr/concept/10007997","2023-10-04","Party","PEGI_7"
"1814","The Precinct","PPSA17732","PS5","Нет","1.049,00 TL","","Нет","Да","","https://store.playstation.com/en-tr/concept/10008902","2025-05-13","Action","PEGI_18"
"1815","Freedom Planet 2","PPSA17021","PS4, PS5","Нет","350,00 TL","","Нет","Нет","","https://store.playstation.com/en-tr/concept/10008377","2024-04-03","—","PEGI_12"
"1816","Cuisineer","PPSA20208","PS5","Нет","524,50 TL","","Нет","Нет","","https://store.playstation.com/en-tr/concept/10009827","2025-01-27","Adventure","PEGI_7"
"1817","Mega Man","CUSA02521","PS4","Нет","525,00 TL","","Нет","Да","","https://store.playstation.com/en-tr/concept/202697","2015-08-24","Action","PEGI_7"
"1818","Train Station Renovation","CUSA28973","PS4","Нет","525,00 TL","","Нет","Да","","https://store.playstation.com/en-tr/concept/10003257","2021-10-01","Simulator","PEGI_3"
"1819","Harvest Life","PPSA04764","PS5","Нет","1.049,00 TL","Harvest Life: 1.049,00 TL; Harvest Life: 879,00 TL","Нет","Да","","https://store.playstation.com/en-tr/concept/10003527","2021-10-22","Simulation","PEGI_7"
"1820","The Case of the Golden Idol","PPSA23611","PS5","Нет","629,00 TL","The Case of the Golden Idol: 629,00 TL; Complete Edition: 524,50 TL","Нет","Нет","","https://store.playstation.com/en-tr/concept/10010275","2024-07-28","Puzzle","PEGI_12"
"1821","STAR WARS: Bounty Hunter","PPSA16937","PS4, PS5","Нет","244,65 TL","","Нет","Да","","https://store.playstation.com/en-tr/concept/10008552","2024-07-31","Action","PEGI_16"
"1822","Potion Permit","PPSA02687","PS4, PS5","Нет","209,70 TL","Potion Permit: 209,70 TL; Complete Edition: 314,70 TL","Нет","Да","","https://store.playstation.com/en-tr/concept/10002179","2022-09-21","Role Playing Games","PEGI_12"
"1823","Spirit of the North 2","PPSA28617","PS5","Нет","1.049,00 TL","Spirit of the North 2 - Deluxe Edition: 1.419,00 TL; Spirit of the North 2: 1.049,00 TL; Spirit of the North 1 & 2 Bundle: 1.749,00 TL","Нет","Да","","https://store.playstation.com/en-tr/concept/10005813","2025-05-08","Adventure","PEGI_12"
"1824","Youtubers Life OMG","CUSA13591","PS4","Нет","1.049,00 TL","","Нет","Да","","https://store.playstation.com/en-tr/concept/232766","2018-11-20","Adventure","PEGI_3"
"1825","Burnout Paradise","CUSA10851","PS4","Нет","152,54 TL","","Да","Да","EA Access","https://store.playstation.com/en-tr/concept/231473","2018-03-15","Driving/Racing","PEGI_7"
"1826","Wild West Legacy","PPSA29228","PS5","Нет","1.299,00 TL","","Нет","Да","","https://store.playstation.com/en-tr/concept/10014159","2026-03-13","Simulator","PEGI_16"
"1827","War Hospital","PPSA08925","PS5","Нет","1.399,00 TL","Standard Edition: 1.399,00 TL; Supporter Edition: 524,70 TL","Нет","Нет","","https://store.playstation.com/en-tr/concept/10005572","2024-01-11","Simulation","PEGI_12"
"1828","TRON RUN/r","CUSA02395","PS4","Нет","649,00 TL","","Нет","Нет","PS Plus Extra","https://store.playstation.com/en-tr/concept/221794","2016-02-22","Action","PEGI_7"
"1829","Odin Sphere Leifthrasir","CUSA05262","PS4","Нет","2.099,00 TL","","Нет","Нет","","https://store.playstation.com/en-tr/concept/203200","2016-06-24","Role Playing Games","PEGI_12"
"1830","Bad Cheese","PPSA26657","PS5","Нет","247,05 TL","Bad Cheese: 247,05 TL; Bad Cheese: 247,05 TL","Нет","Да","","https://store.playstation.com/en-tr/concept/10012988","2025-09-01","Horror","PEGI_12"
"1831","Ad Infinitum","PPSA10600","PS5","Нет","209,80 TL","Ad Infinitum: 209,80 TL; Nightmare Edition: 1.199,00 TL","Нет","Да","","https://store.playstation.com/en-tr/concept/10004716","2023-09-14","Horror","PEGI_16"
"1832","Post Trauma","PPSA11002","PS5","Нет","525,00 TL","","Нет","Нет","","https://store.playstation.com/en-tr/concept/10006435","2025-04-22","Horror","PEGI_16"
"1833","DUCKSIDE (Early Access)","PPSA27828","PS5","Нет","649,00 TL","Standard Edition: 649,00 TL; Special DUCK-OPS Edition: 774,00 TL","Нет","Да","","https://store.playstation.com/en-tr/concept/10013703","2025-09-03","Action","PEGI_16"
"1834","Void Bastards","CUSA16300","PS4","Нет","1.299,00 TL","","Нет","Да","","https://store.playstation.com/en-tr/concept/234429","2020-05-07","Action","PEGI_16"
"1835","Garfield Kart 2 - All You Can Drift","PPSA25839","PS5","Нет","779,40 TL","Garfield Kart Road 67 - 2 in 1: 1.049,30 TL; Garfield Kart 2 - All You Can Drift: 779,40 TL","Нет","Да","","https://store.playstation.com/en-tr/concept/10012444","2025-09-09","Driving/Racing","PEGI_3"
"1836","Two Point Campus","PPSA03644","PS4, PS5","Нет","479,00 TL","Two Point Campus - Brainy Bundle: 1.749,00 TL","Нет","Нет","PS Plus Extra","https://store.playstation.com/en-tr/concept/10001458","2022-08-09","Simulation","PEGI_3"
"1837","GreedFall: The Dying World","PPSA21840","PS5","Нет","2.579,00 TL","Deluxe Edition: 2.999,00 TL","Нет","Да","","https://store.playstation.com/en-tr/concept/10010517","2026-03-12","Role Playing Games","PEGI_16"
"1838","ScootX","PPSA33625","PS5","Нет","1.031,00 TL","","Нет","Да","","https://store.playstation.com/en-tr/concept/10017123","2026-02-16","Simulation","PEGI_3"
"1839","LEGO Jurassic World","CUSA01519","PS4","Нет","1.399,00 TL","","Нет","Да","PS Plus Extra","https://store.playstation.com/en-tr/concept/202450","2015-06-11","Adventure","PEGI_7"
"1840","Car Driving School Simulator","PPSA31093","PS5","Нет","515,00 TL","Car Driving School Simulator: 515,00 TL; Car Driving School Simulator: 515,00 TL","Нет","Нет","","https://store.playstation.com/en-tr/concept/10015684","2025-12-12","Driving/Racing","PEGI_7"
"1841","BADLAND","CUSA01294","PS4","Нет","515,00 TL","","Нет","Да","","https://store.playstation.com/en-tr/concept/200469","2015-05-28","Action","PEGI_7"
"1842","Death and Taxes","CUSA30157","PS4","Нет","515,00 TL","","Нет","Да","","https://store.playstation.com/en-tr/concept/10003709","2024-04-18","Simulator","PEGI_12"
"1843","Bridge Constructor Studio","PPSA28582","PS4, PS5","Нет","515,00 TL","","Нет","Да","","https://store.playstation.com/en-tr/concept/10014245","2025-07-17","Puzzle","PEGI_3"
"1845","The Brookhaven Experiment","CUSA06490","PS4","Нет","515,00 TL","","Нет","Нет","","https://store.playstation.com/en-tr/concept/224973","2017-01-26","Shooter","PEGI_18"
"1846","Disney Epic Mickey: Rebrushed","PPSA15657","PS4, PS5","Нет","1.049,30 TL","Disney Epic Mickey: Rebrushed: 1.049,30 TL","Нет","Нет","","https://store.playstation.com/en-tr/concept/10008074","2024-09-23","Action","PEGI_7"
"1847","SkyLeap","PPSA33922","PS5","Нет","515,00 TL","","Нет","Да","","https://store.playstation.com/en-tr/concept/10017292","2026-01-28","Shooter","PEGI_7"
"1848","Prison Escape Simulator","PPSA32647","PS5","Нет","343,00 TL","","Нет","Да","","https://store.playstation.com/en-tr/concept/10016617","2026-02-04","Simulator","PEGI_18"
"1849","Shadow of the Colossus","CUSA08809","PS4","Нет","1.749,00 TL","","Нет","Да","PS Plus Extra","https://store.playstation.com/en-tr/concept/225857","2018-02-06","Action","PEGI_12"
"1850","Arcade Archives 2 RIDGE RACER","PPSA28736","PS5","Нет","511,00 TL","","Нет","Нет","","https://store.playstation.com/en-tr/concept/10014347","2025-06-04","Driving/Racing","PEGI_3"
"1851","Ben 10","CUSA09538","PS4","Нет","307,65 TL","Ben 10 Bundle: 524,70 TL","Нет","Нет","PS Plus Extra","https://store.playstation.com/en-tr/concept/229756","2017-11-09","Family","PEGI_7"
"1852","Rubber Bandits","CUSA28595","PS4","Нет","349,00 TL","Rubber Bandits: 349,00 TL; Starter Bundle: 515,00 TL; Animal Bandits Bundle: 559,00 TL; Supporter Bundle: 949,00 TL","Нет","Да","","https://store.playstation.com/en-tr/concept/10002595","2021-12-01","Action","PEGI_7"
"1853","Grand Rush: Highway Car Traffic Racing Simulator","CUSA48927","PS4","Нет","455,00 TL","","Нет","Нет","","https://store.playstation.com/en-tr/concept/10011053","2024-08-01","Casual","PEGI_3"
"1854","Evil Cat Simulator vs Granny","CUSA56453","PS4","Нет","257,40 TL","","Нет","Нет","","https://store.playstation.com/en-tr/concept/10016659","2026-03-16","Casual","PEGI_7"
"1855","Five Nights at Freddy's 3","CUSA18365","PS4","Нет","279,00 TL","","Нет","Да","","https://store.playstation.com/en-tr/concept/235192","2020-02-03","Horror","PEGI_12"
"1856","Achilles: Survivor","PPSA30454","PS4, PS5","Нет","201,00 TL","","Нет","Да","","https://store.playstation.com/en-tr/concept/10015335","2025-07-28","Action","PEGI_12"
"1857","ESCAPE - BACKROOMS HORROR","PPSA32807","PS5","Нет","235,95 TL","ESCAPE - BACKROOMS HORROR: 235,95 TL; ESCAPE - BACKROOMS HORROR: 349,00 TL","Нет","Нет","","https://store.playstation.com/en-tr/concept/10011284","2025-11-13","Horror","PEGI_16"
"1858","Car Mechanic Simulator","CUSA14568","PS4","Нет","529,00 TL","","Нет","Да","PS Plus Extra","https://store.playstation.com/en-tr/concept/233200","2019-06-24","Simulation","PEGI_3"
"1859","Supermarket Owner Simulator: Business","PPSA31125","PS5","Нет","274,50 TL","Supermarket Owner Simulator: Business: 274,50 TL; Supermarket Owner Simulator: Business: 455,00 TL","Нет","Нет","","https://store.playstation.com/en-tr/concept/10011190","2025-07-31","Simulation","PEGI_3"
"1860","Parkour Labs","PPSA32315","PS5","Нет","356,95 TL","","Нет","Нет","","https://store.playstation.com/en-tr/concept/10016431","2026-03-11","Arcade","PEGI_3"
"1861","That Time I Got Reincarnated as a Slime ISEKAI Chronicles","PPSA14484","PS4, PS5","Нет","1.749,00 TL","Standard Edition: 1.749,00 TL; Deluxe Edition: 499,80 TL","Нет","Нет","","https://store.playstation.com/en-tr/concept/10007670","2024-08-07","Role Playing Games","PEGI_12"
"1862","Minefield Combat","PPSA25376","PS5","Нет","10,35 TL","Minefield Combat Avatar Bundle: 52,50 TL; Minefield Combat: 10,35 TL; Minefield Combat Epic Theme Avatar Bundle: 52,50 TL; Minefield Combat: 10,35 TL","Нет","Нет","","https://store.playstation.com/en-tr/concept/10012163","2024-08-22","Shooter","PEGI_12"
"1863","Bloons TD 6","CUSA29954","PS4","Нет","749,00 TL","","Нет","Да","","https://store.playstation.com/en-tr/concept/10000502","2024-07-31","Strategy","PEGI_3"
"1864","The Backrooms 1998","PPSA26152","PS5","Нет","157,05 TL","The Backrooms 1998: 157,05 TL; The Backrooms 1998: 157,05 TL","Нет","Нет","","https://store.playstation.com/en-tr/concept/10012647","2025-02-20","Horror","PEGI_16"
"1865","The Game of Life 2","CUSA31547","PS4","Нет","1.049,00 TL","The Game of Life 2: 1.049,00 TL; Family Board Game Bundle: 2.149,00 TL; The Game of Life 2 - Deluxe Life Bundle: 1.399,00 TL","Нет","Нет","","https://store.playstation.com/en-tr/concept/10004213","2022-06-16","Family","PEGI_3"
"1866","FINAL FANTASY CRYSTAL CHRONICLES","CUSA16830","PS4","Нет","56,54 TL","FINAL FANTASY CRYSTAL CHRONICLES Remastered Edition: 56,54 TL","Нет","Нет","","https://store.playstation.com/en-tr/concept/234729","2020-08-26","Role Playing Games","PEGI_7"
"1867","Stroke The Dog","CUSA36460","PS4","Нет","85,00 TL","The Stroke Pack: 1.949,00 TL; Stroke The Dog: 85,00 TL; Stroke The Dog: 85,00 TL","Нет","Нет","","https://store.playstation.com/en-tr/concept/10006069","2022-09-16","Casual","PEGI_3"
"1868","City of Hunger VR","PPSA34456","PS5","Нет","537,00 TL","","Нет","Нет","","https://store.playstation.com/en-tr/concept/10017609","2026-01-20","Horror","PEGI_18"
"1869","Amanda the Adventurer","PPSA24112","PS4, PS5","Нет","387,00 TL","Amanda the Adventurer Trilogy Bundle: 849,00 TL; Amanda the Adventurer: 387,00 TL","Нет","Да","","https://store.playstation.com/en-tr/concept/10011561","2024-10-10","Horror","PEGI_12"
"1870","BRIKS 2","CUSA10636","PS4","Нет","387,00 TL","BRIKS 2 Christmas Bundle: 387,00 TL; BRIKS 2: 387,00 TL","Нет","Нет","","https://store.playstation.com/en-tr/concept/231725","2018-01-05","Arcade","PEGI_12"
"1871","The Sinking City","CUSA13152","PS4","Нет","1.749,00 TL","Standard Edition: 1.749,00 TL; Necronomicon Edition: 2.099,00 TL","Нет","Да","","https://store.playstation.com/en-tr/concept/232681","2019-06-26","Horror","PEGI_18"
"1872","The Warriors","CUSA03548","PS4","Нет","315,00 TL","","Нет","Нет","","https://store.playstation.com/en-tr/concept/205082","2016-07-04","Adventure","PEGI_18"
"1873","FAHRENHEIT","CUSA05760","PS4","Нет","50,85 TL","","Нет","Нет","","https://store.playstation.com/en-tr/concept/221705","2016-08-09","Action","PEGI_16"
"1874","MotoGP15","CUSA02041","PS4","Нет","42,90 TL","","Нет","Нет","","https://store.playstation.com/en-tr/concept/202753","2015-06-23","Driving/Racing","PEGI_3"
"1875","Soulstone Survivors","PPSA27121","PS5","Нет","649,00 TL","Soulstone Survivors & Supporter Pack: 774,00 TL; Soulstone Survivors: 649,00 TL","Нет","Да","","https://store.playstation.com/en-tr/concept/10013240","2025-06-17","Action","PEGI_7"
"1876","7th Sector","CUSA15841","PS4","Нет","279,60 TL","7th Sector Collector's Edition: 350,00 TL","Нет","Да","","https://store.playstation.com/en-tr/concept/234025","2020-02-04","Action","PEGI_18"
"1877","Operation Serpens","PPSA18382","PS5","Нет","292,05 TL","","Нет","Нет","","https://store.playstation.com/en-tr/concept/10006228","2024-02-23","Shooter","PEGI_12"
"1878","Funko Fusion","PPSA19345","PS5","Нет","1.199,00 TL","Funko Fusion - Mega Man Pack Bundle: 1.399,00 TL; Funko Fusion + Bob Ross Bundle: 1.299,00 TL; Funko Fusion X Manchester City Bundle: 402,27 TL; Funko Fusion - Deluxe Edition Bundle: 1.749,00 TL; Funko Fusion - Mega Man Pack Bundle: 1.229,00 TL; Funko Fusion + Bob Ross Bundle: 1.149,00 TL; Funko Fusion - Deluxe Edition Bundle: 1.499,00 TL","Нет","Да","","https://store.playstation.com/en-tr/concept/10009469","—","Casual","PEGI_16"
"1879","Ambulance Simulator 911 RESCUE","CUSA54880","PS4","Нет","466,95 TL","","Нет","Нет","","https://store.playstation.com/en-tr/concept/10015373","2025-11-10","Driving/Racing","PEGI_7"
"1880","SIGNALIS","CUSA34423","PS4","Нет","849,00 TL","","Нет","Да","","https://store.playstation.com/en-tr/concept/10005369","2022-10-27","Horror","PEGI_16"
"1881","Tomb Raider","CUSA00109","PS4","Нет","849,00 TL","","Да","Да","PS Plus Extra","https://store.playstation.com/en-tr/concept/212740","2014-01-30","Adventure","PEGI_18"
"1882","Red Dead Revolver","CUSA03542","PS4","Нет","315,00 TL","","Нет","Нет","","https://store.playstation.com/en-tr/concept/203814","2016-10-10","Action","PEGI_16"
"1883","Deathbound","PPSA21264","PS5","Нет","335,60 TL","Standard Edition: 335,60 TL; Ultimate Edition: 425,25 TL","Нет","Да","","https://store.playstation.com/en-tr/concept/10010269","2024-08-08","Role Playing Games","PEGI_16"
"1884","Red Matter","PPSA16508","PS4, PS5","Нет","466,95 TL","Red Matter Collection: 1.399,00 TL; Red Matter: 466,95 TL","Нет","Нет","","https://store.playstation.com/en-tr/concept/233114","2023-10-05","Adventure","PEGI_12"
"1885","Deathless. The Hero Quest","PPSA31106","PS5","Нет","755,30 TL","","Нет","Да","","https://store.playstation.com/en-tr/concept/10015675","2025-10-16","Strategy","PEGI_12"
"1886","VR Skater","PPSA13557","PS5","Нет","239,80 TL","Pro Bundle: 419,70 TL","Нет","Нет","","https://store.playstation.com/en-tr/concept/10007230","2023-08-03","Sport","PEGI_16"
"1888","ZOMBIE CAM BODY CAM SHOOTER","CUSA55083","PS4","Нет","356,95 TL","","Нет","Нет","","https://store.playstation.com/en-tr/concept/10015543","2025-12-03","Shooter","PEGI_16"
"1889","White Day 2: The Flower That Tells Lies","PPSA21121","PS5","Нет","472,05 TL","","Нет","Да","","https://store.playstation.com/en-tr/concept/10010231","2024-08-15","Horror","PEGI_18"
"1890","Destroy All Humans! 2 - Reprobed","PPSA05399","PS5","Нет","1.199,00 TL","Standard: 1.199,00 TL; Dressed to Skill Edition: 479,00 TL; Single Player: 1.049,00 TL; Jumbo Pack: 2.999,00 TL","Нет","Да","","https://store.playstation.com/en-tr/concept/10003868","2022-08-30","Action","PEGI_16"
"1891","Langrisser I & II","CUSA16130","PS4","Нет","1.599,00 TL","Langrisser I & II: 1.599,00 TL","Нет","Нет","","https://store.playstation.com/en-tr/concept/232769","2020-03-13","Adventure","PEGI_12"
"1892","Smurfs Kart","PPSA14050","PS4, PS5","Нет","209,80 TL","","Нет","Да","","https://store.playstation.com/en-tr/concept/10004796","2023-08-09","Driving/Racing","PEGI_3"
"1893","EBOLA III","CUSA52227","PS4","Нет","210,00 TL","","Нет","Да","","https://store.playstation.com/en-tr/concept/10013327","2025-02-24","Action","PEGI_18"
"1894","Warhammer: Chaosbane","PPSA01445","PS5","Нет","1.299,00 TL","Warhammer Pack: Hack and Slash: 1.749,00 TL; Slayer Edition PS4: 1.299,00 TL; Magnus Edition: 1.079,00 TL","Нет","Да","PS Plus Extra","https://store.playstation.com/en-tr/concept/233226","2020-11-11","Adventure","PEGI_16"
"1895","Shardpunk","PPSA34462","PS4, PS5","Нет","474,50 TL","","Нет","Нет","","https://store.playstation.com/en-tr/concept/10017382","2026-03-26","Role Playing Games","PEGI_12"
"1896","Console Archives TOUKI DENSHOU ANGEL EYES","PPSA32483","PS5","Нет","472,00 TL","","Нет","Нет","","https://store.playstation.com/en-tr/concept/10016522","2026-08-12","Fighting","PEGI_12"
"1897","Ambulance Life: A Paramedic Simulator","PPSA15528","PS5","Нет","1.399,00 TL","Standard Edition: 1.399,00 TL; Deluxe Edition: 1.949,00 TL","Нет","Да","","https://store.playstation.com/en-tr/concept/10007732","2025-02-06","Simulation","PEGI_16"
"1898","FREEDOM WARS","PPSA23221","PS4, PS5","Нет","349,75 TL","Standard Edition: 349,75 TL; Contribution Edition: 1.749,00 TL","Нет","Нет","","https://store.playstation.com/en-tr/concept/10011083","2025-01-09","Action","PEGI_16"
"1899","Police Car Simulator : EVO","PPSA36581","PS5","Нет","649,00 TL","","Нет","Да","","https://store.playstation.com/en-tr/concept/10015761","2026-05-06","Simulator","PEGI_7"
"1900","MTB Bike Simulator","CUSA57170","PS4","Нет","356,85 TL","","Нет","Нет","","https://store.playstation.com/en-tr/concept/10017309","2026-04-27","Driving/Racing","PEGI_3"
"1901","Peppa Pig: World Adventures","PPSA09806","PS4, PS5","Нет","1.399,00 TL","","Нет","Нет","","https://store.playstation.com/en-tr/concept/10006011","2023-03-16","Family","PEGI_3"
"1902","Farm Together","CUSA13483","PS4","Нет","699,00 TL","","Нет","Да","","https://store.playstation.com/en-tr/concept/232727","2019-02-24","Casual","PEGI_3"
"1903","True Fear: Forsaken Souls - Part 3","CUSA56857","PS4","Нет","429,00 TL","True Fear 3: 429,00 TL","Нет","Да","","https://store.playstation.com/en-tr/concept/10017023","2026-02-08","Horror","PEGI_16"
"1904","Smash Drums","PPSA16086","PS5","Нет","699,00 TL","","Нет","Нет","","https://store.playstation.com/en-tr/concept/10003176","2025-05-15","Music/Rhythm","PEGI_16"
"1905","GeoJelly","PPSA13253","PS5","Нет","472,00 TL","Jump Challenge! + GeoJelly Game Bundle: 537,00 TL; GeoJelly: 472,00 TL; GeoJelly: 472,00 TL","Нет","Нет","","https://store.playstation.com/en-tr/concept/10007131","2023-09-28","Arcade","PEGI_3"
"1906","Ultimate Custom Night","CUSA25078","PS4","Нет","300,00 TL","","Нет","Нет","","https://store.playstation.com/en-tr/concept/235106","2021-04-29","Unique","PEGI_12"
"1907","Agony","CUSA11622","PS4","Нет","69,90 TL","","Нет","Да","","https://store.playstation.com/en-tr/concept/229728","2018-05-28","Horror","PEGI_18"
"1909","Surgeon Simulator: Experience Reality","CUSA06041","PS4","Нет","849,00 TL","","Нет","Да","","https://store.playstation.com/en-tr/concept/225777","2017-01-23","Unique","PEGI_18"
"1910","Adventure of Samsara","PPSA23240","PS5","Нет","466,95 TL","Adventure of Samsara: 466,95 TL; Adventure of Samsara: 466,95 TL","Нет","Нет","","https://store.playstation.com/en-tr/concept/10011094","2025-09-03","Adventure","PEGI_12"
"1911","Arken Age","PPSA19589","PS5","Нет","1.399,00 TL","","Нет","Да","","https://store.playstation.com/en-tr/concept/10009596","2025-01-16","Action","PEGI_18"
"1912","Old Market Simulator","CUSA58067","PS4","Нет","454,30 TL","","Нет","Да","","https://store.playstation.com/en-tr/concept/10018167","2026-04-26","Simulation","PEGI_3"
"1913","NEEDY STREAMER OVERLOAD","PPSA24572","PS5","Нет","465,00 TL","NEEDY STREAMER OVERLOAD: 465,00 TL; NEEDY STREAMER OVERLOAD: 465,00 TL","Нет","Да","","https://store.playstation.com/en-tr/concept/10011790","2025-01-20","Adventure","PEGI_18"
"1914","Jets'n'Guns 2","PPSA17163","PS4, PS5","Нет","142,83 TL","","Нет","Нет","","https://store.playstation.com/en-tr/concept/10008081","2023-08-24","Shooter","PEGI_12"
"1915","Kentum","PPSA25047","PS5","Нет","774,00 TL","","Да","Да","","https://store.playstation.com/en-tr/concept/10012026","2025-11-06","Adventure","PEGI_7"
"1916","Crosak","PPSA34484","PS5","Нет","774,00 TL","Crosak: 774,00 TL; Crosak: 649,00 TL","Нет","Да","","https://store.playstation.com/en-tr/concept/10017637","2025-11-28","Family","PEGI_3"
"1917","Valiant Hearts: Coming Home","CUSA46104","PS4","Нет","369,00 TL","Valiant Hearts: The Collection: 1.079,00 TL; Valiant Hearts: Coming Home: 369,00 TL","Нет","Да","","https://store.playstation.com/en-tr/concept/10009632","2024-03-06","Adventure","PEGI_12"
"1918","Drunkn Bar Fight","PPSA15169","PS5","Нет","774,00 TL","Drunkn Bar Fight: 774,00 TL; Drunkn Bar Fight: 774,00 TL","Нет","Нет","","https://store.playstation.com/en-tr/concept/229931","2023-11-15","Action","PEGI_16"
"1919","Murdered: Soul Suspect","CUSA00342","PS4","Нет","699,00 TL","","Да","Да","","https://store.playstation.com/en-tr/concept/202950","2014-06-05","Action","PEGI_16"
"1920","Ni no Kuni II: Revenant Kingdom","CUSA09243","PS4","Нет","2.599,00 TL","Ni no Kuni™ II: Revenant Kingdom - The Prince's Edition: 692,82 TL; Ni no Kuni™ II: Revenant Kingdom: 2.599,00 TL","Нет","Да","","https://store.playstation.com/en-tr/concept/228797","2018-03-22","Role Playing Games","PEGI_12"
"1921","Infinity Strash: DRAGON QUEST The Adventure of Dai","PPSA09452","PS4, PS5","Нет","1.149,00 TL","Standard Edition: 1.149,00 TL; Digital Deluxe Edition: 1.259,00 TL","Нет","Нет","","https://store.playstation.com/en-tr/concept/10005547","2023-09-27","Action","PEGI_12"
"1922","Warhammer Age of Sigmar: Realms of Ruin","PPSA06926","PS5","Нет","2.099,00 TL","Deluxe Edition: 2.499,00 TL; Ultimate Edition: 2.599,00 TL","Да","Да","","https://store.playstation.com/en-tr/concept/10004639","2023-11-17","Strategy","PEGI_16"
"1923","ACA NEOGEO METAL SLUG 5","CUSA13701","PS4","Нет","300,00 TL","","Нет","Нет","","https://store.playstation.com/en-tr/concept/232821","2020-03-11","Action","PEGI_12"
"1924","Hi-Fi RUSH","PPSA17169","PS5","Нет","507,83 TL","Standard Edition: 507,83 TL; Deluxe Edition: 674,33 TL","Нет","Да","","https://store.playstation.com/en-tr/concept/10008685","2024-03-19","Action","PEGI_12"
"1925","Monopoly Family Fun Pack","CUSA01337","PS4","Нет","875,00 TL","","Да","Да","","https://store.playstation.com/en-tr/concept/215408","2014-11-26","Family","PEGI_3"
"1926","Bazar Simulator: The Wan Story","PPSA36478","PS5","Нет","649,00 TL","","Нет","Да","","https://store.playstation.com/en-tr/concept/10015929","2026-04-02","Simulation","PEGI_16"
"1927","Inkulinati","PPSA19581","PS4, PS5","Нет","875,00 TL","","Нет","Да","","https://store.playstation.com/en-tr/concept/10009584","2024-02-22","Strategy","PEGI_7"
"1928","Pacify","CUSA17293","PS4","Нет","175,00 TL","","Нет","Да","","https://store.playstation.com/en-tr/concept/234884","2024-09-13","Horror","PEGI_16"
"1929","Pizza Possum","PPSA15348","PS5","Нет","122,50 TL","","Нет","Да","","https://store.playstation.com/en-tr/concept/10007967","2023-09-28","Arcade","PEGI_3"
"1930","Arcade Archives RIDGE RACER","CUSA53672","PS4","Нет","454,30 TL","","Нет","Нет","","https://store.playstation.com/en-tr/concept/10014343","2025-06-04","Driving/Racing","PEGI_3"
"1931","Who's at the door?","PPSA33007","PS4, PS5","Нет","193,00 TL","","Да","Да","","https://store.playstation.com/en-tr/concept/10016610","2025-11-28","Horror","PEGI_18"
"1932","Drug Dealer Empire","PPSA35378","PS5","Нет","300,00 TL","Drug Dealer Empire: 300,00 TL; Drug Dealer Empire: 300,00 TL","Нет","Да","","https://store.playstation.com/en-tr/concept/10018165","2026-05-15","Simulator","PEGI_16"
"1933","Spirit Hunter: Death Mark II","PPSA19457","PS5","Нет","449,50 TL","","Нет","Нет","","https://store.playstation.com/en-tr/concept/10009546","2024-02-14","Adventure","PEGI_16"
"1934","Ghostbusters: Spirits Unleashed","PPSA07254","PS4, PS5","Нет","279,60 TL","","Нет","Да","","https://store.playstation.com/en-tr/concept/10002507","2022-10-18","Adventure","PEGI_12"
"1935","Accident","CUSA32932","PS4","Нет","136,50 TL","","Нет","Да","","https://store.playstation.com/en-tr/concept/10004775","2022-12-08","Simulation","PEGI_16"
"1936","Wolfenstein: The Old Blood","CUSA01604","PS4","Нет","699,00 TL","","Нет","Нет","PS Plus Extra","https://store.playstation.com/en-tr/concept/205293","2015-05-04","Shooter","PEGI_18"
"1937","My Little Pony: A Zephyr Heights Mystery","PPSA16495","PS4, PS5","Нет","1.399,00 TL","","Нет","Нет","","https://store.playstation.com/en-tr/concept/10007329","2024-05-16","Action","PEGI_3"
"1938","Greek Tragedy","CUSA51207","PS4","Нет","446,55 TL","","Нет","Нет","","https://store.playstation.com/en-tr/concept/10012534","2025-10-30","Adventure","PEGI_12"
"1939","Date Z: Welcome to Massville High","PPSA28499","PS4, PS5","Нет","25,45 TL","Date Z: 25,45 TL","Нет","Да","","https://store.playstation.com/en-tr/concept/10009838","2025-04-18","Adventure","PEGI_12"
"1940","Hotline Miami","PPSA09683","PS4, PS5","Нет","107,25 TL","Hotline Miami Collection: 699,00 TL","Нет","Да","PS Plus Extra","https://store.playstation.com/en-tr/concept/10005940","2023-10-23","Action","PEGI_16"
"1941","Crazy Chicken – Traps and Treasures 2","PPSA18850","PS5","Нет","649,00 TL","Crazy Chicken – Traps and Treasures 2: 649,00 TL; Crazy Chicken – Traps and Treasures 2: 649,00 TL","Нет","Да","","https://store.playstation.com/en-tr/concept/10009313","2023-12-25","Action","PEGI_7"
"1942","Train Life: A Railway Simulator - Orient-Express","PPSA03851","PS4, PS5","Нет","269,75 TL","Train Life: A Railway Simulator - Orient-Express Train Edition: 1.079,00 TL; Train Life - A Railway Simulator: 169,80 TL","Нет","Да","","https://store.playstation.com/en-tr/concept/10002985","2022-09-22","Simulation","PEGI_3"
"1943","Fearmonium","PPSA17523","PS4, PS5","Нет","219,60 TL","","Нет","Да","","https://store.playstation.com/en-tr/concept/10008828","2023-12-07","Horror","PEGI_12"
"1944","Descenders","CUSA10465","PS4","Нет","769,00 TL","","Нет","Нет","","https://store.playstation.com/en-tr/concept/231228","2020-08-24","Sport","PEGI_3"
"1945","Kamla","PPSA30020","PS5","Нет","439,20 TL","","Нет","Да","","https://store.playstation.com/en-tr/concept/10015091","2025-10-29","Horror","PEGI_16"
"1946","All-In-One Sports VR","CUSA48082","PS4","Нет","649,00 TL","","Нет","Да","","https://store.playstation.com/en-tr/concept/10004398","2024-04-09","Sport","PEGI_3"
"1947","Torchlight III","CUSA13834","PS4","Нет","349,80 TL","","Нет","Да","","https://store.playstation.com/en-tr/concept/229858","2020-10-13","Role Playing Games","PEGI_12"
"1948","BrokenLore: DON'T WATCH","PPSA29641","PS5","Нет","261,75 TL","BrokenLore: DON'T WATCH: 261,75 TL; BrokenLore: DON'T WATCH: 321,75 TL","Нет","Да","","https://store.playstation.com/en-tr/concept/10014853","2025-08-17","Horror","PEGI_16"
"1949","Ticket to Ride","CUSA48965","PS4","Нет","262,50 TL","Ticket to Ride®: 262,50 TL; Deluxe Edition: 1.749,00 TL","Нет","Нет","","https://store.playstation.com/en-tr/concept/10010194","2024-07-18","Family","PEGI_3"
"1950","SUPERHOT VR","CUSA08165","PS4","Нет","875,00 TL","","Нет","Да","","https://store.playstation.com/en-tr/concept/230315","2017-07-18","Action","PEGI_12"
"1951","MotoGP22","PPSA05760","PS4, PS5","Нет","1.299,00 TL","","Нет","Нет","","https://store.playstation.com/en-tr/concept/10004098","2022-04-20","Driving/Racing","PEGI_3"
"1952","The Alliance Alive HD","CUSA15687","PS4","Нет","1.749,00 TL","","Нет","Нет","","https://store.playstation.com/en-tr/concept/232388","2019-10-10","Role Playing Games","PEGI_12"
"1953","LOST SPHEAR","CUSA09346","PS4","Нет","1.749,00 TL","LOST SPHEAR: 1.749,00 TL","Нет","Нет","","https://store.playstation.com/en-tr/concept/229958","2018-01-23","Role Playing Games","PEGI_7"
"1954","Borderlands 2 VR","CUSA13946","PS4","Нет","437,25 TL","","Нет","Нет","","https://store.playstation.com/en-tr/concept/232925","2018-12-13","Action","PEGI_18"
"1955","Heart of the Woods","PPSA03866","PS5","Нет","730,00 TL","Heart of the Woods: 730,00 TL; Heart of the Woods: 730,00 TL","Нет","Нет","","https://store.playstation.com/en-tr/concept/10002674","2022-06-05","Adventure","PEGI_12"
"1956","BUS SIM 25 - CITY SIMULATOR","CUSA52785","PS4","Нет","236,25 TL","","Нет","Нет","","https://store.playstation.com/en-tr/concept/10013627","2025-06-05","Driving/Racing","PEGI_3"
"1957","Drunkn Bar Fight 2 VR","PPSA30105","PS5","Нет","649,00 TL","","Нет","Нет","","https://store.playstation.com/en-tr/concept/10015142","2025-06-11","Action","PEGI_18"
"1958","Immortal Realms: Vampire Wars","CUSA18685","PS4","Нет","437,25 TL","","Нет","Да","","https://store.playstation.com/en-tr/concept/10000284","2020-08-27","Strategy","PEGI_16"
"1959","Bloomtown: A Different Story","PPSA18208","PS4, PS5","Нет","875,00 TL","Bloomtown: A Different Story: 875,00 TL","Нет","Да","","https://store.playstation.com/en-tr/concept/10009078","2024-09-24","Role Playing Games","PEGI_12"
"1961","THE KING OF FIGHTERS ’97 GLOBAL MATCH","CUSA11041","PS4","Нет","649,00 TL","","Нет","Нет","","https://store.playstation.com/en-tr/concept/231467","2018-04-05","Fighting","PEGI_12"
"1962","Rabbids: Party of Legends","CUSA27236","PS4","Нет","379,00 TL","","Нет","Да","PS Plus Extra","https://store.playstation.com/en-tr/concept/10002576","2022-06-29","Party","PEGI_7"
"1963","Rabbiman Adventures: Secret Room","PPSA31831","PS5","Нет","377,65 TL","","Да","Да","","https://store.playstation.com/en-tr/concept/10016165","2025-10-22","Adventure","PEGI_3"
"1964","Cogen: Sword of Rewind","CUSA20570","PS4","Нет","1.079,00 TL","Cogen: Sword of Rewind: 1.079,00 TL","Нет","Нет","","https://store.playstation.com/en-tr/concept/10001199","2022-01-27","Action","PEGI_7"
"1965","Heavy Rain","CUSA02356","PS4","Нет","1.299,00 TL","","Нет","Нет","","https://store.playstation.com/en-tr/concept/201902","2016-03-01","Action","PEGI_18"
"1966","Cup Heroes","PPSA36468","PS5","Нет","429,00 TL","Champion's Starter Pack: 429,00 TL; Diamond Hoard Edition: 1.299,00 TL; Champion's Starter Pack: 429,00 TL; Diamond Hoard Edition: 909,30 TL; Qubic 2025 Bestsellers: 1.079,00 TL","Нет","Нет","","https://store.playstation.com/en-tr/concept/10017349","2026-06-18","Strategy","PEGI_12"
"1968","Puzzle Galaxy","CUSA57250","PS4","Нет","730,00 TL","Complete Edition: 730,00 TL","Нет","Нет","","https://store.playstation.com/en-tr/concept/10017371","2025-12-25","Family","PEGI_3"
"1969","Acorn Avengers","PPSA38421","PS5","Нет","429,00 TL","Acorn Avengers: 429,00 TL; Acorn Avengers: 429,00 TL","Нет","Нет","","https://store.playstation.com/en-tr/concept/10019958","2026-06-25","Adventure","PEGI_3"
"1970","Arcade Archives 2 V'BALL","PPSA37038","PS5","Нет","387,00 TL","Arcade Archives 2 V'BALL: 387,00 TL; Arcade Archives V'BALL: 300,00 TL","Нет","Нет","","https://store.playstation.com/en-tr/concept/10019132","2026-08-12","Sport","PEGI_3"
"1971","Boxville","PPSA09045","PS5","Нет","429,00 TL","Boxville: 429,00 TL; Boxville: 429,00 TL","Нет","Нет","","https://store.playstation.com/en-tr/concept/10004402","2023-10-05","Adventure","PEGI_3"
"1972","Buggy Race - Racing Master","CUSA52566","PS4","Нет","429,00 TL","","Нет","Нет","","https://store.playstation.com/en-tr/concept/10013453","2026-04-20","Action","PEGI_7"
"1973","Carnival Heroes: 24 Minigames Super Party","CUSA54716","PS4","Нет","429,00 TL","","Нет","Да","","https://store.playstation.com/en-tr/concept/10015222","2025-06-20","Party","PEGI_3"
"1974","Backrooms Level X","PPSA28157","PS5","Нет","429,00 TL","Backrooms Level X: 429,00 TL; Backrooms Level X: 429,00 TL","Нет","Да","","https://store.playstation.com/en-tr/concept/10013180","2026-02-18","Horror","PEGI_12"
"1975","Grow Up","CUSA05124","PS4","Нет","429,00 TL","","Нет","Да","","https://store.playstation.com/en-tr/concept/221697","2016-08-15","Adventure","PEGI_3"
"1976","GET OUT!","PPSA23915","PS5","Нет","429,00 TL","","Нет","Да","","https://store.playstation.com/en-tr/concept/10011452","2025-05-29","Shooter","PEGI_16"
"1977","Formula Uno Racing","PPSA34014","PS5","Нет","429,00 TL","Formula Uno Racing: 429,00 TL; Formula Uno Racing: 429,00 TL","Нет","Нет","","https://store.playstation.com/en-tr/concept/10017333","2025-10-24","Driving/Racing","PEGI_3"
"1978","Bober Constructions","PPSA31367","PS5","Нет","429,00 TL","Bober Constructions: 429,00 TL; Bober Constructions: 429,00 TL","Нет","Нет","","https://store.playstation.com/en-tr/concept/10015262","2026-02-21","Party","PEGI_3"
"1979","Aimlabs","PPSA05351","PS5","Нет","849,00 TL","Elite Edition: 849,00 TL; Professional Edition: 2.579,00 TL","Нет","Нет","","https://store.playstation.com/en-tr/concept/10003284","2025-11-04","Shooter","PEGI_7"
"1980","Easy Flight Simulator 2","PPSA33796","PS5","Нет","429,00 TL","Easy Flight Simulator 2: 429,00 TL; Easy Flight Simulator 2: 429,00 TL","Нет","Нет","","https://store.playstation.com/en-tr/concept/10017217","2025-10-31","Simulation","PEGI_3"
"1981","Monument Valley 2","PPSA27039","PS4, PS5","Нет","278,85 TL","","Нет","Да","","https://store.playstation.com/en-tr/concept/10013177","2025-04-14","Puzzle","PEGI_3"
"1982","Bike Runner","PPSA33418","PS5","Нет","429,00 TL","Bike Runner: 429,00 TL; Bike Runner: 429,00 TL","Нет","Нет","","https://store.playstation.com/en-tr/concept/10016997","2025-09-26","Sport","PEGI_3"
"1983","METAL SUITS: Counter-attack","PPSA26793","PS5","Нет","429,00 TL","METAL SUITS: Counter-attack: 429,00 TL; METAL SUITS: Counter-attack: 429,00 TL","Нет","Да","","https://store.playstation.com/en-tr/concept/10012938","2025-02-12","Action","PEGI_12"
"1984","Escape Academy","PPSA06494","PS4, PS5","Нет","849,00 TL","Escape Academy: 849,00 TL; Deluxe Edition: 1.499,00 TL","Нет","Нет","","https://store.playstation.com/en-tr/concept/10004502","2022-07-14","Puzzle","PEGI_7"
"1985","Mystery Hotel: Hidden Objects","PPSA29907","PS4, PS5","Нет","429,00 TL","","Нет","Нет","","https://store.playstation.com/en-tr/concept/10014629","2025-09-24","Adventure","PEGI_7"
"1986","Pro Fishing Simulator","CUSA12214","PS4","Нет","429,00 TL","","Нет","Да","","https://store.playstation.com/en-tr/concept/232233","2018-11-28","Simulation","PEGI_3"
"1987","Project Winter","CUSA28474","PS4","Нет","429,00 TL","","Нет","Да","","https://store.playstation.com/en-tr/concept/235020","2021-09-15","Unique","PEGI_12"
"1988","Missing Banban","PPSA29094","PS5","Нет","429,00 TL","Missing Banban: 429,00 TL; Missing Banban: 429,00 TL","Нет","Да","","https://store.playstation.com/en-tr/concept/10014540","2025-05-29","Adventure","PEGI_7"
"1989","Nicktoons & The Dice of Destiny","PPSA29010","PS5","Нет","2.149,00 TL","Deluxe Edition: 2.579,00 TL","Нет","Нет","","https://store.playstation.com/en-tr/concept/10014501","2025-09-29","Role Playing Games","PEGI_7"
"1990","Oxenfree","CUSA05051","PS4","Нет","429,00 TL","Oxenfree - Game + Theme + Avatars: 601,00 TL; Oxenfree - Game + Theme: 515,00 TL; Oxenfree: 429,00 TL","Нет","Да","","https://store.playstation.com/en-tr/concept/217578","2016-05-31","Adventure","PEGI_12"
"1991","Invincible VS","PPSA30568","PS5","Нет","2.149,00 TL","Standard Edition: 2.149,00 TL; Deluxe Edition: 2.999,00 TL","Нет","Нет","","https://store.playstation.com/en-tr/concept/10015370","2026-04-30","Fighting","PEGI_18"
"1992","Pro Virtual Racing","PPSA31786","PS5","Нет","429,00 TL","Pro Virtual Racing: 429,00 TL; Pro Virtual Racing: 429,00 TL","Нет","Нет","","https://store.playstation.com/en-tr/concept/10016139","2025-07-17","Driving/Racing","PEGI_3"
"1993","Rubber Hose Rampage","PPSA22687","PS5","Нет","429,00 TL","","Нет","Нет","","https://store.playstation.com/en-tr/concept/10010389","2024-04-15","Action","PEGI_7"
"1994","Redout 2","PPSA05850","PS4, PS5","Нет","297,15 TL","Redout 2: 297,15 TL; Deluxe Edition: 524,65 TL","Нет","Да","","https://store.playstation.com/en-tr/concept/10004160","2022-06-16","Driving/Racing","PEGI_3"
"1995","Carmageddon: Max Damage","CUSA03318","PS4","Нет","849,00 TL","","Нет","Да","","https://store.playstation.com/en-tr/concept/216121","2016-07-08","Action","PEGI_18"
"1996","Wreck Runners","PPSA37374","PS5","Нет","429,00 TL","","Нет","Нет","","https://store.playstation.com/en-tr/concept/10019326","2026-07-16","Unique","PEGI_16"
"1997","LEGO Brawls","PPSA06406","PS4, PS5","Нет","849,00 TL","","Нет","Да","","https://store.playstation.com/en-tr/concept/10004343","2022-09-02","Action","PEGI_7"
"1998","Dungeons 3","CUSA07633","PS4","Нет","1.299,00 TL","Complete Collection: 1.399,00 TL; Dungeons 3: 1.299,00 TL","Да","Да","","https://store.playstation.com/en-tr/concept/227312","2017-10-12","Simulation","PEGI_16"
"1999","Shard Squad","PPSA33906","PS4, PS5","Нет","283,00 TL","","Нет","Да","","https://store.playstation.com/en-tr/concept/10017013","2026-07-30","Action","PEGI_7"
"2000","Pirates VR: Jolly Roger","PPSA27532","PS5","Нет","382,05 TL","","Нет","Да","","https://store.playstation.com/en-tr/concept/10013464","2025-05-14","Adventure","PEGI_12"
"2001","Sakura Succubus 9","PPSA37878","PS4, PS5","Нет","429,00 TL","","Нет","Нет","","https://store.playstation.com/en-tr/concept/10019651","2026-07-02","Adventure","PEGI_16"
"2002","Chicory: A Colorful Tale","PPSA03040","PS4, PS5","Нет","849,00 TL","","Нет","Да","","https://store.playstation.com/en-tr/concept/10002468","2021-06-10","Adventure","PEGI_7"
"2003","Prison Simulator","CUSA37735","PS4","Нет","849,00 TL","Prison Simulator & Thief Simulator: 1.547,00 TL; Prison Simulator: 849,00 TL","Нет","Да","","https://store.playstation.com/en-tr/concept/10006446","2023-02-03","Action","PEGI_16"
"2004","Kingdom Shell","PPSA27356","PS4, PS5","Нет","774,00 TL","Kingdom Shell: 774,00 TL","Нет","Да","","https://store.playstation.com/en-tr/concept/10013379","2025-09-23","Action","PEGI_12"
"2005","Tractor Racers","CUSA57758","PS4","Нет","429,00 TL","Tractor Racers: 429,00 TL","Нет","Да","","https://store.playstation.com/en-tr/concept/10017881","2026-01-22","Simulation","PEGI_3"
"2006","PC Building Simulator 2","PPSA28639","PS5","Нет","535,93 TL","","Нет","Да","","https://store.playstation.com/en-tr/concept/10014287","2026-02-26","Simulation","PEGI_3"
"2007","MXGP PRO","CUSA10585","PS4","Нет","849,00 TL","","Нет","Нет","","https://store.playstation.com/en-tr/concept/231327","2018-06-28","Driving/Racing","PEGI_3"
"2008","After the Fall","PPSA10602","PS4, PS5","Нет","699,00 TL","Standard Edition: 699,00 TL; Deluxe Edition: 875,00 TL","Нет","Да","","https://store.playstation.com/en-tr/concept/10006271","2023-02-21","Action","PEGI_18"
"2009","Pathfinder: Kingmaker","CUSA15041","PS4","Нет","849,00 TL","","Нет","Да","","https://store.playstation.com/en-tr/concept/233355","2020-08-17","Role Playing Games","PEGI_16"
"2010","To the Moon","PPSA25207","PS5","Нет","429,00 TL","To the Moon: Sigmund Minisode 2 (Holiday Special): 129,00 TL; To the Moon: Sigmund Minisode 1 (Holiday Special): 129,00 TL; To the Moon: 429,00 TL","Нет","Да","","https://store.playstation.com/en-tr/concept/10012096","2024-10-08","Role Playing Games","PEGI_12"
"2011","MONSTER HUNTER: WORLD","CUSA07708","PS4","Нет","849,00 TL","Monster Hunter: World: 849,00 TL; Master Edition: 1.749,00 TL; Master Edition DDX: 1.749,00 TL","Нет","Да","","https://store.playstation.com/en-tr/concept/228785","2018-01-25","Action","PEGI_16"
"2012","Tavern Manager Simulator","PPSA31523","PS5","Нет","849,00 TL","","Нет","Да","","https://store.playstation.com/en-tr/concept/10015945","2026-02-05","Simulator","PEGI_16"
"2013","The Mobius Machine","PPSA10985","PS5","Нет","849,00 TL","","Нет","Нет","","https://store.playstation.com/en-tr/concept/10006425","2024-02-29","Adventure","PEGI_7"
"2014","Sven – completely screwed","PPSA13622","PS5","Нет","849,00 TL","Sven – completely screwed: 849,00 TL; Sven – completely screwed: 849,00 TL","Нет","Да","","https://store.playstation.com/en-tr/concept/10007271","2023-08-09","Action","PEGI_16"
"2015","Tram Simulator Urban Transit","PPSA18650","PS4, PS5","Нет","849,00 TL","","Нет","Да","","https://store.playstation.com/en-tr/concept/10009242","2024-03-21","Simulation","PEGI_3"
"2016","Thumper","PPSA07359","PS4, PS5","Нет","849,00 TL","Thumper PS4 & PS5: 849,00 TL; Thumper: 849,00 TL","Нет","Да","","https://store.playstation.com/en-tr/concept/211798","2023-02-21","Music/Rhythm","PEGI_7"
"2017","Enter the Gungeon","CUSA01659","PS4","Нет","649,00 TL","Enter x Exit the Gungeon: 174,75 TL; Enter the Gungeon: 649,00 TL","Нет","Да","","https://store.playstation.com/en-tr/concept/216187","2016-04-04","Action","PEGI_12"
"2018","MXGP 24: The Official Game","PPSA22981","PS5","Нет","2.099,00 TL","Standard Edition: 2.099,00 TL; Fox Holeshot Edition: 2.499,00 TL","Нет","Да","","https://store.playstation.com/en-tr/concept/10010833","2024-11-28","Driving/Racing","PEGI_3"
"2019","NASCAR Arcade Rush","PPSA13791","PS4, PS5","Нет","1.749,00 TL","Standard Edition: 1.749,00 TL; Project-X Edition: 2.099,00 TL","Нет","Нет","","https://store.playstation.com/en-tr/concept/10007360","2023-09-14","Driving/Racing","PEGI_3"
"2020","Once Upon A Puppet","PPSA27248","PS5","Нет","1.049,00 TL","Standard Edition: 1.049,00 TL; Backstage Edition: 1.399,00 TL","Нет","Да","","https://store.playstation.com/en-tr/concept/10012783","2025-04-23","Adventure","PEGI_7"
"2021","Arcade Archives MARCHEN MAZE","CUSA51260","PS4","Нет","210,00 TL","","Нет","Нет","","https://store.playstation.com/en-tr/concept/10012562","2025-02-05","Action","PEGI_3"
"2022","Flashback 2","PPSA08546","PS5","Нет","279,80 TL","","Нет","Да","","https://store.playstation.com/en-tr/concept/10005443","2023-11-15","Action","PEGI_12"
"2023","NEW Joe & Mac - Caveman Ninja","PPSA02801","PS4, PS5","Нет","209,80 TL","","Нет","Да","","https://store.playstation.com/en-tr/concept/10002233","2022-11-24","Action","PEGI_7"
"2024","ENDER LILIES: Quietus of the Knights","CUSA26116","PS4","Нет","1.049,00 TL","","Нет","Да","","https://store.playstation.com/en-tr/concept/10001655","2021-08-10","Action","PEGI_12"
"2025","Kiosk","PPSA33018","PS5","Нет","102,60 TL","Kiosk: 102,60 TL; Kiosk: 102,60 TL","Нет","Да","","https://store.playstation.com/en-tr/concept/10016782","2025-11-20","Action","PEGI_16"
"2026","TRANSFORMERS: Galactic Trials","PPSA16739","PS4, PS5","Нет","419,70 TL","","Нет","Нет","","https://store.playstation.com/en-tr/concept/10008499","2024-10-10","Family","PEGI_7"
"2027","Wonder","CUSA31420","PS4","Нет","419,60 TL","","Нет","Нет","","https://store.playstation.com/en-tr/concept/10003496","2022-06-03","Action","PEGI_7"
"2028","Flint: Treasure of Oblivion","PPSA14419","PS5","Нет","1.399,00 TL","Flint: Treasure of Oblivion: 1.399,00 TL","Нет","Да","","https://store.playstation.com/en-tr/concept/10007641","2024-12-16","Strategy","PEGI_16"
"2029","Monster Jam Steel Titans 2","CUSA25600","PS4","Нет","419,70 TL","Power Out Bundle: 2.099,00 TL; Monster Jam Steel Titans 2: 419,70 TL","Нет","Нет","","https://store.playstation.com/en-tr/concept/10000430","2021-03-01","Unique","PEGI_3"
"2030","The Expanse: A Telltale Series","PPSA06230","PS4, PS5","Нет","875,00 TL","The Expanse: A Telltale Series: 875,00 TL; Deluxe Edition: 1.049,00 TL","Нет","Нет","","https://store.playstation.com/en-tr/concept/10004308","2023-07-25","Adventure","PEGI_18"
"2031","Sniper Elite VR","CUSA11504","PS4","Нет","1.049,00 TL","","Нет","Да","","https://store.playstation.com/en-tr/concept/231845","2021-07-08","Shooter","PEGI_16"
"2032","FINAL FANTASY XV POCKET EDITION HD","CUSA12648","PS4","Нет","1.049,00 TL","","Нет","Да","","https://store.playstation.com/en-tr/concept/232237","2018-09-07","Role Playing Games","PEGI_12"
"2033","UNDERDOGS","PPSA27245","PS5","Нет","314,70 TL","","Нет","Да","","https://store.playstation.com/en-tr/concept/10013325","2025-03-24","Action","PEGI_16"
"2034","Monument Valley","PPSA27038","PS4, PS5","Нет","226,85 TL","Monument Valley: 226,85 TL; The Collection: 844,35 TL","Нет","Да","","https://store.playstation.com/en-tr/concept/10013172","2025-04-14","Puzzle","PEGI_3"
"2035","Vagrus - The Riven Realms","PPSA25220","PS5","Нет","1.259,00 TL","Extended Edition: 1.259,00 TL; Praetor Edition: 4.299,00 TL; Centurion Edition: 939,60 TL; Extended Edition: 1.259,00 TL; Praetor Edition: 3.899,00 TL; Centurion Edition: 939,60 TL","Нет","Нет","","https://store.playstation.com/en-tr/concept/10012079","2025-03-31","Role Playing Games","PEGI_16"
"2036","Beyond the Ice Palace 2","PPSA22593","PS4, PS5","Нет","419,40 TL","","Нет","Да","","https://store.playstation.com/en-tr/concept/10010800","2025-03-10","Action","PEGI_12"
"2037","THE LAST REMNANT","CUSA11846","PS4","Нет","279,60 TL","","Нет","Нет","","https://store.playstation.com/en-tr/concept/231876","2018-12-06","Role Playing Games","PEGI_16"
"2038","Livelock","CUSA05664","PS4","Нет","419,00 TL","","Да","Да","","https://store.playstation.com/en-tr/concept/221714","2016-08-30","Action","PEGI_12"
"2039","Risen 3: Titan Lords","CUSA02017","PS4","Нет","699,00 TL","","Нет","Да","","https://store.playstation.com/en-tr/concept/203764","2015-08-20","Role Playing Games","PEGI_16"
"2040","Anarchy Racer: Fury Roads","PPSA26857","PS5","Нет","419,00 TL","","Нет","Нет","","https://store.playstation.com/en-tr/concept/10013066","2025-11-24","Shooter","PEGI_12"
"2041","Tales From The Under-Realm: Hazel","PPSA22009","PS4, PS5","Нет","209,50 TL","","Нет","Нет","","https://store.playstation.com/en-tr/concept/10010590","2024-05-02","Adventure","PEGI_16"
"2042","Space Dragons","PPSA35365","PS5","Нет","411,75 TL","","Нет","Нет","","https://store.playstation.com/en-tr/concept/10018161","2026-06-17","Arcade","PEGI_12"
"2043","Momodora: Moonlit Farewell","PPSA25804","PS5","Нет","595,00 TL","","Нет","Да","","https://store.playstation.com/en-tr/concept/10011124","2025-02-05","Action","PEGI_7"
"2044","Martha Is Dead","PPSA02006","PS4, PS5","Нет","415,68 TL","Ultimate Edition: 1.949,00 TL; Standard Edition: 415,68 TL; Digital Deluxe: 1.749,00 TL; The Wired Narrative Bundle: 4.299,00 TL","Нет","Да","","https://store.playstation.com/en-tr/concept/10001528","2022-02-23","Adventure","PEGI_18"
"2045","Vanquish","CUSA16161","PS4","Нет","1.229,00 TL","","Нет","Нет","","https://store.playstation.com/en-tr/concept/235236","2020-02-17","Action","PEGI_18"
"2046","The Stanley Parable: Ultra Deluxe","PPSA06655","PS4, PS5","Нет","949,00 TL","","Нет","Да","","https://store.playstation.com/en-tr/concept/10003841","2022-04-27","Adventure","PEGI_12"
"2047","Summer Games Beach Volley","PPSA23212","PS5","Нет","279,00 TL","Summer Games Beach Volley: 279,00 TL; Summer Games Beach Volley: 279,00 TL","Нет","Нет","","https://store.playstation.com/en-tr/concept/10011004","2024-07-05","Sport","PEGI_3"
"2048","The Last Stand: Aftermath","PPSA04461","PS5","Нет","248,17 TL","The Last Stand: Aftermath: 248,17 TL; The Last Stand: Aftermath: 248,17 TL","Нет","Да","","https://store.playstation.com/en-tr/concept/10003338","2021-11-16","Action","PEGI_18"
"2049","Truxton Extreme","PPSA29104","PS5","Нет","1.079,00 TL","Standard Edition: 1.079,00 TL; Digital Deluxe Edition: 1.225,00 TL","Нет","Нет","","https://store.playstation.com/en-tr/concept/10014568","2026-07-30","Shooter","PEGI_12"
"2050","Garten of Banban 2","PPSA22374","PS5","Нет","175,00 TL","Garten of Banban 2: 175,00 TL; Garten of Banban 2: 175,00 TL","Нет","Да","","https://store.playstation.com/en-tr/concept/10010717","2024-05-30","Horror","PEGI_12"
"2051","Stylist Girl","CUSA55544","PS4","Нет","68,60 TL","Standard Edition: 68,60 TL; Complete Edition: 120,20 TL","Нет","Нет","","https://store.playstation.com/en-tr/concept/10015878","2025-09-19","Simulation","PEGI_3"
"2052","Chickens Madness","PPSA30061","PS5","Нет","687,00 TL","Chickens Madness: 687,00 TL; Chickens Madness: 687,00 TL","Нет","Да","","https://store.playstation.com/en-tr/concept/10015115","2026-02-04","Party","PEGI_12"
"2053","Momodora: Reverie Under the Moonlight","CUSA05684","PS4","Нет","515,00 TL","","Нет","Да","","https://store.playstation.com/en-tr/concept/224885","2017-03-15","Action","PEGI_7"
"2054","13 Sentinels: Aegis Rim","CUSA19620","PS4","Нет","456,61 TL","","Нет","Нет","","https://store.playstation.com/en-tr/concept/233095","2020-09-21","Adventure","PEGI_12"
"2055","Wall World","PPSA19732","PS5","Нет","429,00 TL","Wall World Complete Edition: 515,00 TL; Wall World: 429,00 TL","Нет","Да","","https://store.playstation.com/en-tr/concept/10009278","2023-12-07","Arcade","PEGI_7"
"2056","Asterigos: Curse of the Stars","PPSA08194","PS4, PS5","Нет","1.229,00 TL","Deluxe Edition: 1.575,00 TL","Нет","Да","","https://store.playstation.com/en-tr/concept/10005233","2022-10-07","Role Playing Games","PEGI_12"
"2057","Desperados III","CUSA11112","PS4","Нет","1.749,00 TL","Desperados III - Digital Deluxe: 2.149,00 TL","Да","Да","PS Plus Extra","https://store.playstation.com/en-tr/concept/231727","2020-06-15","Action","PEGI_18"
"2058","KNACK","CUSA00006","PS4","Нет","699,00 TL","","Да","Да","PS Plus Extra","https://store.playstation.com/en-tr/concept/202340","2013-11-28","Action","PEGI_12"
"2059","Killing Floor 3","PPSA08427","PS5","Нет","1.749,00 TL","Killing Floor 3: 1.749,00 TL; Deluxe Edition: 2.579,00 TL; Elite Nightfall Edition: 3.449,00 TL","Нет","Да","","https://store.playstation.com/en-tr/concept/10005321","2025-07-24","Shooter","PEGI_18"
"2060","Crime Boss: Rockay City","PPSA06382","PS5","Нет","699,00 TL","","Нет","Да","PS Plus Extra","https://store.playstation.com/en-tr/concept/10004424","2023-06-15","Strategy","PEGI_18"
"2061","60 Parsecs!","CUSA18933","PS4","Нет","349,00 TL","","Нет","Да","","https://store.playstation.com/en-tr/concept/10000311","2020-12-17","Strategy","PEGI_7"
"2062","SOULCALIBUR Ⅵ","CUSA09884","PS4","Нет","2.499,00 TL","SOULCALIBUR Ⅵ Deluxe Edition: 3.499,00 TL; SOULCALIBUR Ⅵ: 2.499,00 TL","Нет","Да","","https://store.playstation.com/en-tr/concept/230019","2018-10-18","Fighting","PEGI_16"
"2063","The Complex","PPSA15897","PS4, PS5","Нет","158,70 TL","The Ultimate FMV Bundle: 1.949,00 TL; The Interactive Movie Bundle: 769,00 TL; The Complex: 158,70 TL","Нет","Да","","https://store.playstation.com/en-tr/concept/10000347","2023-05-29","Unique","PEGI_18"
"2065","Dakar 18","CUSA11741","PS4","Нет","879,00 TL","","Нет","Нет","","https://store.playstation.com/en-tr/concept/231860","2018-10-25","Driving/Racing","PEGI_3"
"2066","Drift Racing Madness","PPSA23442","PS5","Нет","13,79 TL","Drift Racing Madness: 13,79 TL; DRM Avatar Bundle PS5: 70,00 TL; Drift Racing Madness: 13,79 TL; DRM Avatar Bundle: 70,00 TL","Нет","Нет","","https://store.playstation.com/en-tr/concept/10009975","2024-07-16","Arcade","PEGI_3"
"2067","MY WINTER DRIVE","CUSA56337","PS4","Нет","356,95 TL","","Нет","Нет","","https://store.playstation.com/en-tr/concept/10016524","2025-12-29","Simulation","PEGI_3"
"2068","Spy Drops","PPSA34214","PS5","Нет","389,40 TL","","Нет","Нет","","https://store.playstation.com/en-tr/concept/10017480","2026-04-27","Action","PEGI_16"
"2069","SENRAN KAGURA Burst Re:Newal","CUSA11695","PS4","Нет","89,88 TL","SENRAN KAGURA Burst Re:Newal Shinobi Rivals Edition: 1.749,00 TL; SENRAN KAGURA Burst Re:Newal: 89,88 TL","Нет","Нет","","https://store.playstation.com/en-tr/concept/230935","2019-01-17","Action","PEGI_16"
"2070","Wine Factory Simulator","CUSA56108","PS4","Нет","356,95 TL","","Нет","Нет","","https://store.playstation.com/en-tr/concept/10016353","2025-09-25","Simulation","PEGI_3"
"2071","United Assault - Normandy '44","PPSA04629","PS5","Нет","649,00 TL","United Assault - Normandy '44: 649,00 TL; United Assault - Normandy '44: 649,00 TL","Нет","Нет","","https://store.playstation.com/en-tr/concept/10002139","2024-03-20","Shooter","PEGI_16"
"2072","White Day: A Labyrinth Named School","PPSA07972","PS5","Нет","262,25 TL","White Day: A Labyrinth Named School: 262,25 TL; White Day: A Labyrinth Named School: 262,25 TL; White Day - Ultimate Horror Edition: 349,75 TL","Нет","Да","","https://store.playstation.com/en-tr/concept/228885","2022-09-07","Horror","PEGI_18"
"2073","Girl Genius: Adventures In Castle Heterodyne","PPSA21806","PS5","Нет","1.299,00 TL","Girl Genius: Adventures In Castle Heterodyne: 1.299,00 TL; Girl Genius: Adventures In Castle Heterodyne: 1.299,00 TL","Нет","Нет","","https://store.playstation.com/en-tr/concept/10010419","2024-09-05","Adventure","PEGI_12"
"2074","Maid of Sker","PPSA02966","PS4, PS5","Нет","258,96 TL","Sker Collectors Bundle: 1.399,00 TL; Maid of Sker: 258,96 TL; Sker Collectors Bundle: 1.399,00 TL; British Horror Bundle: 614,50 TL","Нет","Да","","https://store.playstation.com/en-tr/concept/233393","2021-05-26","Adventure","PEGI_18"
"2075","Contrabandist: Contraband Cartel Simulator","CUSA51156","PS4","Нет","356,95 TL","","Нет","Нет","","https://store.playstation.com/en-tr/concept/10012496","2025-12-29","Action","PEGI_18"
"2076","Vertigo 2","PPSA18100","PS5","Нет","314,70 TL","","Нет","Нет","","https://store.playstation.com/en-tr/concept/10009050","2024-01-15","Action","PEGI_16"
"2077","V Rising","PPSA16262","PS5","Нет","1.399,00 TL","Legacy of Castlevania: 1.925,00 TL; Complete Edition: 2.449,30 TL","Нет","Да","PS Plus Extra","https://store.playstation.com/en-tr/concept/10007965","2024-06-11","Adventure","PEGI_12"
"2078","Educational Games for Kids","PPSA06457","PS4, PS5","Нет","549,00 TL","Family Games: 1.246,00 TL; Educational Games for Kids: 549,00 TL; Family Games: 1.246,00 TL","Да","Да","","https://store.playstation.com/en-tr/concept/235147","2022-02-03","Brain Training","PEGI_3"
"2079","Alchemic Jousts","CUSA06924","PS4","Нет","387,00 TL","","Нет","Нет","","https://store.playstation.com/en-tr/concept/227095","2017-04-27","Action","PEGI_3"
"2080","Cowboy Duel VR: Red Wild West Massacre","PPSA34436","PS5","Нет","389,40 TL","","Нет","Нет","","https://store.playstation.com/en-tr/concept/10017596","2026-02-18","Shooter","PEGI_12"
"2081","GORN","PPSA13250","PS4, PS5","Нет","297,15 TL","","Нет","Да","","https://store.playstation.com/en-tr/concept/235154","2023-03-30","Unique","PEGI_18"
"2082","Alisa Developer's Cut","PPSA14736","PS4, PS5","Нет","774,00 TL","Alisa Developer's Cut: 774,00 TL","Нет","Нет","","https://store.playstation.com/en-tr/concept/10007167","2024-02-06","Action","PEGI_16"
"2083","Dadish","CUSA29472","PS4","Нет","387,00 TL","","Нет","Нет","","https://store.playstation.com/en-tr/concept/10003443","2021-09-26","Action","PEGI_3"
"2084","Bunkers 1944 FPS","PPSA32111","PS5","Нет","387,00 TL","Bunkers 1944 FPS: 387,00 TL; Bunkers 1944 FPS: 387,00 TL","Нет","Нет","","https://store.playstation.com/en-tr/concept/10016314","2025-08-01","Shooter","PEGI_16"
"2085","Dadish 2","CUSA29474","PS4","Нет","387,00 TL","","Нет","Нет","","https://store.playstation.com/en-tr/concept/10003444","2021-09-26","Action","PEGI_3"
"2086","Arcade Archives 2 SPACE INVADERS PART II","PPSA33412","PS5","Нет","387,00 TL","Arcade Archives 2 SPACE INVADERS PART II: 387,00 TL; Arcade Archives SPACE INVADERS PART II: 300,00 TL","Нет","Нет","","https://store.playstation.com/en-tr/concept/10016995","2025-12-31","Shooter","PEGI_3"
"2087","Arcade Archives 2 Mr.Do!","PPSA36122","PS5","Нет","387,00 TL","Arcade Archives 2 Mr.Do!: 387,00 TL; Arcade Archives Mr.Do!: 300,00 TL","Нет","Нет","","https://store.playstation.com/en-tr/concept/10018625","2026-05-14","Action","PEGI_3"
"2088","Roboquest","PPSA21396","PS4, PS5","Нет","324,50 TL","","Нет","Да","","https://store.playstation.com/en-tr/concept/10010255","2025-05-27","Action","PEGI_12"
"2089","Football Cup 2022","PPSA05954","PS4, PS5","Нет","257,00 TL","","Нет","Да","","https://store.playstation.com/en-tr/concept/10004209","2021-12-24","Sport","PEGI_3"
"2090","Halls of Torment","PPSA28037","PS5","Нет","321,75 TL","Halls of Torment - The Bog Bundle: 386,25 TL; Halls of Torment: 321,75 TL","Нет","Да","","https://store.playstation.com/en-tr/concept/10013883","2025-10-28","Action","PEGI_12"
"2091","DOOM + DOOM II","PPSA21444","PS4, PS5","Нет","349,00 TL","","Нет","Да","","https://store.playstation.com/en-tr/concept/10010353","2024-08-08","Action","PEGI_16"
"2092","When the Past was Around","CUSA23622","PS4","Нет","387,00 TL","When the Past was Around: 387,00 TL","Нет","Да","","https://store.playstation.com/en-tr/concept/10001065","2020-12-16","Adventure","PEGI_3"
"2093","Micro Overdrive: Home Tour","PPSA38984","PS5","Нет","387,00 TL","","Нет","Да","","https://store.playstation.com/en-tr/concept/10017843","2026-07-21","Driving/Racing","PEGI_3"
"2094","NAIAD","PPSA09903","PS4, PS5","Нет","382,05 TL","","Нет","Да","","https://store.playstation.com/en-tr/concept/10004944","2024-12-10","Adventure","PEGI_3"
"2095","Mega Carrier Simulator","CUSA57331","PS4","Нет","387,00 TL","Mega Carrier Simulator: 387,00 TL","Нет","Да","","https://store.playstation.com/en-tr/concept/10017457","2026-02-14","Simulation","PEGI_3"
"2096","Waterpark Manager Simulator","PPSA35380","PS5","Нет","387,00 TL","Waterpark Manager Simulator: 387,00 TL; Waterpark Manager Simulator: 387,00 TL","Нет","Да","","https://store.playstation.com/en-tr/concept/10018170","2026-06-12","Simulator","PEGI_7"
"2097","Lakeview","PPSA22280","PS4, PS5","Нет","774,00 TL","","Нет","Да","","https://store.playstation.com/en-tr/concept/10010672","2024-07-25","Adventure","PEGI_16"
"2098","Home Sheep Home: Farmageddon","CUSA35725","PS4","Нет","387,00 TL","","Нет","Нет","","https://store.playstation.com/en-tr/concept/10004682","2023-05-25","Puzzle","PEGI_3"
"2099","STAR WARS Jedi Knight II: Jedi Outcast","CUSA16655","PS4","Нет","122,15 TL","","Нет","Нет","","https://store.playstation.com/en-tr/concept/234617","2019-09-23","Action","PEGI_16"
"2100","Fling to the Finish","PPSA15090","PS4, PS5","Нет","849,00 TL","","Нет","Да","","https://store.playstation.com/en-tr/concept/10007867","2025-09-04","Driving/Racing","PEGI_3"
"2101","My Child Lebensborn","PPSA17265","PS5","Нет","387,00 TL","My Child Lebensborn Remastered: 387,00 TL; My Child Lebensborn Remastered: 387,00 TL","Нет","Да","","https://store.playstation.com/en-tr/concept/10008681","2023-12-20","Educational","PEGI_12"
"2102","Railway Empire","CUSA07632","PS4","Нет","849,00 TL","Complete Collection: 1.399,00 TL; Railway Empire: 849,00 TL","Да","Да","","https://store.playstation.com/en-tr/concept/227499","2018-01-25","Simulation","PEGI_3"
"2103","ROUNDS","PPSA20574","PS5","Нет","139,50 TL","ROUNDS: 139,50 TL; ROUNDS: 139,50 TL","Нет","Да","","https://store.playstation.com/en-tr/concept/10009990","2024-11-26","Action","PEGI_7"
"2104","Storage Hunter Bid War Simulator","PPSA32197","PS5","Нет","324,50 TL","Storage Hunter Bid War Simulator: 324,50 TL; Storage Hunter Bid War Simulator: 699,00 TL","Нет","Нет","","https://store.playstation.com/en-tr/concept/10015000","2025-09-22","Strategy","PEGI_3"
"2105","Mounted Knights Battle : Medieval Warrior Honor Simulator","CUSA48113","PS4","Нет","379,00 TL","","Нет","Нет","","https://store.playstation.com/en-tr/concept/10010623","2024-05-16","Fighting","PEGI_16"
"2106","Layers of Fear","PPSA07265","PS5","Нет","1.299,00 TL","Layers of Fear: 1.299,00 TL; Deluxe Edition: 1.499,00 TL","Нет","Да","","https://store.playstation.com/en-tr/concept/10004877","2023-06-15","Horror","PEGI_16"
"2107","Prison Architect","CUSA03487","PS4","Нет","879,00 TL","Total Lockdown Edition: 2.579,00 TL","Нет","Да","PS Plus Extra","https://store.playstation.com/en-tr/concept/216605","2016-06-27","Strategy","PEGI_16"
"2108","One Piece: Unlimited World Red","CUSA08306","PS4","Нет","1.399,00 TL","","Нет","Нет","","https://store.playstation.com/en-tr/concept/229543","2017-08-24","Action","PEGI_12"
"2109","Guns Gore and Cannoli 2","CUSA08317","PS4","Нет","455,00 TL","","Нет","Да","","https://store.playstation.com/en-tr/concept/228733","2018-08-14","Action","PEGI_16"
"2110","Trials Rising","CUSA09435","PS4","Нет","879,00 TL","Trials® Rising - Digital Gold Edition: 206,44 TL","Нет","Да","PS Plus Extra","https://store.playstation.com/en-tr/concept/228851","2019-02-25","Arcade","PEGI_12"
"2111","Dating Stories","PPSA27711","PS4, PS5","Нет","5,25 TL","Dating Stories Premium Edition: 5,25 TL","Нет","Да","","https://store.playstation.com/en-tr/concept/10011522","2025-02-14","Puzzle","PEGI_12"
"2112","ACA NEOGEO STREET HOOP","CUSA08845","PS4","Нет","300,00 TL","","Нет","Нет","","https://store.playstation.com/en-tr/concept/227078","2017-11-08","Sport","PEGI_3"
"2113","PAC-MAN WORLD Re-PAC","PPSA06398","PS4, PS5","Нет","349,80 TL","","Нет","Да","","https://store.playstation.com/en-tr/concept/10003398","2022-08-25","Action","PEGI_7"
"2114","Isonzo","PPSA03556","PS4, PS5","Нет","1.049,00 TL","WW1 Game Series Bundle: 2.579,00 TL; Standard Edition: 1.049,00 TL; Deluxe Edition: 1.399,00 TL; First Wave Edition: 1.575,00 TL; Isonzo: Ultimate Edition: 3.149,00 TL","Нет","Да","","https://store.playstation.com/en-tr/concept/10002709","2022-09-20","Action","PEGI_18"
"2115","STAR OCEAN THE DIVINE FORCE","PPSA06251","PS4, PS5","Нет","734,65 TL","STAR OCEAN THE DIVINE FORCE: 734,65 TL; DIGITAL DELUXE EDITION: 751,52 TL; DIGITAL DELUXE UPGRADE: 244,65 TL","Нет","Нет","","https://store.playstation.com/en-tr/concept/10004195","2022-10-26","Role Playing Games","PEGI_12"
"2116","Worms Rumble","PPSA01526","PS4, PS5","Нет","529,00 TL","Worms Rumble PS4 & PS5: 529,00 TL; Digital Deluxe Edition: 153,80 TL","Нет","Да","","https://store.playstation.com/en-tr/concept/10000898","2020-11-30","Strategy","PEGI_7"
"2117","STARSEEKER: Astroneer Expeditions (Early Access)","PPSA29623","PS5","Нет","1.299,00 TL","Founder's Edition: 1.547,00 TL","Нет","Да","","https://store.playstation.com/en-tr/concept/10014866","2026-06-11","Adventure","PEGI_7"
"2118","Thymesia","PPSA05213","PS5","Нет","1.049,00 TL","","Нет","Да","PS Plus Extra","https://store.playstation.com/en-tr/concept/10003778","2022-08-17","Role Playing Games","PEGI_16"
"2119","Agatha Christie - The ABC Murders","PPSA22446","PS5","Нет","175,80 TL","Agatha Christie - The ABC Murders: 175,80 TL; Agatha Christie - The ABC Murders: 105,80 TL","Нет","Да","","https://store.playstation.com/en-tr/concept/200115","2024-07-03","Puzzle","PEGI_12"
"2120","CarX Street","PPSA25972","PS5","Нет","1.299,00 TL","","Нет","Да","","https://store.playstation.com/en-tr/concept/10001917","2025-07-24","Driving/Racing","PEGI_3"
"2121","Parkour Simulator 2026","CUSA57100","PS4","Нет","356,95 TL","","Нет","Нет","","https://store.playstation.com/en-tr/concept/10017256","2026-01-03","Adventure","PEGI_3"
"2122","AFTERLIFE VR","PPSA14651","PS5","Нет","211,60 TL","","Нет","Да","","https://store.playstation.com/en-tr/concept/10007663","2023-04-19","Horror","PEGI_18"
"2123","SpeedRunners","CUSA05560","PS4","Нет","349,00 TL","Deluxe Edition: 595,00 TL","Нет","Да","","https://store.playstation.com/en-tr/concept/221759","2017-07-04","Action","PEGI_7"
"2124","We Were Here Expeditions: The FriendShip","PPSA14313","PS4, PS5","Нет","139,00 TL","We Were Here Series Bundle: 1.499,00 TL; We Were Here Expeditions: The FriendShip: 139,00 TL","Нет","Да","","https://store.playstation.com/en-tr/concept/10007597","2023-09-14","Adventure","PEGI_7"
"2125","Overpass 2","PPSA09849","PS5","Нет","1.299,00 TL","Deluxe Edition: 1.749,00 TL","Нет","Да","PS Plus Extra","https://store.playstation.com/en-tr/concept/10006027","2023-09-28","Driving/Racing","PEGI_3"
"2126","Cat Quest III","PPSA15064","PS4, PS5","Нет","699,00 TL","Cat Quest: The Fur-tastic Trilogy: 1.749,00 TL","Нет","Да","PS Plus Extra","https://store.playstation.com/en-tr/concept/10007859","2024-08-07","Role Playing Games","PEGI_7"
"2127","STAR OCEAN - THE LAST HOPE - 4K & Full HD Remaster","CUSA09481","PS4","Нет","735,00 TL","","Нет","Нет","","https://store.playstation.com/en-tr/concept/229332","2018-01-09","Role Playing Games","PEGI_12"
"2128","Three Minutes To Eight","PPSA16173","PS5","Нет","525,00 TL","Three Minutes To Eight: 525,00 TL; Three Minutes To Eight: 525,00 TL","Нет","Да","","https://store.playstation.com/en-tr/concept/10008254","2023-12-21","Adventure","PEGI_16"
"2129","Greyhill Incident","PPSA16893","PS5","Нет","263,70 TL","Abducted Edition: 314,70 TL; Greyhill Incident: 263,70 TL; Abducted Edition: 314,70 TL","Нет","Да","","https://store.playstation.com/en-tr/concept/10007204","2023-06-08","Horror","PEGI_16"
"2130","Destiny","CUSA00568","PS4","Нет","399,00 TL","Destiny® – The Collection: 399,00 TL","Нет","Нет","","https://store.playstation.com/en-tr/concept/200959","2016-09-19","Shooter","PEGI_16"
"2131","Ironforged","PPSA37081","PS5","Нет","549,00 TL","","Нет","Да","","https://store.playstation.com/en-tr/concept/10019155","2026-08-06","Shooter","PEGI_16"
"2132","TEMBO THE BADASS ELEPHANT","CUSA02388","PS4","Нет","549,00 TL","","Нет","Нет","","https://store.playstation.com/en-tr/concept/204887","2015-07-20","Action","PEGI_12"
"2133","My Name is Mayo: Remayo","PPSA26546","PS5","Нет","63,75 TL","My Name is Mayo: Remayo: 63,75 TL; My Name is Mayo: Remayo: 63,75 TL","Нет","Нет","","https://store.playstation.com/en-tr/concept/10012923","2025-03-31","Adventure","PEGI_12"
"2134","Arise: A simple story","CUSA12772","PS4","Нет","699,00 TL","Definitive Edition: 131,25 TL; Arise: A simple story: 699,00 TL","Нет","Да","","https://store.playstation.com/en-tr/concept/232441","2019-12-02","Action","PEGI_7"
"2135","Bloodshore","PPSA16925","PS4, PS5","Нет","136,50 TL","The Ultimate FMV Bundle 2: 1.925,00 TL; The FMV Collection 5: 1.499,00 TL; The FMV Collection 4: 614,50 TL; FMV Action: 769,00 TL; Bloodshore: 136,50 TL","Нет","Да","","https://store.playstation.com/en-tr/concept/10003772","2023-10-19","Action","PEGI_18"
"2136","Murky Divers","PPSA33224","PS5","Нет","364,65 TL","","Нет","Да","","https://store.playstation.com/en-tr/concept/10016908","2026-06-30","Horror","PEGI_12"
"2137","Escape - Backrooms Horror VR","PPSA34354","PS5","Нет","429,00 TL","","Нет","Нет","","https://store.playstation.com/en-tr/concept/10017550","2026-01-22","Action","PEGI_16"
"2138","Pure Farming 2018","CUSA09177","PS4","Нет","104,90 TL","Pure Farming 2018 Digital Deluxe Edition: 1.399,00 TL; Pure Farming 2018: 104,90 TL","Нет","Да","","https://store.playstation.com/en-tr/concept/229996","2018-03-13","Simulation","PEGI_3"
"2139","FINAL FANTASY VII","CUSA01847","PS4","Нет","559,00 TL","","Нет","Нет","","https://store.playstation.com/en-tr/concept/221537","2015-12-04","Role Playing Games","PEGI_12"
"2140","Legendary Spell","PPSA33050","PS5","Нет","649,00 TL","","Нет","Нет","","https://store.playstation.com/en-tr/concept/10016800","2026-03-25","Role Playing Games","PEGI_7"
"2141","Marvel's Guardians of the Galaxy","PPSA01750","PS4, PS5","Нет","2.499,00 TL","","Да","Да","PS Plus Extra","https://store.playstation.com/en-tr/concept/234665","2021-10-25","Action","PEGI_16"
"2142","Alien Hominid HD","PPSA23576","PS4, PS5","Нет","360,50 TL","","Нет","Да","","https://store.playstation.com/en-tr/concept/10011255","2025-06-10","Action","PEGI_16"
"2143","Stories: The Path of Destinies","CUSA04104","PS4","Нет","116,70 TL","","Нет","Да","","https://store.playstation.com/en-tr/concept/216554","2016-04-12","Action","PEGI_12"
"2144","DOOM 3","CUSA16295","PS4","Нет","349,00 TL","","Нет","Нет","","https://store.playstation.com/en-tr/concept/234453","2019-07-25","Shooter","PEGI_18"
"2145","Heretic + Hexen","PPSA26525","PS4, PS5","Нет","529,00 TL","","Нет","Да","","https://store.playstation.com/en-tr/concept/10012903","2025-08-07","Action","PEGI_16"
"2146","Ultrawings 2","PPSA13481","PS5","Нет","359,00 TL","","Нет","Нет","","https://store.playstation.com/en-tr/concept/10006929","2024-01-25","Action","PEGI_16"
"2147","Dead Reset","PPSA28063","PS4, PS5","Нет","356,95 TL","FMV Thriller Killer: 1.749,00 TL; FMV SCI-FI: 1.499,00 TL; FMV Gore Bundle: 2.579,00 TL; Dead Reset: 356,95 TL","Нет","Да","","https://store.playstation.com/en-tr/concept/10013899","2025-09-11","Horror","PEGI_18"
"2148","Toy Soldiers HD","CUSA24490","PS4","Нет","298,77 TL","","Да","Да","","https://store.playstation.com/en-tr/concept/10001327","2021-10-20","Action","PEGI_12"
"2149","The Chant","PPSA03618","PS5","Нет","175,80 TL","","Да","Да","","https://store.playstation.com/en-tr/concept/10002823","2022-11-02","Horror","PEGI_16"
"2150","The Testament of Sherlock Holmes","CUSA42450","PS4","Нет","131,25 TL","","Нет","Нет","","https://store.playstation.com/en-tr/concept/10007994","2023-06-29","Adventure","PEGI_16"
"2151","Builder Simulator","CUSA44625","PS4","Нет","875,00 TL","Frozen Way Tri-Bundle: 1.749,00 TL; Builder Liquidator Bundle: 1.229,00 TL; Builder Simulator: 875,00 TL","Нет","Да","","https://store.playstation.com/en-tr/concept/10008859","2023-10-09","Casual","PEGI_3"
"2152","Hello Engineer","CUSA32421","PS4","Нет","525,00 TL","","Нет","Да","","https://store.playstation.com/en-tr/concept/10004583","2023-08-17","Simulation","PEGI_7"
"2153","Monarchy","PPSA21578","PS5","Нет","525,00 TL","","Нет","Да","","https://store.playstation.com/en-tr/concept/10009617","2024-11-06","Strategy","PEGI_7"
"2154","Injustice: Gods Among Us","CUSA00051","PS4","Нет","2.099,00 TL","","Нет","Да","","https://store.playstation.com/en-tr/concept/202136","2013-11-28","Fighting","PEGI_16"
"2155","DYNASTY WARRIORS 9","CUSA10421","PS4","Нет","699,00 TL","Digital Deluxe Edition: 1.599,00 TL","Нет","Нет","PS Plus Extra","https://store.playstation.com/en-tr/concept/229001","2018-03-12","Action","PEGI_16"
"2156","Iron Lung","PPSA21755","PS5","Нет","171,50 TL","","Нет","Нет","","https://store.playstation.com/en-tr/concept/10010468","2025-10-15","Horror","PEGI_16"
"2157","Age of Wonders 4","PPSA07433","PS5","Нет","1.749,00 TL","Premium Edition: 3.149,00 TL; Collector’s Bundle: 6.449,00 TL; Age of Wonders 4: Starter Edition: 2.579,00 TL","Нет","Да","","https://store.playstation.com/en-tr/concept/10004957","2023-05-02","Strategy","PEGI_16"
"2158","Fort Defense Bundle","CUSA06139","PS4","Нет","343,00 TL","Tower Defense Collection 7 in 1: 1.749,00 TL; Fort Defense Bundle: 343,00 TL; Fort Defense: 300,00 TL","Нет","Да","","https://store.playstation.com/en-tr/concept/201611","2018-10-03","Casual","PEGI_7"
"2159","SpellForce III Reforced","PPSA03838","PS5","Нет","1.749,00 TL","Standard Edition: 1.749,00 TL; Complete Edition: 2.099,00 TL; Standard Edition: 1.749,00 TL; Complete Edition: 2.099,00 TL","Нет","Да","","https://store.playstation.com/en-tr/concept/10001229","2022-06-06","Role Playing Games","PEGI_18"
"2160","Zombie Army Trilogy","CUSA01345","PS4","Нет","174,90 TL","","Нет","Да","","https://store.playstation.com/en-tr/concept/205522","2015-03-06","Action","PEGI_18"
"2161","PJ Masks Power Heroes: Mighty Alliance","PPSA14146","PS4, PS5","Нет","349,75 TL","","Нет","Нет","","https://store.playstation.com/en-tr/concept/10007261","2024-03-14","Action","PEGI_3"
"2162","Mika and the Witch's Mountain","PPSA21772","PS5","Нет","349,50 TL","Mika and the Witch's Mountain: 349,50 TL; Mika and the Witch's Mountain: 349,50 TL","Нет","Нет","","https://store.playstation.com/en-tr/concept/10010484","2025-01-21","Adventure","PEGI_3"
"2163","Dead Island: Riptide","CUSA03290","PS4","Нет","104,85 TL","","Нет","Да","","https://store.playstation.com/en-tr/concept/218017","2016-05-30","Action","PEGI_18"
"2164","SUPER BOMBERMAN R","CUSA10662","PS4","Нет","1.399,00 TL","","Нет","Да","","https://store.playstation.com/en-tr/concept/232076","2018-06-13","Puzzle","PEGI_7"
"2165","Duke Nukem 3D: 20th Anniversary World Tour","CUSA05968","PS4","Нет","699,00 TL","","Нет","Да","","https://store.playstation.com/en-tr/concept/225095","2016-10-10","Shooter","PEGI_16"
"2166","Hunting Simulator","CUSA07164","PS4","Нет","174,75 TL","","Нет","Да","","https://store.playstation.com/en-tr/concept/227392","2017-06-29","Adventure","PEGI_16"
"2167","Insurmountable","PPSA15021","PS4, PS5","Нет","699,00 TL","","Нет","Да","","https://store.playstation.com/en-tr/concept/10007679","2024-04-24","Simulation","PEGI_7"
"2168","Degrees of Separation","CUSA13081","PS4","Нет","699,00 TL","","Нет","Нет","","https://store.playstation.com/en-tr/concept/233493","2019-02-13","Adventure","PEGI_3"
"2169","Vampire: The Masquerade - Justice","PPSA16432","PS5","Нет","1.049,00 TL","","Нет","Нет","","https://store.playstation.com/en-tr/concept/10008364","2023-11-01","Role Playing Games","PEGI_18"
"2170","Espire 1: VR Operative","CUSA15252","PS4","Нет","699,00 TL","Espire 1: VR Operative & Killing Floor: Incursion VR Bundle: 1.399,00 TL; Espire 1: VR Operative: 699,00 TL","Нет","Нет","","https://store.playstation.com/en-tr/concept/233507","2019-11-21","Shooter","PEGI_16"
"2171","Super Monkey Ball Banana Mania","PPSA01669","PS4, PS5","Нет","1.399,00 TL","Standard Edition: 1.399,00 TL; Digital Deluxe Edition: 1.749,00 TL","Нет","Нет","","https://store.playstation.com/en-tr/concept/10000952","2021-10-04","Action","PEGI_3"
"2172","Propagation: Paradise Hotel","PPSA15878","PS5","Нет","699,00 TL","","Нет","Да","","https://store.playstation.com/en-tr/concept/10008161","2023-10-12","Horror","PEGI_18"
"2173","Motorcycle Mechanic Simulator 2021","PPSA21184","PS5","Нет","699,00 TL","","Нет","Да","","https://store.playstation.com/en-tr/concept/10009807","2024-06-05","Simulator","PEGI_3"
"2174","Slender: The Arrival","PPSA17348","PS4, PS5","Нет","699,00 TL","Slender: The Arrival: 699,00 TL; Slender: The Arrival: 349,00 TL","Нет","Да","","https://store.playstation.com/en-tr/concept/204305","2023-10-17","Horror","PEGI_12"
"2175","Potion Craft: Alchemist Simulator","PPSA09609","PS4, PS5","Нет","699,00 TL","","Нет","Да","","https://store.playstation.com/en-tr/concept/10005918","2023-12-12","Casual","PEGI_3"
"2176","Unplugged - Air Guitar","PPSA11149","PS5","Нет","699,00 TL","","Нет","Да","","https://store.playstation.com/en-tr/concept/10006490","2023-02-21","Music/Rhythm","PEGI_12"
"2177","Yakuza 5","CUSA15363","PS4","Нет","349,50 TL","","Нет","Нет","","https://store.playstation.com/en-tr/concept/233520","2020-02-10","Action","PEGI_18"
"2178","Pumpkin Jack","PPSA03445","PS4, PS5","Нет","1.049,00 TL","","Нет","Да","","https://store.playstation.com/en-tr/concept/10001111","2021-10-27","Action","PEGI_12"
"2179","What Remains of Edith Finch","PPSA06208","PS4, PS5","Нет","699,00 TL","","Нет","Да","","https://store.playstation.com/en-tr/concept/211984","2022-07-28","Horror","PEGI_16"
"2180","White Shadows","PPSA05047","PS5","Нет","699,00 TL","","Нет","Да","","https://store.playstation.com/en-tr/concept/10003668","2021-12-07","Action","PEGI_12"
"2181","Airplane Racing Championship","CUSA53933","PS4","Нет","349,00 TL","Airplane Racing Championship: 349,00 TL","Нет","Да","","https://store.playstation.com/en-tr/concept/10008779","2025-04-24","Simulation","PEGI_3"
"2182","Astro Flame: Starfighter","PPSA15157","PS5","Нет","244,30 TL","Astro Flame: Starfighter: 244,30 TL; Astro Flame: Starfighter: 244,30 TL","Нет","Да","","https://store.playstation.com/en-tr/concept/10007882","2023-08-14","Shooter","PEGI_7"
"2183","Cactus Cowboy - Desert Warfare","PPSA13806","PS5","Нет","349,00 TL","","Нет","Нет","","https://store.playstation.com/en-tr/concept/10007362","2023-11-02","Shooter","PEGI_12"
"2184","GUILTY GEAR","CUSA12634","PS4","Нет","87,25 TL","","Нет","Нет","","https://store.playstation.com/en-tr/concept/212721","2019-05-22","Action","PEGI_16"
"2185","Extreme Cycling","CUSA52745","PS4","Нет","349,00 TL","Extreme Cycling: 349,00 TL","Нет","Да","","https://store.playstation.com/en-tr/concept/10006217","2025-01-30","Sport","PEGI_3"
"2186","Masters Bowling HD","PPSA29514","PS5","Нет","349,00 TL","Masters Bowling HD: 349,00 TL; Masters Bowling HD: 349,00 TL","Нет","Нет","","https://store.playstation.com/en-tr/concept/10014826","2025-04-04","Sport","PEGI_3"
"2187","Dakar Desert Rally","PPSA04477","PS4, PS5","Нет","1.049,00 TL","Dakar Desert Rally PS4 & PS5: 1.049,00 TL; Deluxe Edition: 1.749,00 TL","Нет","Нет","","https://store.playstation.com/en-tr/concept/10003353","2022-10-03","Driving/Racing","PEGI_3"
"2188","Bridge Constructor","CUSA03760","PS4","Нет","349,00 TL","","Нет","Да","","https://store.playstation.com/en-tr/concept/216084","2017-03-02","Casual","PEGI_3"
"2189","Paperman: Adventure Delivered","PPSA15795","PS4, PS5","Нет","349,00 TL","","Нет","Нет","","https://store.playstation.com/en-tr/concept/10008134","2023-09-20","Action","PEGI_3"
"2190","Guns, Gore and Cannoli","CUSA03051","PS4","Нет","349,00 TL","","Нет","Да","","https://store.playstation.com/en-tr/concept/201805","2015-12-08","Action","PEGI_16"
"2191","Horror Adventure (PSVR2)","PPSA22912","PS5","Нет","349,00 TL","Horror Adventure (PSVR2): 349,00 TL; Horror Adventure VR: 349,00 TL; Horror Adventure (PS4 & PSVR) Edition: 455,00 TL; Horror Adventure: 349,00 TL","Нет","Да","","https://store.playstation.com/en-tr/concept/10000276","2024-08-19","Action","PEGI_16"
"2192","Monstrix TCG Card Shop","PPSA27545","PS5","Нет","349,00 TL","Monstrix TCG Card Shop: 349,00 TL; Monstrix TCG Card Shop: 349,00 TL","Нет","Нет","","https://store.playstation.com/en-tr/concept/10013474","2025-02-27","Simulator","PEGI_3"
"2193","siMarket Cloth Store Simulator","PPSA29801","PS5","Нет","349,00 TL","","Нет","Нет","","https://store.playstation.com/en-tr/concept/10014975","2025-04-24","Simulator","PEGI_3"
"2194","Rookie Table Tennis","PPSA27972","PS5","Нет","349,00 TL","Rookie Table Tennis: 349,00 TL; Rookie Table Tennis: 349,00 TL","Нет","Нет","","https://store.playstation.com/en-tr/concept/10013825","2025-01-17","Sport","PEGI_3"
"2195","Mahjong","PPSA06594","PS5","Нет","349,00 TL","Mahjong: 349,00 TL","Нет","Нет","","https://store.playstation.com/en-tr/concept/218717","2022-12-15","Puzzle","PEGI_3"
"2196","Don't let him in","PPSA25795","PS5","Нет","349,00 TL","Don't let him in: 349,00 TL; Don't let him in: 349,00 TL","Нет","Нет","","https://store.playstation.com/en-tr/concept/10012420","2024-10-24","Adventure","PEGI_18"
"2197","Sakura Succubus 3","PPSA04011","PS4, PS5","Нет","349,00 TL","","Нет","Нет","","https://store.playstation.com/en-tr/concept/10003070","2021-06-23","Adventure","PEGI_16"
"2198","METAL SLUG ATTACK RELOADED","PPSA19051","PS4, PS5","Нет","174,50 TL","","Нет","Да","","https://store.playstation.com/en-tr/concept/10008007","2024-06-18","Strategy","PEGI_12"
"2199","Garten of Banban 7","PPSA26071","PS5","Нет","349,00 TL","Garten of Banban 7: 349,00 TL; Garten of Banban 7: 349,00 TL","Нет","Да","","https://store.playstation.com/en-tr/concept/10012588","2024-12-19","Horror","PEGI_12"
"2200","The Dungeon of Naheulbeuk: The Amulet of Chaos","PPSA04312","PS4, PS5","Нет","349,00 TL","","Нет","Да","","https://store.playstation.com/en-tr/concept/10000689","2021-12-03","Role Playing Games","PEGI_12"
"2201","Universal Flight Simulator","CUSA35425","PS4","Нет","349,00 TL","","Нет","Нет","","https://store.playstation.com/en-tr/concept/10005716","2022-08-06","Simulation","PEGI_3"
"2202","TT Isle of Man: Ride on the Edge 2","CUSA17001","PS4","Нет","259,80 TL","","Нет","Да","","https://store.playstation.com/en-tr/concept/234779","2020-03-18","Driving/Racing","PEGI_3"
"2203","WARTILE","CUSA11654","PS4","Нет","849,00 TL","WARTILE: 849,00 TL; WARTILE Complete Edition: 1.160,00 TL","Нет","Нет","","https://store.playstation.com/en-tr/concept/231908","2020-03-23","Strategy","PEGI_12"
"2204","Construction Sim: City and Road Builder","CUSA55366","PS4","Нет","649,00 TL","","Нет","Нет","","https://store.playstation.com/en-tr/concept/10015731","2025-09-08","Simulation","PEGI_3"
"2205","After Us","PPSA07949","PS5","Нет","259,80 TL","","Нет","Да","","https://store.playstation.com/en-tr/concept/10003563","2023-05-23","Adventure","PEGI_12"
"2206","Creepy Tale","CUSA30060","PS4","Нет","349,00 TL","","Нет","Да","","https://store.playstation.com/en-tr/concept/10003675","2023-04-26","Adventure","PEGI_16"
"2207","Uboat Attack","CUSA50596","PS4","Нет","111,60 TL","Uboat Attack & Infantry Attack: 159,25 TL; Standard Edition: 111,60 TL; Gold Edition: 315,00 TL; Complete Edition: 136,15 TL; Platinum Edition: 429,00 TL","Нет","Нет","","https://store.playstation.com/en-tr/concept/10012158","2025-03-27","Strategy","PEGI_7"
"2208","Hole io","CUSA45696","PS4","Нет","43,75 TL","Standard Edition: 43,75 TL; Hole io & Paper io 2: 279,00 TL; Hole io & Mob Control: 72,45 TL; Gold Edition: 83,70 TL; Platinum Edition: 214,50 TL; Complete Edition: 687,00 TL","Нет","Нет","","https://store.playstation.com/en-tr/concept/10009447","2023-12-24","Party","PEGI_7"
"2209","Real Farm","CUSA07966","PS4","Нет","849,00 TL","PS5 upgrade: 259,80 TL; Real Farm – Original Soundtrack: 429,00 TL; Real Farm - Deluxe Edition: 1.299,00 TL; Real Farm: 849,00 TL; Gold Edition: 169,80 TL","Нет","Да","","https://store.playstation.com/en-tr/concept/227498","2017-10-19","Driving/Racing","PEGI_3"
"2210","Under The Waves","PPSA08055","PS4, PS5","Нет","209,80 TL","","Нет","Да","PS Plus Extra","https://store.playstation.com/en-tr/concept/10005244","2023-08-27","Adventure","PEGI_16"
"2211","Ice Cream Break","CUSA31457","PS4","Нет","343,00 TL","Ice Cream Break Mini Game Bundle: 649,00 TL; Ice Cream Break: 343,00 TL; Ice Cream Break Mini Game Bundle: 649,00 TL; Ice Cream Break: 343,00 TL","Нет","Нет","","https://store.playstation.com/en-tr/concept/10004174","2021-12-10","Arcade","PEGI_3"
"2212","Snooker 19","CUSA14649","PS4","Нет","1.499,00 TL","Snooker 19 Gold Edition: 1.749,00 TL; Snooker 19: 1.499,00 TL","Нет","Нет","","https://store.playstation.com/en-tr/concept/233255","2019-04-16","Casual","PEGI_3"
"2213","Battle Trivia Knockout","CUSA03456","PS4","Нет","343,00 TL","","Нет","Нет","","https://store.playstation.com/en-tr/concept/200467","2015-10-30","Casual","PEGI_3"
"2214","Richie's Plank Experience","PPSA18258","PS5","Нет","515,00 TL","","Нет","Нет","","https://store.playstation.com/en-tr/concept/10009107","2025-11-20","Horror","PEGI_12"
"2215","Sneaky Bears","CUSA09093","PS4","Нет","343,00 TL","RollerCoaster Arcade VR PS5 Bundle: 816,00 TL; Bearly Armed VR: 387,00 TL; Sneaky Bears: 343,00 TL; RollerCoaster Arcade VR Bundle: 429,00 TL","Нет","Нет","","https://store.playstation.com/en-tr/concept/228836","2017-09-26","Arcade","PEGI_12"
"2216","Monster Train 2","PPSA25758","PS5","Нет","875,00 TL","Monster Train Collection: 1.364,30 TL; Monster Train 2: 875,00 TL","Нет","Да","","https://store.playstation.com/en-tr/concept/10012399","2025-05-21","Strategy","PEGI_7"
"2217","My Horse Stories","CUSA55665","PS4","Нет","343,00 TL","Standard Edition: 343,00 TL; Complete Edition: 601,00 TL","Нет","Нет","","https://store.playstation.com/en-tr/concept/10016002","2025-09-12","Sport","PEGI_3"
"2218","Shopping Mall Girl","CUSA58738","PS4","Нет","343,00 TL","Standard Edition: 343,00 TL; Shopping Mall Girl & DIY Fashion Star: 515,00 TL; Complete Edition: 601,00 TL","Нет","Нет","","https://store.playstation.com/en-tr/concept/10018896","2026-04-16","Simulation","PEGI_3"
"2219","Nightmare Shift","PPSA36439","PS5","Нет","515,00 TL","","Нет","Да","","https://store.playstation.com/en-tr/concept/10018823","2026-08-13","Horror","PEGI_16"
"2220","Max Mustard","PPSA21107","PS5","Нет","343,00 TL","","Нет","Нет","","https://store.playstation.com/en-tr/concept/10009845","2024-10-02","Family","PEGI_3"
"2221","60 Minutes to Extinction: Escape Room","PPSA33657","PS5","Нет","137,20 TL","Escape Room Double Pack: 365,00 TL; 60 Minutes to Extinction: Escape Room: 137,20 TL","Нет","Нет","","https://store.playstation.com/en-tr/concept/10017142","2025-12-24","Puzzle","PEGI_3"
"2222","POOLS","PPSA25025","PS5","Нет","429,00 TL","POOLS: 429,00 TL","Нет","Да","","https://store.playstation.com/en-tr/concept/10011786","2025-11-25","Adventure","PEGI_12"
"2223","Amanda the Adventurer 3","PPSA36061","PS4, PS5","Нет","429,00 TL","","Нет","Нет","","https://store.playstation.com/en-tr/concept/10018604","2026-05-28","Horror","PEGI_12"
"2224","THE KING OF FIGHTERS '98 ULTIMATE MATCH","CUSA04159","PS4","Нет","649,00 TL","","Нет","Нет","","https://store.playstation.com/en-tr/concept/219727","2018-03-20","Fighting","PEGI_12"
"2225","Angel Engine","PPSA37066","PS5","Нет","343,00 TL","","Нет","Да","","https://store.playstation.com/en-tr/concept/10018058","2026-07-30","Adventure","PEGI_12"
"2226","Sir Whoopass: Immortal Death","PPSA21827","PS5","Нет","687,00 TL","Standard Edition: 687,00 TL; Digital Deluxe Edition: 774,00 TL; Premium Edition: 474,50 TL","Нет","Нет","","https://store.playstation.com/en-tr/concept/10010515","2025-05-09","Action","PEGI_16"
"2227","Sparkle Unleashed","PPSA02322","PS4, PS5","Нет","343,00 TL","Sparkle Doublepack: 601,00 TL; Sparkle Unleashed PS4® & PS5®: 343,00 TL","Нет","Нет","","https://store.playstation.com/en-tr/concept/213750","2020-12-15","Action","PEGI_3"
"2228","Water Delivery","PPSA32392","PS5","Нет","343,00 TL","Water Delivery: 343,00 TL; Water Delivery: 343,00 TL","Нет","Да","","https://store.playstation.com/en-tr/concept/10016474","2025-10-29","Horror","PEGI_12"
"2229","The Last Guardian","CUSA03745","PS4","Нет","1.199,00 TL","The Last Guardian™ Soundtrack Composer’s Choice Edition: 343,00 TL","Нет","Да","PS Plus Extra","https://store.playstation.com/en-tr/concept/204826","2016-12-06","Action","PEGI_12"
"2230","Xtreme Traffic Racing","PPSA38745","PS5","Нет","343,00 TL","Xtreme Traffic Racing: 343,00 TL; Xtreme Traffic Racing: 343,00 TL","Нет","Нет","","https://store.playstation.com/en-tr/concept/10020160","2026-07-03","Driving/Racing","PEGI_7"
"2231","We Were Here Too","PPSA31080","PS4, PS5","Нет","429,00 TL","","Нет","Да","","https://store.playstation.com/en-tr/concept/10001636","2025-10-06","Unique","PEGI_3"
"2232","Gladiator Simulator: Arena of Freedom","CUSA54340","PS4","Нет","649,00 TL","","Нет","Нет","","https://store.playstation.com/en-tr/concept/10014888","2025-07-17","Action","PEGI_16"
"2233","Classified: France '44","PPSA13722","PS5","Нет","219,80 TL","Classified: France '44: 219,80 TL; Overlord Edition: 1.399,00 TL; Deluxe Edition: 1.199,00 TL","Нет","Нет","","https://store.playstation.com/en-tr/concept/10007316","2024-03-04","Role Playing Games","PEGI_16"
"2234","Dreams of Another","PPSA19692","PS5","Нет","674,55 TL","Standard: 674,55 TL; Special Bundle: 1.949,00 TL","Нет","Да","","https://store.playstation.com/en-tr/concept/10009629","2025-10-09","Adventure","PEGI_12"
"2235","Circus Electrique","CUSA30208","PS4","Нет","849,00 TL","","Нет","Да","","https://store.playstation.com/en-tr/concept/10003620","2022-09-06","Role Playing Games","PEGI_12"
"2236","UNSIGHTED","CUSA29758","PS4","Нет","849,00 TL","","Нет","Нет","","https://store.playstation.com/en-tr/concept/10003562","2021-09-30","Shooter","PEGI_12"
"2237","FINAL FANTASY VIII","CUSA08751","PS4","Нет","699,00 TL","","Нет","Нет","","https://store.playstation.com/en-tr/concept/229480","2019-09-02","Role Playing Games","PEGI_16"
"2238","Mayhem Brawler","PPSA14463","PS4, PS5","Нет","849,00 TL","","Нет","Да","","https://store.playstation.com/en-tr/concept/10002637","2023-05-23","Action","PEGI_12"
"2239","Autopsy Simulator","PPSA23605","PS5","Нет","1.015,00 TL","","Нет","Да","","https://store.playstation.com/en-tr/concept/10011271","2025-04-02","Simulation","PEGI_16"
"2240","Gunborg: Dark Matters","PPSA05779","PS4, PS5","Нет","68,77 TL","","Нет","Нет","","https://store.playstation.com/en-tr/concept/10003925","2022-03-03","Action","PEGI_12"
"2241","Beholder 3","PPSA09818","PS5","Нет","254,70 TL","Beholder 3: 254,70 TL; Beholder 3: 254,70 TL","Да","Да","","https://store.playstation.com/en-tr/concept/10006017","2022-12-15","Adventure","PEGI_16"
"2242","REVEIL","PPSA17538","PS5","Нет","849,00 TL","Standard Edition: 849,00 TL; Funhouse Edition: 945,00 TL","Нет","Да","","https://store.playstation.com/en-tr/concept/10008839","2024-03-06","Adventure","PEGI_16"
"2243","Spyro Reignited Trilogy","CUSA12085","PS4","Нет","2.299,00 TL","Spyro™ Reignited Trilogy: 2.299,00 TL; Spyro™ + Crash Remastered Game Bundle: 3.399,00 TL","Нет","Нет","","https://store.playstation.com/en-tr/concept/232176","2019-03-07","Action","PEGI_7"
"2244","Enclave HD","PPSA06844","PS4, PS5","Нет","849,00 TL","","Нет","Да","","https://store.playstation.com/en-tr/concept/10003459","2023-12-05","Adventure","PEGI_18"
"2245","Digimon World: Next Order","CUSA05392","PS4","Нет","2.099,00 TL","","Нет","Нет","","https://store.playstation.com/en-tr/concept/207297","2017-01-26","Adventure","PEGI_7"
"2246","Beyond Blue","CUSA18930","PS4","Нет","297,15 TL","","Нет","Да","","https://store.playstation.com/en-tr/concept/10000315","2020-06-11","Adventure","PEGI_7"
"2247","Five Dates","PPSA15899","PS4, PS5","Нет","529,00 TL","Love FMV: 350,00 TL; Five Dates: 529,00 TL; FMV Comedy Bundle: 1.031,00 TL","Нет","Да","","https://store.playstation.com/en-tr/concept/10001740","2023-05-29","Adventure","PEGI_16"
"2248","Disney•Pixar Toy Story 2: Buzz Lightyear to the Rescue!","PPSA07372","PS4, PS5","Нет","257,00 TL","","Нет","Нет","","https://store.playstation.com/en-tr/concept/10004933","2025-03-14","Adventure","PEGI_3"
"2249","WRC 6 FIA World Rally Championship","CUSA05277","PS4","Нет","185,15 TL","","Нет","Нет","","https://store.playstation.com/en-tr/concept/221803","2016-10-06","Driving/Racing","PEGI_3"
"2250","Withering Rooms","PPSA21297","PS5","Нет","325,23 TL","","Нет","Нет","","https://store.playstation.com/en-tr/concept/10010291","2024-04-04","Role Playing Games","PEGI_16"
"2251","Outbreak: Shades of Horror","PPSA35657","PS5","Нет","1.299,00 TL","","Нет","Да","","https://store.playstation.com/en-tr/concept/10005465","2026-03-05","Horror","PEGI_16"
"2252","Werewolf: The Apocalypse – Earthblood","PPSA02113","PS5","Нет","1.299,00 TL","Champion of Gaia: 1.499,00 TL; Champion of Gaia: 1.499,00 TL","Нет","Да","PS Plus Extra","https://store.playstation.com/en-tr/concept/234709","2021-02-04","Unique","PEGI_16"
"2253","Hundred Days - Winemaking Simulator","PPSA06577","PS4, PS5","Нет","259,80 TL","","Нет","Да","","https://store.playstation.com/en-tr/concept/10004524","2022-03-17","Simulator","PEGI_3"
"2254","Super Neptunia RPG","CUSA12063","PS4","Нет","1.299,00 TL","","Нет","Нет","","https://store.playstation.com/en-tr/concept/232167","2019-06-27","Role Playing Games","PEGI_12"
"2255","Fate/EXTELLA: The Umbral Star","CUSA06200","PS4","Нет","209,80 TL","","Нет","Нет","","https://store.playstation.com/en-tr/concept/221704","2017-01-19","Action","PEGI_12"
"2256","STAR WARS: Dark Forces Remaster","PPSA19729","PS4, PS5","Нет","649,50 TL","","Нет","Нет","","https://store.playstation.com/en-tr/concept/10008369","2024-02-28","Adventure","PEGI_12"
"2257","Yooka-Laylee and the Impossible Lair","CUSA16139","PS4","Нет","1.299,00 TL","","Нет","Нет","","https://store.playstation.com/en-tr/concept/234377","2019-10-07","Puzzle","PEGI_3"
"2258","The Wild at Heart","CUSA28246","PS4","Нет","1.079,00 TL","","Нет","Нет","","https://store.playstation.com/en-tr/concept/10002996","2021-11-16","Puzzle","PEGI_7"
"2259","My Child Lebensborn","CUSA25692","PS4","Нет","322,00 TL","","Нет","Нет","","https://store.playstation.com/en-tr/concept/10001962","2021-05-31","Simulation","PEGI_12"
"2260","Hyper Void","CUSA02393","PS4","Нет","322,00 TL","Hyper Void: 322,00 TL; HYPER VOID COMPLETE: 322,00 TL","Нет","Нет","","https://store.playstation.com/en-tr/concept/201894","2016-01-08","Action","PEGI_7"
"2261","Hyper Cars Ramp Crash","PPSA35432","PS5","Нет","193,00 TL","Hyper Cars Ramp Crash: 193,00 TL; Hyper Cars Ramp Crash: 193,00 TL","Нет","Да","","https://store.playstation.com/en-tr/concept/10018213","2026-04-10","Simulator","PEGI_3"
"2262","DOOM 3","CUSA23403","PS4","Нет","699,00 TL","","Нет","Нет","","https://store.playstation.com/en-tr/concept/10001013","2021-03-28","Action","PEGI_18"
"2263","The Legacy of Griselda","PPSA35248","PS5","Нет","649,00 TL","","Нет","Нет","","https://store.playstation.com/en-tr/concept/10018001","2026-02-19","Role Playing Games","PEGI_7"
"2264","Shotgun Farmers","CUSA26768","PS4","Нет","429,00 TL","","Нет","Да","","https://store.playstation.com/en-tr/concept/10001405","2021-03-19","Shooter","PEGI_7"
"2265","How to Survive 2","CUSA07008","PS4","Нет","525,00 TL","","Нет","Да","","https://store.playstation.com/en-tr/concept/227150","2017-02-05","Horror","PEGI_18"
"2266","Bread & Fred","PPSA28463","PS4, PS5","Нет","649,00 TL","","Нет","Нет","","https://store.playstation.com/en-tr/concept/10014170","2026-02-24","Action","PEGI_3"
"2267","Ultra Foodmess","PPSA05576","PS5","Нет","139,00 TL","Ultra Foodmess: 139,00 TL; Ultra Foodmess: 139,00 TL","Нет","Нет","","https://store.playstation.com/en-tr/concept/10003348","2022-02-23","Action","PEGI_3"
"2268","Scott Pilgrim vs. The World: The Game","CUSA20078","PS4","Нет","649,00 TL","","Нет","Нет","","https://store.playstation.com/en-tr/concept/10000698","2021-01-13","Unique","PEGI_12"
"2269","THE KING OF FIGHTERS 'COLLECTION: THE OROCHI SAGA","CUSA04164","PS4","Нет","649,00 TL","","Нет","Нет","","https://store.playstation.com/en-tr/concept/204734","2018-06-27","Action","PEGI_12"
"2270","QUByte Classics: Zero Tolerance Collection by PIKO","CUSA32791","PS4","Нет","321,75 TL","","Нет","Нет","","https://store.playstation.com/en-tr/concept/10004644","2022-07-06","Shooter","PEGI_12"
"2271","ARCADE GAME SERIES: PAC-MAN","CUSA03862","PS4","Нет","69,50 TL","ARCADE GAME SERIES: PAC-MAN: 69,50 TL; ARCADE GAME SERIES 3-in-1 Pack: 139,50 TL","Нет","Нет","","https://store.playstation.com/en-tr/concept/206125","2016-04-19","Action","PEGI_3"
"2272","Little Cities: Bigger!","PPSA18626","PS5","Нет","1.079,00 TL","","Нет","Нет","","https://store.playstation.com/en-tr/concept/10009252","2024-03-11","Family","PEGI_3"
"2273","Candylands Journey","PPSA29770","PS5","Нет","107,25 TL","Candylands Journey: 107,25 TL; Candylands Journey: 107,25 TL","Нет","Нет","","https://store.playstation.com/en-tr/concept/10014896","2025-09-03","Adventure","PEGI_7"
"2274","The Council - Complete Season","CUSA10766","PS4","Нет","529,00 TL","The Council - Complete Season: 529,00 TL","Нет","Да","","https://store.playstation.com/en-tr/concept/231166","2018-03-12","Role Playing Games","PEGI_16"
"2275","I Saw Black Clouds","PPSA02964","PS4, PS5","Нет","136,50 TL","The FMV Horror Collection: 1.365,00 TL; I Saw Black Clouds: 136,50 TL; The MEGA FMV Bundle: 3.899,00 TL","Нет","Да","","https://store.playstation.com/en-tr/concept/10002382","2023-10-12","Adventure","PEGI_18"
"2276","Neva","PPSA16786","PS4, PS5","Нет","699,00 TL","Complete Edition: 521,95 TL","Нет","Да","PS Plus Extra","https://store.playstation.com/en-tr/concept/10008521","2024-10-15","Adventure","PEGI_12"
"2277","PaRappa the Rapper","CUSA07172","PS4","Нет","649,00 TL","PaRappa the Rapper, LocoRoco, Patapon Remaster Collection: 1.299,00 TL; PaRappa the Rapper Remastered: 649,00 TL; PaRappa The Rapper™ – Original Soundtrack: 343,00 TL","Нет","Нет","","https://store.playstation.com/en-tr/concept/228148","2017-04-04","Music/Rhythm","PEGI_3"
"2278","Shadow Tactics: Blades of the Shogun","PPSA30363","PS5","Нет","1.749,00 TL","Standard Edition: 1.749,00 TL; Shadow Tactics: Game + Theme: 1.749,00 TL; Deluxe Edition: 1.949,00 TL","Нет","Да","","https://store.playstation.com/en-tr/concept/227190","2025-10-15","Action","PEGI_16"
"2279","Hotline Miami 2: Wrong Number","PPSA11357","PS4, PS5","Нет","129,80 TL","","Нет","Да","PS Plus Extra","https://store.playstation.com/en-tr/concept/10006547","2023-10-23","Action","PEGI_18"
"2280","Crisis Brigade 2 reloaded","PPSA15791","PS4, PS5","Нет","525,00 TL","","Нет","Нет","","https://store.playstation.com/en-tr/concept/10000366","2023-09-13","Shooter","PEGI_18"
"2281","God's Trigger","CUSA08454","PS4","Нет","105,00 TL","","Нет","Да","","https://store.playstation.com/en-tr/concept/228875","2019-04-17","Action","PEGI_16"
"2282","NEXTGEN SANDBOX","CUSA17577","PS4","Нет","315,00 TL","","Нет","Нет","","https://store.playstation.com/en-tr/concept/234514","2019-10-24","Action","PEGI_12"
"2283","Cookie Clicker","PPSA19546","PS4, PS5","Нет","236,00 TL","","Нет","Да","","https://store.playstation.com/en-tr/concept/10008761","2025-05-21","Unique","PEGI_3"
"2284","Labyrinth Life","CUSA16449","PS4","Нет","1.749,00 TL","Labyrinth Life Deluxe Edition: 2.499,00 TL; Labyrinth Life: 1.749,00 TL","Нет","Нет","","https://store.playstation.com/en-tr/concept/233280","2019-07-31","Role Playing Games","PEGI_16"
"2285","The Bridge Curse: Road to Salvation","PPSA10997","PS4, PS5","Нет","314,70 TL","","Нет","Нет","","https://store.playstation.com/en-tr/concept/10006433","2023-08-29","Action","PEGI_18"
"2286","Bee Simulator","CUSA15604","PS4","Нет","139,80 TL","Complete Edition: 237,25 TL","Да","Да","PS Plus Extra","https://store.playstation.com/en-tr/concept/233889","2019-11-13","Simulation","PEGI_7"
"2287","ABZÛ","CUSA03364","PS4","Нет","699,00 TL","","Нет","Да","","https://store.playstation.com/en-tr/concept/221659","2016-08-01","Adventure","PEGI_7"
"2288","Ys: Memories of Celceta","CUSA18056","PS4","Нет","314,70 TL","Ys: Memories of Celceta - Digital Deluxe: 1.399,00 TL; Ys: Memories of Celceta: 314,70 TL","Нет","Нет","","https://store.playstation.com/en-tr/concept/234901","2020-06-18","Role Playing Games","PEGI_12"
"2289","Puzzle Showdown 4K","CUSA08250","PS4","Нет","21,50 TL","Puzzle Showdown 4K - Exclusive Content Bundle: 21,50 TL; Puzzle Showdown 4K: 21,50 TL","Нет","Нет","","https://store.playstation.com/en-tr/concept/228415","2017-06-01","Puzzle","PEGI_3"
"2290","STAR OCEAN: IAF","CUSA03219","PS4","Нет","1.049,00 TL","","Нет","Нет","","https://store.playstation.com/en-tr/concept/204219","2016-07-01","Role Playing Games","PEGI_16"
"2291","Amer Fighting","PPSA27905","PS5","Нет","465,00 TL","Amer Ultimate Bundle: 730,00 TL; Amer Fighting: 465,00 TL","Нет","Нет","","https://store.playstation.com/en-tr/concept/10010443","2025-03-03","Fighting","PEGI_7"
"2292","Taxi Simulator Driver: NY City Rides","CUSA48859","PS4","Нет","236,25 TL","","Нет","Нет","","https://store.playstation.com/en-tr/concept/10011013","2025-04-17","Driving/Racing","PEGI_12"
"2293","Lunar Lander Beyond","PPSA09090","PS5","Нет","1.049,00 TL","Lunar Lander Beyond: 1.049,00 TL; Lunar Lander Beyond: 1.049,00 TL","Нет","Нет","","https://store.playstation.com/en-tr/concept/10005702","2024-04-22","Action","PEGI_12"
"2294","We Were Here","PPSA28775","PS4, PS5","Нет","85,00 TL","We Were Here: 85,00 TL","Нет","Да","","https://store.playstation.com/en-tr/concept/10001633","2025-09-15","Unique","PEGI_7"
"2295","Commandos 3 - HD Remaster","CUSA26393","PS4","Нет","1.049,00 TL","Commandos 3 - HD Remaster: 1.049,00 TL; Commandos 2 & 3 - HD Remaster Double Pack: 1.399,00 TL","Нет","Да","","https://store.playstation.com/en-tr/concept/10002223","2022-08-30","Action","PEGI_16"
"2296","Resident Evil Code: Veronica X","CUSA07343","PS4","Нет","525,00 TL","","Нет","Нет","","https://store.playstation.com/en-tr/concept/232117","2017-05-09","Horror","PEGI_16"
"2297","Top Gun Air Combat","CUSA31973","PS4","Нет","315,00 TL","","Нет","Нет","","https://store.playstation.com/en-tr/concept/10004353","2022-01-21","Shooter","PEGI_7"
"2298","Sengoku Dynasty","PPSA26057","PS5","Нет","1.049,00 TL","Sengoku Dynasty: 1.049,00 TL; Sakura Edition: 1.419,00 TL","Нет","Да","","https://store.playstation.com/en-tr/concept/10010183","2025-08-21","Adventure","PEGI_16"
"2299","Alien Shooter","CUSA02774","PS4","Нет","343,00 TL","Super Pack 5 in 1 by 4 HIT: 774,00 TL; Doodle Devil & Alien Shooter: 429,00 TL; Alien Shooter&Portal of Evil: Stolen Runes: 343,00 TL; Alien Shooter + Doodle God Bundle: 429,00 TL; Alien Shooter: 343,00 TL","Нет","Да","","https://store.playstation.com/en-tr/concept/200220","2016-01-07","Arcade","PEGI_16"
"2300","The Darkside Detective","PPSA02567","PS4, PS5","Нет","182,00 TL","Series Edition: 307,60 TL","Нет","Нет","","https://store.playstation.com/en-tr/concept/10001276","2021-04-23","Adventure","PEGI_7"
"2301","Monster Energy Supercross - The Official Videogame 6","PPSA08592","PS4, PS5","Нет","2.149,00 TL","","Нет","Нет","","https://store.playstation.com/en-tr/concept/10005466","2023-03-08","Driving/Racing","PEGI_3"
"2302","HUMANKIND","PPSA06186","PS4, PS5","Нет","2.149,00 TL","Heritage Edition: 2.579,00 TL","Нет","Да","PS Plus Extra","https://store.playstation.com/en-tr/concept/10004309","2023-08-22","Strategy","PEGI_12"
"2303","Railbreak","PPSA19257","PS5","Нет","699,00 TL","The Big Break: 3.149,00 TL; Railbreak: 699,00 TL; Extra Cheese: 2.499,00 TL; Dinoblast: 1.399,00 TL; Definitive Collection: 1.229,00 TL; Railbreak: 699,00 TL","Нет","Нет","","https://store.playstation.com/en-tr/concept/10009465","2023-12-22","Action","PEGI_18"
"2304","Fishing: North Atlantic","PPSA02985","PS5","Нет","1.229,00 TL","Enhanced Edition: 1.229,00 TL; Fishing: North Atlantic: 1.049,00 TL","Нет","Да","","https://store.playstation.com/en-tr/concept/10002024","2021-11-23","Simulator","PEGI_7"
"2305","Hide 'N Seek!","CUSA55931","PS4","Нет","215,00 TL","Standard Edition: 215,00 TL; Complete Edition: 300,00 TL","Нет","Нет","","https://store.playstation.com/en-tr/concept/10016217","2025-10-10","Party","PEGI_3"
"2306","The Shapeshifting Detective","PPSA18833","PS4, PS5","Нет","164,70 TL","FMV Murder Mystery Bundle: 949,00 TL; The Shapeshifting Detective: 164,70 TL; FMV Adventure: 2.099,40 TL","Нет","Да","","https://store.playstation.com/en-tr/concept/232831","2024-01-22","Adventure","PEGI_16"
"2307","7 Shifts in Subway","PPSA38862","PS5","Нет","300,00 TL","","Нет","Да","","https://store.playstation.com/en-tr/concept/10020215","2026-07-23","Simulation","PEGI_16"
"2308","The Bunker","PPSA18899","PS4, PS5","Нет","167,76 TL","","Нет","Да","","https://store.playstation.com/en-tr/concept/223983","2024-02-04","Horror","PEGI_16"
"2309","Skul: The Hero Slayer","CUSA27430","PS4","Нет","365,00 TL","","Нет","Да","","https://store.playstation.com/en-tr/concept/10002426","2021-10-20","Action","PEGI_12"
"2310","Rogue Flight","PPSA26343","PS5","Нет","209,70 TL","","Нет","Нет","","https://store.playstation.com/en-tr/concept/10012771","2024-10-24","Arcade","PEGI_7"
"2311","Screencheat","CUSA03056","PS4","Нет","129,80 TL","","Нет","Да","","https://store.playstation.com/en-tr/concept/210948","2016-02-29","Shooter","PEGI_7"
"2312","Moon Raider","PPSA37121","PS5","Нет","429,00 TL","Moon Raider: Anniversary Edition: 429,00 TL; Moon Raider: Anniversary Edition: 429,00 TL","Нет","Нет","","https://store.playstation.com/en-tr/concept/10019186","2026-04-30","Action","PEGI_7"
"2313","Moonshine Inc.","PPSA16662","PS4, PS5","Нет","699,00 TL","Supporter Edition: 875,00 TL; Moonshine Inc.: 699,00 TL; Galactic Spirit Bundle: 245,70 TL; Drinking Problem Bundle: 330,75 TL; Galactic Spirit Bundle: 1.229,00 TL; Drinking Problem Deluxe: 1.049,00 TL","Нет","Да","","https://store.playstation.com/en-tr/concept/10005482","2023-06-27","Strategy","PEGI_16"
"2314","Rollercoaster Dreams","CUSA05208","PS4","Нет","902,00 TL","","Нет","Нет","","https://store.playstation.com/en-tr/concept/217680","2016-12-19","Simulation","PEGI_7"
"2315","The Last of Us: Left Behind (Standalone)","CUSA00558","PS4","Нет","429,00 TL","","Да","Да","","https://store.playstation.com/en-tr/concept/228639","2015-05-11","Action","PEGI_18"
"2316","The Valiant","PPSA04208","PS5","Нет","879,00 TL","The Valiant: 879,00 TL","Нет","Да","","https://store.playstation.com/en-tr/concept/10001483","2023-07-11","Strategy","PEGI_16"
"2317","Wilmot's Warehouse","CUSA25303","PS4","Нет","601,00 TL","","Нет","Нет","","https://store.playstation.com/en-tr/concept/10001208","2021-02-09","Family","PEGI_3"
"2318","TimeSplitters","PPSA23799","PS4, PS5","Нет","87,25 TL","","Нет","Нет","","https://store.playstation.com/en-tr/concept/10011401","2024-08-20","Shooter","PEGI_16"
"2319","MELTY BLOOD: TYPE LUMINA","CUSA27481","PS4","Нет","439,00 TL","MELTY BLOOD: TYPE LUMINA - Deluxe Edition: 599,00 TL","Нет","Нет","PS Plus Extra","https://store.playstation.com/en-tr/concept/10000480","2021-09-29","Fighting","PEGI_12"
"2320","ACA NEOGEO METAL SLUG X","CUSA09718","PS4","Нет","300,00 TL","","Нет","Нет","","https://store.playstation.com/en-tr/concept/202879","2017-10-09","Arcade","PEGI_12"
"2321","ACA NEOGEO WORLD HEROES PERFECT","CUSA13168","PS4","Нет","300,00 TL","","Нет","Нет","","https://store.playstation.com/en-tr/concept/231226","—","Fighting","PEGI_16"
"2322","ACA NEOGEO BURNING FIGHT","CUSA09717","PS4","Нет","300,00 TL","","Нет","Нет","","https://store.playstation.com/en-tr/concept/228894","2017-10-09","Arcade","PEGI_12"
"2323","Arcade Archives 64th. STREET","CUSA25097","PS4","Нет","300,00 TL","","Нет","Нет","","https://store.playstation.com/en-tr/concept/10001711","2020-11-06","Action","PEGI_12"
"2324","ACA NEOGEO METAL SLUG 3","CUSA10953","PS4","Нет","300,00 TL","","Нет","Нет","","https://store.playstation.com/en-tr/concept/10003921","2018-01-04","Action","PEGI_3"
"2325","Arcade Archives FOOTBALL CHAMP","CUSA48530","PS4","Нет","300,00 TL","","Нет","Нет","","https://store.playstation.com/en-tr/concept/10010830","2024-07-19","Sport","PEGI_7"
"2326","ACA NEOGEO AERO FIGHTERS 3","CUSA11382","PS4","Нет","300,00 TL","","Нет","Нет","","https://store.playstation.com/en-tr/concept/231043","2018-04-24","Arcade","PEGI_7"
"2327","Arcade Archives JACKAL","CUSA48527","PS4","Нет","300,00 TL","","Нет","Нет","","https://store.playstation.com/en-tr/concept/10010825","2024-06-26","Action","PEGI_7"
"2328","Arcade Archives Tank Battalion","CUSA42641","PS4","Нет","300,00 TL","","Нет","Нет","","https://store.playstation.com/en-tr/concept/10008089","2024-03-06","Action","PEGI_3"
"2329","Arcade Archives WARRIOR BLADE","CUSA48450","PS4","Нет","300,00 TL","","Нет","Нет","","https://store.playstation.com/en-tr/concept/10010782","2024-12-18","Action","PEGI_12"
"2330","Console Archives THE LEGEND OF KAGE","PPSA36751","PS5","Нет","300,00 TL","","Нет","Нет","","https://store.playstation.com/en-tr/concept/10019000","2026-06-17","Action","PEGI_7"
"2331","Arcade Archives SUPER PAC-MAN","CUSA30997","PS4","Нет","300,00 TL","","Нет","Нет","","https://store.playstation.com/en-tr/concept/10004015","2022-01-21","Action","PEGI_3"
"2332","Arcade Archives Pac-Man","CUSA29404","PS4","Нет","300,00 TL","","Нет","Нет","","https://store.playstation.com/en-tr/concept/10003413","2021-10-06","Action","PEGI_3"
"2333","Arcade Archives VOLFIED","CUSA46952","PS4","Нет","300,00 TL","","Нет","Нет","","https://store.playstation.com/en-tr/concept/10010054","2024-03-27","Action","PEGI_3"
"2334","Arcade Archives TETRIS THE ABSOLUTE THE GRAND MASTER 2 PLUS","CUSA37180","PS4","Нет","300,00 TL","","Нет","Нет","","https://store.playstation.com/en-tr/concept/10006268","2023-05-31","Puzzle","PEGI_3"
"2335","Arcade Archives PAC & PAL","CUSA34264","PS4","Нет","300,00 TL","","Нет","Нет","","https://store.playstation.com/en-tr/concept/10005303","2022-08-31","Action","PEGI_3"
"2336","HOTEL BARCELONA","PPSA21349","PS5","Нет","1.299,00 TL","","Нет","Нет","","https://store.playstation.com/en-tr/concept/10010271","2025-09-26","Action","PEGI_18"
"2337","Cat From Hell 2","PPSA33147","PS5","Нет","300,00 TL","Cat From Hell 2: 300,00 TL; Cat From Hell 2: 300,00 TL","Нет","Да","","https://store.playstation.com/en-tr/concept/10016858","2025-10-09","Simulation","PEGI_3"
"2338","Arcade Archives VANDYKE","CUSA29186","PS4","Нет","300,00 TL","","Нет","Нет","","https://store.playstation.com/en-tr/concept/10003333","2021-08-18","Action","PEGI_7"
"2339","Radiation Caterpillar","PPSA38926","PS5","Нет","300,00 TL","Radiation Caterpillar: 300,00 TL; Radiation Caterpillar: 300,00 TL","Нет","Да","","https://store.playstation.com/en-tr/concept/10020251","2026-07-29","Puzzle","PEGI_3"
"2340","Riptide GP2","CUSA02365","PS4","Нет","300,00 TL","","Нет","Нет","","https://store.playstation.com/en-tr/concept/203657","2015-06-23","Driving/Racing","PEGI_3"
"2342","Another Crab’s Treasure","PPSA20423","PS5","Нет","419,60 TL","","Нет","Да","PS Plus Extra","https://store.playstation.com/en-tr/concept/10009923","2024-04-25","Action","PEGI_12"
"2343","As Dusk Falls","PPSA17815","PS4, PS5","Нет","1.049,00 TL","","Да","Да","PS Plus Extra","https://store.playstation.com/en-tr/concept/10008922","2024-03-07","Unique","PEGI_16"
"2344","SpiderHeck","PPSA07240","PS4, PS5","Нет","525,00 TL","","Нет","Да","","https://store.playstation.com/en-tr/concept/10003848","2022-09-22","Fighting","PEGI_7"
"2345","XPOSED","CUSA05624","PS4","Нет","429,00 TL","XPOSED - Sakura River Dynamic Theme: 429,00 TL; XPOSED: 429,00 TL","Нет","Нет","","https://store.playstation.com/en-tr/concept/222051","2016-12-14","Casual","PEGI_7"
"2346","The Cabin Factory","PPSA30837","PS5","Нет","83,85 TL","The Cabin Factory: 83,85 TL; The Cabin Factory: 83,85 TL","Нет","Да","","https://store.playstation.com/en-tr/concept/10015561","2025-10-16","Horror","PEGI_16"
"2347","TT Isle Of Man: Ride on the Edge 3","PPSA08810","PS4, PS5","Нет","2.099,00 TL","TT Isle Of Man 3 - Racing Fan Edition: 2.499,00 TL","Нет","Да","","https://store.playstation.com/en-tr/concept/10005573","2023-05-11","Driving/Racing","PEGI_3"
"2348","Resident Evil","CUSA01067","PS4","Нет","699,00 TL","","Нет","Нет","","https://store.playstation.com/en-tr/concept/232112","2015-01-19","Horror","PEGI_18"
"2349","PAW Patrol Mighty Pups Save Adventure Bay","PPSA08027","PS4, PS5","Нет","1.049,00 TL","","Да","Да","PS Plus Extra","https://store.playstation.com/en-tr/concept/10000811","2022-08-18","Family","PEGI_3"
"2350","Heart of Ice by Dave Morris","CUSA55517","PS4","Нет","387,00 TL","","Нет","Нет","","https://store.playstation.com/en-tr/concept/10015849","2025-08-20","Casual","PEGI_7"
"2351","Without a Dawn","PPSA32704","PS5","Нет","300,00 TL","Without a Dawn: 300,00 TL; Without a Dawn: 300,00 TL","Нет","Да","","https://store.playstation.com/en-tr/concept/10016439","2026-04-15","Horror","PEGI_16"
"2352","Console Archives Firework Thrower Kantaro's 53 Stations of the Tokaido","PPSA36068","PS5","Нет","300,00 TL","","Нет","Нет","","https://store.playstation.com/en-tr/concept/10018607","2026-06-03","Action","PEGI_7"
"2353","Tails of Iron","PPSA03777","PS4, PS5","Нет","879,00 TL","","Нет","Да","","https://store.playstation.com/en-tr/concept/10002244","2021-09-17","Action","PEGI_16"
"2354","Rush VR","CUSA13397","PS4","Нет","131,25 TL","","Нет","Нет","","https://store.playstation.com/en-tr/concept/232706","2018-12-04","Driving/Racing","PEGI_3"
"2355","DIY Fashion Star","CUSA48699","PS4","Нет","279,00 TL","Standard Edition: 279,00 TL; Gold Edition: 126,00 TL; Complete Edition: 389,00 TL","Нет","Нет","","https://store.playstation.com/en-tr/concept/10010921","2024-06-20","Simulator","PEGI_3"
"2356","NARUTO: Ultimate Ninja STORM","CUSA07160","PS4","Нет","699,00 TL","","Нет","Нет","","https://store.playstation.com/en-tr/concept/203150","2017-08-24","Fighting","PEGI_12"
"2357","DEMON'S TILT","CUSA25404","PS4","Нет","220,50 TL","","Нет","Да","","https://store.playstation.com/en-tr/concept/10001575","2020-11-08","Arcade","PEGI_7"
"2358","She Sees Red - Interactive Movie","CUSA25451","PS4","Нет","429,00 TL","","Да","Да","","https://store.playstation.com/en-tr/concept/10001772","2021-10-27","Unique","PEGI_18"
"2359","Medusa and Her Lover","CUSA16304","PS4","Нет","839,00 TL","","Нет","Нет","","https://store.playstation.com/en-tr/concept/233582","2019-06-26","Action","PEGI_12"
"2360","ExoCross","PPSA09689","PS4, PS5","Нет","254,70 TL","","Нет","Нет","","https://store.playstation.com/en-tr/concept/10005945","2024-07-22","Driving/Racing","PEGI_3"
"2361","Tinykin","PPSA05407","PS4, PS5","Нет","875,00 TL","","Нет","Да","","https://store.playstation.com/en-tr/concept/10003847","2022-08-30","Adventure","PEGI_3"
"2362","BioShock 2","CUSA13065","PS4","Нет","219,75 TL","","Нет","Нет","","https://store.playstation.com/en-tr/concept/232587","2020-05-28","Action","PEGI_18"
"2363","Shenmue I & II","CUSA08355","PS4","Нет","1.949,00 TL","","Нет","Нет","","https://store.playstation.com/en-tr/concept/232366","2018-08-20","Action","PEGI_16"
"2364","Hellsweeper VR","PPSA13547","PS5","Нет","849,00 TL","Standard Edition: 849,00 TL; Deluxe Edition: 1.079,00 TL","Нет","Нет","","https://store.playstation.com/en-tr/concept/10007254","2023-09-20","Action","PEGI_18"
"2365","MindSeize","PPSA19338","PS5","Нет","297,50 TL","MindSeize: 297,50 TL; MindSeize: 297,50 TL","Нет","Нет","","https://store.playstation.com/en-tr/concept/10009491","2024-09-19","Action","PEGI_7"
"2366","Splash of Color","CUSA59394","PS4","Нет","387,00 TL","Wonderful Edition: 387,00 TL; Complete Edition: 849,00 TL","Нет","Нет","","https://store.playstation.com/en-tr/concept/10019659","2026-07-02","Puzzle","PEGI_3"
"2367","THE KING OF FIGHTERS XIV","CUSA05461","PS4","Нет","174,75 TL","THE KING OF FIGHTERS XIV UE: 1.399,00 TL; THE KING OF FIGHTERS XIV: 174,75 TL","Нет","Нет","","https://store.playstation.com/en-tr/concept/211864","2016-08-25","Action","PEGI_12"
"2368","FORCED: Slightly","CUSA02062","PS4","Нет","580,00 TL","","Нет","Да","","https://store.playstation.com/en-tr/concept/201573","2015-10-21","Action","PEGI_16"
"2369","The Legend Of Fireball","PPSA38356","PS5","Нет","343,00 TL","Hot Edition: 343,00 TL; Starter Bundle: 515,00 TL; Deluxe Edition: 849,00 TL; Starter Bundle: 594,30 TL; Hot Edition: 343,00 TL; Starter Bundle: 515,00 TL; Deluxe Edition: 849,00 TL; Starter Bundle: 594,30 TL","Нет","Да","","https://store.playstation.com/en-tr/concept/10019459","2026-07-02","Simulator","PEGI_3"
"2370","Geo IQ World Master","PPSA37789","PS5","Нет","215,00 TL","Geo IQ World Master: 215,00 TL; Geo IQ World Master: 215,00 TL","Нет","Да","","https://store.playstation.com/en-tr/concept/10018915","2026-06-12","Educational","PEGI_3"
"2371","Travis Strikes Again: No More Heroes","CUSA15505","PS4","Нет","86,28 TL","","Нет","Да","","https://store.playstation.com/en-tr/concept/233528","2019-10-16","Action","PEGI_16"
"2372","Anime: Fantasy Uni 3","PPSA36328","PS5","Нет","69,55 TL","Heroines of Fantasy: 515,00 TL; Fantasy Bundle: 257,00 TL; Anime: Fantasy Uni 3: 69,55 TL; Heroines of Fantasy: 515,00 TL; Fantasy Bundle: 257,00 TL; Anime: Fantasy Uni 3: 69,55 TL","Нет","Нет","","https://store.playstation.com/en-tr/concept/10018759","2026-02-24","Adult","PEGI_12"
"2373","WHAT THE BAT?","PPSA10862","PS5","Нет","580,00 TL","","Нет","Нет","","https://store.playstation.com/en-tr/concept/10006350","2023-02-21","Simulation","PEGI_3"
"2374","Fast Food Manager Simulator","PPSA30827","PS5","Нет","274,50 TL","Fast Food Manager Simulator: 274,50 TL; Fast Food Manager Simulator: 125,55 TL","Нет","Нет","","https://store.playstation.com/en-tr/concept/10013130","2025-08-14","Party","PEGI_3"
"2375","Lorn's Lure","PPSA28843","PS5","Нет","292,05 TL","Retro Horror Bundle: 1.499,00 TL; Lorn's Lure: 292,05 TL; Retro Horror Bundle: 1.499,00 TL; Lorn's Lure: 292,05 TL","Нет","Да","","https://store.playstation.com/en-tr/concept/10014407","2025-10-02","Horror","PEGI_12"
"2376","A Game About Digging A Hole","PPSA30552","PS5","Нет","215,00 TL","","Нет","Да","","https://store.playstation.com/en-tr/concept/10015382","2025-12-09","Simulation","PEGI_7"
"2377","Anime Uni 3D: Hot Vacay","PPSA37304","PS5","Нет","107,00 TL","Anime Uni: Holiday Collection: 272,95 TL; Anime Uni 3D: Hot Vacay: 107,00 TL; Anime Uni: Holiday Collection: 272,95 TL; Anime Uni 3D: Hot Vacay: 107,00 TL","Нет","Да","","https://store.playstation.com/en-tr/concept/10019293","2026-05-14","Adult","PEGI_12"
"2378","Borderlands","CUSA10468","PS4","Нет","141,36 TL","","Нет","Нет","","https://store.playstation.com/en-tr/concept/231364","2019-04-02","Shooter","PEGI_18"
"2379","DreamWorks Dragons: Legends of The Nine Realms","PPSA03947","PS4, PS5","Нет","1.399,00 TL","","Нет","Нет","","https://store.playstation.com/en-tr/concept/10003005","2022-09-22","Family","PEGI_7"
"2380","Digimon Survive","CUSA18242","PS4","Нет","1.749,00 TL","","Нет","Нет","","https://store.playstation.com/en-tr/concept/232350","2022-08-28","Adventure","PEGI_12"
"2381","Namco Museum Archives Vol 2","CUSA19116","PS4","Нет","849,00 TL","","Нет","Нет","","https://store.playstation.com/en-tr/concept/10000511","2020-06-17","Arcade","PEGI_7"
"2382","Contra","CUSA15488","PS4","Нет","849,00 TL","","Нет","Нет","","https://store.playstation.com/en-tr/concept/234421","2019-06-10","Shooter","PEGI_7"
"2383","Until Dawn: Rush of Blood","CUSA02350","PS4","Нет","849,00 TL","","Да","Да","","https://store.playstation.com/en-tr/concept/220134","2017-01-23","Horror","PEGI_18"
"2384","MotoGP14","CUSA00318","PS4","Нет","429,00 TL","","Нет","Нет","","https://store.playstation.com/en-tr/concept/202751","2014-06-19","Driving/Racing","PEGI_3"
"2385","SOMA","CUSA03200","PS4","Нет","999,00 TL","Frictional Collection: 3.149,00 TL; SOMA: 999,00 TL","Нет","Да","","https://store.playstation.com/en-tr/concept/204320","2015-09-21","Horror","PEGI_16"
"2386","The Messenger","PPSA24651","PS4, PS5","Нет","849,00 TL","The Messenger: 849,00 TL","Нет","Да","","https://store.playstation.com/en-tr/concept/233517","2025-01-23","Action","PEGI_7"
"2387","Gigantosaurus: Dino Kart","PPSA05519","PS4, PS5","Нет","279,80 TL","","Нет","Нет","","https://store.playstation.com/en-tr/concept/10003931","2023-02-16","Family","PEGI_3"
"2388","Grand Car Racing","PPSA35659","PS5","Нет","228,00 TL","Grand Car Racing: 228,00 TL; Grand Car Racing: 228,00 TL","Нет","Да","","https://store.playstation.com/en-tr/concept/10018377","2026-04-03","Simulator","PEGI_3"
"2389","Yu-Gi-Oh! Legacy of the Duelist","CUSA01618","PS4","Нет","849,00 TL","","Нет","Нет","","https://store.playstation.com/en-tr/concept/205441","2015-07-30","Puzzle","PEGI_3"
"2390","Yellowcreek Stories - The Cabin Watcher","PPSA37853","PS5","Нет","377,60 TL","","Нет","Да","","https://store.playstation.com/en-tr/concept/10019627","2026-08-06","Horror","PEGI_18"
"2391","GOD EATER 2 Rage Burst","CUSA03370","PS4","Нет","1.749,00 TL","","Нет","Да","","https://store.playstation.com/en-tr/concept/213539","2016-08-29","Role Playing Games","PEGI_12"
"2392","SlavicPunk: Oldtimer","PPSA20139","PS5","Нет","38,70 TL","","Нет","Да","","https://store.playstation.com/en-tr/concept/10009798","2024-11-06","Action","PEGI_18"
"2393","Agatha Christie - Hercule Poirot: The London Case","PPSA13528","PS4, PS5","Нет","279,80 TL","","Нет","Да","","https://store.playstation.com/en-tr/concept/10007246","2023-08-28","Adventure","PEGI_12"
"2394","Garfield Kart - Furious Racing","CUSA16485","PS4","Нет","699,00 TL","Garfield Collection - 2 in 1: 1.399,00 TL; Garfield Kart - Furious Racing: 699,00 TL","Нет","Да","","https://store.playstation.com/en-tr/concept/234562","2019-11-06","Driving/Racing","PEGI_3"
"2395","DRAGON BALL XENOVERSE","CUSA01186","PS4","Нет","174,75 TL","Dragon Ball Xenoverse: Time Travel Edition: 2.499,00 TL; DRAGON BALL XENOVERSE: 174,75 TL","Нет","Нет","","https://store.playstation.com/en-tr/concept/201205","2015-02-26","Action","PEGI_12"
"2396","Alfred Hitchcock - Vertigo","PPSA02809","PS5","Нет","139,80 TL","Alfred Hitchcock - Vertigo: 139,80 TL; Alfred Hitchcock - Vertigo: 139,80 TL","Нет","Да","","https://store.playstation.com/en-tr/concept/10002272","2022-09-26","Adventure","PEGI_16"
"2397","Kaze and the Wild Masks","CUSA17501","PS4","Нет","139,80 TL","Kaze and the Wild Masks: 139,80 TL; Kaze and The Wild Masks - Deluxe Edition: 1.079,00 TL","Нет","Да","","https://store.playstation.com/en-tr/concept/234990","2021-03-25","Adventure","PEGI_7"
"2398","Gungrave G.O.R.E","PPSA03684","PS4, PS5","Нет","1.049,00 TL","Standard: 1.049,00 TL; Complete Bundle: 279,80 TL","Нет","Да","","https://store.playstation.com/en-tr/concept/10002868","2022-11-21","Unique","PEGI_16"
"2399","Griftlands","CUSA27606","PS4","Нет","279,60 TL","Griftlands: 279,60 TL","Нет","Нет","","https://store.playstation.com/en-tr/concept/10002747","2021-06-03","Strategy","PEGI_12"
"2400","I Am Your President","PPSA28034","PS5","Нет","699,00 TL","","Нет","Нет","","https://store.playstation.com/en-tr/concept/10013879","2025-04-30","Strategy","PEGI_16"
"2401","Mercenaries Blaze: Dawn of the Twin Dragons","CUSA28709","PS4","Нет","699,00 TL","","Нет","Нет","","https://store.playstation.com/en-tr/concept/10002621","2021-08-31","Strategy","PEGI_16"
"2402","Super Double Dragon","CUSA42353","PS4","Нет","279,00 TL","","Нет","Нет","","https://store.playstation.com/en-tr/concept/10005829","2023-11-08","Action","PEGI_12"
"2403","Door Kickers: Action Squad","CUSA14493","PS4","Нет","529,00 TL","","Нет","Да","","https://store.playstation.com/en-tr/concept/233182","2019-10-24","Action","PEGI_16"
"2404","Hidden Through Time","CUSA18641","PS4","Нет","279,00 TL","Hidden Through Time - Deluxe Edition: 472,00 TL; Hidden Through Time - Complete Edition: 687,00 TL; Hidden Through Time: 279,00 TL","Нет","Да","","https://store.playstation.com/en-tr/concept/10000207","2020-03-11","Puzzle","PEGI_3"
"2405","Forklift Simulator 2023","PPSA26426","PS5","Нет","279,00 TL","Forklift Simulator 2023: 279,00 TL; Forklift Simulator 2023: 279,00 TL","Нет","Да","","https://store.playstation.com/en-tr/concept/10011700","2024-11-07","Simulator","PEGI_3"
"2406","Praetorians - HD Remaster","CUSA24143","PS4","Нет","279,60 TL","","Нет","Да","","https://store.playstation.com/en-tr/concept/234596","2020-09-17","Strategy","PEGI_12"
"2407","inFAMOUS First Light","CUSA00897","PS4","Нет","649,00 TL","","Да","Да","PS Plus Extra","https://store.playstation.com/en-tr/concept/202140","2014-08-26","Action","PEGI_16"
"2408","The Sexy Brutale","CUSA06819","PS4","Нет","244,65 TL","","Нет","Нет","","https://store.playstation.com/en-tr/concept/225410","2017-04-12","Puzzle","PEGI_12"
"2409","Double Dragon Advance","CUSA42355","PS4","Нет","279,00 TL","","Нет","Нет","","https://store.playstation.com/en-tr/concept/10005830","2023-11-08","Action","PEGI_12"
"2410","Geometry Survivor","PPSA20898","PS5","Нет","279,00 TL","Geometry Survivor: 279,00 TL; Geometry Survivor: 279,00 TL","Нет","Да","","https://store.playstation.com/en-tr/concept/10009616","2024-02-23","Action","PEGI_3"
"2411","Duck Detective: The Secret Salami","PPSA26541","PS5","Нет","279,20 TL","","Нет","Нет","","https://store.playstation.com/en-tr/concept/10011827","2025-05-22","Adventure","PEGI_3"
"2412","Welcome to Kowloon","PPSA38129","PS5","Нет","278,85 TL","","Нет","Да","","https://store.playstation.com/en-tr/concept/10019691","2026-07-10","Horror","PEGI_18"
"2413","A Short Hike","CUSA30277","PS4","Нет","279,00 TL","","Нет","Нет","","https://store.playstation.com/en-tr/concept/10003019","2021-11-16","Adventure","PEGI_3"
"2414","Airport Manager Simulator 2025","CUSA53895","PS4","Нет","251,55 TL","","Нет","Нет","","https://store.playstation.com/en-tr/concept/10014520","2025-05-08","Simulation","PEGI_3"
"2415","DYNASTY WARRIORS 8 Empires","CUSA01564","PS4","Нет","1.749,00 TL","","Нет","Нет","PS Plus Extra","https://store.playstation.com/en-tr/concept/221097","2015-03-24","Action","PEGI_16"
"2416","LocoRoco 2","CUSA07695","PS4","Нет","649,00 TL","","Нет","Да","","https://store.playstation.com/en-tr/concept/227869","2017-12-08","Action","PEGI_3"
"2417","Rogue Spirit","PPSA07531","PS5","Нет","279,60 TL","","Нет","Да","","https://store.playstation.com/en-tr/concept/10005025","2023-03-07","Action","PEGI_12"
"2418","Nine Parchments","CUSA05979","PS4","Нет","139,80 TL","","Нет","Да","","https://store.playstation.com/en-tr/concept/222868","2017-12-12","Action","PEGI_12"
"2419","Paper io 2","CUSA45864","PS4","Нет","52,50 TL","Standard Edition: 52,50 TL; Gold Edition: 209,00 TL; Definitive Edition: 206,00 TL","Нет","Нет","","https://store.playstation.com/en-tr/concept/10009532","2024-04-11","Action","PEGI_3"
"2420","Surgeon Simulator","CUSA00861","PS4","Нет","472,00 TL","","Нет","Да","","https://store.playstation.com/en-tr/concept/204513","2014-08-12","Action","PEGI_18"
"2421","Voidwrought","PPSA29246","PS5","Нет","549,00 TL","","Нет","Да","","https://store.playstation.com/en-tr/concept/10014658","2026-03-19","Action","PEGI_12"
"2422","Moonlighter","CUSA10138","PS4","Нет","699,00 TL","Complete Edition: 167,80 TL","Нет","Да","PS Plus Extra","https://store.playstation.com/en-tr/concept/229817","2018-05-28","Adventure","PEGI_7"
"2423","No More Heroes 3","PPSA07577","PS4, PS5","Нет","174,90 TL","No More Heroes 3 Deluxe Edition PS5: 1.079,00 TL","Нет","Нет","PS Plus Extra","https://store.playstation.com/en-tr/concept/10004267","2022-10-14","Action","PEGI_18"
"2424","Capcom Arcade 2nd Stadium","CUSA30640","PS4","Нет","1.399,00 TL","Capcom Arcade 2nd Stadium Bundle: 1.399,00 TL","Нет","Да","","https://store.playstation.com/en-tr/concept/10003891","2022-07-21","Arcade","PEGI_12"
"2425","Amanda the Adventurer 2","PPSA28966","PS4, PS5","Нет","429,00 TL","","Нет","Нет","","https://store.playstation.com/en-tr/concept/10014277","2025-10-16","Puzzle","PEGI_12"
"2426","Ten Dates","PPSA14459","PS4, PS5","Нет","529,00 TL","Ten Dates: 529,00 TL","Нет","Да","","https://store.playstation.com/en-tr/concept/10006966","2023-03-15","Adventure","PEGI_16"
"2427","Mighty Goose","PPSA03463","PS4, PS5","Нет","595,00 TL","","Нет","Да","","https://store.playstation.com/en-tr/concept/10001725","2021-06-05","Action","PEGI_12"
"2428","Fracked","CUSA27468","PS4","Нет","849,00 TL","Standard: 849,00 TL; Deluxe: 1.079,00 TL","Нет","Да","","https://store.playstation.com/en-tr/concept/10002687","2021-08-19","Adventure","PEGI_16"
"2429","RESIDENT EVIL REVELATIONS","CUSA06212","PS4","Нет","699,00 TL","Resident Evil Revelations 1 & 2 Bundle: 1.049,00 TL; RESIDENT EVIL REVELATIONS: 699,00 TL","Нет","Да","","https://store.playstation.com/en-tr/concept/232118","2017-08-28","Horror","PEGI_16"
"2430","Leisure Suit Larry - Wet Dreams Dry Twice","CUSA25517","PS4","Нет","1.399,00 TL","Wet Dreams Saga Bundle: 2.275,00 TL; Leisure Suit Larry - Wet Dreams Dry Twice: 1.399,00 TL","Нет","Да","","https://store.playstation.com/en-tr/concept/10001821","2021-05-17","Adventure","PEGI_16"
"2431","Hairdresser Simulator","PPSA23595","PS5","Нет","499,00 TL","Hairdresser Simulator: 499,00 TL; Hairdresser Builder Bundle: 1.229,00 TL","Нет","Да","","https://store.playstation.com/en-tr/concept/10010160","2024-07-25","Simulator","PEGI_3"
"2432","TOEM","PPSA04353","PS5","Нет","849,00 TL","","Нет","Да","","https://store.playstation.com/en-tr/concept/10003267","2021-09-16","Adventure","PEGI_3"
"2433","Possessor(s)","PPSA24328","PS5","Нет","429,00 TL","","Нет","Да","","https://store.playstation.com/en-tr/concept/10011670","2025-11-11","Adventure","PEGI_16"
"2434","DrumBeats VR","PPSA31602","PS5","Нет","1.079,00 TL","","Нет","Нет","","https://store.playstation.com/en-tr/concept/10015907","2026-03-06","Simulation","PEGI_12"
"2435","Strange Brigade","CUSA07905","PS4","Нет","214,90 TL","Strange Brigade Deluxe Edition: 234,90 TL; Strange Brigade: 214,90 TL","Нет","Да","","https://store.playstation.com/en-tr/concept/227231","2018-08-27","Puzzle","PEGI_16"
"2436","Metal Wolf Chaos XD","CUSA15781","PS4","Нет","263,70 TL","","Нет","Нет","","https://store.playstation.com/en-tr/concept/232571","2019-08-06","Action","PEGI_16"
"2437","Rescue Team 911 Simulator - Ambulance, Police, Firefighter","CUSA49087","PS4","Нет","379,00 TL","","Нет","Нет","","https://store.playstation.com/en-tr/concept/10011157","2024-07-08","Simulation","PEGI_12"
"2438","Attack at Dawn: North Africa","PPSA29663","PS5","Нет","262,50 TL","","Нет","Нет","","https://store.playstation.com/en-tr/concept/10014881","2025-07-10","Strategy","PEGI_7"
"2439","Lonely Hospital","PPSA34561","PS5","Нет","180,00 TL","","Нет","Нет","","https://store.playstation.com/en-tr/concept/10017693","2026-01-15","Adventure","PEGI_16"
"2440","Fishing Sim World: Pro Tour","CUSA12376","PS4","Нет","139,80 TL","Fishing Sim World: Pro Tour + The Catch: Carp & Coarse: 299,80 TL; Fishing Sim World®: Pro Tour Collector's Edition: 1.949,00 TL; Fishing Sim World®: Pro Tour - Lough Kerr + Talon Fishery: 109,80 TL; Fishing Sim World: Pro Tour Deluxe Edition: 879,00 TL; Fishing Sim World: Pro Tour + Quad Lake Pass: 1.749,00 TL; Fishing Sim World: Pro Tour: 139,80 TL","Нет","Да","","https://store.playstation.com/en-tr/concept/232285","2018-09-18","Simulation","PEGI_3"
"2441","Kill It With Fire VR","PPSA08718","PS4, PS5","Нет","525,00 TL","Kill It With Fire VR: 525,00 TL","Нет","Да","","https://store.playstation.com/en-tr/concept/10005532","2023-11-07","Adventure","PEGI_7"
"2442","The Last Campfire","CUSA19445","PS4","Нет","525,00 TL","","Нет","Да","","https://store.playstation.com/en-tr/concept/10000531","2020-08-26","Adventure","PEGI_3"
"2443","Everdream Valley","PPSA14730","PS4, PS5","Нет","262,50 TL","Farm & Family Pack: 1.419,00 TL; Everdream Valley PS4 & PS5: 262,50 TL; Farm & Family Pack: 1.419,00 TL","Нет","Нет","","https://store.playstation.com/en-tr/concept/10007656","2023-05-29","Family","PEGI_3"
"2444","Matchpoint - Tennis Championships","PPSA03720","PS4, PS5","Нет","2.149,00 TL","Legends Edition: 1.949,00 TL","Нет","Да","","https://store.playstation.com/en-tr/concept/10001408","2022-07-06","Sport","PEGI_3"
"2445","THE Table Game Deluxe Pack -Mahjong, Go, Shogi, Tsume Shogi, Othello, Card, Hanafuda, Shisen Mahjong Solitaire, Chess, Backgammon","PPSA15489","PS4, PS5","Нет","525,00 TL","","Нет","Нет","","https://store.playstation.com/en-tr/concept/10006597","2023-05-24","Casual","PEGI_18"
"2446","Alice Gear Aegis CS Concerto of Simulatrix","PPSA08363","PS4, PS5","Нет","262,25 TL","","Нет","Нет","","https://store.playstation.com/en-tr/concept/10003388","2023-03-15","Action","PEGI_12"
"2447","The Riftbreaker","PPSA03754","PS5","Нет","1.049,00 TL","The Riftbreaker: 1.049,00 TL; Complete Edition: 524,70 TL","Нет","Да","","https://store.playstation.com/en-tr/concept/10002245","2021-10-13","Action","PEGI_12"
"2448","Ship Graveyard Simulator","CUSA39291","PS4","Нет","525,00 TL","Ship Graveyard SIEE: 525,00 TL; Gold & Ship Bundle: Gold Mining & Ship Graveyard Simulator: 1.149,00 TL","Нет","Да","","https://store.playstation.com/en-tr/concept/10006848","2023-02-23","Simulator","PEGI_3"
"2449","The Last Kids on Earth and the Staff of Doom","CUSA19270","PS4","Нет","1.049,00 TL","","Нет","Нет","","https://store.playstation.com/en-tr/concept/10000473","2021-06-03","Family","PEGI_7"
"2451","Firefighters – The Simulation","CUSA06663","PS4","Нет","1.299,00 TL","Firefighters – The Simulation: 1.299,00 TL; Firefighters - The Simulation Platinum Bundle: 1.499,00 TL; Firechief Bundle: 2.149,00 TL; Everyday Heroes Bundle: 1.499,00 TL","Нет","Нет","","https://store.playstation.com/en-tr/concept/224853","2017-01-20","Simulation","PEGI_3"
"2452","The 25th Ward: The Silver Case","CUSA11002","PS4","Нет","1.049,00 TL","","Нет","Нет","","https://store.playstation.com/en-tr/concept/228880","2018-03-16","Adventure","PEGI_16"
"2453","TheNightfall","CUSA15215","PS4","Нет","1.299,00 TL","","Нет","Да","","https://store.playstation.com/en-tr/concept/233504","2019-11-27","Horror","PEGI_16"
"2454","NARUTO SHIPPUDEN: Ultimate Ninja STORM 2","CUSA07162","PS4","Нет","699,00 TL","","Нет","Нет","","https://store.playstation.com/en-tr/concept/203143","2017-08-24","Fighting","PEGI_12"
"2455","Soul Hackers 2","PPSA03744","PS4, PS5","Нет","519,80 TL","Standard Edition: 519,80 TL; Digital Premium Edition: 699,80 TL; Digital Deluxe Edition: 2.999,00 TL","Нет","Нет","","https://store.playstation.com/en-tr/concept/10001070","2022-08-26","Role Playing Games","PEGI_16"
"2456","Chronos: Before the Ashes","CUSA15161","PS4","Нет","1.299,00 TL","","Нет","Да","","https://store.playstation.com/en-tr/concept/233477","2020-11-30","Unique","PEGI_16"
"2457","Neon Abyss","CUSA18931","PS4","Нет","699,00 TL","Neon Abyss: 699,00 TL; Deluxe Edition: 879,00 TL","Нет","Да","","https://store.playstation.com/en-tr/concept/10000314","2020-07-13","Shooter","PEGI_16"
"2458","Endzone - A World Apart","PPSA03662","PS5","Нет","1.749,00 TL","Survivor Edition: 1.749,00 TL; Complete Edition: 1.925,00 TL; Survivor Edition PS4: 1.749,00 TL","Нет","Да","","https://store.playstation.com/en-tr/concept/10002515","2022-05-18","Strategy","PEGI_12"
"2459","SBK22","PPSA05749","PS4, PS5","Нет","129,90 TL","","Нет","Нет","","https://store.playstation.com/en-tr/concept/10004085","2022-09-14","Driving/Racing","PEGI_3"
"2460","Gord","PPSA11544","PS5","Нет","1.199,00 TL","Gord: 1.199,00 TL; Deluxe Edition: 1.299,00 TL","Нет","Да","","https://store.playstation.com/en-tr/concept/10006626","2023-08-16","Strategy","PEGI_18"
"2461","The Witness","CUSA04263","PS4","Нет","1.299,00 TL","","Нет","Да","","https://store.playstation.com/en-tr/concept/211871","2016-01-25","Adventure","PEGI_3"
"2462","Othercide","CUSA17231","PS4","Нет","157,35 TL","","Нет","Да","","https://store.playstation.com/en-tr/concept/234875","2020-07-28","Strategy","PEGI_16"
"2463","Park Beyond","PPSA01683","PS5","Нет","1.049,00 TL","Complete Edition: 2.599,00 TL","Да","Да","","https://store.playstation.com/en-tr/concept/10001225","2023-06-15","Simulation","PEGI_7"
"2464","Saint Kotar","PPSA06716","PS5","Нет","104,85 TL","Saint Kotar: 104,85 TL; Mystery Horror Bundle: 1.299,00 TL; Saint Kotar: 104,85 TL; Mystery Horror Bundle: 1.299,00 TL","Нет","Да","","https://store.playstation.com/en-tr/concept/10004613","2022-11-21","Horror","PEGI_16"
"2465","Knight Squad 2","CUSA29925","PS4","Нет","64,90 TL","","Нет","Да","","https://store.playstation.com/en-tr/concept/10003075","2021-10-05","Action","PEGI_7"
"2466","The Survivalists","CUSA16146","PS4","Нет","879,00 TL","The Survivalists - Deluxe Edition: 37,93 TL; The Survivalists: 879,00 TL; Complete Edition: 1.299,00 TL","Нет","Да","","https://store.playstation.com/en-tr/concept/234385","2020-10-08","Action","PEGI_7"
"2467","God of Weapons","PPSA26564","PS5","Нет","429,00 TL","","Нет","Да","","https://store.playstation.com/en-tr/concept/10012935","2025-07-31","Action","PEGI_7"
"2468","LEFT ALIVE","CUSA11201","PS4","Нет","2.579,00 TL","","Нет","Нет","","https://store.playstation.com/en-tr/concept/231288","2019-03-05","Shooter","PEGI_18"
"2469","The Perplexing Orb Touch!","PPSA31139","PS5","Нет","515,00 TL","","Нет","Нет","","https://store.playstation.com/en-tr/concept/10015645","2026-07-29","Puzzle","PEGI_3"
"2470","ACA2NEOGEO THE KING OF FIGHTERS '98","PPSA02861","PS5","Нет","387,00 TL","","Нет","Нет","","https://store.playstation.com/en-tr/concept/10002337","2025-02-26","Fighting","PEGI_12"
"2471","SCHOOLBOY SIM","CUSA54203","PS4","Нет","235,95 TL","","Нет","Нет","","https://store.playstation.com/en-tr/concept/10014771","2025-10-27","Puzzle","PEGI_7"
"2472","TOSS!","PPSA16099","PS5","Нет","429,00 TL","","Нет","Нет","","https://store.playstation.com/en-tr/concept/10008232","2023-09-07","Action","PEGI_3"
"2473","Fly for Fly","PPSA34131","PS5","Нет","193,00 TL","Fly for Fly: 193,00 TL; Fly for Fly: 193,00 TL","Нет","Нет","","https://store.playstation.com/en-tr/concept/10017420","2026-03-06","Simulator","PEGI_3"
"2474","RICO","CUSA11248","PS4","Нет","849,00 TL","","Нет","Нет","","https://store.playstation.com/en-tr/concept/231611","2019-03-11","Action","PEGI_16"
"2475","Harvest Days","PPSA14676","PS5","Нет","849,00 TL","Harvest Days: 849,00 TL; Harvest Days: 849,00 TL","Нет","Нет","","https://store.playstation.com/en-tr/concept/10007742","2024-07-25","Simulation","PEGI_3"
"2476","Power Rangers: Battle For The Grid","CUSA15284","PS4","Нет","849,00 TL","Power Rangers Battle for the Grid: Collector's Edition: 1.299,00 TL","Нет","Нет","PS Plus Extra","https://store.playstation.com/en-tr/concept/233468","2019-04-02","Fighting","PEGI_12"
"2477","Too Many Santas!","PPSA34235","PS4, PS5","Нет","257,00 TL","","Нет","Нет","","https://store.playstation.com/en-tr/concept/10017488","2025-12-09","Adventure","PEGI_12"
"2478","Death By Scrolling","PPSA31689","PS5","Нет","257,25 TL","","Нет","Да","","https://store.playstation.com/en-tr/concept/10016066","2026-04-16","Adventure","PEGI_12"
"2479","MathLand","PPSA07234","PS5","Нет","257,00 TL","MathLand: 257,00 TL; MathLand: 257,00 TL","Нет","Да","","https://store.playstation.com/en-tr/concept/10004845","2023-05-11","Educational","PEGI_3"
"2480","DOLLMAKER","PPSA35915","PS5","Нет","257,00 TL","DOLLMAKER: 257,00 TL; DOLLMAKER: 257,00 TL","Нет","Да","","https://store.playstation.com/en-tr/concept/10018515","2026-04-24","Horror","PEGI_7"
"2481","Three Fourths Home","CUSA03850","PS4","Нет","257,00 TL","","Нет","Нет","","https://store.playstation.com/en-tr/concept/205008","2015-12-09","Adventure","PEGI_12"
"2482","Mineral","PPSA24301","PS5","Нет","257,00 TL","","Нет","Нет","","https://store.playstation.com/en-tr/concept/10011642","2024-12-19","Puzzle","PEGI_3"
"2483","BloodRayne Betrayal: Fresh Bites","PPSA03365","PS4, PS5","Нет","849,00 TL","","Нет","Нет","","https://store.playstation.com/en-tr/concept/10002331","2021-09-09","Fighting","PEGI_16"
"2484","Street Racer Underground","CUSA23829","PS4","Нет","257,00 TL","","Нет","Нет","","https://store.playstation.com/en-tr/concept/10001131","2020-10-09","Driving/Racing","PEGI_3"
"2485","Unbox the Room","PPSA36336","PS5","Нет","257,00 TL","Unbox the Room: 257,00 TL; Unbox the Room: 257,00 TL","Нет","Да","","https://store.playstation.com/en-tr/concept/10018770","2026-07-22","Puzzle","PEGI_3"
"2486","Extremely Powerful Capybaras","PPSA25961","PS5","Нет","257,00 TL","","Нет","Нет","","https://store.playstation.com/en-tr/concept/10012476","2025-09-24","Action","PEGI_7"
"2487","Tallowmere 2: Curse of the Kittens","PPSA37526","PS5","Нет","255,00 TL","","Нет","Да","","https://store.playstation.com/en-tr/concept/10019428","2026-06-02","Action","PEGI_7"
"2488","Let's! Revolution!","PPSA20183","PS4, PS5","Нет","254,70 TL","","Нет","Нет","","https://store.playstation.com/en-tr/concept/10009036","2024-04-11","Strategy","PEGI_7"
"2489","Children of Morta","CUSA10646","PS4","Нет","949,00 TL","Complete Edition: 236,25 TL","Нет","Да","PS Plus Extra","https://store.playstation.com/en-tr/concept/231069","2019-10-14","Action","PEGI_12"
"2490","EVERSPACE - Original Soundtrack","CUSA11978","PS4","Нет","245,00 TL","EVERSPACE™ - Stellar Edition: 1.049,00 TL; EVERSPACE™ - Original Soundtrack: 245,00 TL; EVERSPACE™: 699,00 TL","Нет","Да","","https://store.playstation.com/en-tr/concept/231741","2018-05-22","Action","PEGI_7"
"2491","Ed-0: Zombie Uprising","PPSA13737","PS5","Нет","1.015,00 TL","","Нет","Нет","","https://store.playstation.com/en-tr/concept/10006465","2023-07-13","Action","PEGI_16"
"2492","Strike Force 3","PPSA16830","PS5","Нет","849,00 TL","Strike Force 3: 849,00 TL; Strike Force 3: 849,00 TL","Нет","Да","","https://store.playstation.com/en-tr/concept/10008534","2023-09-06","Action","PEGI_16"
"2493","Coaster","CUSA14941","PS4","Нет","257,00 TL","","Нет","Нет","","https://store.playstation.com/en-tr/concept/233409","2020-02-16","Action","PEGI_3"
"2494","Lara Croft and the Temple of Osiris","CUSA00806","PS4","Нет","104,85 TL","Lara Croft and the Temple of Osiris & Season Pass Pack: 1.015,00 TL; Lara Croft and the Temple of Osiris: 104,85 TL","Нет","Да","","https://store.playstation.com/en-tr/concept/202556","2014-12-08","Puzzle","PEGI_12"
"2495","Helicopter Flight Simulator","CUSA49761","PS4","Нет","525,00 TL","Helicopter Flight Simulator: 356,95 TL; Helicopter Flight Simulator: 525,00 TL","Нет","Нет","","https://store.playstation.com/en-tr/concept/10011639","2024-10-14","Adventure","PEGI_3"
"2496","MLB The Show 21","PPSA01416","PS5","Нет","1.299,00 TL","Standard Edition: 1.299,00 TL; Standard Edition: 202,37 TL; Jackie Robinson Edition: 1.949,00 TL; Digital Deluxe Edition: 2.579,00 TL","Нет","Нет","","https://store.playstation.com/en-tr/concept/10000668","2021-04-19","Sport","PEGI_3"
"2497","What The Dub?!","CUSA26987","PS4","Нет","245,00 TL","","Нет","Нет","","https://store.playstation.com/en-tr/concept/10002481","2021-04-07","Party","PEGI_12"
"2498","Distrust","CUSA12084","PS4","Нет","699,00 TL","","Нет","Нет","","https://store.playstation.com/en-tr/concept/232171","2018-11-15","Strategy","PEGI_12"
"2499","Tactics Ogre: Reborn","PPSA03840","PS4, PS5","Нет","131,70 TL","Digital Premium Edition: 529,00 TL","Нет","Нет","","https://store.playstation.com/en-tr/concept/10001956","2022-11-10","Role Playing Games","PEGI_12"
"2500","Owlboy","CUSA09920","PS4","Нет","153,80 TL","","Нет","Да","","https://store.playstation.com/en-tr/concept/229827","2018-04-24","Action","PEGI_7"
"2501","MORDHAU","PPSA08087","PS5","Нет","1.749,00 TL","Platinum Edition: 2.999,00 TL; Gold Edition: 2.799,00 TL; Diamond Edition: 3.449,00 TL; Platinum Edition: 2.999,00 TL; Gold Edition: 2.799,00 TL; Diamond Edition: 3.449,00 TL","Нет","Нет","PS Plus Extra","https://store.playstation.com/en-tr/concept/10004427","2023-07-11","Action","PEGI_18"
"2502","Conan Chop Chop","CUSA16299","PS4","Нет","699,00 TL","","Нет","Да","","https://store.playstation.com/en-tr/concept/234458","2022-03-01","Action","PEGI_7"
"2503","Burnhouse Lane","PPSA16613","PS5","Нет","209,70 TL","Burnhouse Lane: 209,70 TL; Burnhouse Lane: 209,70 TL","Нет","Да","","https://store.playstation.com/en-tr/concept/10008443","2023-07-01","Horror","PEGI_18"
"2504","Tennis World Tour 2","PPSA02019","PS5","Нет","1.749,00 TL","Ace Edition: 1.749,00 TL","Нет","Да","","https://store.playstation.com/en-tr/concept/10001023","2021-03-25","Sport","PEGI_3"
"2505","World Cup Soccer 2026","PPSA29718","PS5","Нет","245,00 TL","World Cup Soccer 2026: 245,00 TL; World Cup Soccer 2026: 245,00 TL","Нет","Нет","","https://store.playstation.com/en-tr/concept/10014906","2025-04-11","Sport","PEGI_3"
"2506","SteamWorld Build","PPSA06484","PS4, PS5","Нет","1.049,00 TL","SteamWorld Build: 1.049,00 TL; SteamWorld Build & Dig: 1.229,00 TL; SteamWorld Build Deluxe Edition: 1.229,00 TL","Нет","Да","","https://store.playstation.com/en-tr/concept/10004497","2023-12-01","Strategy","PEGI_7"
"2507","Eiyuden Chronicle: Hundred Heroes","PPSA04722","PS4, PS5","Нет","524,70 TL","Eiyuden Chronicle: Hundred Heroes - Digital Deluxe Edition: 2.799,00 TL","Нет","Да","PS Plus Extra","https://store.playstation.com/en-tr/concept/10003484","2024-04-22","Role Playing Games","PEGI_12"
"2508","The Jak and","CUSA07934","PS4","Нет","1.749,00 TL","","Нет","Да","","https://store.playstation.com/en-tr/concept/202214","2017-12-05","Adventure","PEGI_12"
"2509","CATO: Buttered Cat","PPSA27709","PS5","Нет","419,00 TL","","Нет","Да","","https://store.playstation.com/en-tr/concept/10013603","2025-04-30","Puzzle","PEGI_3"
"2510","Dreamfall Chapters","CUSA07140","PS4","Нет","699,00 TL","","Нет","Нет","","https://store.playstation.com/en-tr/concept/227131","2017-05-05","Adventure","PEGI_16"
"2511","Lumberjack's Dynasty","CUSA32418","PS4","Нет","1.049,00 TL","","Нет","Да","","https://store.playstation.com/en-tr/concept/10002259","2022-06-30","Simulation","PEGI_3"
"2512","Masters Tennis HD","PPSA28253","PS5","Нет","245,00 TL","Masters Tennis HD: 245,00 TL; Masters Tennis HD: 245,00 TL","Нет","Нет","","https://store.playstation.com/en-tr/concept/10014033","2025-03-05","Sport","PEGI_3"
"2513","Oddworld: Soulstorm","PPSA02259","PS5","Нет","1.749,00 TL","","Нет","Да","PS Plus Extra","https://store.playstation.com/en-tr/concept/227431","2021-04-05","Action","PEGI_12"
"2514","Do Not Feed the Monkeys","PPSA29025","PS5","Нет","699,00 TL","Do Not Feed the Monkeys: 699,00 TL; Do Not Feed the Monkeys: 699,00 TL","Нет","Да","","https://store.playstation.com/en-tr/concept/10000578","2025-06-06","Strategy","PEGI_16"
"2515","This War of Mine: The Little Ones","CUSA02646","PS4","Нет","69,90 TL","","Нет","Да","","https://store.playstation.com/en-tr/concept/204740","2016-01-28","Action","PEGI_18"
"2516","Lords of the Fallen (2014)","CUSA00377","PS4","Нет","849,00 TL","Lords of the Fallen (2014): 849,00 TL; Complete Edition: 1.299,00 TL","Нет","Да","","https://store.playstation.com/en-tr/concept/202563","2014-10-27","Action","PEGI_16"
"2517","Monster Hunter Stories 2: Wings of Ruin","CUSA43547","PS4","Нет","1.749,00 TL","Deluxe Edition: 2.149,00 TL; Collection: 2.579,00 TL; Deluxe Collection: 2.999,00 TL","Нет","Да","PS Plus Extra","https://store.playstation.com/en-tr/concept/10007583","2024-06-13","Role Playing Games","PEGI_7"
"2518","Breachers","PPSA17701","PS5","Нет","849,00 TL","","Нет","Да","","https://store.playstation.com/en-tr/concept/10008882","2023-12-20","Shooter","PEGI_16"
"2519","Prison City","PPSA16686","PS4, PS5","Нет","244,30 TL","","Нет","Нет","","https://store.playstation.com/en-tr/concept/10008478","2024-01-14","Action","PEGI_7"
"2520","Celeste","CUSA11235","PS4","Нет","849,00 TL","","Нет","Да","PS Plus Extra","https://store.playstation.com/en-tr/concept/231477","2018-01-24","Action","PEGI_7"
"2521","KINGDOM HEARTS Melody of Memory","CUSA18879","PS4","Нет","159,59 TL","KINGDOM HEARTS Melody of Memory: 159,59 TL","Нет","Нет","","https://store.playstation.com/en-tr/concept/10000328","2020-11-12","Family","PEGI_12"
"2522","Bleak Faith: Forsaken","PPSA22299","PS5","Нет","479,60 TL","","Нет","Нет","","https://store.playstation.com/en-tr/concept/10010698","2024-08-05","Role Playing Games","PEGI_18"
"2523","Guacamelee! Super Turbo Championship Edition - PS4 Upgrade","CUSA00319","PS4","Нет","349,00 TL","Guacamelee! Super Turbo Championship Edition: 349,00 TL","Нет","Нет","","https://store.playstation.com/en-tr/concept/201687","2014-07-02","Adventure","PEGI_12"
"2524","Kona","PPSA05383","PS4, PS5","Нет","525,00 TL","Kona VR Bundle: 139,80 TL; Kona: 525,00 TL","Нет","Нет","","https://store.playstation.com/en-tr/concept/227161","2021-12-07","Adventure","PEGI_16"
"2525","TASOMACHI: Behind the Twilight","CUSA31502","PS4","Нет","595,00 TL","","Нет","Нет","","https://store.playstation.com/en-tr/concept/10004193","2022-04-27","Adventure","PEGI_3"
"2526","AKIBA'S TRIP: Undead & Undressed","CUSA01539","PS4","Нет","1.199,00 TL","","Нет","Нет","","https://store.playstation.com/en-tr/concept/200075","2015-02-10","Action","PEGI_16"
"2527","S.T.A.L.K.E.R.: Clear Sky - Enhanсed Edition","PPSA21733","PS4, PS5","Нет","849,00 TL","","Нет","Да","","https://store.playstation.com/en-tr/concept/10008578","2025-05-20","Action","PEGI_16"
"2528","Tomb Raider: Anniversary","PPSA27718","PS4, PS5","Нет","849,00 TL","","Нет","Нет","","https://store.playstation.com/en-tr/concept/10013616","2025-11-18","Adventure","PEGI_12"
"2529","Watch_Dogs","CUSA00016","PS4","Нет","849,00 TL","WATCH_DOGS™ COMPLETE EDITION: 1.299,00 TL","Да","Да","PS Plus Extra","https://store.playstation.com/en-tr/concept/205264","2014-08-26","Adventure","PEGI_18"
"2530","Monster Truck Championship Rebel","PPSA01901","PS5","Нет","1.749,00 TL","Rebel Hunter Edition: 1.749,00 TL; Rebel Hunter Edition: 1.749,00 TL","Нет","Да","","https://store.playstation.com/en-tr/concept/10000346","2021-03-11","Sport","PEGI_3"
"2531","WILD HEARTS","PPSA07836","PS5","Нет","2.900,00 TL","WILD HEARTS™ Standard Edition: 2.900,00 TL; Karakuri Edition: 3.600,00 TL","Нет","Нет","EA Access","https://store.playstation.com/en-tr/concept/10005161","2023-02-16","Adventure","PEGI_12"
"2532","The Talos Principle 2","PPSA05888","PS5","Нет","1.049,00 TL","The Talos Principle Ultimate Collection: 2.499,00 TL; Deluxe Edition: 236,25 TL","Нет","Да","PS Plus Extra","https://store.playstation.com/en-tr/concept/10004172","2023-11-02","Puzzle","PEGI_12"
"2533","Tomb Raider: Legend","PPSA22453","PS4, PS5","Нет","699,00 TL","","Нет","Нет","","https://store.playstation.com/en-tr/concept/10010747","2024-06-11","Action","PEGI_12"
"2534","Flight Simulator Delivery: Cargo Business","PPSA30616","PS5","Нет","382,05 TL","Flight Simulator Delivery: Cargo Business: 382,05 TL; Flight Simulator Delivery: Cargo Business: 124,75 TL","Нет","Нет","","https://store.playstation.com/en-tr/concept/10011052","2025-06-16","Casual","PEGI_3"
"2535","Guess the Flag!","PPSA23450","PS5","Нет","236,00 TL","Guess the Flag!: 236,00 TL; Guess the Flag!: 236,00 TL","Нет","Нет","","https://store.playstation.com/en-tr/concept/10010281","2024-06-13","Party","PEGI_3"
"2536","Warfront Tactics: Battlefield Chronicles Battle Simulator","CUSA49135","PS4","Нет","349,00 TL","","Нет","Нет","","https://store.playstation.com/en-tr/concept/10011187","2024-06-14","Action","PEGI_12"
"2537","Brewmaster: Beer Brewing Simulator","PPSA03868","PS4, PS5","Нет","94,35 TL","","Нет","Да","","https://store.playstation.com/en-tr/concept/10003003","2022-10-27","Simulation","PEGI_18"
"2538","PJ Masks: Heroes of the Night","PPSA04037","PS4, PS5","Нет","1.749,00 TL","Complete Edition: 399,75 TL","Да","Да","PS Plus Extra","https://store.playstation.com/en-tr/concept/10002220","2022-01-20","Family","PEGI_3"
"2539","The Talos Principle: Reawakened","PPSA26283","PS5","Нет","1.399,00 TL","The Talos Principle Origin Bundle: 644,70 TL; The Talos Principle Dyad Bundle: 2.099,00 TL","Нет","Да","","https://store.playstation.com/en-tr/concept/10012495","2025-04-10","Puzzle","PEGI_12"
"2540","Train Sim World 5","PPSA23364","PS4, PS5","Нет","1.599,00 TL","","Нет","Да","PS Plus Extra","https://store.playstation.com/en-tr/concept/10011130","2024-09-17","Simulation","PEGI_3"
"2541","S.T.A.L.K.E.R.: Call of Prypiat - Enhanсed Edition","PPSA21732","PS4, PS5","Нет","849,00 TL","","Нет","Да","","https://store.playstation.com/en-tr/concept/10008579","2025-05-19","Action","PEGI_16"
"2542","Sniper Ghost Warrior Contracts","CUSA14619","PS4","Нет","1.399,00 TL","Sniper Ghost Warrior Contracts: 1.399,00 TL; SGWC and SGW3 Edition: 2.579,00 TL; Full Arsenal Edition: 1.749,00 TL","Нет","Да","","https://store.playstation.com/en-tr/concept/233238","2019-11-21","Shooter","PEGI_18"
"2543","Handball 21","CUSA15460","PS4","Нет","699,00 TL","","Нет","Нет","","https://store.playstation.com/en-tr/concept/233683","2020-11-12","Unique","PEGI_3"
"2544","Capcom Beat 'Em Up Bundle","CUSA11890","PS4","Нет","699,00 TL","","Нет","Нет","","https://store.playstation.com/en-tr/concept/232069","2018-09-17","Action","PEGI_16"
"2545","Cuties Hacked: Oh no someone stole my photos!","PPSA08034","PS4, PS5","Нет","105,00 TL","Cuties Hacked Premium Edition: 105,00 TL","Нет","Нет","","https://store.playstation.com/en-tr/concept/10005251","2022-10-04","Casual","PEGI_12"
"2546","Thief Simulator","CUSA20097","PS4","Нет","699,00 TL","Thief Simulator: 699,00 TL; Recycling Center Simulator & Thief Simulator: 1.749,00 TL","Нет","Да","","https://store.playstation.com/en-tr/concept/10000707","2020-08-12","Action","PEGI_7"
"2547","IRON GUARD: Salvation","PPSA29572","PS5","Нет","464,40 TL","IRON GUARD VR Bundle: 809,25 TL","Нет","Да","","https://store.playstation.com/en-tr/concept/10014836","2026-03-04","Strategy","PEGI_7"
"2548","Carrier Deck","PPSA26563","PS5","Нет","419,00 TL","Carrier Deck: 419,00 TL; Carrier Deck: 419,00 TL","Нет","Нет","","https://store.playstation.com/en-tr/concept/10012934","2025-06-05","Simulator","PEGI_7"
"2549","Shadow Man","CUSA25663","PS4","Нет","774,00 TL","","Нет","Нет","","https://store.playstation.com/en-tr/concept/10001953","2022-01-29","Action","PEGI_16"
"2550","Yakuza 4","CUSA15361","PS4","Нет","349,50 TL","","Нет","Нет","","https://store.playstation.com/en-tr/concept/205422","2019-10-28","Action","PEGI_18"
"2551","The Jackbox Survey Scramble","PPSA23743","PS4, PS5","Нет","349,00 TL","The Jackbox Survey Scramble: 349,00 TL; The Jackbox Naughty and Nice Bundle: 1.160,00 TL; The Jackbox Big Bang Bundle: 1.049,30 TL","Нет","Нет","","https://store.playstation.com/en-tr/concept/10011363","2024-10-24","Party","PEGI_12"
"2552","Super Slime Boy","PPSA28976","PS5","Нет","229,00 TL","Super Slime Boy: 229,00 TL; Super Slime Boy: 279,00 TL","Нет","Нет","","https://store.playstation.com/en-tr/concept/10014481","2025-03-21","Action","PEGI_7"
"2553","Beach Invasion 1945 - Pacific","PPSA25403","PS5","Нет","349,00 TL","","Нет","Да","","https://store.playstation.com/en-tr/concept/10012188","2025-07-14","Action","PEGI_16"
"2554","Pang Adventures","CUSA03650","PS4","Нет","349,00 TL","","Нет","Да","","https://store.playstation.com/en-tr/concept/216570","2016-04-18","Action","PEGI_3"
"2555","Tiny Tina's Assault on Dragon Keep: A Wonderlands One-shot Adventure","CUSA30036","PS4","Нет","349,00 TL","","Нет","Нет","","https://store.playstation.com/en-tr/concept/10003658","2021-11-09","Shooter","PEGI_16"
"2556","Sword Art Online Re: Hollow Fragment","CUSA02607","PS4","Нет","699,00 TL","","Нет","Нет","","https://store.playstation.com/en-tr/concept/226798","2015-08-03","Role Playing Games","PEGI_12"
"2557","Hellboy Web of Wyrd","PPSA11264","PS5","Нет","1.079,00 TL","","Нет","Да","","https://store.playstation.com/en-tr/concept/10006524","2023-10-18","Action","PEGI_12"
"2558","Arcade Archives TANK FORCE","CUSA39269","PS4","Нет","210,00 TL","","Нет","Нет","","https://store.playstation.com/en-tr/concept/10006830","2023-01-18","Action","PEGI_7"
"2559","1971 Project Helios","CUSA14861","PS4","Нет","227,15 TL","","Нет","Нет","","https://store.playstation.com/en-tr/concept/233356","2020-05-16","Strategy","PEGI_16"
"2560","Quest Hunter","CUSA16790","PS4","Нет","157,35 TL","Deluxe Edition: 1.749,00 TL; Quest Hunter: 157,35 TL","Нет","Да","","https://store.playstation.com/en-tr/concept/234704","2020-09-03","Action","PEGI_12"
"2561","Moving Houses","PPSA26114","PS4, PS5","Нет","455,00 TL","","Нет","Да","","https://store.playstation.com/en-tr/concept/10012618","2025-04-15","Simulation","PEGI_12"
"2562","Honor and Duty","CUSA07607","PS4","Нет","227,00 TL","","Нет","Нет","","https://store.playstation.com/en-tr/concept/217160","2018-03-27","Action","PEGI_16"
"2563","Trine","CUSA01126","PS4","Нет","91,00 TL","Trine Enchanted Edition: 91,00 TL; Trine Bundle: 175,00 TL","Нет","Нет","","https://store.playstation.com/en-tr/concept/226957","2014-12-16","Action","PEGI_12"
"2564","GRIS |","PPSA09804","PS4, PS5","Нет","529,00 TL","GRIS + Neva Bundle: 1.049,00 TL","Нет","Да","PS Plus Extra","https://store.playstation.com/en-tr/concept/234650","2022-12-13","Action","PEGI_7"
"2565","A Blackout Protocol Report","PPSA29740","PS5","Нет","230,45 TL","A Blackout Protocol Report: 230,45 TL; A Blackout Protocol Report: 230,45 TL","Нет","Нет","","https://store.playstation.com/en-tr/concept/10014940","2025-04-25","Horror","PEGI_12"
"2566","Rainbow Reactor: Fusion","PPSA18973","PS5","Нет","525,00 TL","Rainbow Reactor: Fusion: 525,00 TL; Deluxe Edition: 849,00 TL","Нет","Нет","","https://store.playstation.com/en-tr/concept/10009354","2024-02-29","Puzzle","PEGI_3"
"2567","PHOGS!","CUSA19479","PS4","Нет","875,00 TL","","Нет","Нет","PS Plus Extra","https://store.playstation.com/en-tr/concept/10000598","2020-12-03","Adventure","PEGI_3"
"2568","Amer: The Chase Hit and Run","PPSA35359","PS4, PS5","Нет","228,00 TL","","Нет","Нет","","https://store.playstation.com/en-tr/concept/10018067","2026-02-19","Casual","PEGI_7"
"2569","My Name is Mayo 3","CUSA31516","PS4","Нет","74,90 TL","","Нет","Нет","","https://store.playstation.com/en-tr/concept/10003584","2022-05-16","Adventure","PEGI_12"
"2570","Eyes: The Horror game","CUSA48340","PS4","Нет","52,50 TL","","Нет","Нет","","https://store.playstation.com/en-tr/concept/10010733","2024-08-22","Horror","PEGI_12"
"2571","Call of Cthulhu","CUSA04850","PS4","Нет","174,75 TL","","Нет","Да","PS Plus Extra","https://store.playstation.com/en-tr/concept/216117","2018-10-29","Unique","PEGI_18"
"2572","Star Ocean Till The End Of Time","CUSA06379","PS4","Нет","735,00 TL","","Нет","Нет","","https://store.playstation.com/en-tr/concept/210465","2017-05-23","Role Playing Games","PEGI_12"
"2573","Hotel Transylvania 3 Monsters Overboard","CUSA11093","PS4","Нет","879,00 TL","","Нет","Нет","","https://store.playstation.com/en-tr/concept/231095","2018-07-12","Family","PEGI_7"
"2574","Vampire Crawlers: The Turbo Wildcard from Vampire Survivors","PPSA30703","PS5","Нет","193,00 TL","","Нет","Да","","https://store.playstation.com/en-tr/concept/10015481","2026-04-21","Strategy","PEGI_7"
"2575","My Friend Pedro","CUSA17896","PS4","Нет","699,00 TL","","Нет","Да","","https://store.playstation.com/en-tr/concept/235155","2020-04-01","Shooter","PEGI_16"
"2576","Backpack Hero","PPSA15272","PS4, PS5","Нет","332,50 TL","","Нет","Нет","","https://store.playstation.com/en-tr/concept/10007912","2024-05-22","Adventure","PEGI_7"
"2577","Nickelodeon Kart Racers 2: Grand Prix","CUSA18389","PS4","Нет","1.399,00 TL","","Нет","Нет","","https://store.playstation.com/en-tr/concept/235421","2020-10-05","Action","PEGI_3"
"2578","Shadow Warrior 3: Definitive Edition |","PPSA07818","PS4, PS5","Нет","1.749,00 TL","The Shadow Warrior Trilogy: 419,85 TL","Нет","Да","","https://store.playstation.com/en-tr/concept/10002224","2023-02-16","Action","PEGI_18"
"2579","Tennis World Tour","CUSA09876","PS4","Нет","104,90 TL","Tennis World Tour Legends Edition: 879,00 TL; Tennis World Tour - Roland-Garros Edition: 104,90 TL; Tennis World Tour: 69,90 TL","Нет","Да","","https://store.playstation.com/en-tr/concept/228687","2019-05-22","Sport","PEGI_3"
"2580","Mother Russia Bleeds","CUSA05649","PS4","Нет","549,00 TL","","Нет","Да","","https://store.playstation.com/en-tr/concept/221734","2016-12-03","Action","PEGI_18"
"2581","STAR OCEAN First Departure R","CUSA16866","PS4","Нет","220,50 TL","","Нет","Нет","","https://store.playstation.com/en-tr/concept/233743","2019-12-04","Role Playing Games","PEGI_12"
"2582","Spot Stories Vol. 1","PPSA38546","PS5","Нет","223,00 TL","","Нет","Да","","https://store.playstation.com/en-tr/concept/10020052","2026-06-24","Puzzle","PEGI_3"
"2583","Liberte","PPSA25246","PS5","Нет","875,00 TL","","Нет","Нет","","https://store.playstation.com/en-tr/concept/10012104","2024-11-29","Action","PEGI_16"
"2584","Star Renegades","CUSA23212","PS4","Нет","218,75 TL","","Нет","Да","","https://store.playstation.com/en-tr/concept/10000695","2021-03-10","Strategy","PEGI_12"
"2585","Foot Clinic","CUSA59425","PS4","Нет","107,50 TL","Standard Edition: 107,50 TL; Foot Clinic & Dentist Bling: 137,20 TL; Complete Edition: 120,00 TL","Нет","Да","","https://store.playstation.com/en-tr/concept/10019688","2026-07-10","Simulation","PEGI_7"
"2586","The Midnight Walk","PPSA24864","PS5","Нет","1.299,00 TL","","Нет","Нет","","https://store.playstation.com/en-tr/concept/10009390","2025-05-07","Horror","PEGI_12"
"2587","Garden Simulator","PPSA13891","PS5","Нет","1.079,00 TL","Garden Simulator: 1.079,00 TL; Garden Simulator: 1.079,00 TL","Нет","Нет","","https://store.playstation.com/en-tr/concept/10007406","2023-05-10","Simulation","PEGI_3"
"2588","TerraTech","CUSA11362","PS4","Нет","175,00 TL","Standard Edition: 175,00 TL; Prospector Edition: 349,80 TL","Нет","Да","","https://store.playstation.com/en-tr/concept/231750","2018-08-13","Adventure","PEGI_7"
"2589","Hoa","PPSA04182","PS5","Нет","649,00 TL","Hoa: 649,00 TL; Hoa: 649,00 TL","Нет","Да","","https://store.playstation.com/en-tr/concept/10002508","2021-08-24","Adventure","PEGI_7"
"2590","Firefighters: Plant Fire Department","CUSA10325","PS4","Нет","1.079,00 TL","","Нет","Нет","","https://store.playstation.com/en-tr/concept/231487","2017-11-28","Simulation","PEGI_3"
"2591","Pineview Drive - House of Horror","CUSA03777","PS4","Нет","849,00 TL","Pineview Drive - Joe's Diner Horror Bundle: 1.079,00 TL; Pineview Drive - House of Horror: 849,00 TL","Нет","Нет","","https://store.playstation.com/en-tr/concept/216568","2017-01-24","Horror","PEGI_7"
"2592","Nexomon: Extinction","CUSA19560","PS4","Нет","174,75 TL","Nexomon: Extinction: 174,75 TL; Nexomon + Nexomon: Extinction - Complete Collection: 218,75 TL","Нет","Да","","https://store.playstation.com/en-tr/concept/10000634","2020-08-28","Adventure","PEGI_7"
"2593","Constructor Game","CUSA04035","PS4","Нет","849,00 TL","Constructor Game: 849,00 TL","Нет","Нет","","https://store.playstation.com/en-tr/concept/200798","2017-05-26","Simulation","PEGI_16"
"2594","Elon and the Divine Proof","PPSA33675","PS5","Нет","215,00 TL","","Нет","Нет","","https://store.playstation.com/en-tr/concept/10017152","2026-01-14","Adventure","PEGI_3"
"2595","Giant Rush","CUSA55573","PS4","Нет","86,00 TL","Standard Edition: 86,00 TL; Complete Edition: 154,35 TL","Нет","Нет","","https://store.playstation.com/en-tr/concept/10015904","2025-09-05","Fighting","PEGI_12"
"2596","ALIENATION","CUSA00062","PS4","Нет","849,00 TL","","Нет","Да","PS Plus Extra","https://store.playstation.com/en-tr/concept/206089","2016-04-25","Shooter","PEGI_16"
"2597","DESERT WAR: Military Combat Shooter","PPSA34170","PS5","Нет","215,00 TL","","Нет","Нет","","https://store.playstation.com/en-tr/concept/10017444","2025-11-07","Action","PEGI_12"
"2598","Game Builder Tycoon","PPSA28108","PS5","Нет","215,00 TL","Game Builder Tycoon: 215,00 TL; Game Builder Tycoon: 215,00 TL","Нет","Да","","https://store.playstation.com/en-tr/concept/10013937","2025-05-07","Simulator","PEGI_3"
"2599","Brawl Snakes","PPSA38888","PS5","Нет","215,00 TL","Brawl Snakes: 215,00 TL; Brawl Snakes: 215,00 TL","Нет","Нет","","https://store.playstation.com/en-tr/concept/10020233","2026-07-17","Casual","PEGI_3"
"2600","Escape First","PPSA31256","PS5","Нет","215,00 TL","Escape First PS5 Version: 215,00 TL; Escape First: 175,00 TL","Нет","Да","","https://store.playstation.com/en-tr/concept/10005014","2025-07-05","Adventure","PEGI_7"
"2601","Race with Ryan","CUSA15741","PS4","Нет","1.079,00 TL","Race with Ryan: 1.079,00 TL; Deluxe Edition: 209,80 TL","Нет","Да","","https://store.playstation.com/en-tr/concept/233998","2019-10-31","Family","PEGI_3"
"2602","CRSED","PPSA01965","PS5","Нет","429,00 TL","CRSED - The Bear of Wall Street Bundle: 429,00 TL; CRSED - Nuts Splitter Bundle: 429,00 TL","Да","Да","","https://store.playstation.com/en-tr/concept/233448","2020-12-15","Action","PEGI_16"
"2603","Bubble Shooter Piratery","PPSA37530","PS5","Нет","215,00 TL","Bubble Shooter Piratery: 215,00 TL; Bubble Shooter Piratery: 215,00 TL","Нет","Нет","","https://store.playstation.com/en-tr/concept/10019429","2026-05-15","Casual","PEGI_3"
"2604","Coloring Book","CUSA55930","PS4","Нет","515,00 TL","Cute Edition: 515,00 TL; Complete Edition: 1.079,00 TL","Нет","Нет","","https://store.playstation.com/en-tr/concept/10016216","2025-12-23","Family","PEGI_3"
"2605","Worms Battlegrounds","CUSA00824","PS4","Нет","1.079,00 TL","","Нет","Нет","","https://store.playstation.com/en-tr/concept/213379","2014-05-29","Strategy","PEGI_12"
"2606","Football 2024 Journey with Transparent Anime Avatar","CUSA49306","PS4","Нет","86,00 TL","Football 2024 Journey with Transparent Anime Avatar: 86,00 TL; Football 2024 Journey: 42,00 TL","Нет","Нет","","https://store.playstation.com/en-tr/concept/10011315","2024-06-16","Puzzle","PEGI_3"
"2607","Grand Vegas Casino","PPSA36518","PS4, PS5","Нет","172,00 TL","","Нет","Да","","https://store.playstation.com/en-tr/concept/10018871","2026-06-16","Puzzle","PEGI_18"
"2608","Halloween Memory Quest","CUSA51417","PS4","Нет","42,00 TL","","Нет","Нет","","https://store.playstation.com/en-tr/concept/10012704","2024-10-25","Family","PEGI_3"
"2609","Highway Roads Racer","PPSA35979","PS5","Нет","215,00 TL","Highway Roads Racer: 215,00 TL; Highway Roads Racer: 215,00 TL","Нет","Нет","","https://store.playstation.com/en-tr/concept/10018550","2026-02-06","Driving/Racing","PEGI_12"
"2610","Hit N Slash VR","PPSA36920","PS5","Нет","215,00 TL","","Нет","Нет","","https://store.playstation.com/en-tr/concept/10019077","2026-08-14","Action","PEGI_3"
"2611","Icy Gifts 2","PPSA36433","PS4, PS5","Нет","215,00 TL","","Нет","Нет","","https://store.playstation.com/en-tr/concept/10018817","2026-03-31","Arcade","PEGI_3"
"2612","Cat Needs","PPSA30779","PS4, PS5","Нет","215,00 TL","","Нет","Нет","","https://store.playstation.com/en-tr/concept/10015516","2025-09-18","Family","PEGI_3"
"2614","Professional Construction - The Simulation","CUSA07807","PS4","Нет","1.079,00 TL","","Нет","Нет","","https://store.playstation.com/en-tr/concept/227434","2017-11-20","Simulation","PEGI_3"
"2617","Soulshard","PPSA35667","PS4, PS5","Нет","215,00 TL","","Нет","Да","","https://store.playstation.com/en-tr/concept/10018383","2026-02-26","Casual","PEGI_7"
"2618","The Fissure","PPSA35823","PS4, PS5","Нет","215,00 TL","","Нет","Нет","","https://store.playstation.com/en-tr/concept/10018466","2026-07-07","Adventure","PEGI_12"
"2619","Paddles","PPSA08232","PS4, PS5","Нет","215,00 TL","","Нет","Нет","","https://store.playstation.com/en-tr/concept/10005315","2022-09-14","Arcade","PEGI_3"
"2620","One Step After Fall","PPSA28306","PS4, PS5","Нет","215,00 TL","","Нет","Нет","","https://store.playstation.com/en-tr/concept/10010937","2025-04-03","Adventure","PEGI_16"
"2621","Pyramid Quest Junior","CUSA59468","PS4","Нет","215,00 TL","","Нет","Нет","","https://store.playstation.com/en-tr/concept/10019741","2026-06-12","Arcade","PEGI_3"
"2622","Offroad Rally Racing","PPSA35122","PS5","Нет","215,00 TL","Offroad Rally Racing: 215,00 TL; Offroad Rally Racing: 215,00 TL","Нет","Нет","","https://store.playstation.com/en-tr/concept/10018018","2025-12-19","Driving/Racing","PEGI_3"
"2623","Train Traffic Manager","PPSA19159","PS5","Нет","215,00 TL","Train Traffic Manager: 215,00 TL; Train Traffic Manager: 215,00 TL","Нет","Нет","","https://store.playstation.com/en-tr/concept/10009172","2024-07-25","Strategy","PEGI_3"
"2624","Whiskey Mafia: Blacklist","PPSA34103","PS4, PS5","Нет","215,00 TL","","Да","Да","","https://store.playstation.com/en-tr/concept/10017351","2025-12-04","Unique","PEGI_16"
"2625","Succubus","PPSA30055","PS5","Нет","1.299,00 TL","Succubus Hellish Edition: 1.299,00 TL; SUCCUBUS: 875,00 TL","Нет","Да","","https://store.playstation.com/en-tr/concept/10006294","2026-02-06","Adventure","PEGI_18"
"2626","Parking Jam","CUSA58755","PS4","Нет","215,00 TL","Standard Edition: 215,00 TL; Parking Jam & Thief Puzzle: 343,00 TL; Complete Edition: 300,00 TL","Нет","Нет","","https://store.playstation.com/en-tr/concept/10018917","2026-04-23","Puzzle","PEGI_3"
"2627","Port Royale 4","PPSA02814","PS4, PS5","Нет","214,90 TL","Standard Edition: 214,90 TL; Extended Edition: 1.925,00 TL","Да","Да","","https://store.playstation.com/en-tr/concept/234980","2021-09-23","Strategy","PEGI_12"
"2628","Wake Up, Lia!","PPSA34478","PS4, PS5","Нет","215,00 TL","","Нет","Нет","","https://store.playstation.com/en-tr/concept/10017631","2026-07-28","Adventure","PEGI_16"
"2629","Yayos","PPSA35833","PS5","Нет","537,00 TL","","Нет","Да","","https://store.playstation.com/en-tr/concept/10018473","2026-02-12","Simulator","PEGI_18"
"2630","Story of Seasons: Grand Bazaar","PPSA25081","PS5","Нет","2.149,00 TL","Story of Seasons: Grand Bazaar: 2.149,00 TL; Digital Deluxe Edition: 2.579,00 TL; Super Digital Deluxe Ed.: 2.099,30 TL","Нет","Нет","","https://store.playstation.com/en-tr/concept/10010859","2026-05-27","Simulation","PEGI_3"
"2632","Bad Cat","PPSA30575","PS5","Нет","429,00 TL","Bad Cat: 429,00 TL; Bad Cat: 429,00 TL","Нет","Да","","https://store.playstation.com/en-tr/concept/10015398","2025-09-18","Simulator","PEGI_7"
"2633","Cube Life: Island Survival","CUSA06779","PS4","Нет","429,00 TL","","Нет","Нет","","https://store.playstation.com/en-tr/concept/225048","2021-02-08","Action","PEGI_7"
"2634","Friends vs Friends","PPSA15556","PS5","Нет","214,50 TL","Friends vs Friends: 214,50 TL; Wired Edition: 580,00 TL; Deluxe Edition: 774,00 TL","Нет","Да","","https://store.playstation.com/en-tr/concept/10008051","2025-09-01","Shooter","PEGI_12"
"2635","Sky Force Anniversary","CUSA04411","PS4","Нет","429,00 TL","","Нет","Нет","","https://store.playstation.com/en-tr/concept/204059","2016-09-06","Action","PEGI_7"
"2636","Overtop","PPSA24929","PS4, PS5","Нет","215,00 TL","","Нет","Да","","https://store.playstation.com/en-tr/concept/10011962","2024-12-12","Adventure","PEGI_3"
"2637","Monster Energy Supercross - The Official Videogame 4","PPSA01608","PS5","Нет","129,90 TL","Standard Edition: 129,90 TL; Special Edition: 214,90 TL; Standard Edition: 129,90 TL; Special Edition: 214,90 TL","Нет","Нет","","https://store.playstation.com/en-tr/concept/10000838","2021-03-10","Driving/Racing","PEGI_3"
"2638","So Much Stuff 5: Mix-Knacks Collector’s Edition","PPSA28569","PS5","Нет","107,25 TL","","Нет","Нет","","https://store.playstation.com/en-tr/concept/10014243","2025-03-12","Puzzle","PEGI_3"
"2639","Fight For America","CUSA56654","PS4","Нет","215,00 TL","Standard Edition: 215,00 TL; Complete Edition: 429,00 TL","Нет","Нет","","https://store.playstation.com/en-tr/concept/10016857","2025-12-19","Strategy","PEGI_12"
"2640","Don't Mess With Bober","PPSA33908","PS5","Нет","107,25 TL","Don't Mess With Bober: 107,25 TL; Don't Mess With Bober: 429,00 TL","Да","Да","","https://store.playstation.com/en-tr/concept/10017139","2026-03-13","Horror","PEGI_16"
"2641","John Fox","PPSA23690","PS4, PS5","Нет","257,00 TL","","Нет","Да","","https://store.playstation.com/en-tr/concept/10011326","2026-08-06","Action","PEGI_16"
"2642","Iron Wings","PPSA23818","PS5","Нет","849,00 TL","Iron Wings: 849,00 TL; Iron Wings: 849,00 TL","Нет","Нет","","https://store.playstation.com/en-tr/concept/10008060","2024-09-04","Simulation","PEGI_16"
"2643","The Jumping Stars","PPSA30422","PS5","Нет","107,00 TL","The Jumping Stars: 107,00 TL; The Jumping Stars: 107,00 TL","Нет","Нет","","https://store.playstation.com/en-tr/concept/10015314","2025-05-26","Arcade","PEGI_3"
"2644","Metal Gear Solid V: Ground Zeroes","CUSA00211","PS4","Нет","849,00 TL","","Нет","Да","","https://store.playstation.com/en-tr/concept/202861","2014-03-19","Action","PEGI_18"
"2645","Twisted Metal: Black","CUSA02076","PS4","Нет","429,00 TL","","Нет","Нет","","https://store.playstation.com/en-tr/concept/213305","2015-12-04","Driving/Racing","PEGI_16"
"2646","Barn Finders","CUSA29724","PS4","Нет","665,00 TL","","Нет","Да","","https://store.playstation.com/en-tr/concept/10003542","2022-06-16","Simulation","PEGI_16"
"2647","Death's Door","PPSA05304","PS4, PS5","Нет","849,00 TL","","Нет","Да","","https://store.playstation.com/en-tr/concept/10003808","2021-11-23","Action","PEGI_12"
"2648","Killing Floor: Incursion","CUSA11274","PS4","Нет","849,00 TL","","Нет","Да","","https://store.playstation.com/en-tr/concept/231690","2018-04-30","Action","PEGI_18"
"2649","Mass Effect: Andromeda – Standard","CUSA02491","PS4","Нет","719,99 TL","The BioWare Bundle: 3.249,00 TL","Нет","Да","EA Access","https://store.playstation.com/en-tr/concept/227871","2018-01-22","Action","PEGI_16"
"2650","Speed Crew","PPSA17424","PS4, PS5","Нет","429,00 TL","","Нет","Нет","","https://store.playstation.com/en-tr/concept/10008470","2024-01-31","Strategy","PEGI_3"
"2651","Minefield","PPSA25618","PS5","Нет","10,35 TL","Minefield Epic Avatar Bundle: 52,50 TL; Minefield: 10,35 TL; Premium Edition: 52,50 TL; Minefield: 10,35 TL","Нет","Нет","","https://store.playstation.com/en-tr/concept/231334","2024-09-17","Sport","PEGI_3"
"2652","Mortanis Prisoners","PPSA32253","PS5","Нет","212,25 TL","","Нет","Да","","https://store.playstation.com/en-tr/concept/10016393","2026-02-20","Adventure","PEGI_18"
"2653","Buildozer Simulator","PPSA26365","PS5","Нет","13,79 TL","Buildozer Simulator: 13,79 TL; Buildozer Simulator: 13,79 TL","Нет","Нет","","https://store.playstation.com/en-tr/concept/10012788","2024-10-30","Simulation","PEGI_3"
"2654","90s Extreme Skiing","PPSA26703","PS5","Нет","212,25 TL","","Нет","Нет","","https://store.playstation.com/en-tr/concept/10013006","2025-01-22","Sport","PEGI_3"
"2655","The 7th Guest Remake","PPSA36909","PS5","Нет","849,00 TL","","Нет","Нет","","https://store.playstation.com/en-tr/concept/10019061","2026-06-04","Adventure","PEGI_16"
"2656","Deadlight: Director's Cut","CUSA04434","PS4","Нет","529,00 TL","","Нет","Нет","","https://store.playstation.com/en-tr/concept/216155","2016-06-20","Action","PEGI_18"
"2657","Arcade Archives DRAGON SABER","CUSA33952","PS4","Нет","210,00 TL","","Нет","Нет","","https://store.playstation.com/en-tr/concept/10005181","2022-07-13","Shooter","PEGI_7"
"2658","Arcade Archives BOSCONIAN","CUSA44189","PS4","Нет","210,00 TL","","Нет","Нет","","https://store.playstation.com/en-tr/concept/10008768","2023-08-23","Shooter","PEGI_3"
"2659","Tom Clancy’s Rainbow Six Extraction","PPSA01517","PS4, PS5","Нет","449,00 TL","Deluxe Edition: 499,00 TL","Да","Да","PS Plus Extra","https://store.playstation.com/en-tr/concept/233592","2022-01-19","Unique","PEGI_16"
"2660","The Flying Ship","CUSA54731","PS4","Нет","107,00 TL","The Flying Ship: 107,00 TL; The Flying Ship: 107,00 TL","Нет","Нет","","https://store.playstation.com/en-tr/concept/10015231","2025-05-10","Arcade","PEGI_3"
"2661","Arcade Archives GALAGA","CUSA38404","PS4","Нет","210,00 TL","","Нет","Нет","","https://store.playstation.com/en-tr/concept/10006627","2023-01-04","Shooter","PEGI_3"
"2662","Arcade Archives GAPLUS","CUSA32439","PS4","Нет","210,00 TL","","Нет","Нет","","https://store.playstation.com/en-tr/concept/10004589","2022-04-20","Shooter","PEGI_3"
"2663","Arcade Archives LIBBLE RABBLE","CUSA29523","PS4","Нет","210,00 TL","","Нет","Нет","","https://store.playstation.com/en-tr/concept/10003467","2021-11-10","Action","PEGI_3"
"2664","Arcade Archives The Genji and the Heike Clans","CUSA29436","PS4","Нет","210,00 TL","","Нет","Нет","","https://store.playstation.com/en-tr/concept/10003422","2021-10-06","Action","PEGI_12"
"2665","Arcade Archives ORDYNE","CUSA34591","PS4","Нет","210,00 TL","","Нет","Нет","","https://store.playstation.com/en-tr/concept/10005426","2022-10-26","Shooter","PEGI_3"
"2666","Ryan's Rescue Squad","PPSA05861","PS4, PS5","Нет","1.399,00 TL","Ryan's Rescue Squad: 1.399,00 TL; Ryan's Rescue Squad: 1.399,00 TL","Нет","Нет","","https://store.playstation.com/en-tr/concept/10002683","2022-03-03","Family","PEGI_3"
"2667","Arcade Archives THE LEGEND OF VALKYRIE","CUSA32431","PS4","Нет","210,00 TL","","Нет","Нет","","https://store.playstation.com/en-tr/concept/10004587","2022-04-13","Action","PEGI_7"
"2668","Arcade Archives RALLY X","CUSA29528","PS4","Нет","210,00 TL","","Нет","Нет","","https://store.playstation.com/en-tr/concept/10003468","2021-10-13","Action","PEGI_3"
"2669","Cop Officers: Police Simulator of NYPD City","PPSA29845","PS5","Нет","210,00 TL","Cop Officers: Police Simulator of NYPD City: 210,00 TL; Cop Officers: Police Simulator of NYPD City: 131,25 TL","Нет","Нет","","https://store.playstation.com/en-tr/concept/10010633","2025-05-23","Adventure","PEGI_12"
"2670","MY REALITY SIDE","CUSA53189","PS4","Нет","525,00 TL","","Нет","Нет","","https://store.playstation.com/en-tr/concept/10013919","2025-03-13","Adventure","PEGI_12"
"2671","BALAN WONDERWORLD","PPSA02058","PS4, PS5","Нет","209,85 TL","","Нет","Да","","https://store.playstation.com/en-tr/concept/10000633","2021-03-25","Action","PEGI_7"
"2672","Arcade Archives PAC-MANIA","CUSA34865","PS4","Нет","210,00 TL","","Нет","Нет","","https://store.playstation.com/en-tr/concept/10005517","2022-12-08","Action","PEGI_3"
"2673","I am Setsuna","CUSA04740","PS4","Нет","419,70 TL","","Нет","Нет","","https://store.playstation.com/en-tr/concept/216304","2016-07-19","Role Playing Games","PEGI_7"
"2674","Cluedo","PPSA28116","PS4, PS5","Нет","816,00 TL","Cluedo: 816,00 TL; Classic Board Game Bundle - Ticket to Ride, Cluedo, Mouse Trap and The Game of Life 2: 2.099,00 TL; Deluxe Edition: 939,60 TL; Ultimate Edition: 1.031,60 TL; Black Adder Edition: 1.160,00 TL","Нет","Нет","","https://store.playstation.com/en-tr/concept/10009174","2025-10-13","Family","PEGI_7"
"2675","THE QUIET MAN","CUSA11736","PS4","Нет","105,00 TL","","Нет","Да","","https://store.playstation.com/en-tr/concept/231929","2018-11-16","Action","PEGI_18"
"2676","Arcade Archives WONDER MOMO","CUSA31758","PS4","Нет","210,00 TL","","Нет","Нет","","https://store.playstation.com/en-tr/concept/10004306","2022-03-30","Action","PEGI_7"
"2677","The Darkside Detective: A Fumble in the Dark","PPSA02565","PS4, PS5","Нет","210,00 TL","","Нет","Нет","","https://store.playstation.com/en-tr/concept/10001277","2021-04-15","Adventure","PEGI_12"
"2678","Self-Delusion","PPSA20700","PS5","Нет","105,00 TL","Self-Delusion: 105,00 TL; Self-Delusion: 105,00 TL","Нет","Да","","https://store.playstation.com/en-tr/concept/10010060","2024-10-30","Horror","PEGI_16"
"2679","Arcade Archives VS. THE ADVENTURE OF VALKYRIE : The Legend of the Key of Time","CUSA49045","PS4","Нет","210,00 TL","","Нет","Нет","","https://store.playstation.com/en-tr/concept/10011128","2024-07-25","Action","PEGI_3"
"2680","Ready, Steady, Ship!","PPSA20721","PS4, PS5","Нет","210,00 TL","Ready, Steady, Ship!: 210,00 TL; Avatar Edition: 730,00 TL; Avatar Edition: 730,00 TL","Нет","Нет","","https://store.playstation.com/en-tr/concept/10010028","2024-04-18","Family","PEGI_3"
"2681","Brain Breaker","CUSA16329","PS4","Нет","51,00 TL","Brain Breaker Game and Best Sellers Theme Christmas  Bundle: 107,50 TL; Brain Breaker: 51,00 TL; BRAIN BREAKER BEST AVATARS PREMIUM BUNDLE: 107,50 TL","Нет","Нет","","https://store.playstation.com/en-tr/concept/234470","2019-07-07","Brain Training","PEGI_3"
"2682","Moons of Madness","CUSA15398","PS4","Нет","1.049,00 TL","","Нет","Да","","https://store.playstation.com/en-tr/concept/233569","2020-03-23","Adventure","PEGI_16"
"2683","BLACKTAIL","PPSA08834","PS5","Нет","209,80 TL","","Нет","Да","","https://store.playstation.com/en-tr/concept/10005586","2022-12-15","Adventure","PEGI_12"
"2684","SENRAN KAGURA Peach Beach Splash","CUSA08343","PS4","Нет","157,35 TL","SENRAN KAGURA Peach Beach Splash Sexy Soaker Edition: 1.399,00 TL; SENRAN KAGURA Peach Beach Splash: 157,35 TL","Нет","Нет","","https://store.playstation.com/en-tr/concept/222006","2017-09-21","Shooter","PEGI_16"
"2685","Dragon's Crown Pro","CUSA10487","PS4","Нет","209,80 TL","","Нет","Нет","","https://store.playstation.com/en-tr/concept/230137","2018-05-14","Action","PEGI_12"
"2686","Hotel: A Resort Simulator","PPSA07388","PS4, PS5","Нет","699,00 TL","Hotel: A Resort Simulator: 699,00 TL; Lake Edition: 1.049,00 TL","Нет","Да","","https://store.playstation.com/en-tr/concept/10002253","2023-10-12","Simulation","PEGI_3"
"2687","Tribes of Midgard","PPSA02855","PS4, PS5","Нет","699,00 TL","Tribes of Midgard PS4 & PS5: 699,00 TL; Digital Deluxe: 262,80 TL","Нет","Да","","https://store.playstation.com/en-tr/concept/10000648","2021-07-26","Adventure","PEGI_12"
"2688","Necromunda: Underhive Wars","CUSA12530","PS4","Нет","699,00 TL","Necromunda: Underhive Wars: 699,00 TL; Gold Edition: 209,80 TL","Нет","Да","","https://store.playstation.com/en-tr/concept/232332","2020-09-08","Action","PEGI_16"
"2689","Operation Wolf Returns: First Mission VR","PPSA16219","PS5","Нет","209,80 TL","Operation Wolf Returns: First Mission: 209,80 TL; Operation Wolf Returns: First Mission VR: 209,80 TL","Нет","Нет","","https://store.playstation.com/en-tr/concept/10004500","2023-07-12","Shooter","PEGI_12"
"2690","Scars Above","PPSA08597","PS4, PS5","Нет","1.049,00 TL","","Нет","Да","","https://store.playstation.com/en-tr/concept/10005258","2023-02-27","Shooter","PEGI_12"
"2691","Relicta","CUSA17918","PS4","Нет","699,00 TL","","Нет","Да","","https://store.playstation.com/en-tr/concept/235001","2020-08-04","Puzzle","PEGI_16"
"2692","Air Hockey","CUSA24266","PS4","Нет","349,00 TL","","Нет","Нет","","https://store.playstation.com/en-tr/concept/10001342","2020-08-19","Arcade","PEGI_3"
"2693","FINAL FANTASY TYPE-0 HD","CUSA00937","PS4","Нет","699,00 TL","","Нет","Нет","","https://store.playstation.com/en-tr/concept/221517","2015-05-20","Role Playing Games","PEGI_16"
"2694","Night of the Dead Simulator","PPSA25303","PS5","Нет","349,00 TL","Night of the Dead Simulator: 349,00 TL; Night of the Dead Simulator: 245,00 TL","Нет","Да","","https://store.playstation.com/en-tr/concept/10011924","2024-09-05","Shooter","PEGI_16"
"2695","Insomnis","PPSA06829","PS5","Нет","209,70 TL","Standard Edition: 209,70 TL; Long Night PS4 Edition: 849,00 TL; Standard Edition: 183,75 TL; All in 1 Pack: 879,00 TL; Long Night PS5® Edition: 879,00 TL","Нет","Да","","https://store.playstation.com/en-tr/concept/234750","2022-05-30","Horror","PEGI_16"
"2696","Agent Fall","PPSA26442","PS4, PS5","Нет","83,60 TL","","Нет","Да","","https://store.playstation.com/en-tr/concept/10012837","2025-01-28","Shooter","PEGI_7"
"2697","The Last Oricru - Final Cut","PPSA04866","PS5","Нет","699,00 TL","","Нет","Да","","https://store.playstation.com/en-tr/concept/10003575","2022-10-12","Role Playing Games","PEGI_16"
"2698","Once Again","PPSA25788","PS5","Нет","156,75 TL","Once Again: 156,75 TL; Once Again: 156,75 TL","Нет","Нет","","https://store.playstation.com/en-tr/concept/10010898","2025-02-13","Adventure","PEGI_3"
"2699","Trivia Live","CUSA37172","PS4","Нет","349,00 TL","","Нет","Нет","","https://store.playstation.com/en-tr/concept/10006264","2022-12-21","Quiz","PEGI_3"
"2700","Enchanted Portals","PPSA17144","PS5","Нет","209,70 TL","Enchanted Portals: 209,70 TL; Enchanted Portals: 209,70 TL","Нет","Да","","https://store.playstation.com/en-tr/concept/10008675","2023-09-07","Arcade","PEGI_7"
"2701","Valkyria Revolution","CUSA06995","PS4","Нет","699,00 TL","","Нет","Нет","","https://store.playstation.com/en-tr/concept/217720","2017-06-29","Action","PEGI_16"
"2702","The Silver Case","CUSA07272","PS4","Нет","1.049,00 TL","","Нет","Нет","","https://store.playstation.com/en-tr/concept/204662","2017-04-21","Adventure","PEGI_16"
"2703","Paper Dolls 2","PPSA03879","PS5","Нет","209,70 TL","Paper Dolls 2: 209,70 TL; Paper Dolls 2 Gold Edition: 221,22 TL; Paper Dolls 2: 209,70 TL; Paper Dolls 2 Gold Edition: 221,22 TL","Нет","Нет","","https://store.playstation.com/en-tr/concept/10003009","2022-01-25","Horror","PEGI_16"
"2704","LIMBO","CUSA01369","PS4","Нет","484,00 TL","LIMBO & INSIDE Bundle: 1.299,00 TL; LIMBO: 484,00 TL","Нет","Да","","https://store.playstation.com/en-tr/concept/202533","2015-02-24","Action","PEGI_16"
"2705","The Utility Room","PPSA16112","PS5","Нет","595,00 TL","","Нет","Нет","","https://store.playstation.com/en-tr/concept/10008083","2024-08-28","Adventure","PEGI_7"
"2706","Freddy Fazbear's Pizzeria Simulator","CUSA25079","PS4","Нет","343,00 TL","","Нет","Нет","","https://store.playstation.com/en-tr/concept/235198","2021-03-30","Unique","PEGI_12"
"2707","Indivisible","CUSA06674","PS4","Нет","699,00 TL","","Нет","Да","","https://store.playstation.com/en-tr/concept/216306","2019-10-07","Action","PEGI_12"
"2708","Ragdoll Playground Sandbox","CUSA57101","PS4","Нет","205,80 TL","","Нет","Нет","","https://store.playstation.com/en-tr/concept/10017260","2026-02-19","Action","PEGI_7"
"2709","Two Types Pollos","PPSA37452","PS5","Нет","515,00 TL","","Нет","Да","","https://store.playstation.com/en-tr/concept/10019383","2026-06-20","Simulator","PEGI_16"
"2710","Brain Beats","PPSA16170","PS5","Нет","203,60 TL","","Нет","Нет","","https://store.playstation.com/en-tr/concept/10008252","2023-05-18","Music/Rhythm","PEGI_3"
"2711","Tearaway Unfolded","CUSA00562","PS4","Нет","849,00 TL","","Да","Да","PS Plus Extra","https://store.playstation.com/en-tr/concept/215974","2015-09-08","—","PEGI_7"
"2712","BORIS THE ROCKET","CUSA26570","PS4","Нет","100,10 TL","","Да","Да","","https://store.playstation.com/en-tr/concept/10002312","2021-04-29","Adventure","PEGI_7"
"2713","Farmer's Dynasty","CUSA13854","PS4","Нет","699,00 TL","","Нет","Да","","https://store.playstation.com/en-tr/concept/231274","2019-11-20","Strategy","PEGI_3"
"2714","Stasis","PPSA30136","PS5","Нет","193,05 TL","Stasis Bundle: 1.079,00 TL; Stasis: 193,05 TL; Stasis: 193,05 TL","Нет","Да","","https://store.playstation.com/en-tr/concept/10014620","2025-06-26","Adventure","PEGI_18"
"2715","Arcade Archives SUNSETRIDERS","CUSA19559","PS4","Нет","300,00 TL","","Нет","Нет","","https://store.playstation.com/en-tr/concept/10000625","2020-06-10","Action","PEGI_7"
"2716","CAPTURED","PPSA31077","PS5","Нет","300,00 TL","","Нет","Да","","https://store.playstation.com/en-tr/concept/10015674","2025-09-11","Horror","PEGI_12"
"2717","Radical Rex (QUByte Classics)","CUSA33975","PS4","Нет","279,00 TL","","Нет","Нет","","https://store.playstation.com/en-tr/concept/10005056","2022-09-07","Adventure","PEGI_3"
"2718","Child of Light","CUSA00074","PS4","Нет","39,66 TL","","Да","Да","PS Plus Extra","https://store.playstation.com/en-tr/concept/200740","2014-04-29","Role Playing Games","PEGI_7"
"2719","Speed Truck Racing","PPSA06648","PS4, PS5","Нет","83,70 TL","Speed Truck Racing: 83,70 TL","Нет","Нет","","https://store.playstation.com/en-tr/concept/10004570","2022-03-03","Driving/Racing","PEGI_3"
"2720","Suicide Guy","CUSA11105","PS4","Нет","30,87 TL","Suicide Guy Bundle: 58,00 TL; Suicide Guy: 30,87 TL","Нет","Да","","https://store.playstation.com/en-tr/concept/231422","2018-02-20","Adventure","PEGI_16"
"2721","Trine 3: The Artifacts of Power","CUSA03057","PS4","Нет","153,80 TL","Trine Trilogy: 209,80 TL; Trine 3: The Artifacts of Power: 153,80 TL","Да","Да","","https://store.playstation.com/en-tr/concept/205090","2015-12-15","Action","PEGI_12"
"2722","The Entropy Centre","PPSA09380","PS4, PS5","Нет","201,25 TL","","Нет","Да","","https://store.playstation.com/en-tr/concept/10005553","2022-11-03","Puzzle","PEGI_7"
"2723","Blackguards 2","CUSA07275","PS4","Нет","349,00 TL","""The Dark Eye"" Games Bundle: 1.499,00 TL; Blackguards 2: 349,00 TL","Нет","Да","","https://store.playstation.com/en-tr/concept/227276","2017-09-14","Strategy","PEGI_16"
"2724","Teenage Mutant Ninja Turtles: The","PPSA04490","PS4, PS5","Нет","1.399,00 TL","","Нет","Нет","","https://store.playstation.com/en-tr/concept/10003357","2022-08-30","Fighting","PEGI_12"
"2725","The Wonderful One: After School Hero","CUSA43291","PS4","Нет","197,28 TL","","Нет","Нет","","https://store.playstation.com/en-tr/concept/10008189","2023-06-21","Action","PEGI_7"
"2726","Nature Escapes 5","PPSA34785","PS5","Нет","195,00 TL","","Нет","Нет","","https://store.playstation.com/en-tr/concept/10017818","2026-01-15","Casual","PEGI_3"
"2727","Tad the Lost Explorer","PPSA06831","PS5","Нет","1.079,00 TL","Tadeo Jones: 1.079,00 TL; Tadeo Jones: 849,00 TL; Explorer Edition: 194,85 TL","Нет","Нет","","https://store.playstation.com/en-tr/concept/10004674","2022-11-15","Adventure","PEGI_7"
"2728","Shadow Warrior 2","CUSA05648","PS4","Нет","1.299,00 TL","The Shadow Warrior Collection: 1.749,00 TL","Нет","Да","PS Plus Extra","https://store.playstation.com/en-tr/concept/221784","2017-05-18","Action","PEGI_18"
"2729","The 9th Charnel","PPSA32603","PS5","Нет","389,70 TL","The 9th Charnel: 389,70 TL","Нет","Нет","","https://store.playstation.com/en-tr/concept/10016600","2026-01-29","Horror","PEGI_18"
"2730","Wildfire","CUSA23233","PS4","Нет","649,00 TL","","Нет","Да","","https://store.playstation.com/en-tr/concept/10000728","2020-12-03","Adventure","PEGI_12"
"2731","Gold Digging 2026 Simulator","CUSA56912","PS4","Нет","389,40 TL","","Нет","Нет","","https://store.playstation.com/en-tr/concept/10017080","2026-01-26","Adventure","PEGI_3"
"2732","Crime Secrets: Crimson Lily","PPSA11321","PS4, PS5","Нет","649,00 TL","Mysterious Crimes Bundle: 1.547,00 TL","Нет","Да","","https://store.playstation.com/en-tr/concept/10006541","2022-12-16","Adventure","PEGI_7"
"2733","Demoniaca: Everlasting Night","PPSA04915","PS4, PS5","Нет","194,70 TL","","Нет","Да","","https://store.playstation.com/en-tr/concept/10002758","2022-01-11","Action","PEGI_18"
"2734","Endless Fables: Shadow Within","PPSA04571","PS4, PS5","Нет","649,00 TL","It's Christmas Bundle: 2.799,00 TL; Imaginary Realms Bundle: 1.547,00 TL","Нет","Да","","https://store.playstation.com/en-tr/concept/10003403","2021-09-03","Adventure","PEGI_12"
"2735","Lion Simulator RPG: Animal Battle Survival","CUSA56552","PS4","Нет","389,40 TL","","Нет","Нет","","https://store.playstation.com/en-tr/concept/10016766","2026-03-11","Action","PEGI_7"
"2736","ANNO: Mutationem","PPSA05926","PS5","Нет","384,50 TL","Standard: 384,50 TL","Нет","Да","","https://store.playstation.com/en-tr/concept/10001119","2022-03-16","Action","PEGI_12"
"2737","RACING BROS","PPSA02760","PS5","Нет","387,00 TL","","Нет","Нет","","https://store.playstation.com/en-tr/concept/235137","2021-09-19","Driving/Racing","PEGI_3"
"2738","Duck Shooter VR","PPSA33282","PS5","Нет","193,00 TL","","Нет","Нет","","https://store.playstation.com/en-tr/concept/10016942","2025-10-06","Shooter","PEGI_7"
"2739","Block Tower TD","CUSA48092","PS4","Нет","192,00 TL","","Нет","Да","","https://store.playstation.com/en-tr/concept/10010611","2024-07-18","Strategy","PEGI_3"
"2740","Blades of Fire","PPSA26311","PS5","Нет","1.749,00 TL","","Нет","Да","PS Plus Extra","https://store.playstation.com/en-tr/concept/10011854","2025-05-22","Adventure","PEGI_18"
"2741","Genetic Disaster","CUSA18701","PS4","Нет","94,35 TL","","Нет","Нет","","https://store.playstation.com/en-tr/concept/10000307","2020-05-28","Action","PEGI_7"
"2742","PowerSlave Exhumed","CUSA30927","PS4","Нет","774,00 TL","","Нет","Нет","","https://store.playstation.com/en-tr/concept/10003991","2022-02-10","Shooter","PEGI_12"
"2743","Emily Wants to Play","CUSA06672","PS4","Нет","257,00 TL","","Нет","Нет","","https://store.playstation.com/en-tr/concept/217065","2016-10-25","Action","PEGI_12"
"2744","POSTAL Redux","PPSA25251","PS5","Нет","419,00 TL","POSTAL Redux: 419,00 TL; POSTAL Redux: 349,00 TL","Нет","Нет","","https://store.playstation.com/en-tr/concept/10001898","2024-12-19","Action","PEGI_18"
"2745","1-2-Dynamic Word Search!","PPSA35734","PS4, PS5","Нет","154,00 TL","","Нет","Нет","","https://store.playstation.com/en-tr/concept/10018424","2026-02-16","Puzzle","PEGI_3"
"2746","Placid Plastic Duck Simulator","PPSA16863","PS5","Нет","193,50 TL","Placid Plastic Duck Simulator: 193,50 TL; More Ducks Everywhere: 730,00 TL; Placid Plastic Duck Simulator: 193,50 TL; More Ducks Everywhere: 730,00 TL","Нет","Да","","https://store.playstation.com/en-tr/concept/10008294","2023-06-26","Simulator","PEGI_3"
"2747","Dr. Psycho: Hospital Escape","PPSA36331","PS5","Нет","193,00 TL","Dr. Psycho: Hospital Escape: 193,00 TL; Dr. Psycho: Hospital Escape: 193,00 TL","Нет","Да","","https://store.playstation.com/en-tr/concept/10018761","2026-05-01","Simulator","PEGI_12"
"2748","Gnomdom","PPSA32517","PS5","Нет","51,60 TL","Gnomdom: 51,60 TL; Gnomdom: 51,60 TL","Нет","Да","","https://store.playstation.com/en-tr/concept/10016541","2025-10-22","Adventure","PEGI_3"
"2749","Deceit 2","PPSA15453","PS5","Нет","730,00 TL","Master Edition: 730,00 TL","Нет","Да","","https://store.playstation.com/en-tr/concept/10007312","2024-04-03","Unique","PEGI_16"
"2750","Concrete Genie","CUSA11875","PS4","Нет","1.299,00 TL","Concrete Genie: 1.299,00 TL","Да","Да","","https://store.playstation.com/en-tr/concept/233628","2019-10-08","Action","PEGI_12"
"2751","Gravity Rush","CUSA01113","PS4","Нет","1.299,00 TL","","Нет","Да","","https://store.playstation.com/en-tr/concept/226357","2016-02-02","Action","PEGI_12"
"2752","LocoRoco","CUSA07286","PS4","Нет","649,00 TL","","Нет","Да","","https://store.playstation.com/en-tr/concept/227868","2017-05-08","Action","PEGI_3"
"2753","Metal Eden","PPSA16211","PS5","Нет","849,00 TL","","Нет","Да","PS Plus Extra","https://store.playstation.com/en-tr/concept/10008291","2025-09-02","Shooter","PEGI_16"
"2754","Space Hulk: Tactics","CUSA10360","PS4","Нет","185,15 TL","","Нет","Да","","https://store.playstation.com/en-tr/concept/231570","2018-10-08","Strategy","PEGI_16"
"2755","Observer: System Redux","PPSA02117","PS4, PS5","Нет","1.299,00 TL","","Нет","Да","PS Plus Extra","https://store.playstation.com/en-tr/concept/10001519","2020-11-11","Horror","PEGI_16"
"2756","Coral Island","PPSA17226","PS5","Нет","1.299,00 TL","","Нет","Нет","PS Plus Extra","https://store.playstation.com/en-tr/concept/10008698","2023-11-14","Adventure","PEGI_12"
"2757","Magicka 2","CUSA01400","PS4","Нет","649,00 TL","Magicka 2: Special Edition: 849,00 TL","Нет","Да","PS Plus Extra","https://store.playstation.com/en-tr/concept/202615","2015-05-25","Adventure","PEGI_16"
"2758","Starlink: Battle for Atlas","CUSA06938","PS4","Нет","1.299,00 TL","Starlink: Battle for Atlas™ – Deluxe Edition: 2.149,00 TL","Нет","Нет","PS Plus Extra","https://store.playstation.com/en-tr/concept/231957","2018-10-15","Simulation","PEGI_7"
"2759","Mato Anomalies","PPSA05097","PS4, PS5","Нет","529,00 TL","Mato Anomalies: 529,00 TL; Digital Deluxe: 104,85 TL","Нет","Нет","","https://store.playstation.com/en-tr/concept/10003683","2023-03-10","Adventure","PEGI_12"
"2761","Monster Hunter Stories","CUSA43544","PS4","Нет","1.299,00 TL","","Нет","Да","PS Plus Extra","https://store.playstation.com/en-tr/concept/10007582","2024-06-13","Role Playing Games","PEGI_7"
"2762","American Hero","PPSA09302","PS4, PS5","Нет","183,75 TL","","Нет","Нет","","https://store.playstation.com/en-tr/concept/10001963","2023-07-04","Action","PEGI_16"
"2763","Indiana Jones and the Staff of Kings","PPSA14388","PS4, PS5","Нет","257,00 TL","","Нет","Нет","","https://store.playstation.com/en-tr/concept/10007635","2025-01-21","Adventure","PEGI_12"
"2764","Worms Armageddon [PS1 Emulation]","PPSA07308","PS4, PS5","Нет","429,00 TL","","Нет","Нет","","https://store.playstation.com/en-tr/concept/10004899","2025-07-24","Strategy","PEGI_7"
"2765","Raging Justice","CUSA11559","PS4","Нет","91,00 TL","","Нет","Нет","","https://store.playstation.com/en-tr/concept/231858","2018-05-08","Arcade","PEGI_12"
"2766","Outbreak: The New Nightmare","PPSA02547","PS5","Нет","525,00 TL","Outbreak: The New Nightmare Definitive Collection: 875,00 TL; Outbreak: The New Nightmare: 525,00 TL; Outbreak: The New Nightmare: 455,00 TL","Нет","Нет","","https://store.playstation.com/en-tr/concept/10001243","2020-12-16","Horror","PEGI_16"
"2767","Black the Fall","CUSA08147","PS4","Нет","183,75 TL","","Нет","Да","","https://store.playstation.com/en-tr/concept/228442","2017-07-11","Action","PEGI_12"
"2768","STAR WARS Episode I Racer","CUSA18211","PS4","Нет","183,75 TL","","Нет","Нет","","https://store.playstation.com/en-tr/concept/235341","2020-06-23","Driving/Racing","PEGI_7"
"2769","Ape Escape","PPSA06320","PS4, PS5","Нет","429,00 TL","","Нет","Нет","","https://store.playstation.com/en-tr/concept/10004394","2025-03-07","Adventure","PEGI_3"
"2771","Sly 2: Band of Thieves","PPSA22287","PS4, PS5","Нет","429,00 TL","","Нет","Нет","","https://store.playstation.com/en-tr/concept/10010691","2024-12-10","Adventure","PEGI_3"
"2772","Dino Crisis","PPSA07832","PS4, PS5","Нет","429,00 TL","","Нет","Нет","","https://store.playstation.com/en-tr/concept/10005160","2024-10-15","Action","PEGI_16"
"2773","Resident Evil 2","PPSA07813","PS4, PS5","Нет","429,00 TL","","Нет","Нет","","https://store.playstation.com/en-tr/concept/10005150","2025-08-19","Horror","PEGI_18"
"2774","Boxed In","CUSA25597","PS4","Нет","257,00 TL","","Нет","Нет","","https://store.playstation.com/en-tr/concept/235127","2021-05-27","Puzzle","PEGI_3"
"2775","Operation: Tango","PPSA03315","PS4, PS5","Нет","730,00 TL","","Нет","Да","","https://store.playstation.com/en-tr/concept/10002589","2021-06-01","Puzzle","PEGI_12"
"2776","UNRAILED!","CUSA20418","PS4","Нет","699,00 TL","","Нет","Да","","https://store.playstation.com/en-tr/concept/10000914","2020-09-23","Party","PEGI_3"
"2777","Harold Halibut","PPSA14655","PS5","Нет","1.499,00 TL","","Нет","Да","PS Plus Extra","https://store.playstation.com/en-tr/concept/232798","2024-04-16","Adventure","PEGI_12"
"2778","Tangle Tower","CUSA20661","PS4","Нет","119,00 TL","","Нет","Да","","https://store.playstation.com/en-tr/concept/10001078","2021-10-06","Adventure","PEGI_7"
"2779","Project Drift Japan Challenge","CUSA54213","PS4","Нет","324,50 TL","","Нет","Нет","","https://store.playstation.com/en-tr/concept/10014796","2025-09-24","Casual","PEGI_3"
"2780","Falling Out","PPSA08530","PS5","Нет","537,00 TL","Falling Out: 537,00 TL; Falling Out: 537,00 TL","Нет","Нет","","https://store.playstation.com/en-tr/concept/10005326","2022-10-05","Adventure","PEGI_7"
"2781","Dead Second","PPSA15221","PS5","Нет","192,75 TL","","Нет","Нет","","https://store.playstation.com/en-tr/concept/10007659","2024-09-11","Action","PEGI_16"
"2782","Promenade","PPSA13478","PS4, PS5","Нет","175,80 TL","Promenade: 175,80 TL","Нет","Нет","","https://store.playstation.com/en-tr/concept/10007228","2024-02-22","Action","PEGI_7"
"2783","Quantum Error","PPSA04480","PS5","Нет","178,33 TL","","Нет","Нет","","https://store.playstation.com/en-tr/concept/10001343","2023-10-30","Shooter","PEGI_18"
"2784","Nerd Survivors","CUSA48158","PS4","Нет","175,00 TL","","Нет","Да","","https://store.playstation.com/en-tr/concept/10010646","2024-07-09","Action","PEGI_16"
"2785","Masters Pool HD","PPSA30486","PS5","Нет","175,00 TL","Masters Pool HD: 175,00 TL; Masters Pool HD: 175,00 TL","Нет","Нет","","https://store.playstation.com/en-tr/concept/10015353","2025-05-23","Simulation","PEGI_3"
"2786","MetroLand","PPSA24645","PS4, PS5","Нет","175,00 TL","","Нет","Нет","","https://store.playstation.com/en-tr/concept/10011772","2024-10-16","Casual","PEGI_3"
"2787","3D Air Hockey","CUSA42856","PS4","Нет","175,00 TL","","Нет","Нет","","https://store.playstation.com/en-tr/concept/10008177","2023-04-01","Sport","PEGI_3"
"2788","International Boxing","CUSA35665","PS4","Нет","175,00 TL","","Нет","Нет","","https://store.playstation.com/en-tr/concept/10005796","2022-08-07","Sport","PEGI_16"
"2789","O.W.L Projekt 2","PPSA27073","PS4, PS5","Нет","175,00 TL","","Нет","Да","","https://store.playstation.com/en-tr/concept/10013211","2025-03-04","Family","PEGI_3"
"2790","Graveyard Keeper","CUSA10811","PS4","Нет","849,00 TL","Graveyard Keeper: Last Journey Edition: 1.749,00 TL; Graveyard Keeper: 849,00 TL","Нет","Да","","https://store.playstation.com/en-tr/concept/231092","2019-06-26","Role Playing Games","PEGI_16"
"2791","The Wizards","CUSA12623","PS4","Нет","131,25 TL","","Нет","Да","","https://store.playstation.com/en-tr/concept/232398","2019-03-11","Action","PEGI_12"
"2792","Moonglow Bay","PPSA09888","PS4, PS5","Нет","875,00 TL","Moonglow Bay: 875,00 TL; Moonglow Bay: 875,00 TL","Нет","Нет","","https://store.playstation.com/en-tr/concept/10006036","2024-03-30","Adventure","PEGI_3"
"2793","Dungeon","PPSA08552","PS4, PS5","Нет","175,00 TL","","Нет","Нет","","https://store.playstation.com/en-tr/concept/10005445","2022-07-21","Puzzle","PEGI_3"
"2794","Icy Gifts","PPSA30772","PS4, PS5","Нет","175,00 TL","","Нет","Нет","","https://store.playstation.com/en-tr/concept/10015511","2025-06-03","Arcade","PEGI_3"
"2795","Granblue Fantasy Versus: Rising","PPSA16603","PS4, PS5","Нет","1.249,00 TL","Deluxe Edition: 1.879,00 TL","Нет","Нет","PS Plus Extra","https://store.playstation.com/en-tr/concept/10007911","2023-12-13","Fighting","PEGI_12"
"2796","ClusterTruck","CUSA06489","PS4","Нет","525,00 TL","","Нет","Нет","","https://store.playstation.com/en-tr/concept/224825","2016-09-29","Action","PEGI_3"
"2797","Mother's Day Journey","CUSA49136","PS4","Нет","34,50 TL","Mother's Day Journey with Transparent Anime Avatar: 70,00 TL; Mother's Day Journey: 34,50 TL","Нет","Нет","","https://store.playstation.com/en-tr/concept/10011188","2024-07-05","Family","PEGI_3"
"2798","Balloon Strike","CUSA41959","PS4","Нет","175,00 TL","Balloon Strike: 175,00 TL","Нет","Нет","","https://store.playstation.com/en-tr/concept/10007829","2023-03-22","Family","PEGI_3"
"2799","Trash is Fun","PPSA28368","PS4, PS5","Нет","175,00 TL","","Нет","Нет","","https://store.playstation.com/en-tr/concept/10014106","2025-05-07","Adventure","PEGI_3"
"2800","King of Seas","CUSA27393","PS4","Нет","175,00 TL","","Нет","Да","","https://store.playstation.com/en-tr/concept/10002658","2021-05-24","Action","PEGI_7"
"2801","ULTIMATE MARVEL VS. CAPCOM 3","CUSA04543","PS4","Нет","875,00 TL","","Нет","Нет","","https://store.playstation.com/en-tr/concept/227750","2016-12-03","Fighting","PEGI_12"
"2802","Asterix & Obelix XXXL : The Ram From Hibernia","PPSA08448","PS4, PS5","Нет","349,80 TL","","Нет","Да","","https://store.playstation.com/en-tr/concept/10005402","2022-10-26","Adventure","PEGI_7"
"2804","Destroy All Humans!","CUSA14910","PS4","Нет","1.749,00 TL","Destroy All Humans!: 1.749,00 TL; Destroy All Humans! (2005): 699,00 TL","Нет","Да","","https://store.playstation.com/en-tr/concept/222248","2020-07-27","Action","PEGI_16"
"2805","RollerCoaster Tycoon Adventures Deluxe","PPSA17330","PS5","Нет","524,70 TL","RollerCoaster Tycoon Adventures Deluxe: 524,70 TL","Нет","Нет","","https://store.playstation.com/en-tr/concept/10008746","2023-10-31","Simulation","PEGI_3"
"2806","Effie","CUSA14841","PS4","Нет","699,00 TL","","Нет","Нет","","https://store.playstation.com/en-tr/concept/233706","2019-06-03","Action","PEGI_12"
"2807","Project 7: Escape Room","PPSA33619","PS5","Нет","257,00 TL","","Нет","Нет","","https://store.playstation.com/en-tr/concept/10017118","2025-11-20","Adventure","PEGI_7"
"2808","NAMCO Museum Archives Vol 1","CUSA19069","PS4","Нет","174,75 TL","","Нет","Нет","","https://store.playstation.com/en-tr/concept/10000510","2020-06-17","Arcade","PEGI_7"
"2809","The Flying Jet","PPSA30624","PS5","Нет","87,00 TL","The Flying Jet: 87,00 TL; The Flying Jet: 87,00 TL","Нет","Нет","","https://store.playstation.com/en-tr/concept/10015428","2025-09-02","Arcade","PEGI_3"
"2810","The Suicide of Rachel Foster","PPSA23093","PS4, PS5","Нет","699,00 TL","The Suicide of Rachel Foster: 699,00 TL; Deluxe Edition: 769,00 TL","Нет","Да","","https://store.playstation.com/en-tr/concept/10000421","2024-09-12","Adventure","PEGI_16"
"2811","Spidersaurs","PPSA06613","PS4, PS5","Нет","174,75 TL","","Нет","Да","","https://store.playstation.com/en-tr/concept/10004547","2022-07-13","Action","PEGI_12"
"2812","Monster Sanctuary","CUSA19142","PS4","Нет","174,75 TL","","Нет","Да","","https://store.playstation.com/en-tr/concept/10000423","2020-12-07","Role Playing Games","PEGI_7"
"2813","Sakura Bunny Girls","PPSA29041","PS4, PS5","Нет","349,00 TL","","Нет","Нет","","https://store.playstation.com/en-tr/concept/10014526","2025-04-24","Adventure","PEGI_16"
"2814","Guts 'n Grunts","PPSA17974","PS4, PS5","Нет","87,25 TL","","Нет","Нет","","https://store.playstation.com/en-tr/concept/10008916","2024-01-04","Action","PEGI_12"
"2815","Sakura Melody","PPSA20809","PS4, PS5","Нет","349,00 TL","","Нет","Нет","","https://store.playstation.com/en-tr/concept/10010097","2024-12-12","Adventure","PEGI_16"
"2816","Food Truck Simulator","CUSA47234","PS4","Нет","699,00 TL","","Нет","Да","","https://store.playstation.com/en-tr/concept/10010192","2024-04-23","Simulator","PEGI_12"
"2817","Outbreak: Endless Nightmares","PPSA02555","PS5","Нет","699,00 TL","Outbreak: Endless Nightmares Definitive Collection: 1.229,00 TL; Outbreak: Endless Nightmares: 699,00 TL; Outbreak Complete Collection: 839,70 TL; Outbreak Co-Op Anthology: 629,70 TL; Outbreak: Endless Nightmares: 209,70 TL","Нет","Нет","","https://store.playstation.com/en-tr/concept/10001728","2021-05-18","Shooter","PEGI_18"
"2818","PAC-MAN MUSEUM+","CUSA29665","PS4","Нет","349,50 TL","","Нет","Да","","https://store.playstation.com/en-tr/concept/10003197","2022-06-26","Action","PEGI_3"
"2819","Cake Bash","CUSA20132","PS4","Нет","699,00 TL","","Нет","Да","","https://store.playstation.com/en-tr/concept/10000742","2020-10-14","Action","PEGI_7"
"2820","KILL la KILL - IF","CUSA16022","PS4","Нет","174,75 TL","KILL la KILL - IF: 174,75 TL","Нет","Нет","","https://store.playstation.com/en-tr/concept/232538","2019-07-26","Action","PEGI_16"
"2821","Airport Simulator 2019","CUSA12902","PS4","Нет","1.299,00 TL","","Нет","Нет","","https://store.playstation.com/en-tr/concept/232528","2018-08-15","Simulation","PEGI_3"
"2822","Punch Club","CUSA05472","PS4","Нет","349,00 TL","","Нет","Да","","https://store.playstation.com/en-tr/concept/221770","2017-03-30","Strategy","PEGI_12"
"2823","Space Explore (PSVR2)","PPSA23715","PS5","Нет","349,00 TL","Space Explore (PSVR2): 349,00 TL; Space Explore VR: 315,00 TL; Space Explore (PS4 & PSVR) Edition: 455,00 TL","Да","Да","","https://store.playstation.com/en-tr/concept/10002965","2024-08-20","Simulation","PEGI_3"
"2824","Run Sausage Run!","CUSA36534","PS4","Нет","52,50 TL","Sausage Bundle: Till The Last Drop Of Ketchup: 62,70 TL; Complete Edition: 118,45 TL; Run Sausage Run!: 52,50 TL","Нет","Нет","","https://store.playstation.com/en-tr/concept/10006091","2022-11-24","Action","PEGI_7"
"2825","Demon Hunter: Ascendance","PPSA06378","PS4, PS5","Нет","649,00 TL","","Нет","Да","","https://store.playstation.com/en-tr/concept/10004426","2022-02-14","Adventure","PEGI_12"
"2826","Raptor Evolution","CUSA57112","PS4","Нет","257,00 TL","Standard Edition: 257,00 TL; Complete Edition: 387,00 TL","Нет","Нет","","https://store.playstation.com/en-tr/concept/10017269","2025-12-19","Casual","PEGI_7"
"2827","Sugar Mess - Let's Play Jolly Battle","PPSA19080","PS5","Нет","519,20 TL","Sugar Mess: 519,20 TL","Нет","Да","","https://store.playstation.com/en-tr/concept/10008907","2024-05-28","Shooter","PEGI_3"
"2828","A Fisherman's Tale","PPSA16749","PS5","Нет","429,00 TL","The Fisherman's Tales Bundle: 849,00 TL; PS5 Edition: 429,00 TL; Deluxe Edition: 849,00 TL; A Fisherman’s Tale: 429,00 TL","Нет","Нет","","https://store.playstation.com/en-tr/concept/233028","2023-08-31","Family","PEGI_7"
"2829","Shatter Remastered Deluxe","PPSA06846","PS4, PS5","Нет","171,60 TL","","Нет","Да","","https://store.playstation.com/en-tr/concept/10000753","2022-11-01","Arcade","PEGI_7"
"2830","Doodle God","CUSA02776","PS4","Нет","257,00 TL","","Нет","Да","","https://store.playstation.com/en-tr/concept/201072","2016-01-28","Puzzle","PEGI_3"
"2831","Demons Are Coming!","PPSA31227","PS4, PS5","Нет","42,90 TL","Demons Are Coming!: 42,90 TL; Demons Are Coming!: 42,90 TL; Demons Are Coming! - Hell Knight: 537,00 TL; Demons Are Coming! - Final Strike: 537,00 TL; Demons Are Coming! - Ultimate Battle: 687,00 TL","Нет","Нет","","https://store.playstation.com/en-tr/concept/10015767","2025-08-14","Shooter","PEGI_7"
"2832","Sky Force Reloaded","CUSA09421","PS4","Нет","429,00 TL","","Нет","Да","","https://store.playstation.com/en-tr/concept/230616","2017-11-28","Action","PEGI_7"
"2833","Ice Cream Surfer","PPSA07305","PS5","Нет","85,75 TL","Ice Cream Surfer: 85,75 TL; Ice Cream Surfer Bundle Game + Theme: 85,75 TL; Ice Cream Surfer [Cross-Buy]: 85,75 TL","Нет","Да","","https://store.playstation.com/en-tr/concept/232049","2022-06-28","Arcade","PEGI_7"
"2834","Casino Roulette Royal","PPSA16451","PS5","Нет","171,00 TL","Casino Roulette Royal: 171,00 TL; Casino Roulette Royal: 171,00 TL","Нет","Нет","","https://store.playstation.com/en-tr/concept/10004932","2023-06-29","Adult","PEGI_18"
"2835","3 on 3 Soccer","PPSA31178","PS5","Нет","171,00 TL","3 on 3 Soccer: 171,00 TL; 3 on 3 Soccer: 171,00 TL","Нет","Нет","","https://store.playstation.com/en-tr/concept/10015738","2025-06-27","Sport","PEGI_3"
"2836","Chess Battle","PPSA35530","PS5","Нет","171,00 TL","Chess Battle: 171,00 TL; Chess Battle: 171,00 TL","Нет","Да","","https://store.playstation.com/en-tr/concept/10018296","2026-05-13","Puzzle","PEGI_3"
"2837","OilClicker","PPSA37820","PS5","Нет","102,60 TL","","Нет","Нет","","https://store.playstation.com/en-tr/concept/10019611","2026-05-27","Simulation","PEGI_3"
"2838","Pixicharm - Collection 1","PPSA26209","PS5","Нет","171,00 TL","Pixicharm - Collection 1: 171,00 TL; Pixicharm - Collection 1: 171,00 TL","Нет","Да","","https://store.playstation.com/en-tr/concept/10012684","2024-10-01","Casual","PEGI_7"
"2839","Pixicharm Collection 7","PPSA34806","PS5","Нет","171,00 TL","Pixicharm Collection 7: 171,00 TL; Pixicharm Collection 7: 171,00 TL","Нет","Нет","","https://store.playstation.com/en-tr/concept/10017824","2025-12-04","Casual","PEGI_7"
"2840","Firewall Zero Hour","CUSA11182","PS4","Нет","1.299,00 TL","Firewall Zero Hour™ Digital Deluxe Edition: 1.749,00 TL; Firewall Zero Hour™: 1.299,00 TL","Да","Да","","https://store.playstation.com/en-tr/concept/232563","2018-08-28","Action","PEGI_16"
"2841","Squirrel Stapler","PPSA21753","PS5","Нет","171,50 TL","","Нет","Нет","","https://store.playstation.com/en-tr/concept/10010470","2025-10-15","Action","PEGI_12"
"2842","BlackJack","PPSA08891","PS5","Нет","171,00 TL","Black Jack World Tour: 171,00 TL; Black Jack World Tour: 171,00 TL","Нет","Да","","https://store.playstation.com/en-tr/concept/10004931","2022-10-13","Adult","PEGI_18"
"2843","Suicide Guy: The Lost Dreams","PPSA15842","PS5","Нет","343,00 TL","","Нет","Да","","https://store.playstation.com/en-tr/concept/10008152","2024-06-19","Adventure","PEGI_16"
"2844","Pixicharm Collection 3","PPSA31344","PS5","Нет","171,00 TL","Pixicharm Collection 3: 171,00 TL; Pixicharm Collection 3: 171,00 TL","Нет","Нет","","https://store.playstation.com/en-tr/concept/10015846","2025-06-28","Casual","PEGI_7"
"2845","Hidden Cats in Rome","PPSA23336","PS5","Нет","171,00 TL","Hidden Cats in Rome: 171,00 TL; Hidden Cats in Rome: 171,00 TL","Нет","Нет","","https://store.playstation.com/en-tr/concept/10011137","2024-07-24","Puzzle","PEGI_3"
"2846","A Castle Full of Cats","PPSA16752","PS5","Нет","171,00 TL","A Castle Full of Cats: 171,00 TL; A Castle Full of Cats: 171,00 TL","Нет","Да","","https://store.playstation.com/en-tr/concept/10008505","2023-08-16","Brain Training","PEGI_3"
"2847","Blackhole Incremental","PPSA37512","PS5","Нет","102,60 TL","","Нет","Нет","","https://store.playstation.com/en-tr/concept/10019424","2026-04-29","Action","PEGI_3"
"2848","Hidden Cats in Rio de Janeiro","PPSA32677","PS5","Нет","171,00 TL","Hidden Cats in Rio de Janeiro: 171,00 TL; Hidden Cats in Rio de Janeiro: 171,00 TL","Нет","Нет","","https://store.playstation.com/en-tr/concept/10016624","2025-11-12","Puzzle","PEGI_3"
"2850","The Keeper of 4 Elements","CUSA06137","PS4","Нет","171,00 TL","The Keeper of 4 Elements: 171,00 TL; Keeper of 4 Elements&Themes: 429,00 TL; Keeper of 4 Elements Holiday Bundle: 774,00 TL","Нет","Да","","https://store.playstation.com/en-tr/concept/210836","2016-12-02","Strategy","PEGI_7"
"2851","Super Woden GP II","PPSA21643","PS4, PS5","Нет","341,25 TL","Super Woden GP II PS4 & PS5: 341,25 TL; Super Woden GP Collection PS4 & PS5: 699,00 TL","Нет","Да","","https://store.playstation.com/en-tr/concept/10010441","2024-07-23","Sport","PEGI_3"
"2852","Basketball Legends 24","CUSA50008","PS4","Нет","525,00 TL","","Нет","Нет","","https://store.playstation.com/en-tr/concept/10011808","2024-10-21","Action","PEGI_3"
"2853","Lion Simulator Survival: RPG Animal Battle","CUSA48489","PS4","Нет","525,00 TL","","Нет","Нет","","https://store.playstation.com/en-tr/concept/10010808","2024-07-15","Adventure","PEGI_7"
"2854","Dead Rising 4: Frank's Big Package","CUSA08558","PS4","Нет","1.749,00 TL","","Нет","Нет","","https://store.playstation.com/en-tr/concept/227309","2017-12-04","Action","PEGI_18"
"2856","Gnomes Garden Return Of The Queen","CUSA37613","PS4","Нет","215,00 TL","Gnomes Garden Return Of The Queen: 215,00 TL; Gnomes Garden Collection: 429,00 TL; Gnomes Garden Bundle: 849,00 TL","Нет","Да","","https://store.playstation.com/en-tr/concept/10006402","2023-01-30","Strategy","PEGI_3"
"2857","Tempest 4000","CUSA09885","PS4","Нет","849,00 TL","","Нет","Нет","","https://store.playstation.com/en-tr/concept/230053","2018-07-16","Shooter","PEGI_3"
"2858","Rad Rodgers","CUSA08954","PS4","Нет","127,35 TL","","Нет","Да","","https://store.playstation.com/en-tr/concept/227208","2018-02-20","Action","PEGI_16"
"2859","Cilla","PPSA22544","PS4, PS5","Нет","150,00 TL","","Нет","Да","","https://store.playstation.com/en-tr/concept/10010736","2024-08-01","Shooter","PEGI_12"
"2860","METAL SLUG ANTHOLOGY","CUSA04156","PS4","Нет","849,00 TL","","Нет","Нет","","https://store.playstation.com/en-tr/concept/202875","2016-09-19","Arcade","PEGI_12"
"2861","NO-SKIN","PPSA35447","PS5","Нет","165,00 TL","NO-SKIN: 165,00 TL; NO-SKIN: 165,00 TL","Нет","Нет","","https://store.playstation.com/en-tr/concept/10018224","2026-03-19","Horror","PEGI_16"
"2862","Tour De France 2023","PPSA14198","PS4, PS5","Нет","849,00 TL","","Нет","Нет","","https://store.playstation.com/en-tr/concept/10007452","2023-06-08","Simulation","PEGI_3"
"2863","My Little Riding Champion","CUSA13577","PS4","Нет","849,00 TL","","Нет","Да","","https://store.playstation.com/en-tr/concept/232758","2018-11-28","Simulation","PEGI_3"
"2864","Metro Simulator","CUSA27909","PS4","Нет","849,00 TL","","Да","Да","","https://store.playstation.com/en-tr/concept/10002866","2021-07-08","Simulation","PEGI_3"
"2865","9-Ball Pocket","PPSA08286","PS4, PS5","Нет","209,00 TL","","Нет","Нет","","https://store.playstation.com/en-tr/concept/10005337","2022-12-24","Sport","PEGI_3"
"2866","Pretty Girls Tile Match","PPSA13869","PS4, PS5","Нет","209,00 TL","","Нет","Нет","","https://store.playstation.com/en-tr/concept/10007388","2023-04-05","Puzzle","PEGI_12"
"2867","Space Blaze","CUSA13708","PS4","Нет","849,00 TL","","Нет","Да","","https://store.playstation.com/en-tr/concept/232829","2019-12-11","Arcade","PEGI_7"
"2868","Wizard of Legend","CUSA10955","PS4","Нет","167,70 TL","","Нет","Нет","","https://store.playstation.com/en-tr/concept/231177","2018-05-14","Action","PEGI_7"
"2869","Kandagawa Jet Girls","CUSA18416","PS4","Нет","167,88 TL","Kandagawa Jet Girls — Digital Deluxe Edition: 1.749,00 TL; Kandagawa Jet Girls: 167,88 TL","Нет","Нет","","https://store.playstation.com/en-tr/concept/232993","2020-08-03","Driving/Racing","PEGI_16"
"2870","Asterix & Obelix XXL 2","PPSA08164","PS4, PS5","Нет","139,80 TL","Asterix & Obelix XXL 2: 139,80 TL; Asterix & Obelix XXL 2: 139,80 TL","Нет","Да","","https://store.playstation.com/en-tr/concept/205912","2022-12-28","Action","PEGI_7"
"2871","Olympic 2024 Journey","CUSA50198","PS4","Нет","34,50 TL","","Нет","Нет","","https://store.playstation.com/en-tr/concept/10011923","2024-08-16","Brain Training","PEGI_3"
"2872","Piece Out","PPSA27733","PS5","Нет","69,00 TL","","Нет","Нет","","https://store.playstation.com/en-tr/concept/10013625","2025-01-12","Puzzle","PEGI_7"
"2874","Cannibal Cuisine","PPSA02636","PS4, PS5","Нет","54,90 TL","","Нет","Да","","https://store.playstation.com/en-tr/concept/10001457","2022-01-25","Action","PEGI_16"
"2875","The Talos Principle","CUSA01256","PS4","Нет","259,80 TL","","Нет","Нет","","https://store.playstation.com/en-tr/concept/204788","2015-10-12","Puzzle","PEGI_7"
"2876","Henchman Story","PPSA05180","PS4, PS5","Нет","649,00 TL","","Нет","Нет","","https://store.playstation.com/en-tr/concept/10003755","2021-10-13","Role Playing Games","PEGI_12"
"2877","The Renovator: Origins","PPSA27829","PS5","Нет","162,25 TL","The Renovator: Origins: 162,25 TL; The Renovator: Origins: 649,00 TL","Да","Да","","https://store.playstation.com/en-tr/concept/10013704","2025-04-04","Horror","PEGI_16"
"2878","Raptor Rampage: Dino Hunter","CUSA49146","PS4","Нет","139,50 TL","","Нет","Нет","","https://store.playstation.com/en-tr/concept/10011194","2024-09-09","Shooter","PEGI_12"
"2879","The Last Worker","PPSA03482","PS5","Нет","849,00 TL","The Last Worker x DIG VR Bundle: 1.079,00 TL; The Last Worker x Arcade Paradise VR: 1.079,00 TL; The Last Worker: 849,00 TL","Нет","Да","","https://store.playstation.com/en-tr/concept/10002752","2023-03-29","Action","PEGI_16"
"2880","RC Airplane Challenge","PPSA04106","PS4, PS5","Нет","162,25 TL","RC Airplane Challenge: 162,25 TL","Нет","Нет","","https://store.playstation.com/en-tr/concept/227495","2021-12-20","Action","PEGI_7"
"2881","Killing Floor 2","CUSA05179","PS4","Нет","1.049,00 TL","Ultimate Edition: 2.099,00 TL; Double Feature: 1.399,00 TL","Да","Да","PS Plus Extra","https://store.playstation.com/en-tr/concept/221915","2016-11-17","Action","PEGI_18"
"2882","Vegas Party","CUSA08757","PS4","Нет","525,00 TL","","Нет","Нет","","https://store.playstation.com/en-tr/concept/228889","2017-12-13","Party","PEGI_12"
"2883","Crazy Cats Survivors","PPSA35449","PS4, PS5","Нет","64,50 TL","","Нет","Нет","","https://store.playstation.com/en-tr/concept/10018228","2026-01-24","Action","PEGI_3"
"2884","TACS","PPSA14750","PS5","Нет","321,75 TL","","Нет","Нет","","https://store.playstation.com/en-tr/concept/10005754","2026-06-09","Arcade","PEGI_18"
"2885","Aquatic Life: Fish Simulator RPG","PPSA31452","PS5","Нет","324,50 TL","Aquatic Life: Fish Simulator RPG: 324,50 TL; Aquatic Life: Fish Simulator RPG: 525,00 TL","Нет","Нет","","https://store.playstation.com/en-tr/concept/10011055","2025-08-06","Role Playing Games","PEGI_3"
"2886","AEW: Fight Forever","PPSA09352","PS4, PS5","Нет","559,60 TL","Ultimate Edition: 4.299,00 TL","Нет","Нет","","https://store.playstation.com/en-tr/concept/10005440","2023-06-29","Fighting","PEGI_16"
"2887","Kona II: Brume","PPSA05385","PS4, PS5","Нет","1.049,00 TL","","Нет","Да","","https://store.playstation.com/en-tr/concept/10003023","2023-10-18","Adventure","PEGI_16"
"2888","Village of the Curse","PPSA36040","PS5","Нет","59,50 TL","Village of the Curse: 59,50 TL; Village of the Curse: 59,50 TL","Нет","Нет","","https://store.playstation.com/en-tr/concept/10018585","2026-06-04","Horror","PEGI_12"
"2889","Shady Part of Me","CUSA23552","PS4","Нет","157,50 TL","Shady Part of Me - Standard: 157,50 TL; Focus Indies Bundle - Curse of the Dead Gods + Shady Part of Me + Aeon Must Die!: 1.399,00 TL","Нет","Да","","https://store.playstation.com/en-tr/concept/10001058","2020-12-10","Unique","PEGI_7"
"2890","Whateverland","CUSA43759","PS4","Нет","105,00 TL","","Нет","Да","","https://store.playstation.com/en-tr/concept/10002421","2023-09-21","Adventure","PEGI_12"
"2891","Fill The Cup 3: Frost","PPSA35462","PS5","Нет","64,00 TL","Fill The Cup 3: Frost: 64,00 TL; Fill The Cup 3: Frost: 64,00 TL","Нет","Нет","","https://store.playstation.com/en-tr/concept/10018229","2026-01-14","Puzzle","PEGI_3"
"2892","One Fear","PPSA28106","PS5","Нет","161,25 TL","One Fear: 161,25 TL; One Fear: 161,25 TL","Нет","Нет","","https://store.playstation.com/en-tr/concept/10013942","2025-03-07","Horror","PEGI_18"
"2893","Jagged Alliance: Rage!","CUSA08387","PS4","Нет","157,35 TL","","Да","Да","","https://store.playstation.com/en-tr/concept/232688","2018-12-05","Strategy","PEGI_18"
"2894","Summer in Mara","CUSA18531","PS4","Нет","76,90 TL","Summer in Mara + Deiland Bundle: 262,50 TL; Summer in Mara: 76,90 TL; Mara Collection: 262,50 TL; Summer In Mara - Special Edition: 83,90 TL","Нет","Нет","","https://store.playstation.com/en-tr/concept/10000222","2020-12-08","Adventure","PEGI_3"
"2895","My Universe - Pet Clinic Cats & Dogs","CUSA23836","PS4","Нет","157,35 TL","","Нет","Нет","","https://store.playstation.com/en-tr/concept/10001135","2020-12-02","Party","PEGI_3"
"2896","Red Faction","CUSA06354","PS4","Нет","78,75 TL","","Нет","Нет","","https://store.playstation.com/en-tr/concept/212963","2016-11-29","Action","PEGI_16"
"2897","My Universe - Puppies & Kittens","CUSA29357","PS4","Нет","157,35 TL","","Нет","Да","","https://store.playstation.com/en-tr/concept/10003394","2021-10-27","Family","PEGI_3"
"2898","My Universe - Cooking Star Restaurant","CUSA23788","PS4","Нет","157,35 TL","","Нет","Нет","","https://store.playstation.com/en-tr/concept/10001123","2020-11-09","Party","PEGI_3"
"2899","My Universe - My Baby Dragon","PPSA10380","PS5","Нет","157,35 TL","My Universe - My Baby Dragon: 157,35 TL; My Universe - My Baby Dragon: 157,35 TL","Нет","Да","","https://store.playstation.com/en-tr/concept/10006197","2022-11-30","Simulation","PEGI_3"
"2900","Oxide Room 104","PPSA07653","PS5","Нет","1.049,00 TL","Oxide Room 104: 1.049,00 TL; Oxide Room 104: 879,00 TL","Нет","Да","","https://store.playstation.com/en-tr/concept/10004255","2022-06-16","Horror","PEGI_18"
"2901","Strategic Mind: Blitzkrieg","CUSA28127","PS4","Нет","1.049,00 TL","","Нет","Да","","https://store.playstation.com/en-tr/concept/10002932","2021-08-05","Strategy","PEGI_7"
"2902","Soundfall","PPSA03853","PS4, PS5","Нет","104,90 TL","","Нет","Да","","https://store.playstation.com/en-tr/concept/10002820","2022-05-11","Action","PEGI_7"
"2903","Harpagun","PPSA26096","PS5","Нет","157,25 TL","","Нет","Нет","","https://store.playstation.com/en-tr/concept/10012605","2025-04-10","Adventure","PEGI_7"
"2904","Ratshaker","PPSA29298","PS5","Нет","154,00 TL","","Нет","Да","","https://store.playstation.com/en-tr/concept/10014682","2025-05-28","Horror","PEGI_16"
"2905","The Stairwell","PPSA34128","PS5","Нет","154,20 TL","The Stairwell + Before Exit: Supermarket: 214,50 TL; The Stairwell + Before Exit: Gas Station: 300,50 TL; The Stairwell: 154,20 TL","Нет","Да","","https://store.playstation.com/en-tr/concept/10017418","2026-02-18","Horror","PEGI_12"
"2906","Nine Witches: Family Disruption","CUSA18391","PS4","Нет","774,00 TL","","Нет","Да","","https://store.playstation.com/en-tr/concept/235422","2020-12-03","Adventure","PEGI_12"
"2907","1-2-Fantastic Word Search!","PPSA29701","PS4, PS5","Нет","154,00 TL","","Нет","Нет","","https://store.playstation.com/en-tr/concept/10014895","2025-04-27","Puzzle","PEGI_3"
"2908","Infliction: Extended Cut","PPSA02689","PS4, PS5","Нет","774,00 TL","Infliction: Extended Cut: 774,00 TL; Infliction: Extended Cut: 774,00 TL","Нет","Да","","https://store.playstation.com/en-tr/concept/234058","2020-12-22","Adventure","PEGI_16"
"2910","Deliver Us The Moon","PPSA04138","PS5","Нет","1.079,00 TL","Deliver Us The Moon Digital Deluxe: 1.299,00 TL","Нет","Да","PS Plus Extra","https://store.playstation.com/en-tr/concept/234692","2022-06-23","Adventure","PEGI_12"
"2911","Pixel Ripped 1978: An Atari Adventure","PPSA15959","PS5","Нет","1.079,00 TL","","Нет","Нет","","https://store.playstation.com/en-tr/concept/10008172","2023-06-14","Arcade","PEGI_7"
"2912","Empires Shall Fall","CUSA51709","PS4","Нет","153,56 TL","","Нет","Да","","https://store.playstation.com/en-tr/concept/10012946","2025-01-23","Strategy","PEGI_12"
"2913","The Mooseman","PPSA06024","PS5","Нет","73,50 TL","The Mooseman: 73,50 TL; The Mooseman: 83,70 TL","Нет","Да","","https://store.playstation.com/en-tr/concept/232209","2022-03-15","Arcade","PEGI_7"
"2914","Skyhill","CUSA11198","PS4","Нет","349,00 TL","","Нет","Да","","https://store.playstation.com/en-tr/concept/230015","2018-10-23","Horror","PEGI_16"
"2915","Let's Cook Together","CUSA25954","PS4","Нет","93,00 TL","","Нет","Нет","","https://store.playstation.com/en-tr/concept/10002052","2021-02-16","Family","PEGI_3"
"2916","World Explorer Challenge","CUSA51754","PS4","Нет","34,50 TL","","Нет","Нет","","https://store.playstation.com/en-tr/concept/10012969","2024-12-09","Brain Training","PEGI_3"
"2917","Feed My Raptor VR","PPSA34042","PS5","Нет","150,50 TL","","Нет","Нет","","https://store.playstation.com/en-tr/concept/10017353","2025-12-11","Adventure","PEGI_3"
"2918","Besiege","PPSA20313","PS5","Нет","699,00 TL","Besiege: 699,00 TL; Besiege: 699,00 TL","Нет","Да","","https://store.playstation.com/en-tr/concept/10002309","2024-12-08","Action","PEGI_16"
"2919","Pet Show","CUSA55324","PS4","Нет","64,50 TL","Standard Edition: 64,50 TL; Complete Edition: 107,25 TL","Нет","Нет","","https://store.playstation.com/en-tr/concept/10015698","2025-08-15","Party","PEGI_3"
"2920","Springbot: The Last Spark","PPSA36437","PS4, PS5","Нет","215,00 TL","","Нет","Нет","","https://store.playstation.com/en-tr/concept/10018821","2026-06-02","Puzzle","PEGI_3"
"2921","2URVIVE","CUSA28808","PS4","Нет","150,00 TL","","Нет","Нет","","https://store.playstation.com/en-tr/concept/10003038","2021-11-15","Action","PEGI_16"
"2922","ACA NEOGEO THE KING OF FIGHTERS 2002","CUSA13703","PS4","Нет","300,00 TL","","Нет","Нет","","https://store.playstation.com/en-tr/concept/10003916","2020-12-07","Fighting","PEGI_12"
"2923","True Fear: Forsaken Souls - Part 2","CUSA16117","PS4","Нет","429,00 TL","True Fear: Forsaken Souls - Part 2: 429,00 TL","Нет","Да","","https://store.playstation.com/en-tr/concept/234368","2019-11-24","Horror","PEGI_12"
"2924","ACA NEOGEO METAL SLUG 2","CUSA08680","PS4","Нет","300,00 TL","","Нет","Нет","","https://store.playstation.com/en-tr/concept/202883","2017-05-31","Action","PEGI_12"
"2925","Batman: The Enemy Within - Episode 1","CUSA09155","PS4","Нет","525,00 TL","Batman: The Enemy Within - Season Pass: 525,00 TL","Нет","Да","","https://store.playstation.com/en-tr/concept/228677","2017-08-07","Adventure","PEGI_18"
"2926","Sparkle 2","PPSA02320","PS4, PS5","Нет","300,00 TL","Sparkle 2 PS4 & PS5: 300,00 TL; Sparkle 2 PS4 & PS5: 300,00 TL","Нет","Нет","","https://store.playstation.com/en-tr/concept/204044","2020-12-20","Action","PEGI_3"
"2927","Cat Quest II","CUSA16553","PS4","Нет","525,00 TL","","Нет","Да","PS Plus Extra","https://store.playstation.com/en-tr/concept/234578","2019-10-23","Role Playing Games","PEGI_7"
"2928","Drift Zone","CUSA12342","PS4","Нет","300,00 TL","","Нет","Нет","","https://store.playstation.com/en-tr/concept/232278","2018-07-13","Driving/Racing","PEGI_3"
"2929","Toodee and Topdee","PPSA14746","PS4, PS5","Нет","849,00 TL","Full game: 849,00 TL","Нет","Да","","https://store.playstation.com/en-tr/concept/10007776","2023-06-07","Action","PEGI_3"
"2930","STORY OF SEASONS: A Wonderful life","PPSA11541","PS5","Нет","349,75 TL","","Нет","Нет","PS Plus Extra","https://store.playstation.com/en-tr/concept/10006487","2023-06-26","Simulation","PEGI_3"
"2931","The Hong Kong Massacre","CUSA12943","PS4","Нет","73,00 TL","","Нет","Нет","","https://store.playstation.com/en-tr/concept/232521","2019-01-21","Action","PEGI_16"
"2932","Windbound","CUSA17774","PS4","Нет","699,00 TL","","Нет","Да","","https://store.playstation.com/en-tr/concept/235103","2020-09-10","Adventure","PEGI_12"
"2933","Unravel","CUSA02532","PS4","Нет","1.049,00 TL","","Нет","Нет","EA Access","https://store.playstation.com/en-tr/concept/205146","2016-02-08","Adventure","PEGI_7"
"2934","WRC 5","CUSA02080","PS4","Нет","174,50 TL","","Нет","Нет","","https://store.playstation.com/en-tr/concept/205372","2016-04-06","Driving/Racing","PEGI_3"
"2935","Elasto Mania","CUSA31771","PS4","Нет","387,00 TL","Elasto Mania Trilogy Pack: 949,00 TL; Elasto Mania Remastered: 387,00 TL","Нет","Нет","","https://store.playstation.com/en-tr/concept/10002583","2022-01-25","Simulation","PEGI_3"
"2936","Snow Bros. Wonderland","PPSA25703","PS4, PS5","Нет","1.049,00 TL","","Нет","Нет","PS Plus Extra","https://store.playstation.com/en-tr/concept/10009300","2024-11-28","Action","PEGI_7"
"2937","Metro Redux","CUSA00593","PS4","Нет","1.049,00 TL","","Да","Да","","https://store.playstation.com/en-tr/concept/202806","2014-08-28","Shooter","PEGI_18"
"2938","Disney•Pixar Up","PPSA14378","PS4, PS5","Нет","257,00 TL","","Нет","Да","","https://store.playstation.com/en-tr/concept/10007630","2025-03-14","Action","PEGI_7"
"2939","HUMANITY","PPSA03788","PS4, PS5","Нет","1.049,00 TL","","Нет","Нет","PS Plus Extra","https://store.playstation.com/en-tr/concept/233011","2023-05-16","Action","PEGI_7"
"2940","Dead Land 2 VR","PPSA27966","PS5","Нет","70,00 TL","Dead Land 2 VR Avatar Bundle: 70,00 TL; Dead Land 2 VR: 70,00 TL","Нет","Нет","","https://store.playstation.com/en-tr/concept/10012670","2025-03-21","Action","PEGI_16"
"2941","Buildest","PPSA25351","PS5","Нет","219,60 TL","","Да","Да","","https://store.playstation.com/en-tr/concept/10012151","2025-09-30","Simulation","PEGI_3"
"2942","Persona 5 Tactica","PPSA16196","PS4, PS5","Нет","2.799,00 TL","Digital Deluxe Edition: 2.499,00 TL","Нет","Да","PS Plus Extra","https://store.playstation.com/en-tr/concept/10005896","2023-11-17","Strategy","PEGI_12"
"2943","Paper Dolls Original","CUSA15217","PS4","Нет","148,75 TL","","Нет","Нет","","https://store.playstation.com/en-tr/concept/233491","2019-06-25","Horror","PEGI_16"
"2944","Infantry Attack","CUSA47613","PS4","Нет","75,33 TL","Standard Edition: 75,33 TL; Gold Edition: 315,00 TL; Complete Edition: 101,14 TL","Нет","Нет","","https://store.playstation.com/en-tr/concept/10010397","2024-04-18","Action","PEGI_12"
"2945","Garten of Banban 0","PPSA28918","PS5","Нет","215,00 TL","Garten of Banban 0: 215,00 TL; Garten of Banban 0: 215,00 TL","Нет","Да","","https://store.playstation.com/en-tr/concept/10014441","2025-05-15","Horror","PEGI_12"
"2946","Agarta","PPSA23494","PS5","Нет","419,00 TL","Agarta: 419,00 TL; Agarta: 419,00 TL","Нет","Нет","","https://store.playstation.com/en-tr/concept/10011216","2025-06-19","Adventure","PEGI_18"
"2947","Deliver Us Mars","PPSA04519","PS4, PS5","Нет","285,01 TL","","Да","Да","","https://store.playstation.com/en-tr/concept/10003378","2023-02-02","Adventure","PEGI_12"
"2948","Doodle Kingdom","CUSA02777","PS4","Нет","257,00 TL","ROYAL COLLECTION: 515,00 TL; ROYAL BUNDLE: 387,00 TL; Doodle Kingdom: 257,00 TL; Doodle God Ultimate Collection: 649,00 TL","Нет","Да","","https://store.playstation.com/en-tr/concept/201074","2016-04-18","Casual","PEGI_7"
"2949","Mate'Morphosis","PPSA37148","PS4, PS5","Нет","215,00 TL","","Нет","Да","","https://store.playstation.com/en-tr/concept/10019204","2026-08-04","Puzzle","PEGI_7"
"2950","Forest Grove","PPSA07664","PS4, PS5","Нет","849,00 TL","","Нет","Нет","","https://store.playstation.com/en-tr/concept/10003735","2023-11-28","Unique","PEGI_12"
"2951","Dungeons 2","CUSA04055","PS4","Нет","849,00 TL","","Да","Да","","https://store.playstation.com/en-tr/concept/216153","2016-05-26","Simulation","PEGI_16"
"2952","Professional Farmer 2017","CUSA04690","PS4","Нет","849,00 TL","World of Simulators Bundle: 2.149,00 TL; Professional Farmer 2017 - Gold Edition: 849,00 TL; Professional Farmer 2017: 849,00 TL; Farmer & Forestry Bundle: 1.299,00 TL","Нет","Нет","","https://store.playstation.com/en-tr/concept/221993","2016-05-26","Simulation","PEGI_3"
"2953","Cursed to Golf","PPSA08410","PS4, PS5","Нет","699,00 TL","","Нет","Да","","https://store.playstation.com/en-tr/concept/10004926","2022-08-18","Action","PEGI_3"
"2954","Imp of the Sun","PPSA05973","PS4, PS5","Нет","69,90 TL","","Нет","Да","","https://store.playstation.com/en-tr/concept/10004066","2022-03-24","Action","PEGI_7"
"2955","Gimmick! 2","PPSA24657","PS4, PS5","Нет","104,85 TL","","Нет","Нет","","https://store.playstation.com/en-tr/concept/10011826","2025-01-30","Action","PEGI_3"
"2956","Bowling","CUSA20276","PS4","Нет","419,00 TL","","Нет","Нет","","https://store.playstation.com/en-tr/concept/10000837","2020-06-19","Arcade","PEGI_3"
"2957","Pickleball Smash","PPSA15837","PS4, PS5","Нет","1.399,00 TL","","Нет","Нет","","https://store.playstation.com/en-tr/concept/10008086","2023-10-23","Sport","PEGI_3"
"2958","Blood Waves","PPSA07674","PS5","Нет","139,60 TL","Blood Waves: 139,60 TL; Blood Waves: 139,60 TL","Нет","Да","","https://store.playstation.com/en-tr/concept/232509","2022-09-20","Shooter","PEGI_18"
"2959","The Amazing American Circus","CUSA29019","PS4","Нет","525,00 TL","The Amazing American Circus: 525,00 TL; Historical Trilogy: 1.749,00 TL","Нет","Да","","https://store.playstation.com/en-tr/concept/10003255","2021-09-16","Adventure","PEGI_12"
"2960","Sherlock Holmes: Crimes and Punishments","CUSA18876","PS4","Нет","139,90 TL","","Нет","Да","","https://store.playstation.com/en-tr/concept/235331","2020-02-09","Adventure","PEGI_16"
"2961","Aircraft Evolution","CUSA18118","PS4","Нет","139,60 TL","","Нет","Нет","","https://store.playstation.com/en-tr/concept/235310","2020-07-21","Action","PEGI_16"
"2962","Akimbot","PPSA21588","PS5","Нет","139,80 TL","","Нет","Да","","https://store.playstation.com/en-tr/concept/10010408","2024-08-28","Action","PEGI_7"
"2963","Mega Party - A Tootuff Adventure","CUSA17368","PS4","Нет","105,80 TL","","Нет","Нет","","https://store.playstation.com/en-tr/concept/234930","2023-08-29","Casual","PEGI_12"
"2964","Pets at Work","PPSA10588","PS4, PS5","Нет","175,00 TL","","Нет","Да","","https://store.playstation.com/en-tr/concept/10006266","2023-02-02","Adventure","PEGI_3"
"2965","Gunlord X","CUSA17575","PS4","Нет","349,00 TL","","Нет","Нет","","https://store.playstation.com/en-tr/concept/235013","2019-12-10","Action","PEGI_7"
"2966","Hot Blood","PPSA16556","PS4, PS5","Нет","104,70 TL","","Нет","Да","","https://store.playstation.com/en-tr/concept/10008426","2024-07-01","Fighting","PEGI_18"
"2967","Acrylic Nails!","CUSA46761","PS4","Нет","175,00 TL","Standard Edition: 175,00 TL; Complete Edition: 245,00 TL","Нет","Нет","","https://store.playstation.com/en-tr/concept/10009947","2024-06-13","Simulation","PEGI_3"
"2968","Army of Ruin","PPSA16049","PS5","Нет","279,00 TL","Army of Ruin: 279,00 TL; Army of Ruin: 279,00 TL","Нет","Да","","https://store.playstation.com/en-tr/concept/10006227","2023-06-14","Action","PEGI_7"
"2969","SAVE YOUR NUTS","CUSA26102","PS4","Нет","349,00 TL","","Нет","Да","","https://store.playstation.com/en-tr/concept/10000623","2021-09-08","Family","PEGI_3"
"2970","Hitman GO","CUSA04117","PS4","Нет","55,80 TL","","Нет","Нет","","https://store.playstation.com/en-tr/concept/218377","2016-03-01","Action","PEGI_7"
"2971","Treasure Hunter Simulator","CUSA26876","PS4","Нет","349,00 TL","","Нет","Да","","https://store.playstation.com/en-tr/concept/10002433","2021-07-01","Simulator","PEGI_3"
"2972","Happy Hotel","PPSA27337","PS5","Нет","139,00 TL","","Нет","Да","","https://store.playstation.com/en-tr/concept/10013365","2025-03-20","Horror","PEGI_12"
"2973","In rays of the Light","PPSA02903","PS5","Нет","139,50 TL","In rays of the Light: 139,50 TL; In rays of the Light: 139,50 TL","Да","Да","","https://store.playstation.com/en-tr/concept/10001075","2021-03-16","Adventure","PEGI_12"
"2974","Don't Be Afraid","CUSA30203","PS4","Нет","139,60 TL","","Нет","Да","","https://store.playstation.com/en-tr/concept/10003729","2022-01-27","Horror","PEGI_16"
"2975","Mind Loop","PPSA26745","PS5","Нет","139,00 TL","Mind Loop: 139,00 TL; Mind Loop: 139,00 TL","Нет","Нет","","https://store.playstation.com/en-tr/concept/10013010","2024-11-04","Horror","PEGI_12"
"2976","Hidden Cats in Berlin","PPSA23641","PS5","Нет","139,00 TL","Hidden Cats in Berlin: 139,00 TL; Hidden Cats in Berlin: 139,00 TL","Нет","Нет","","https://store.playstation.com/en-tr/concept/10011301","2024-09-18","Puzzle","PEGI_3"
"2977","Beach Invasion 1944","PPSA23613","PS5","Нет","349,00 TL","Beach Invasion 1944: 349,00 TL; Beach Invasion 1944: 389,00 TL","Нет","Да","","https://store.playstation.com/en-tr/concept/10008851","2024-08-03","Action","PEGI_16"
"2978","Mia and the Dragon Princess","PPSA15876","PS4, PS5","Нет","134,70 TL","","Нет","Да","","https://store.playstation.com/en-tr/concept/10006967","2023-05-04","Adventure","PEGI_16"
"2979","The Thaumaturge","PPSA13245","PS5","Нет","1.199,00 TL","Deluxe Edition: 398,70 TL","Нет","Да","PS Plus Extra","https://store.playstation.com/en-tr/concept/10007126","2024-12-04","Role Playing Games","PEGI_16"
"2980","Monkey Kong","CUSA38303","PS4","Нет","139,00 TL","","Нет","Нет","","https://store.playstation.com/en-tr/concept/10006594","2022-10-28","Arcade","PEGI_3"
"2981","War Tech Fighters","CUSA14235","PS4","Нет","774,00 TL","","Нет","Нет","","https://store.playstation.com/en-tr/concept/233046","2019-06-26","Action","PEGI_12"
"2982","Robby's Adventure","PPSA18522","PS5","Нет","69,00 TL","Robby's Adventure: 69,00 TL; Robby's Adventure: 69,00 TL","Нет","Да","","https://store.playstation.com/en-tr/concept/10005723","2023-08-30","Adventure","PEGI_3"
"2983","DOOM VFR","CUSA09090","PS4","Нет","529,00 TL","","Да","Да","","https://store.playstation.com/en-tr/concept/228700","2017-11-30","Action","PEGI_18"
"2984","Dropship Commander","PPSA12378","PS4, PS5","Нет","85,75 TL","","Нет","Нет","","https://store.playstation.com/en-tr/concept/10005467","2022-11-19","Arcade","PEGI_3"
"2985","Moonfall Ultimate","CUSA13398","PS4","Нет","449,00 TL","","Нет","Да","","https://store.playstation.com/en-tr/concept/231116","2018-09-03","Action","PEGI_12"
"2986","The Park","CUSA04397","PS4","Нет","455,00 TL","","Нет","Нет","","https://store.playstation.com/en-tr/concept/216428","2016-05-02","Adventure","PEGI_16"
"2987","Aggelos","CUSA13654","PS4","Нет","132,25 TL","","Нет","Да","","https://store.playstation.com/en-tr/concept/232801","2019-07-11","Action","PEGI_7"
"2988","Endling - Extinction is Forever","PPSA08509","PS4, PS5","Нет","262,25 TL","","Нет","Да","","https://store.playstation.com/en-tr/concept/10001440","2022-11-03","Adventure","PEGI_16"
"2989","DIGIMON STORY: CYBER SLEUTH - HACKER'S MEMORY","CUSA09923","PS4","Нет","399,84 TL","","Нет","Нет","","https://store.playstation.com/en-tr/concept/228712","2018-01-18","Role Playing Games","PEGI_12"
"2990","Projection: First Light","CUSA24252","PS4","Нет","774,00 TL","","Нет","Да","","https://store.playstation.com/en-tr/concept/10001068","2020-09-28","Adventure","PEGI_7"
"2991","The Perplexing Orb 2","CUSA23309","PS4","Нет","96,75 TL","","Нет","Нет","","https://store.playstation.com/en-tr/concept/10000855","2020-11-17","Arcade","PEGI_3"
"2992","ASSAULT GUNNERS","CUSA10717","PS4","Нет","104,70 TL","ASSAULT GUNNERS HD EDITION COMPLETE SET: 439,00 TL; ASSAULT GUNNERS HD EDITION: 104,70 TL","Нет","Нет","","https://store.playstation.com/en-tr/concept/231470","2018-03-20","Shooter","PEGI_7"
"2993","Cat From Hell","PPSA29715","PS5","Нет","175,00 TL","Cat From Hell: 175,00 TL; Cat From Hell: 175,00 TL; Digital Deluxe Edition: 215,00 TL","Нет","Да","","https://store.playstation.com/en-tr/concept/10014820","2025-04-27","Simulation","PEGI_3"
"2994","Crimen - Mercenary Tales","PPSA21462","PS5","Нет","131,25 TL","","Нет","Нет","","https://store.playstation.com/en-tr/concept/10010227","2024-09-13","Action","PEGI_16"
"2995","Mutant Football League","CUSA11097","PS4","Нет","429,00 TL","Mutant Football League - Complete Bundle: 849,00 TL; Mutant Football League: Dynasty Edition: 649,00 TL; Mutant Football League: 429,00 TL","Нет","Нет","","https://store.playstation.com/en-tr/concept/229210","2018-03-20","Sport","PEGI_18"
"2996","Hotel Renovator – Five","PPSA13720","PS5","Нет","262,50 TL","Standard Edition: 262,50 TL; Five Star Edition: 1.575,00 TL; Five Star Edition: 1.575,00 TL","Нет","Да","","https://store.playstation.com/en-tr/concept/10007315","2024-03-11","Simulator","PEGI_3"
"2997","Carnivores: Dinosaur Hunt","CUSA23339","PS4","Нет","525,00 TL","","Нет","Нет","","https://store.playstation.com/en-tr/concept/10000821","2021-05-03","Simulation","PEGI_12"
"2998","Sunrise GP","PPSA27610","PS5","Нет","131,25 TL","Sunrise GP: 131,25 TL; Sunrise GP + Electro Ride: The Neon Racing bundle: 218,75 TL","Нет","Да","","https://store.playstation.com/en-tr/concept/10013533","2025-02-27","Driving/Racing","PEGI_3"
"2999","Voyage","PPSA08781","PS4, PS5","Нет","525,00 TL","","Нет","Да","","https://store.playstation.com/en-tr/concept/10005561","2022-08-11","Adventure","PEGI_3"
"3000","Eiyuden Chronicle: Rising","PPSA04718","PS4, PS5","Нет","525,00 TL","","Нет","Да","","https://store.playstation.com/en-tr/concept/10003486","2022-05-10","Action","PEGI_12"
"3001","Detention","CUSA10069","PS4","Нет","389,00 TL","","Нет","Нет","","https://store.playstation.com/en-tr/concept/229744","2018-02-28","Horror","PEGI_12"
"3002","Rock of Ages 3: Make & Break","CUSA16365","PS4","Нет","1.299,00 TL","","Нет","Да","","https://store.playstation.com/en-tr/concept/235361","2020-07-21","Driving/Racing","PEGI_12"
"3003","Inner Ashes","PPSA11403","PS4, PS5","Нет","129,80 TL","","Нет","Да","","https://store.playstation.com/en-tr/concept/10006351","2023-06-29","Puzzle","PEGI_12"
"3004","Air Hunter","PPSA36380","PS5","Нет","64,50 TL","","Нет","Нет","","https://store.playstation.com/en-tr/concept/10018795","2026-06-11","Arcade","PEGI_16"
"3005","Mortar Master","PPSA25327","PS5","Нет","15,60 TL","Variety Triple Game Bundle: 64,50 TL; Mortar Master: 15,60 TL; Variety Triple Game Bundle: 64,50 TL; Mortar Master: 15,60 TL","Нет","Нет","","https://store.playstation.com/en-tr/concept/10012037","2024-09-27","Shooter","PEGI_12"
"3006","Bus Driver Simulator: Countryside","CUSA29674","PS4","Нет","649,00 TL","","Нет","Да","","https://store.playstation.com/en-tr/concept/10003525","2021-11-25","Simulation","PEGI_3"
"3007","Worm War","PPSA23431","PS5","Нет","17,24 TL","WormWar Greengrocer PS5 Avatar_Bundle: 87,50 TL; Worm War: 17,24 TL; WormWar Avatar Bundle: 87,50 TL; Worm War: 17,24 TL","Нет","Нет","","https://store.playstation.com/en-tr/concept/10010119","2024-05-30","Casual","PEGI_3"
"3008","My Time at Portia","CUSA10908","PS4","Нет","259,80 TL","","Нет","Нет","","https://store.playstation.com/en-tr/concept/231112","2019-04-15","Adventure","PEGI_7"
"3009","Beat Cop","CUSA13642","PS4","Нет","97,35 TL","","Нет","Да","","https://store.playstation.com/en-tr/concept/232768","2019-03-04","Adventure","PEGI_18"
"3010","Crazy Chicken Remake","PPSA02822","PS5","Нет","649,00 TL","Crazy Chicken Remake: 649,00 TL; Crazy Chicken Remake: 649,00 TL","Нет","Нет","","https://store.playstation.com/en-tr/concept/10002285","2021-07-09","Arcade","PEGI_3"
"3011","Apocryphoid","PPSA34685","PS4, PS5","Нет","43,00 TL","","Нет","Нет","","https://store.playstation.com/en-tr/concept/10017777","2025-12-01","Arcade","PEGI_7"
"3012","Wing of Darkness","CUSA24370","PS4","Нет","1.299,00 TL","","Нет","Нет","","https://store.playstation.com/en-tr/concept/10001345","2021-06-03","Shooter","PEGI_7"
"3013","Airport Simulator: Day & Night","CUSA29671","PS4","Нет","1.299,00 TL","","Нет","Да","","https://store.playstation.com/en-tr/concept/10003524","2021-11-18","Simulation","PEGI_3"
"3014","SHIKA-Q","PPSA31366","PS5","Нет","649,00 TL","SHIKA-Q: 649,00 TL; SHIKA-Q Deluxe Edition: 1.299,00 TL; SHIKA-Q: 649,00 TL; SHIKA-Q Deluxe Edition: 1.299,00 TL","Нет","Нет","","https://store.playstation.com/en-tr/concept/10015765","2026-04-08","Puzzle","PEGI_3"
"3015","Baki Hanma: Blood Arena","PPSA27577","PS5","Нет","1.299,00 TL","Baki Hanma: Blood Arena: 1.299,00 TL; Baki Dou: Blood Arena: 1.419,00 TL; Baki Hanma: Blood Arena: 1.299,00 TL; Baki Dou: Blood Arena: 1.419,00 TL","Нет","Нет","","https://store.playstation.com/en-tr/concept/10013495","2025-09-11","Fighting","PEGI_16"
"3016","I Am Titan","PPSA37688","PS5","Нет","129,00 TL","","Нет","Нет","","https://store.playstation.com/en-tr/concept/10019532","2026-08-06","Simulator","PEGI_3"
"3017","High Cars 3","PPSA37570","PS5","Нет","129,00 TL","","Нет","Нет","","https://store.playstation.com/en-tr/concept/10019465","2026-07-09","Driving/Racing","PEGI_3"
"3018","Cursed New Year","PPSA27962","PS5","Нет","64,50 TL","","Да","Да","","https://store.playstation.com/en-tr/concept/10013813","2025-10-30","Adventure","PEGI_16"
"3019","Deception IV: The Nightmare Princess","CUSA02822","PS4","Нет","2.149,00 TL","","Нет","Нет","","https://store.playstation.com/en-tr/concept/200933","2015-08-13","Action","PEGI_16"
"3020","Liminal Tower","PPSA35339","PS4, PS5","Нет","38,70 TL","","Нет","Нет","","https://store.playstation.com/en-tr/concept/10018151","2026-01-15","Arcade","PEGI_3"
"3021","Dollmare","PPSA31129","PS5","Нет","118,25 TL","Dollmare: 118,25 TL; Dollmare: 118,25 TL","Нет","Да","","https://store.playstation.com/en-tr/concept/10015709","2025-11-06","Horror","PEGI_12"
"3022","Long Run 2","PPSA37642","PS5","Нет","129,00 TL","","Нет","Нет","","https://store.playstation.com/en-tr/concept/10019502","2026-07-23","Arcade","PEGI_3"
"3023","Kinduo 2 - Frostbite","PPSA20777","PS4, PS5","Нет","86,00 TL","","Нет","Да","","https://store.playstation.com/en-tr/concept/10010079","2024-05-09","Puzzle","PEGI_3"
"3025","Rolly Rails","PPSA36406","PS5","Нет","129,00 TL","","Нет","Нет","","https://store.playstation.com/en-tr/concept/10018806","2026-06-25","Arcade","PEGI_3"
"3026","Animal Kingdom 3","PPSA31411","PS5","Нет","128,70 TL","","Нет","Нет","","https://store.playstation.com/en-tr/concept/10015891","2025-09-02","Adventure","PEGI_3"
"3027","My Name is Mayo","CUSA09386","PS4","Нет","35,70 TL","","Нет","Нет","","https://store.playstation.com/en-tr/concept/224887","2017-11-08","Adventure","PEGI_12"
"3028","Save Room","PPSA10607","PS4, PS5","Нет","175,00 TL","","Нет","Нет","","https://store.playstation.com/en-tr/concept/10006275","2022-11-10","Casual","PEGI_7"
"3029","Truck Driver's License","PPSA35516","PS5","Нет","64,00 TL","","Нет","Нет","","https://store.playstation.com/en-tr/concept/10018287","2026-04-28","Driving/Racing","PEGI_3"
"3030","Sword of the Vagrant","CUSA34137","PS4","Нет","85,80 TL","","Нет","Нет","","https://store.playstation.com/en-tr/concept/233125","2022-11-30","Role Playing Games","PEGI_12"
"3032","Sweet Home 2: Look and Find","PPSA28557","PS5","Нет","85,80 TL","","Нет","Да","","https://store.playstation.com/en-tr/concept/10014239","2025-04-02","Adventure","PEGI_3"
"3033","Redout","CUSA01817","PS4","Нет","323,70 TL","","Нет","Да","","https://store.playstation.com/en-tr/concept/230039","2017-08-30","Driving/Racing","PEGI_3"
"3034","Goalkeeper VR Challenge","CUSA30605","PS4","Нет","257,00 TL","","Нет","Нет","","https://store.playstation.com/en-tr/concept/233677","2023-08-31","Sport","PEGI_3"
"3035","Weird West","PPSA10887","PS4, PS5","Нет","349,75 TL","","Нет","Да","","https://store.playstation.com/en-tr/concept/234916","2023-05-07","Action","PEGI_16"
"3036","STORY OF SEASONS: Pioneers of Olive Town","CUSA31951","PS4","Нет","279,80 TL","STORY OF SEASONS: Pioneers of Olive Town: 279,80 TL","Нет","Нет","","https://store.playstation.com/en-tr/concept/10003254","2022-07-29","Simulation","PEGI_3"
"3037","Octodad: Dadliest Catch","CUSA00655","PS4","Нет","42,70 TL","","Нет","Нет","","https://store.playstation.com/en-tr/concept/203183","2015-05-28","Action","PEGI_7"
"3038","Badminton Time","PPSA36131","PS5","Нет","424,50 TL","Badminton Time VR: 254,70 TL; Badminton Time: 424,50 TL","Нет","Нет","","https://store.playstation.com/en-tr/concept/10014844","2026-06-25","Sport","PEGI_3"
"3039","Hidden Cats in Tokyo","PPSA29899","PS5","Нет","257,00 TL","Hidden Cats in Tokyo: 257,00 TL; Hidden Cats in Tokyo: 257,00 TL","Нет","Нет","","https://store.playstation.com/en-tr/concept/10015029","2025-09-17","Puzzle","PEGI_3"
"3040","Devil May Cry 4","CUSA01708","PS4","Нет","769,00 TL","Devil May Cry 4 Special Edition: 769,00 TL; DMC4SE Demon Hunter Bundle: 1.259,00 TL","Нет","Нет","","https://store.playstation.com/en-tr/concept/200909","2015-06-23","Action","PEGI_16"
"3041","Adventure Time: Pirates of the Enchiridion","CUSA10859","PS4","Нет","879,00 TL","","Нет","Нет","PS Plus Extra","https://store.playstation.com/en-tr/concept/231468","2018-07-19","Family","PEGI_7"
"3042","Sword Art Online: Fatal Bullet","CUSA10168","PS4","Нет","849,00 TL","SWORD ART ONLINE: FATAL BULLET Complete Edition: 437,25 TL","Нет","Нет","","https://store.playstation.com/en-tr/concept/228859","2018-02-22","Shooter","PEGI_12"
"3043","Wild & Adventure Pinball","PPSA19205","PS4, PS5","Нет","419,00 TL","","Нет","Нет","","https://store.playstation.com/en-tr/concept/10009445","2023-12-21","Arcade","PEGI_7"
"3044","Donut Fun","PPSA09854","PS5","Нет","125,00 TL","Donut Fun: 125,00 TL; Donut Fun: 125,00 TL","Нет","Нет","","https://store.playstation.com/en-tr/concept/10006029","2022-10-07","Arcade","PEGI_3"
"3045","Cat Fun","PPSA10041","PS5","Нет","125,00 TL","Cat Fun: 125,00 TL; Cat Fun: 125,00 TL","Нет","Нет","","https://store.playstation.com/en-tr/concept/10006095","2022-10-20","Casual","PEGI_3"
"3046","Coffee Fun","PPSA09870","PS5","Нет","125,00 TL","Coffee Fun: 125,00 TL; Coffee Fun: 125,00 TL","Нет","Нет","","https://store.playstation.com/en-tr/concept/10006034","2022-12-08","Arcade","PEGI_3"
"3047","Chopper Strike","PPSA29358","PS5","Нет","105,00 TL","","Нет","Нет","","https://store.playstation.com/en-tr/concept/10014723","2025-04-10","Action","PEGI_12"
"3048","Christmas Fun","PPSA10058","PS5","Нет","125,00 TL","Christmas Fun: 125,00 TL; Christmas Fun: 125,00 TL","Нет","Нет","","https://store.playstation.com/en-tr/concept/10006102","2022-11-17","Casual","PEGI_3"
"3049","Twisted Metal III","PPSA27837","PS4, PS5","Нет","429,00 TL","","Нет","Нет","","https://store.playstation.com/en-tr/concept/10013707","2025-07-15","Driving/Racing","PEGI_16"
"3050","Erica","CUSA11882","PS4","Нет","429,00 TL","","Да","Да","PS Plus Extra","https://store.playstation.com/en-tr/concept/234806","2019-08-18","Adventure","PEGI_16"
"3051","Observation","CUSA09849","PS4","Нет","879,00 TL","","Нет","Нет","","https://store.playstation.com/en-tr/concept/229824","2019-05-20","Horror","PEGI_16"
"3052","GENIE Reprise","PPSA17717","PS5","Нет","125,00 TL","","Нет","Нет","","https://store.playstation.com/en-tr/concept/10008899","2024-02-13","Adventure","PEGI_7"
"3053","Daxter","PPSA09695","PS4, PS5","Нет","429,00 TL","","Нет","Нет","","https://store.playstation.com/en-tr/concept/10005947","2024-06-18","Adventure","PEGI_7"
"3054","Forbidden Siren","PPSA22947","PS4, PS5","Нет","429,00 TL","","Нет","Нет","","https://store.playstation.com/en-tr/concept/10010950","2024-10-15","Horror","PEGI_16"
"3055","Gunducky Industries++","PPSA09488","PS5","Нет","17,00 TL","Gunducky Industries++: 17,00 TL; Gunducky Industries++ and Gunducky Trophy Avatar bundle: 17,00 TL; Gunducky Industries++: 12,00 TL","Нет","Нет","","https://store.playstation.com/en-tr/concept/10002810","2022-08-05","Action","PEGI_3"
"3056","Patapon 3","PPSA14322","PS4, PS5","Нет","429,00 TL","","Нет","Да","","https://store.playstation.com/en-tr/concept/10007599","2025-02-18","Music/Rhythm","PEGI_7"
"3057","The Legend of Santa","PPSA23069","PS5","Нет","125,00 TL","","Нет","Нет","","https://store.playstation.com/en-tr/concept/10010996","2024-10-28","Family","PEGI_7"
"3058","TEKKEN DARK RESURRECTION","PPSA31371","PS4, PS5","Нет","429,00 TL","","Нет","Нет","","https://store.playstation.com/en-tr/concept/10015859","2026-03-17","Fighting","PEGI_12"
"3059","Sly 3: Honour Among Thieves","PPSA22288","PS4, PS5","Нет","429,00 TL","","Нет","Нет","","https://store.playstation.com/en-tr/concept/10010692","2024-12-10","Adventure","PEGI_3"
"3060","Toy Trains","PPSA19224","PS5","Нет","122,25 TL","","Нет","Нет","","https://store.playstation.com/en-tr/concept/10009449","2024-01-16","Simulation","PEGI_3"
"3061","TEKKEN2","PPSA07704","PS4, PS5","Нет","429,00 TL","","Нет","Нет","","https://store.playstation.com/en-tr/concept/10005100","2022-06-22","Fighting","PEGI_12"
"3062","Papetura","PPSA14234","PS5","Нет","122,15 TL","Papetura: 122,15 TL; Papetura: 122,15 TL","Нет","Да","","https://store.playstation.com/en-tr/concept/10007461","2023-03-08","Puzzle","PEGI_7"
"3063","Twisted Metal 4","PPSA27839","PS4, PS5","Нет","429,00 TL","","Нет","Нет","","https://store.playstation.com/en-tr/concept/10013708","2025-07-15","Driving/Racing","PEGI_16"
"3064","Disney•Pixar Wall-E","PPSA14383","PS4, PS5","Нет","849,00 TL","","Да","Да","","https://store.playstation.com/en-tr/concept/10007632","2026-02-17","Action","PEGI_3"
"3065","Worm War: Greengrocer","PPSA22137","PS5","Нет","17,24 TL","Worm War: Greengrocer Avatar Bundle: 87,50 TL; Worm War: Greengrocer: 17,24 TL; Worm War: Greengrocer Theme Bundle: 87,50 TL; Worm War: Greengrocer: 17,24 TL","Нет","Нет","","https://store.playstation.com/en-tr/concept/10010474","2024-05-29","Family","PEGI_3"
"3066","FAR: Changing Tides","PPSA03767","PS4, PS5","Нет","849,00 TL","","Нет","Да","PS Plus Extra","https://store.playstation.com/en-tr/concept/10002934","2022-02-28","Action","PEGI_3"
"3067","Psi-Ops: The Mindgate Conspiracy","PPSA31935","PS4, PS5","Нет","849,00 TL","","Нет","Нет","","https://store.playstation.com/en-tr/concept/10016223","2026-07-21","Action","PEGI_16"
"3068","Before Your Eyes","PPSA13433","PS5","Нет","183,75 TL","","Нет","Нет","","https://store.playstation.com/en-tr/concept/10007197","2023-03-09","Unique","PEGI_12"
"3069","Uragun","PPSA23741","PS4, PS5","Нет","349,00 TL","Uragun: 349,00 TL; Uragun: 122,15 TL","Нет","Нет","","https://store.playstation.com/en-tr/concept/10011357","2024-11-21","Shooter","PEGI_7"
"3070","Squirrel with a Gun","PPSA22102","PS5","Нет","849,00 TL","","Нет","Нет","","https://store.playstation.com/en-tr/concept/10010627","2024-10-15","Action","PEGI_12"
"3071","Serious Sam: Siberian Mayhem","PPSA07021","PS5","Нет","849,00 TL","","Нет","Да","","https://store.playstation.com/en-tr/concept/10004759","2022-10-06","Shooter","PEGI_18"
"3072","Overpass","CUSA15489","PS4","Нет","849,00 TL","Deluxe Edition: 1.079,00 TL","Нет","Да","PS Plus Extra","https://store.playstation.com/en-tr/concept/233719","2020-03-12","Sport","PEGI_3"
"3073","Night Swarm","PPSA32284","PS5","Нет","96,75 TL","Night Swarm: 96,75 TL; Night Loops Bundle: 206,10 TL; NAISU Selection Bundle: 567,60 TL","Нет","Да","","https://store.playstation.com/en-tr/concept/10016417","2025-12-05","Role Playing Games","PEGI_12"
"3074","Gastro Force","PPSA15456","PS4, PS5","Нет","120,00 TL","","Нет","Нет","","https://store.playstation.com/en-tr/concept/10007996","2023-08-31","Action","PEGI_12"
"3075","Sleepin' Guy","PPSA04753","PS5","Нет","98,67 TL","","Нет","Да","","https://store.playstation.com/en-tr/concept/10003514","2022-03-17","Adventure","PEGI_16"
"3076","Sheepo","PPSA04358","PS4, PS5","Нет","472,00 TL","","Нет","Нет","","https://store.playstation.com/en-tr/concept/10002441","2021-10-19","Adventure","PEGI_3"
"3077","Another World - 20th","CUSA00602","PS4","Нет","343,00 TL","","Нет","Нет","","https://store.playstation.com/en-tr/concept/200251","2022-11-27","Action","PEGI_12"
"3078","A Juggler's Tale","PPSA04766","PS4, PS5","Нет","525,00 TL","","Нет","Да","","https://store.playstation.com/en-tr/concept/10001908","2021-09-29","Adventure","PEGI_7"
"3079","Within the Blade","PPSA04058","PS4, PS5","Нет","389,00 TL","","Нет","Да","","https://store.playstation.com/en-tr/concept/10003061","2021-07-15","Action","PEGI_18"
"3080","Suika Animal Kingdom","CUSA51618","PS4","Нет","34,50 TL","","Нет","Нет","","https://store.playstation.com/en-tr/concept/10012873","2024-11-09","Puzzle","PEGI_3"
"3081","Itorah","CUSA34062","PS4","Нет","699,00 TL","","Нет","Да","","https://store.playstation.com/en-tr/concept/10005215","2023-04-20","Action","PEGI_7"
"3082","EA SPORTS PGA TOUR","PPSA02228","PS5","Нет","2.900,00 TL","EA SPORTS™ PGA TOUR™: 2.900,00 TL; Deluxe Edition: 3.500,00 TL","Нет","Нет","EA Access","https://store.playstation.com/en-tr/concept/10001789","2023-04-06","Sport","PEGI_3"
"3083","Trials Fusion","CUSA00230","PS4","Нет","849,00 TL","Trials Fusion The Awesome MAX Edition: 1.399,00 TL","Нет","Да","PS Plus Extra","https://store.playstation.com/en-tr/concept/203938","2014-04-15","Driving/Racing","PEGI_12"
"3084","Bionic Bay","PPSA23767","PS5","Нет","699,00 TL","Bionic Bay: Deluxe Edition: 875,00 TL","Нет","Нет","","https://store.playstation.com/en-tr/concept/10011377","2025-04-17","Puzzle","PEGI_12"
"3085","Get Packed: Fully Loaded","CUSA28406","PS4","Нет","595,00 TL","","Нет","Нет","","https://store.playstation.com/en-tr/concept/10001694","2021-07-28","Action","PEGI_7"
"3086","RACE THE SUN","CUSA01129","PS4","Нет","387,00 TL","","Нет","Нет","","https://store.playstation.com/en-tr/concept/203710","2014-10-22","Action","PEGI_3"
"3087","Gang Blast","PPSA29943","PS5","Нет","105,00 TL","","Нет","Нет","","https://store.playstation.com/en-tr/concept/10015058","2025-05-01","Arcade","PEGI_7"
"3088","Maze: Path of Light","CUSA55106","PS4","Нет","85,75 TL","Standard Edition: 85,75 TL; Complete Edition: 159,65 TL","Нет","Нет","","https://store.playstation.com/en-tr/concept/10015564","2025-07-18","Puzzle","PEGI_3"
"3089","Crown Wars: The Black Prince","PPSA09251","PS5","Нет","1.749,00 TL","Sacred Edition: 2.099,00 TL","Нет","Да","","https://store.playstation.com/en-tr/concept/10005672","2024-05-23","Role Playing Games","PEGI_16"
"3090","Dead Land: Polygon VR","PPSA26418","PS5","Нет","55,60 TL","","Нет","Нет","","https://store.playstation.com/en-tr/concept/10012827","2024-12-03","Action","PEGI_12"
"3091","Battle Chef Brigade Deluxe","CUSA07233","PS4","Нет","699,00 TL","Battle Chef Brigade Deluxe: 699,00 TL","Нет","Да","","https://store.playstation.com/en-tr/concept/216886","2018-08-27","Action","PEGI_7"
"3092","Grass Cutting Simulator: Lawn Mowing Care","CUSA49413","PS4","Нет","455,00 TL","","Нет","Нет","","https://store.playstation.com/en-tr/concept/10011416","2024-08-08","Family","PEGI_3"
"3093","Sudoku : Master League","PPSA38409","PS5","Нет","85,00 TL","","Нет","Нет","","https://store.playstation.com/en-tr/concept/10019954","2026-07-01","Puzzle","PEGI_3"
"3094","UNDER NIGHT IN-BIRTH Exe:Late[st]","CUSA09420","PS4","Нет","219,75 TL","","Нет","Нет","","https://store.playstation.com/en-tr/concept/230295","2018-02-15","Arcade","PEGI_12"
"3095","D-Day Enhanced","PPSA13787","PS5","Нет","53,75 TL","Standard Edition: 53,75 TL; Special Edition: 107,25 TL; Gold Edition: 162,25 TL; Honor and Duty: D-Day: 162,25 TL","Нет","Нет","","https://store.playstation.com/en-tr/concept/232211","2024-01-23","Shooter","PEGI_16"
"3096","Soul Searching","PPSA26773","PS4, PS5","Нет","96,75 TL","Soul Searching: 96,75 TL; Soul Searching: 96,75 TL","Нет","Нет","","https://store.playstation.com/en-tr/concept/10012960","2025-08-01","Adventure","PEGI_12"
"3097","REDEX","PPSA32436","PS4, PS5","Нет","107,50 TL","","Нет","Да","","https://store.playstation.com/en-tr/concept/10016505","2025-10-21","Action","PEGI_7"
"3098","Waifu Space Conquest","PPSA16202","PS4, PS5","Нет","107,50 TL","","Нет","Нет","","https://store.playstation.com/en-tr/concept/10008288","2023-05-24","Action","PEGI_12"
"3099","Hidden Cats in Spooky Village","PPSA34636","PS5","Нет","215,00 TL","Hidden Cats in Spooky Village: 215,00 TL; Hidden Cats in Spooky Village: 215,00 TL","Нет","Нет","","https://store.playstation.com/en-tr/concept/10017741","2026-03-11","Puzzle","PEGI_7"
"3100","Outbreak: Shades of Horror Chromatic Split","PPSA25994","PS5","Нет","875,00 TL","Outbreak: Shades of Horror Chromatic Split: 875,00 TL; Integral Collection: 2.275,00 TL; Cypress Ridge Collection: 3.149,00 TL; Anthology Collection: 1.575,00 TL; Franchise Bundle: 5.249,00 TL","Нет","Нет","","https://store.playstation.com/en-tr/concept/10012537","2024-11-07","Action","PEGI_18"
"3101","VR Pigeons","PPSA17118","PS4, PS5","Нет","96,75 TL","","Нет","Нет","","https://store.playstation.com/en-tr/concept/10004179","2023-10-06","Unique","PEGI_3"
"3102","Edna & Harvey: The Breakout","CUSA17658","PS4","Нет","699,00 TL","""Edna & Harvey"" Bundle: 1.299,00 TL; Edna & Harvey: The Breakout – Anniversary Edition: 699,00 TL","Нет","Да","","https://store.playstation.com/en-tr/concept/235058","2020-06-16","Adventure","PEGI_12"
"3103","Game Dev Story","CUSA23664","PS4","Нет","549,00 TL","","Нет","Да","","https://store.playstation.com/en-tr/concept/10000521","2021-03-24","Simulation","PEGI_3"
"3104","Super Meat Boy Forever","CUSA27278","PS4","Нет","215,00 TL","","Нет","Да","","https://store.playstation.com/en-tr/concept/234606","2021-04-15","Action","PEGI_12"
"3105","Gorilla Attack","PPSA27350","PS5","Нет","26,25 TL","Gorilla Attack: 26,25 TL; Gorilla Attack + Bridge the Gap! bundle: 204,75 TL","Нет","Нет","","https://store.playstation.com/en-tr/concept/10013375","2025-01-22","Action","PEGI_7"
"3106","DEADCRAFT","PPSA06930","PS4, PS5","Нет","175,00 TL","DEADCRAFT Deluxe Edition: 1.399,00 TL","Нет","Нет","PS Plus Extra","https://store.playstation.com/en-tr/concept/10003340","2022-05-18","Simulation","PEGI_16"
"3107","Deep Under","PPSA28339","PS4, PS5","Нет","215,00 TL","","Нет","Да","","https://store.playstation.com/en-tr/concept/10014088","2025-05-29","Adventure","PEGI_12"
"3108","Pets Survivors","PPSA38705","PS4, PS5","Нет","215,00 TL","","Нет","Да","","https://store.playstation.com/en-tr/concept/10020136","2026-08-11","Shooter","PEGI_3"
"3109","Father's Day Journey","CUSA49190","PS4","Нет","42,00 TL","Father's Day Journey with Transparent Anime Avatar: 86,00 TL; Father's Day Journey: 42,00 TL","Нет","Нет","","https://store.playstation.com/en-tr/concept/10011217","2024-05-31","Family","PEGI_3"
"3110","Tiny Troopers: Global Ops","PPSA02843","PS4, PS5","Нет","169,80 TL","Tiny Troopers: Global Ops: 169,80 TL; Digital Deluxe: 1.079,00 TL","Нет","Да","","https://store.playstation.com/en-tr/concept/10002214","2023-03-09","Action","PEGI_12"
"3111","Redo!","PPSA07112","PS4, PS5","Нет","429,00 TL","","Нет","Да","","https://store.playstation.com/en-tr/concept/10002948","2022-06-22","Action","PEGI_16"
"3112","Pixicharm Collection 2","PPSA28500","PS5","Нет","215,00 TL","Pixicharm Collection 2: 215,00 TL; Pixicharm Collection 2: 215,00 TL","Нет","Нет","","https://store.playstation.com/en-tr/concept/10014190","2025-02-27","Family","PEGI_7"
"3113","Twogether: Project Indigos Chapter 1","CUSA17899","PS4","Нет","387,00 TL","Twogether: Project Indigos Chapter 1: 387,00 TL; Indigo Edition: 109,80 TL","Нет","Нет","","https://store.playstation.com/en-tr/concept/235158","2021-11-22","Unique","PEGI_3"
"3114","Suicide Guy VR Deluxe","PPSA17327","PS5","Нет","429,00 TL","","Да","Да","","https://store.playstation.com/en-tr/concept/10008626","2023-11-27","Adventure","PEGI_16"
"3115","Harmony Chronicles: Demon of the void Collector’s Edition","PPSA28553","PS5","Нет","85,80 TL","","Нет","Да","","https://store.playstation.com/en-tr/concept/10014238","2025-03-20","Adventure","PEGI_7"
"3116","Aquarium Land","CUSA45423","PS4","Нет","52,50 TL","Standard Edition: 52,50 TL; Gold Edition: 73,50 TL; Complete Edition: 94,50 TL","Нет","Нет","","https://store.playstation.com/en-tr/concept/10009320","2023-10-05","Simulation","PEGI_3"
"3117","True Fear: Forsaken Souls - Part 1","CUSA08187","PS4","Нет","429,00 TL","True Fear: Trilogy: 1.079,00 TL; True Fear: Forsaken Souls - Part 1: 429,00 TL","Нет","Да","","https://store.playstation.com/en-tr/concept/228873","2018-02-12","Adventure","PEGI_12"
"3118","Anime Uni 6 3D","PPSA35662","PS5","Нет","107,00 TL","Anime Uni Collection 4–6: 257,00 TL; Anime Uni 6 3D: 107,00 TL; Anime Uni Collection 4–6: 257,00 TL; Anime Uni 6 3D: 107,00 TL","Нет","Нет","","https://store.playstation.com/en-tr/concept/10018381","2026-01-28","Adult","PEGI_12"
"3119","Anime Uni 5","PPSA34192","PS5","Нет","107,00 TL","Anime Uni 5: 107,00 TL; Anime Uni 5: 107,00 TL","Нет","Нет","","https://store.playstation.com/en-tr/concept/10017458","2025-11-05","Adult","PEGI_12"
"3120","FEZ","CUSA00382","PS4","Нет","429,00 TL","","Нет","Нет","","https://store.playstation.com/en-tr/concept/201435","2014-03-26","Adventure","PEGI_3"
"3121","Anime Uni 7: a Happy Valentine","PPSA35794","PS5","Нет","107,00 TL","Anime Uni 7: a Happy Valentine: 107,00 TL; Anime Uni 7: a Happy Valentine: 107,00 TL","Нет","Нет","","https://store.playstation.com/en-tr/concept/10018444","2026-02-09","Adult","PEGI_12"
"3122","36 Fragments of Midnight","CUSA10907","PS4","Нет","105,00 TL","","Нет","Да","","https://store.playstation.com/en-tr/concept/229765","2018-01-04","Action","PEGI_3"
"3124","Open Country","CUSA17847","PS4","Нет","529,00 TL","","Нет","Да","","https://store.playstation.com/en-tr/concept/235136","2021-06-24","Unique","PEGI_16"
"3125","Escape Game Fort Boyard","CUSA19392","PS4","Нет","105,80 TL","Escape Game Fort Boyard: 105,80 TL; Escape Game Fort Boyard - New Edition: 279,80 TL","Нет","Нет","","https://store.playstation.com/en-tr/concept/10000558","2020-07-01","Action","PEGI_3"
"3126","Awesomenauts Assemble!","CUSA00147","PS4","Нет","429,00 TL","Awesomenauts Assemble! Starstorm Expansion Character Bundle: 283,00 TL; Awesomenauts Assemble! Fully Loaded Pack: 1.079,00 TL; Awesomenauts Assemble! Fully Loaded Collector's Pack: 2.149,00 TL; Awesomenauts Assemble!: 429,00 TL","Нет","Нет","","https://store.playstation.com/en-tr/concept/200137","2014-03-04","Action","PEGI_12"
"3127","Fort Boyard","CUSA15725","PS4","Нет","105,80 TL","","Нет","Нет","","https://store.playstation.com/en-tr/concept/233996","2019-06-26","Action","PEGI_3"
"3128","The Flying Car","CUSA54477","PS4","Нет","107,00 TL","","Нет","Нет","","https://store.playstation.com/en-tr/concept/10015017","2025-04-18","Arcade","PEGI_3"
"3129","My Name is Mayo 2","CUSA25283","PS4","Нет","35,70 TL","","Нет","Нет","","https://store.playstation.com/en-tr/concept/10001527","2020-11-16","Simulator","PEGI_12"
"3130","Which Country Is Larger?","CUSA48064","PS4","Нет","70,62 TL","","Нет","Нет","","https://store.playstation.com/en-tr/concept/10010575","2024-03-29","Brain Training","PEGI_3"
"3131","The Jumping Ball","PPSA33210","PS5","Нет","107,00 TL","The Jumping Ball: 107,00 TL; The Jumping Ball: 107,00 TL","Нет","Нет","","https://store.playstation.com/en-tr/concept/10016899","2025-09-26","Arcade","PEGI_3"
"3132","ShapeShift Rush","PPSA34441","PS5","Нет","107,00 TL","ShapeShift Rush: 107,00 TL; ShapeShift Rush: 107,00 TL","Нет","Нет","","https://store.playstation.com/en-tr/concept/10017601","2025-12-03","Casual","PEGI_3"
"3133","Anime Uni St. Patrick’s Puzzle","PPSA36476","PS5","Нет","107,00 TL","Anime Uni: Love, Luck & Laughs Bundle: 257,00 TL; Anime Uni St. Patrick’s Puzzle: 107,00 TL; Anime Uni: Love, Luck & Laughs Bundle: 257,00 TL; Anime Uni St. Patrick’s Puzzle: 107,00 TL","Нет","Нет","","https://store.playstation.com/en-tr/concept/10018851","2026-03-15","Adult","PEGI_12"
"3134","High Cars 2","PPSA27333","PS5","Нет","105,00 TL","","Нет","Нет","","https://store.playstation.com/en-tr/concept/10013361","2025-01-01","Arcade","PEGI_3"
"3135","Ghost Platform","PPSA35645","PS5","Нет","107,00 TL","","Нет","Нет","","https://store.playstation.com/en-tr/concept/10018368","2026-06-02","Horror","PEGI_12"
"3136","The Perplexing Orb: Bounce Challenge","PPSA23048","PS4, PS5","Нет","157,00 TL","","Нет","Нет","","https://store.playstation.com/en-tr/concept/10010985","2024-08-27","Puzzle","PEGI_3"
"3137","Ecchi Secrets","CUSA58744","PS4","Нет","816,00 TL","Complete Edition: 816,00 TL; Ecchi Secrets & CybeRage - Complete Editions: 1.299,00 TL","Нет","Нет","","https://store.playstation.com/en-tr/concept/10018902","2026-04-10","Casual","PEGI_12"
"3138","Shiness: The Lightning Kingdom","CUSA06250","PS4","Нет","69,80 TL","Shiness: The Lightning Kingdom: 69,80 TL; INDIE BUNDLE: Shiness and Seasons after Fall: 525,00 TL","Нет","Нет","","https://store.playstation.com/en-tr/concept/222882","2017-04-17","Unique","PEGI_12"
"3139","Match Quest : Numbers","PPSA25345","PS5","Нет","105,00 TL","","Нет","Нет","","https://store.playstation.com/en-tr/concept/10012146","2025-05-29","Casual","PEGI_3"
"3140","Sister","PPSA15380","PS5","Нет","42,00 TL","Sister: 42,00 TL; Sister: 42,00 TL","Нет","Да","","https://store.playstation.com/en-tr/concept/10007979","2023-03-23","Unique","PEGI_7"
"3141","Gummy Invaders","PPSA38423","PS5","Нет","107,00 TL","","Нет","Нет","","https://store.playstation.com/en-tr/concept/10019946","2026-08-06","Casual","PEGI_3"
"3142","TOP Web Search 23","CUSA47197","PS4","Нет","70,62 TL","","Нет","Нет","","https://store.playstation.com/en-tr/concept/10010170","2024-02-04","Casual","PEGI_3"
"3143","Sky Roll!","PPSA22016","PS5","Нет","105,00 TL","","Нет","Нет","","https://store.playstation.com/en-tr/concept/10009288","2024-03-21","Adventure","PEGI_3"
"3144","Lacuna","CUSA29933","PS4","Нет","699,00 TL","","Нет","Да","","https://store.playstation.com/en-tr/concept/10003114","2021-12-20","Adventure","PEGI_16"
"3145","Fallen Legion: Flames of Rebellion","CUSA09868","PS4","Нет","699,00 TL","","Нет","Нет","","https://store.playstation.com/en-tr/concept/230276","2017-12-12","Role Playing Games","PEGI_12"
"3146","Moto Roader MC","PPSA06118","PS4, PS5","Нет","209,00 TL","","Нет","Нет","","https://store.playstation.com/en-tr/concept/10004271","2022-02-24","Driving/Racing","PEGI_3"
"3147","Twins of Legacy : Elemental","CUSA50584","PS4","Нет","34,50 TL","","Нет","Нет","","https://store.playstation.com/en-tr/concept/10012150","2024-09-14","Adventure","PEGI_3"
"3148","Godlike Burger","PPSA13620","PS4, PS5","Нет","699,00 TL","","Нет","Да","","https://store.playstation.com/en-tr/concept/10004498","2023-10-19","Strategy","PEGI_16"
"3149","HammerHelm","PPSA13821","PS5","Нет","52,50 TL","HammerHelm: 52,50 TL; HammerHelm: 52,50 TL","Нет","Да","","https://store.playstation.com/en-tr/concept/10007365","2023-09-20","Action","PEGI_7"
"3150","Detective From The Crypt","PPSA25708","PS5","Нет","104,70 TL","Detective From The Crypt: 104,70 TL; Detective From The Crypt: 104,70 TL","Нет","Да","","https://store.playstation.com/en-tr/concept/10012373","2025-04-08","Adventure","PEGI_12"
"3151","Lunch A Palooza","CUSA20197","PS4","Нет","104,90 TL","","Нет","Нет","","https://store.playstation.com/en-tr/concept/10001362","2020-11-02","Action","PEGI_3"
"3152","Bound by Flame","CUSA00303","PS4","Нет","69,80 TL","","Нет","Нет","","https://store.playstation.com/en-tr/concept/200572","2017-07-02","Action","PEGI_16"
"3153","Croc's World","CUSA12462","PS4","Нет","209,00 TL","","Нет","Нет","","https://store.playstation.com/en-tr/concept/232307","2018-09-19","Action","PEGI_3"
"3154","Arkanoid Eternal Battle","PPSA06327","PS4, PS5","Нет","104,85 TL","","Нет","Да","","https://store.playstation.com/en-tr/concept/10004401","2022-10-26","Arcade","PEGI_3"
"3155","The Alpha Wolf","PPSA31415","PS5","Нет","209,00 TL","The Alpha Wolf: 209,00 TL; The Alpha Wolf: 209,00 TL","Нет","Нет","","https://store.playstation.com/en-tr/concept/10015593","2025-07-02","Fighting","PEGI_12"
"3156","Encodya","CUSA27963","PS4","Нет","1.049,00 TL","","Нет","Да","","https://store.playstation.com/en-tr/concept/10002678","2021-11-04","Adventure","PEGI_12"
"3157","Tents and Trees","PPSA20682","PS4, PS5","Нет","349,00 TL","","Нет","Да","","https://store.playstation.com/en-tr/concept/10010055","2024-10-08","Puzzle","PEGI_3"
"3158","Anglerfish","PPSA19780","PS5","Нет","87,25 TL","Anglerfish: 87,25 TL; Anglerfish: 87,25 TL","Нет","Нет","","https://store.playstation.com/en-tr/concept/10009661","2024-02-29","Horror","PEGI_16"
"3159","Gods Will Fall","CUSA19024","PS4","Нет","525,00 TL","Standard Edition: 525,00 TL; Valiant Edition: 104,85 TL","Нет","Да","","https://store.playstation.com/en-tr/concept/10000242","2021-02-12","Action","PEGI_16"
"3160","Witchcrafty","PPSA06639","PS5","Нет","104,70 TL","Witchcrafty: 104,70 TL; Witchcrafty: 104,70 TL","Нет","Да","","https://store.playstation.com/en-tr/concept/10004565","2022-10-12","Action","PEGI_7"
"3161","ZONE OF THE ENDERS: The 2nd Runner - MARS","CUSA10576","PS4","Нет","209,80 TL","ZONE OF THE ENDERS: The 2nd Runner - MARS: 209,80 TL","Нет","Нет","","https://store.playstation.com/en-tr/concept/232440","2018-09-05","Action","PEGI_12"
"3162","Anime Uni 4","PPSA33471","PS5","Нет","69,55 TL","Anime Uni 4: 69,55 TL; Platinum Animemania: 472,00 TL; Anime Uni 4: 69,55 TL","Нет","Нет","","https://store.playstation.com/en-tr/concept/10016872","2025-10-23","Adult","PEGI_12"
"3163","The Surge","CUSA04849","PS4","Нет","529,00 TL","The Surge - Augmented Edition: 218,75 TL","Нет","Да","PS Plus Extra","https://store.playstation.com/en-tr/concept/216542","2017-05-15","Role Playing Games","PEGI_18"
"3164","Arietta of Spirits","PPSA19390","PS4, PS5","Нет","69,90 TL","Arietta of Spirits PS4 & PS5: 69,90 TL","Нет","Да","","https://store.playstation.com/en-tr/concept/10003192","2023-12-14","Action","PEGI_7"
"3165","Faces of Illusion: The Twin Phantoms","PPSA23490","PS4, PS5","Нет","774,00 TL","Behind The Mask Bundle: 1.547,00 TL","Нет","Да","","https://store.playstation.com/en-tr/concept/10011215","2024-06-20","Adventure","PEGI_16"
"3166","Cozy Basket","PPSA37695","PS5","Нет","102,60 TL","","Нет","Нет","","https://store.playstation.com/en-tr/concept/10019538","2026-05-13","Puzzle","PEGI_3"
"3167","Stray Blade","PPSA05202","PS5","Нет","279,60 TL","","Нет","Да","","https://store.playstation.com/en-tr/concept/10003733","2023-04-20","Action","PEGI_16"
"3168","Galaxy Kart","PPSA13293","PS5","Нет","169,80 TL","","Нет","Нет","","https://store.playstation.com/en-tr/concept/10002754","2023-03-24","Driving/Racing","PEGI_3"
"3169","Landflix Odyssey","CUSA25931","PS4","Нет","98,00 TL","","Нет","Нет","","https://store.playstation.com/en-tr/concept/10001739","2020-11-26","Action","PEGI_16"
"3170","Super Arcade Soccer 2021","CUSA29520","PS4","Нет","245,00 TL","","Нет","Да","","https://store.playstation.com/en-tr/concept/10003465","2021-10-07","Sport","PEGI_3"
"3171","Shattered Frames 4: Micro Worlds","PPSA37239","PS5","Нет","51,00 TL","","Нет","Нет","","https://store.playstation.com/en-tr/concept/10019174","2026-05-06","Puzzle","PEGI_3"
"3172","Mob Control","CUSA46628","PS4","Нет","52,50 TL","Standard Edition: 52,50 TL; Gold Edition: 62,70 TL; Complete Edition: 73,50 TL","Нет","Да","","https://store.playstation.com/en-tr/concept/10009876","2024-03-07","Action","PEGI_7"
"3173","Backgammon Blitz","CUSA00246","PS4","Нет","150,00 TL","","Нет","Нет","","https://store.playstation.com/en-tr/concept/200421","2013-12-17","Casual","PEGI_3"
"3174","Zumba Garden","PPSA18238","PS5","Нет","15,00 TL","","Нет","Да","","https://store.playstation.com/en-tr/concept/10009096","2023-10-21","Arcade","PEGI_3"
"3175","Swords and Soldiers 2 Shawarmageddon","CUSA10875","PS4","Нет","649,00 TL","","Нет","Нет","","https://store.playstation.com/en-tr/concept/231170","2018-11-12","Strategy","PEGI_12"
"3176","Mouse Trap - The Board Game","CUSA44632","PS4","Нет","489,00 TL","","Нет","Нет","","https://store.playstation.com/en-tr/concept/10008969","2023-10-23","Family","PEGI_3"
"3177","Fury Unleashed","CUSA15995","PS4","Нет","49,90 TL","","Нет","Да","PS Plus Extra","https://store.playstation.com/en-tr/concept/234278","2020-05-07","Action","PEGI_16"
"3178","Elite Dangerous","CUSA05308","PS4","Нет","699,00 TL","","Нет","Да","PS Plus Extra","https://store.playstation.com/en-tr/concept/221902","2017-06-26","Action","PEGI_7"
"3179","Golfing in Aether","PPSA20537","PS5","Нет","315,00 TL","Standard: 315,00 TL; Deluxe: 389,00 TL","Нет","Нет","","https://store.playstation.com/en-tr/concept/10009985","2024-10-24","Sport","PEGI_3"
"3180","Music Racer","CUSA17321","PS4","Нет","98,00 TL","","Нет","Да","","https://store.playstation.com/en-tr/concept/234602","2020-01-28","Music/Rhythm","PEGI_3"
"3181","Clid The Snail","CUSA24055","PS4","Нет","699,00 TL","","Нет","Да","","https://store.playstation.com/en-tr/concept/10001241","2021-08-30","Shooter","PEGI_16"
"3182","Damikira","PPSA24546","PS4, PS5","Нет","279,00 TL","","Нет","Нет","","https://store.playstation.com/en-tr/concept/10011779","2024-10-01","Shooter","PEGI_16"
"3183","Pretty Girls 2048 Strike","PPSA15346","PS4, PS5","Нет","245,00 TL","","Нет","Нет","","https://store.playstation.com/en-tr/concept/10007966","2023-05-10","Casual","PEGI_12"
"3184","Tung Tung Tung Sahur Runner","PPSA30452","PS5","Нет","12,60 TL","","Нет","Нет","","https://store.playstation.com/en-tr/concept/10015336","2025-05-21","Action","PEGI_3"
"3185","IRON GUARD: Day Zero","PPSA37247","PS5","Нет","215,00 TL","","Да","Да","","https://store.playstation.com/en-tr/concept/10019267","2026-06-18","Strategy","PEGI_7"
"3186","The Murder of Sherlock Holmes","PPSA21776","PS5","Нет","97,80 TL","The Murder of Sherlock Holmes: 97,80 TL; The Murder of Sherlock Holmes: 69,80 TL","Нет","Да","","https://store.playstation.com/en-tr/concept/10010488","2024-05-09","Puzzle","PEGI_16"
"3187","KUUKIYOMI: Consider It!","CUSA20629","PS4","Нет","193,00 TL","","Нет","Нет","","https://store.playstation.com/en-tr/concept/10001438","2020-09-27","Party","PEGI_12"
"3188","PAC-MAN CHAMPIONSHIP EDITION 2","CUSA04944","PS4","Нет","549,00 TL","","Нет","Нет","","https://store.playstation.com/en-tr/concept/222879","2016-09-12","Arcade","PEGI_3"
"3189","Park my car","PPSA34341","PS5","Нет","64,00 TL","","Нет","Нет","","https://store.playstation.com/en-tr/concept/10017543","2026-02-13","Driving/Racing","PEGI_3"
"3190","Red Ball Escape","CUSA34819","PS4","Нет","192,00 TL","","Нет","Нет","","https://store.playstation.com/en-tr/concept/10005493","2022-07-12","Casual","PEGI_3"
"3191","Twins of the Sun","PPSA32320","PS4, PS5","Нет","387,00 TL","Twins of the Sun: 387,00 TL; Twins of the Sun: Legacy Edition: 47,20 TL; Twins of the Sun: Master Collection: 472,00 TL; Twins of the Sun: Complete Edition: 601,00 TL","Нет","Нет","","https://store.playstation.com/en-tr/concept/10016433","2025-10-09","Family","PEGI_7"
"3192","Cute Puppy Academy","PPSA28905","PS4, PS5","Нет","699,00 TL","Cute Puppy Academy: 699,00 TL; Cute Puppy Academy: Legacy Edition: 769,00 TL; Cute Puppy Academy: Legend Edition: 949,00 TL; Cute Puppy Academy: Friends Pack: 1.079,00 TL; Cute Puppy Academy: Extended Edition: 94,90 TL; Cute Puppy Academy: Dream Island: 949,00 TL","Нет","Нет","","https://store.playstation.com/en-tr/concept/10014446","2025-04-17","Family","PEGI_3"
"3193","Dustwind - The Last Resort","PPSA03750","PS4, PS5","Нет","94,35 TL","","Нет","Да","","https://store.playstation.com/en-tr/concept/10002915","2021-09-14","Action","PEGI_18"
"3194","Puppet House","PPSA24148","PS5","Нет","38,70 TL","","Нет","Да","","https://store.playstation.com/en-tr/concept/10011585","2024-10-24","Action","PEGI_16"
"3195","NHL 94 REWIND","CUSA24011","PS4","Нет","76,27 TL","","Нет","Нет","EA Access","https://store.playstation.com/en-tr/concept/10001214","2020-10-29","Sport","PEGI_3"
"3196","Inspector Gadget - Mad Time Party","PPSA17055","PS5","Нет","279,80 TL","","Нет","Да","","https://store.playstation.com/en-tr/concept/10007946","2023-09-13","Party","PEGI_3"
"3197","Pretty Girls Escape PLUS","PPSA21347","PS4, PS5","Нет","94,05 TL","","Нет","Нет","","https://store.playstation.com/en-tr/concept/10010308","2024-04-17","Casual","PEGI_12"
"3198","Donut County","CUSA10029","PS4","Нет","38,99 TL","","Нет","Да","","https://store.playstation.com/en-tr/concept/229747","2018-08-28","Adventure","PEGI_3"
"3199","Feudal Alloy","CUSA14936","PS4","Нет","525,00 TL","","Нет","Да","","https://store.playstation.com/en-tr/concept/232340","2019-05-16","Action","PEGI_7"
"3200","Harvest Moon: Back to Nature","PPSA08002","PS4, PS5","Нет","257,00 TL","","Да","Нет","","https://store.playstation.com/en-tr/concept/10005231","2025-03-25","Simulation","PEGI_3"
"3201","Sheltered","CUSA04293","PS4","Нет","91,00 TL","","Нет","Да","","https://store.playstation.com/en-tr/concept/216384","2016-03-14","Role Playing Games","PEGI_12"
"3202","Assassin's Creed Freedom Cry","CUSA00435","PS4","Нет","649,00 TL","","Да","Да","PS Plus Extra","https://store.playstation.com/en-tr/concept/200098","2014-02-18","Adventure","PEGI_18"
"3203","Feed my Raptor 2","PPSA29207","PS5","Нет","34,50 TL","Feed my Raptor 2: 34,50 TL; Feed my Raptor 2: 34,50 TL","Нет","Нет","","https://store.playstation.com/en-tr/concept/10014643","2025-04-12","Simulator","PEGI_3"
"3204","The Light of Celestia","PPSA25236","PS5","Нет","429,00 TL","","Нет","Нет","","https://store.playstation.com/en-tr/concept/10012100","2025-10-25","Adventure","PEGI_12"
"3205","Lost in Random","PPSA01694","PS4, PS5","Нет","216,00 TL","","Нет","Нет","EA Access","https://store.playstation.com/en-tr/concept/10000653","2021-09-10","Adventure","PEGI_12"
"3206","GGXR - Lobby Avatar 'Jack-O' [Cross-Buy]","CUSA04759","PS4","Нет","42,00 TL","","Нет","Нет","","https://store.playstation.com/en-tr/concept/207498","2016-06-10","Fighting","PEGI_12"
"3207","Edna & Harvey: Harvey's New Eyes","CUSA17132","PS4","Нет","699,00 TL","","Нет","Да","","https://store.playstation.com/en-tr/concept/234842","2019-08-13","Adventure","PEGI_16"
"3208","Risk Urban Assault","CUSA02123","PS4","Нет","649,00 TL","","Да","Да","PS Plus Extra","https://store.playstation.com/en-tr/concept/210671","2016-08-02","Strategy","PEGI_7"
"3209","Neon Drive","CUSA08106","PS4","Нет","349,00 TL","","Нет","Да","","https://store.playstation.com/en-tr/concept/228798","2017-08-07","Arcade","PEGI_3"
"3210","Into A Dream","CUSA27291","PS4","Нет","601,00 TL","","Нет","Да","","https://store.playstation.com/en-tr/concept/10002609","2021-03-03","Adventure","PEGI_16"
"3211","Rogue Loops","PPSA29172","PS4, PS5","Нет","87,25 TL","","Нет","Да","","https://store.playstation.com/en-tr/concept/10014207","2025-06-20","Action","PEGI_12"
"3212","Ultra Foodmess 2","PPSA21620","PS5","Нет","52,50 TL","Ultra Foodmess 2: 52,50 TL; Ultra Foodmess 2: 52,50 TL","Нет","Нет","","https://store.playstation.com/en-tr/concept/10010433","2024-05-22","Casual","PEGI_3"
"3213","Medieval Defenders","CUSA06145","PS4","Нет","300,00 TL","","Нет","Да","","https://store.playstation.com/en-tr/concept/202737","2017-06-27","Casual","PEGI_7"
"3214","Miraculous: Rise of the Sphinx","PPSA04790","PS4, PS5","Нет","1.749,00 TL","Ultimate Edition: 629,70 TL","Нет","Нет","","https://store.playstation.com/en-tr/concept/10003547","2022-10-24","Action","PEGI_7"
"3215","Zip's Jumping Adventure","PPSA31991","PS5","Нет","150,00 TL","","Нет","Нет","","https://store.playstation.com/en-tr/concept/10016189","2025-08-26","Arcade","PEGI_3"
"3216","DOOM 64","CUSA16296","PS4","Нет","175,00 TL","","Нет","Нет","","https://store.playstation.com/en-tr/concept/234454","2020-03-19","Shooter","PEGI_16"
"3217","Nickelodeon Kart Racers 3: Slime Speedway","PPSA04339","PS4, PS5","Нет","1.749,00 TL","Turbo Edition: 629,70 TL","Нет","Нет","","https://store.playstation.com/en-tr/concept/10003263","2022-10-13","Casual","PEGI_3"
"3218","Creepy Tale: Some Other Place","PPSA24143","PS5","Нет","174,50 TL","","Да","Да","","https://store.playstation.com/en-tr/concept/10011578","2024-09-25","Horror","PEGI_16"
"3219","The Infectious Madness of Doctor Dekker","CUSA10765","PS4","Нет","449,00 TL","","Нет","Нет","","https://store.playstation.com/en-tr/concept/231193","2018-06-04","Adventure","PEGI_12"
"3220","Leisure Suit Larry - Wet Dreams Don't Dry Happy","CUSA14458","PS4","Нет","1.399,00 TL","","Нет","Да","","https://store.playstation.com/en-tr/concept/232684","2019-06-12","Adventure","PEGI_18"
"3221","Destroy All Humans! 2 (2006)","CUSA06355","PS4","Нет","699,00 TL","","Нет","Нет","","https://store.playstation.com/en-tr/concept/221677","2016-11-29","Action","PEGI_16"
"3222","Project Starship X","CUSA24126","PS4","Нет","349,00 TL","","Нет","Нет","","https://store.playstation.com/en-tr/concept/10001278","2021-01-26","Action","PEGI_12"
"3223","Jelly Brawl","PPSA23976","PS4, PS5","Нет","349,00 TL","","Нет","Да","","https://store.playstation.com/en-tr/concept/10011480","2025-03-31","Action","PEGI_7"
"3224","Jet Kave Adventure","PPSA17373","PS5","Нет","52,50 TL","Jet Kave Adventure: 52,50 TL; Jet Kave Adventure: 52,50 TL","Нет","Нет","","https://store.playstation.com/en-tr/concept/10008665","2024-02-22","Action","PEGI_7"
"3225","Creepy Tale: Ingrid Penance","PPSA15920","PS5","Нет","174,50 TL","","Да","Да","","https://store.playstation.com/en-tr/concept/10008173","2023-08-15","Adventure","PEGI_12"
"3226","Cybertrash STATYX","PPSA30439","PS5","Нет","87,25 TL","","Нет","Нет","","https://store.playstation.com/en-tr/concept/10008926","2025-06-09","Adventure","PEGI_7"
"3227","Zombie Derby: Pixel Survival","PPSA27747","PS4, PS5","Нет","87,50 TL","","Да","Да","","https://store.playstation.com/en-tr/concept/10013631","2025-04-01","Action","PEGI_12"
"3228","Bridge the Gap!","PPSA27049","PS5","Нет","87,25 TL","","Нет","Нет","","https://store.playstation.com/en-tr/concept/10013183","2025-01-17","Action","PEGI_3"
"3229","Deleveled","CUSA24171","PS4","Нет","89,01 TL","","Нет","Да","","https://store.playstation.com/en-tr/concept/234817","2020-09-09","Casual","PEGI_3"
"3230","Lara Croft GO","CUSA06507","PS4","Нет","69,80 TL","","Нет","Да","","https://store.playstation.com/en-tr/concept/225657","2016-12-02","Action","PEGI_7"
"3231","Easy Flight Simulator","CUSA45118","PS4","Нет","175,00 TL","","Нет","Нет","","https://store.playstation.com/en-tr/concept/10009168","2023-08-18","Simulation","PEGI_3"
"3232","Virginia - The Game.","CUSA03145","PS4","Нет","349,00 TL","","Нет","Да","","https://store.playstation.com/en-tr/concept/222041","2016-09-21","Adventure","PEGI_12"
"3233","Mr. Run and Jump","PPSA13514","PS5","Нет","875,00 TL","Mr. Run and Jump: 875,00 TL","Нет","Нет","","https://store.playstation.com/en-tr/concept/10007242","2023-07-24","Action","PEGI_3"
"3234","Anime Uni","PPSA29085","PS5","Нет","69,55 TL","","Нет","Нет","","https://store.playstation.com/en-tr/concept/10005386","2026-01-20","Adult","PEGI_16"
"3235","Rift Keeper","CUSA15332","PS4","Нет","87,25 TL","","Нет","Нет","","https://store.playstation.com/en-tr/concept/233560","2019-12-09","Action","PEGI_16"
"3236","Anime Uni 2","CUSA48061","PS4","Нет","87,00 TL","","Нет","Да","","https://store.playstation.com/en-tr/concept/10010596","2024-04-27","Puzzle","PEGI_12"
"3237","Close to the Sun","CUSA15504","PS4","Нет","879,00 TL","Wired Italian Adventure Bundle: 1.299,00 TL; Close to the Sun Original Soundtrack: 85,00 TL; Close to the Sun Digital Deluxe: 1.299,00 TL; Close to the Sun: 879,00 TL","Нет","Да","","https://store.playstation.com/en-tr/concept/233657","2019-10-29","Adventure","PEGI_18"
"3238","Anime Uni 3","PPSA27668","PS5","Нет","87,00 TL","Anime Uni 3: 87,00 TL; Anime Uni 3: 87,00 TL","Нет","Нет","","https://store.playstation.com/en-tr/concept/10013492","2025-01-29","Adult","PEGI_12"
"3239","CANNON ARMY","CUSA41961","PS4","Нет","87,00 TL","","Нет","Нет","","https://store.playstation.com/en-tr/concept/10007832","2023-02-23","Arcade","PEGI_7"
"3240","Dagon","PPSA24251","PS5","Нет","157,05 TL","Dagon: Complete Edition: 157,05 TL; Dagon: Complete Edition: 157,05 TL","Нет","Да","","https://store.playstation.com/en-tr/concept/10011636","2024-10-10","Puzzle","PEGI_12"
"3241","Road of Death","PPSA07286","PS4, PS5","Нет","86,00 TL","","Нет","Нет","","https://store.playstation.com/en-tr/concept/10004891","2022-07-07","Action","PEGI_12"
"3242","The Drone Racing League Simulator","CUSA27008","PS4","Нет","429,00 TL","","Нет","Нет","","https://store.playstation.com/en-tr/concept/10001079","2021-04-14","Simulation","PEGI_3"
"3243","Garden City","CUSA36992","PS4","Нет","215,00 TL","Garden City Bundle 4 in1: 649,00 TL; Garden City: 215,00 TL; Crown of the Empire Bundle: 429,00 TL","Нет","Да","","https://store.playstation.com/en-tr/concept/10006207","2022-12-14","Casual","PEGI_3"
"3244","Around the World 3: Amazing Countries","PPSA29194","PS5","Нет","85,80 TL","","Нет","Да","","https://store.playstation.com/en-tr/concept/10014638","2025-05-27","Adventure","PEGI_3"
"3245","Blindfold A Vérité VR Experience","CUSA13644","PS4","Нет","85,00 TL","Blindfold A Vérité VR Experience: 85,00 TL; 1979 Revolution: Black Friday and Blindfold Bundle: 601,00 TL","Нет","Нет","","https://store.playstation.com/en-tr/concept/232543","2019-09-03","Adventure","PEGI_18"
"3246","Primal","CUSA02077","PS4","Нет","429,00 TL","","Нет","Нет","","https://store.playstation.com/en-tr/concept/203612","2016-05-30","Adventure","PEGI_18"
"3247","Nightshade Mysteries: Eternal Moon Collector’s Edition","PPSA30475","PS5","Нет","85,80 TL","","Нет","Нет","","https://store.playstation.com/en-tr/concept/10015350","2025-05-27","Adventure","PEGI_3"
"3248","Battalion Commander","CUSA06138","PS4","Нет","171,00 TL","Battalion Commander&Themes: 300,00 TL; Battalion Commander Holiday Bundle: 774,00 TL; Battalion Commander: 171,00 TL","Нет","Да","","https://store.playstation.com/en-tr/concept/206666","2016-12-02","Arcade","PEGI_7"
"3249","Big Adventure: Trip to Europe 8","PPSA28565","PS5","Нет","85,80 TL","","Нет","Да","","https://store.playstation.com/en-tr/concept/10014241","2025-04-02","Adventure","PEGI_3"
"3250","Galaxy Champions TV","PPSA16052","PS5","Нет","24,50 TL","Galaxy Champions TV: 24,50 TL; Galaxy Champions TV: 24,50 TL","Нет","Нет","","https://store.playstation.com/en-tr/concept/10008221","2023-07-26","Action","PEGI_7"
"3251","Bingo TV","CUSA45651","PS4","Нет","429,00 TL","","Нет","Нет","","https://store.playstation.com/en-tr/concept/10009183","2023-11-13","Party","PEGI_3"
"3252","Rugby 20","CUSA15457","PS4","Нет","429,00 TL","","Нет","Нет","","https://store.playstation.com/en-tr/concept/233755","2020-01-22","Sport","PEGI_3"
"3253","Blade Runner","CUSA32337","PS4","Нет","429,00 TL","","Нет","Нет","","https://store.playstation.com/en-tr/concept/10004549","2022-06-23","Adventure","PEGI_18"
"3254","Comic Store Arcade","PPSA32632","PS5","Нет","59,50 TL","","Нет","Нет","","https://store.playstation.com/en-tr/concept/10016612","2025-10-02","Simulation","PEGI_3"
"3255","Jak and Daxter: The Precursor Legacy","PPSA20928","PS4, PS5","Нет","429,00 TL","","Нет","Нет","","https://store.playstation.com/en-tr/concept/10010137","2024-12-10","Adventure","PEGI_12"
"3256","8-Bit Invaders!","CUSA07965","PS4","Нет","97,35 TL","8-Bit Invaders! - Deluxe Edition: 849,00 TL; 8-Bit Invaders!: 97,35 TL","Нет","Да","","https://store.playstation.com/en-tr/concept/227270","2019-02-25","Strategy","PEGI_7"
"3257","Hidden Cats in Istanbul","PPSA33765","PS5","Нет","102,60 TL","Hidden Cats in Istanbul: 102,60 TL; Hidden Cats in Istanbul: 102,60 TL","Нет","Нет","","https://store.playstation.com/en-tr/concept/10017192","2025-12-17","Puzzle","PEGI_3"
"3258","Cozy Claw Machine","PPSA26198","PS5","Нет","85,00 TL","Cozy Claw Machine: 85,00 TL; Cozy Claw Machine: 107,00 TL","Нет","Да","","https://store.playstation.com/en-tr/concept/10012676","2024-10-28","Casual","PEGI_3"
"3259","Guard Duty","CUSA18273","PS4","Нет","85,80 TL","","Нет","Нет","","https://store.playstation.com/en-tr/concept/235386","2020-04-22","Adventure","PEGI_12"
"3260","Drive Hard","PPSA33162","PS5","Нет","59,50 TL","","Нет","Нет","","https://store.playstation.com/en-tr/concept/10016871","2025-11-27","Driving/Racing","PEGI_3"
"3261","Magnitude: X","PPSA35511","PS4, PS5","Нет","85,00 TL","","Нет","Нет","","https://store.playstation.com/en-tr/concept/10018285","2026-01-22","Arcade","PEGI_3"
"3262","Paint Bowl","PPSA34251","PS5","Нет","59,50 TL","","Нет","Нет","","https://store.playstation.com/en-tr/concept/10017495","2026-01-08","Arcade","PEGI_3"
"3263","Long Run","PPSA31436","PS5","Нет","85,00 TL","","Нет","Нет","","https://store.playstation.com/en-tr/concept/10015903","2025-07-24","Arcade","PEGI_3"
"3264","Escape the Glitch 2: Backrooms","PPSA22526","PS5","Нет","51,00 TL","","Нет","Нет","","https://store.playstation.com/en-tr/concept/10010777","2024-04-23","Horror","PEGI_7"
"3265","Patapon","CUSA07285","PS4","Нет","649,00 TL","","Нет","Нет","","https://store.playstation.com/en-tr/concept/227969","2017-07-31","Action","PEGI_7"
"3266","Slyde","CUSA10814","PS4","Нет","85,00 TL","Stretch Arcade: 85,00 TL; Slyde: 85,00 TL","Нет","Нет","","https://store.playstation.com/en-tr/concept/231160","2018-03-28","Unique","PEGI_3"
"3267","Rooftop Rascal: The Drizzle Cat","PPSA25626","PS5","Нет","85,00 TL","Rooftop Rascal: The Drizzle Cat: 85,00 TL; Rooftop Rascal: The Drizzle Cat: 85,00 TL","Нет","Нет","","https://store.playstation.com/en-tr/concept/10012305","2024-09-06","Casual","PEGI_3"
"3268","Pool Hop 2","PPSA35831","PS5","Нет","85,00 TL","","Нет","Нет","","https://store.playstation.com/en-tr/concept/10018471","2026-05-06","Arcade","PEGI_3"
"3269","Super Jump Ninja","PPSA36773","PS4, PS5","Нет","85,00 TL","","Нет","Нет","","https://store.playstation.com/en-tr/concept/10019015","2026-03-25","Action","PEGI_7"
"3270","Puzzle Piecer: Leaves of Autumn","PPSA33507","PS4, PS5","Нет","85,00 TL","","Нет","Нет","","https://store.playstation.com/en-tr/concept/10017032","2025-10-09","Family","PEGI_3"
"3271","Rooftop Rascal: The Midnight Cat","PPSA24840","PS5","Нет","85,00 TL","Rooftop Rascal: The Midnight Cat: 85,00 TL; Rooftop Rascal: The Midnight Cat: 85,00 TL","Нет","Нет","","https://store.playstation.com/en-tr/concept/10011776","2024-08-12","Casual","PEGI_3"
"3272","Switch Race","PPSA34343","PS5","Нет","85,00 TL","","Нет","Нет","","https://store.playstation.com/en-tr/concept/10017545","2026-01-22","Driving/Racing","PEGI_3"
"3273","Rooftop Rascal: The Glitch Cat","PPSA27113","PS5","Нет","85,00 TL","Rooftop Rascal: The Glitch Cat: 85,00 TL; Rooftop Rascal: The Glitch Cat: 85,00 TL","Нет","Нет","","https://store.playstation.com/en-tr/concept/10013217","2024-12-03","Casual","PEGI_3"
"3274","SPACE PENGUINS","PPSA20326","PS5","Нет","85,00 TL","SPACE PENGUINS: 85,00 TL; SPACE PENGUINS: 85,00 TL","Нет","Нет","","https://store.playstation.com/en-tr/concept/10009817","2024-06-19","Casual","PEGI_3"
"3275","Smash Balls","PPSA33161","PS5","Нет","59,50 TL","","Нет","Нет","","https://store.playstation.com/en-tr/concept/10016869","2025-11-13","Arcade","PEGI_3"
"3276","Spring Time","PPSA32635","PS5","Нет","59,50 TL","","Нет","Нет","","https://store.playstation.com/en-tr/concept/10016613","2025-10-16","Arcade","PEGI_3"
"3277","Rooftop Rascal: The Spooky Cat","PPSA26466","PS5","Нет","85,00 TL","Rooftop Rascal: The Spooky Cat: 85,00 TL; Rooftop Rascal: The Spooky Cat: 85,00 TL","Нет","Нет","","https://store.playstation.com/en-tr/concept/10012846","2024-10-20","Casual","PEGI_3"
"3278","Timber Tennis: Versus","CUSA11845","PS4","Нет","85,00 TL","","Нет","Да","","https://store.playstation.com/en-tr/concept/232052","2018-11-07","Casual","PEGI_3"
"3279","Rooftop Rascal: The Claus Cat","PPSA27656","PS5","Нет","85,00 TL","Standard: 85,00 TL; Standard: 85,00 TL","Нет","Нет","","https://store.playstation.com/en-tr/concept/10013572","2025-01-17","Casual","PEGI_3"
"3280","The Jumping Cat","PPSA35163","PS5","Нет","85,00 TL","The Jumping Cat: 85,00 TL; The Jumping Cat: 85,00 TL","Нет","Нет","","https://store.playstation.com/en-tr/concept/10018053","2026-01-10","Arcade","PEGI_3"
"3281","Onee Chanbara Origin","CUSA20273","PS4","Нет","1.749,00 TL","Onee Chanbara Origin Deluxe Edition: 2.099,00 TL","Нет","Нет","PS Plus Extra","https://store.playstation.com/en-tr/concept/10000832","2020-10-13","Action","PEGI_18"
"3282","KILL KNIGHT","PPSA23023","PS4, PS5","Нет","509,00 TL","","Нет","Да","","https://store.playstation.com/en-tr/concept/10010975","2024-10-02","Action","PEGI_12"
"3283","Chariot","CUSA00726","PS4","Нет","105,00 TL","Chariot Bundle: 169,80 TL; Chariot: 105,00 TL","Нет","Нет","","https://store.playstation.com/en-tr/concept/200864","2014-10-28","Adventure","PEGI_3"
"3284","Word Sweep","PPSA37749","PS5","Нет","85,00 TL","Word Sweep: 85,00 TL; Word Sweep: 85,00 TL","Нет","Нет","","https://store.playstation.com/en-tr/concept/10019574","2026-06-04","Puzzle","PEGI_3"
"3285","Rugby 22","PPSA04069","PS5","Нет","849,00 TL","Rugby 22: 849,00 TL; Rugby 22: 849,00 TL","Нет","Нет","","https://store.playstation.com/en-tr/concept/10003098","2022-01-27","Sport","PEGI_3"
"3286","Trine 2: Complete Story","CUSA00217","PS4","Нет","119,00 TL","","Нет","Нет","","https://store.playstation.com/en-tr/concept/205046","2013-11-21","Action","PEGI_12"
"3287","Treasure Island","PPSA31620","PS5","Нет","85,00 TL","","Нет","Нет","","https://store.playstation.com/en-tr/concept/10016028","2025-08-21","Puzzle","PEGI_3"
"3288","FLASHOUT 3","CUSA38153","PS4","Нет","84,90 TL","","Нет","Да","","https://store.playstation.com/en-tr/concept/10006571","2023-03-24","Driving/Racing","PEGI_7"
"3289","Specter Smash","PPSA35957","PS4, PS5","Нет","38,70 TL","","Нет","Нет","","https://store.playstation.com/en-tr/concept/10018370","2026-02-26","Puzzle","PEGI_3"
"3290","Cazzarion: Tank Killer","PPSA23378","PS5","Нет","69,00 TL","Cazzarion: Tank Killer: 69,00 TL; Cazzarion: Tank Killer: 85,00 TL","Нет","Нет","","https://store.playstation.com/en-tr/concept/10011161","2024-06-09","Action","PEGI_7"
"3291","Crazy Goose Simulator","CUSA48487","PS4","Нет","113,75 TL","","Нет","Нет","","https://store.playstation.com/en-tr/concept/10010807","2024-08-19","Puzzle","PEGI_7"
"3292","Wheels of Aurelia","CUSA06191","PS4","Нет","84,37 TL","","Нет","Нет","","https://store.playstation.com/en-tr/concept/223219","2016-10-04","Adventure","PEGI_12"
"3293","Mementos: Star Constellations","PPSA37759","PS4, PS5","Нет","107,00 TL","","Нет","Нет","","https://store.playstation.com/en-tr/concept/10019579","2026-05-18","Family","PEGI_3"
"3294","Pretty Girls Mahjong Solitaire - Blue","PPSA05445","PS4, PS5","Нет","209,00 TL","","Нет","Нет","","https://store.playstation.com/en-tr/concept/10002875","2021-12-01","Casual","PEGI_16"
"3295","Hit The Clock","PPSA34333","PS5","Нет","64,00 TL","Hit The Clock: 64,00 TL; Hit The Clock: 64,00 TL","Нет","Нет","","https://store.playstation.com/en-tr/concept/10017541","2025-11-12","Casual","PEGI_3"
"3296","Nephenthesys","PPSA18737","PS4, PS5","Нет","209,00 TL","","Нет","Нет","","https://store.playstation.com/en-tr/concept/10009290","2024-01-16","Action","PEGI_7"
"3297","Rock Canvas","PPSA20032","PS5","Нет","42,00 TL","Rock Canvas: 42,00 TL; Rock Canvas: 42,00 TL","Нет","Нет","","https://store.playstation.com/en-tr/concept/10009756","2024-02-01","Arcade","PEGI_3"
"3298","Fill The Cup 2","PPSA31085","PS5","Нет","32,00 TL","Fill The Cup 2: 32,00 TL; Fill The Cup 2: 32,00 TL","Нет","Нет","","https://store.playstation.com/en-tr/concept/10015664","2025-07-01","Puzzle","PEGI_3"
"3299","Planet Coaster","PPSA01735","PS4, PS5","Нет","1.599,00 TL","Console Edition: 1.599,00 TL; Deluxe Edition: 1.949,00 TL; Premium Edition: 2.799,00 TL","Нет","Нет","","https://store.playstation.com/en-tr/concept/235039","2020-11-11","Strategy","PEGI_3"
"3300","A Building Full of Cats","PPSA13486","PS5","Нет","31,50 TL","A Building Full of Cats: 31,50 TL; A Building Full of Cats: 31,50 TL","Нет","Да","","https://store.playstation.com/en-tr/concept/10007145","2023-05-31","Brain Training","PEGI_3"
"3301","67","PPSA35507","PS5","Нет","12,60 TL","","Нет","Нет","","https://store.playstation.com/en-tr/concept/10018284","2026-01-28","Brain Training","PEGI_3"
"3302","Struggling","CUSA26078","PS4","Нет","549,00 TL","","Нет","Да","","https://store.playstation.com/en-tr/concept/10002099","2021-09-08","Action","PEGI_12"
"3303","Metropolis: Lux Obscura","CUSA10857","PS4","Нет","83,70 TL","","Нет","Да","","https://store.playstation.com/en-tr/concept/231113","2018-04-03","Adventure","PEGI_16"
"3304","A Winter's Daydream","PPSA07672","PS5","Нет","83,60 TL","A Winter's Daydream: 83,60 TL; A Winter's Daydream: 83,60 TL","Нет","Нет","","https://store.playstation.com/en-tr/concept/233571","2022-06-23","Adventure","PEGI_3"
"3305","Steel Rats","CUSA08492","PS4","Нет","17,45 TL","Steel Rats™ Deluxe Edition: 26,25 TL; Steel Rats™: 17,45 TL","Нет","Да","","https://store.playstation.com/en-tr/concept/228847","2018-11-06","Action","PEGI_12"
"3306","SENRAN KAGURA ESTIVAL VERSUS","CUSA03464","PS4","Нет","82,35 TL","","Нет","Нет","","https://store.playstation.com/en-tr/concept/204490","2016-03-17","Action","PEGI_16"
"3307","Zombie Derby 2","PPSA27702","PS4, PS5","Нет","175,00 TL","","Да","Да","","https://store.playstation.com/en-tr/concept/10013601","2025-03-19","Action","PEGI_16"
"3308","Red Faction II","CUSA06356","PS4","Нет","78,75 TL","","Нет","Нет","","https://store.playstation.com/en-tr/concept/203790","2017-08-28","Shooter","PEGI_16"
"3309","Nidhogg","CUSA01380","PS4","Нет","157,50 TL","","Нет","Нет","","https://store.playstation.com/en-tr/concept/203056","2014-11-11","Arcade","PEGI_7"
"3310","There's a Gun in the Office","PPSA27729","PS5","Нет","78,75 TL","There's a Gun in the Office + The Stairwell: 274,50 TL; There's a Gun in the Office: 78,75 TL; Electrician Simulator VR + There's a Gun in the Office bundle: 346,05 TL; There's a Gun in the Office + Before Exit: Supermarket bundle: 204,75 TL","Нет","Нет","","https://store.playstation.com/en-tr/concept/10013624","2025-02-20","Horror","PEGI_12"
"3311","PAC-MAN 256","CUSA05026","PS4","Нет","70,00 TL","","Нет","Нет","","https://store.playstation.com/en-tr/concept/216730","2016-06-20","Action","PEGI_3"
"3312","Nun Massacre","CUSA31711","PS4","Нет","236,00 TL","","Нет","Да","","https://store.playstation.com/en-tr/concept/10004284","2022-03-24","Horror","PEGI_16"
"3313","Before We Leave","PPSA05367","PS4, PS5","Нет","629,00 TL","","Нет","Да","","https://store.playstation.com/en-tr/concept/10003780","2022-04-04","Simulation","PEGI_7"
"3314","FIGHTING EX LAYER (Standard Version)","CUSA10430","PS4","Нет","42,00 TL","","Нет","Нет","","https://store.playstation.com/en-tr/concept/231080","2018-06-27","Action","PEGI_12"
"3315","Soccer","CUSA58386","PS4","Нет","387,00 TL","Soccer: 387,00 TL; Champions Pack: 649,00 TL","Нет","Нет","","https://store.playstation.com/en-tr/concept/10018478","2026-02-06","Sport","PEGI_3"
"3316","Michelangelo: Stonemason Simulator","PPSA30535","PS5","Нет","257,00 TL","Michelangelo: Stonemason Simulator: 257,00 TL","Нет","Да","","https://store.playstation.com/en-tr/concept/10014829","2025-08-07","Simulation","PEGI_3"
"3317","Chess Royal","PPSA15724","PS5","Нет","31,50 TL","Chess Royal: 31,50 TL; Chess Royal: 31,50 TL","Нет","Да","","https://store.playstation.com/en-tr/concept/10008121","2023-08-23","Puzzle","PEGI_3"
"3318","Melt Down","PPSA36357","PS5","Нет","129,00 TL","","Нет","Нет","","https://store.playstation.com/en-tr/concept/10018782","2026-05-14","Arcade","PEGI_3"
"3319","Royal Defense","CUSA06142","PS4","Нет","300,00 TL","Royal Defense Bundle: 343,00 TL; Royal Defense: 300,00 TL; ROYAL DEFENSE: 429,00 TL","Нет","Да","","https://store.playstation.com/en-tr/concept/203844","2017-03-07","Strategy","PEGI_7"
"3320","Anime: Fantasy Uni","PPSA34193","PS5","Нет","69,55 TL","Anime: Fantasy Uni: 69,55 TL; Anime: Fantasy Uni: 69,55 TL","Нет","Нет","","https://store.playstation.com/en-tr/concept/10017459","2025-11-19","Adult","PEGI_12"
"3321","Fill The Cup","PPSA25631","PS5","Нет","25,60 TL","Fill The Cup: 25,60 TL; Fill The Cup: 25,60 TL","Нет","Нет","","https://store.playstation.com/en-tr/concept/10012306","2024-09-04","Puzzle","PEGI_3"
"3322","Sumatra: Fate of Yandi","PPSA03007","PS4, PS5","Нет","77,10 TL","","Нет","Нет","","https://store.playstation.com/en-tr/concept/10002207","2021-03-18","Adventure","PEGI_12"
"3323","Flywrench","CUSA05396","PS4","Нет","73,50 TL","","Нет","Нет","","https://store.playstation.com/en-tr/concept/221883","2017-02-14","Action","PEGI_3"
"3324","FAR CRY 3: BLOOD DRAGON","CUSA29008","PS4","Нет","259,60 TL","","Да","Да","PS Plus Extra","https://store.playstation.com/en-tr/concept/10003269","2021-12-15","Action","PEGI_18"
"3325","Color Recreator","PPSA31766","PS5","Нет","42,00 TL","Color Recreator: 42,00 TL; Color Recreator: 85,00 TL","Нет","Нет","","https://store.playstation.com/en-tr/concept/10011938","2025-07-26","Brain Training","PEGI_3"
"3326","Pig Escape 2","PPSA31193","PS5","Нет","51,00 TL","","Нет","Нет","","https://store.playstation.com/en-tr/concept/10015749","2025-06-27","Arcade","PEGI_3"
"3327","Johnny Trigger","CUSA46351","PS4","Нет","52,50 TL","Johnny Trigger: Definitive Edition: 170,10 TL; Johnny Trigger: 52,50 TL; Gold Edition: 629,00 TL","Нет","Нет","","https://store.playstation.com/en-tr/concept/10009741","2023-12-21","Arcade","PEGI_16"
"3328","Gigantosaurus The Game","CUSA16689","PS4","Нет","263,70 TL","","Да","Да","PS Plus Extra","https://store.playstation.com/en-tr/concept/234646","2020-03-26","Family","PEGI_3"
"3329","Drowning","PPSA03592","PS5","Нет","36,75 TL","Drowning: 36,75 TL; Drowning: 36,75 TL","Нет","Нет","","https://store.playstation.com/en-tr/concept/233207","2021-04-13","Adventure","PEGI_12"
"3330","Bounce Rescue!","CUSA03563","PS4","Нет","73,00 TL","","Нет","Нет","","https://store.playstation.com/en-tr/concept/216903","2016-03-14","Action","PEGI_3"
"3331","Bad North","CUSA10606","PS4","Нет","105,00 TL","","Нет","Да","PS Plus Extra","https://store.playstation.com/en-tr/concept/231064","2018-08-27","Puzzle","PEGI_12"
"3332","Overpowered 2 - Crux of Fate","PPSA35254","PS5","Нет","77,40 TL","Overpowered 2 - Crux of Fate: 77,40 TL; Overpowered 2 - Crux of Fate: 77,40 TL","Нет","Да","","https://store.playstation.com/en-tr/concept/10018119","2026-03-23","Shooter","PEGI_16"
"3333","Bright Lights of Svetlov","PPSA06641","PS5","Нет","257,40 TL","","Да","Да","","https://store.playstation.com/en-tr/concept/10004566","2026-04-30","Adventure","PEGI_12"
"3334","Frog King DX","CUSA53408","PS4","Нет","6,90 TL","","Нет","Нет","","https://store.playstation.com/en-tr/concept/10014132","2025-03-21","Arcade","PEGI_3"
"3335","Traffic Race 3D 2","CUSA47665","PS4","Нет","245,00 TL","","Нет","Нет","","https://store.playstation.com/en-tr/concept/10010424","2024-05-30","Driving/Racing","PEGI_3"
"3336","Snoot Booper","PPSA30176","PS5","Нет","73,00 TL","Snoot Booper: 73,00 TL; Snoot Booper: 73,00 TL","Нет","Нет","","https://store.playstation.com/en-tr/concept/10015182","2026-02-13","Casual","PEGI_3"
"3337","A Memoir Blue","PPSA05266","PS4, PS5","Нет","71,26 TL","","Нет","Да","","https://store.playstation.com/en-tr/concept/10003796","2022-03-24","Adventure","PEGI_7"
"3338","Go! Go! PogoGirl","PPSA10168","PS4, PS5","Нет","175,00 TL","","Нет","Нет","","https://store.playstation.com/en-tr/concept/10006140","2023-02-09","Action","PEGI_3"
"3339","Vampire Slayer: The Resurrection","CUSA40340","PS4","Нет","175,00 TL","Vampire Slayer: The Resurrection: 175,00 TL","Нет","Нет","","https://store.playstation.com/en-tr/concept/10007186","2023-02-22","Action","PEGI_16"
"3340","REPLICA","CUSA28156","PS4","Нет","175,00 TL","","Нет","Да","","https://store.playstation.com/en-tr/concept/10002963","2022-04-04","Adventure","PEGI_12"
"3341","Deceive Inc.","PPSA05409","PS5","Нет","699,00 TL","Standard Edition: 699,00 TL; Black Tie Edition: 1.049,00 TL","Нет","Да","","https://store.playstation.com/en-tr/concept/10003838","2023-03-21","Action","PEGI_16"
"3342","Hidden Cats in New York","PPSA21358","PS5","Нет","105,00 TL","Hidden Cats in New York: 105,00 TL; Hidden Cats in New York: 105,00 TL","Нет","Нет","","https://store.playstation.com/en-tr/concept/10010314","2024-04-24","Casual","PEGI_3"
"3343","Pogo Stick Champion","PPSA20707","PS4, PS5","Нет","175,00 TL","","Нет","Нет","","https://store.playstation.com/en-tr/concept/10010063","2024-06-20","Puzzle","PEGI_7"
"3344","Froggy Bouncing Adventures","PPSA20589","PS4, PS5","Нет","175,00 TL","","Нет","Нет","","https://store.playstation.com/en-tr/concept/10010005","2024-06-13","Puzzle","PEGI_3"
"3345","NECROPOLIS: A Diabolical Dungeon Delve","CUSA05243","PS4","Нет","699,00 TL","","Нет","Да","","https://store.playstation.com/en-tr/concept/221748","2016-12-11","Action","PEGI_12"
"3346","Gangs of Sherwood","PPSA09255","PS5","Нет","1.049,00 TL","Lionheart Edition: 1.399,00 TL","Нет","Нет","","https://store.playstation.com/en-tr/concept/10005683","2023-11-30","Action","PEGI_16"
"3347","Monstrum","CUSA12700","PS4","Нет","69,90 TL","","Нет","Да","","https://store.playstation.com/en-tr/concept/232412","2020-05-21","Horror","PEGI_16"
"3348","Minute Of Islands","CUSA17192","PS4","Нет","699,00 TL","","Нет","Нет","","https://store.playstation.com/en-tr/concept/234861","2021-06-12","Unique","PEGI_12"
"3349","Life of Delta","PPSA13957","PS5","Нет","699,00 TL","","Нет","Да","","https://store.playstation.com/en-tr/concept/10007443","2023-10-18","Adventure","PEGI_7"
"3350","Arenas Of Tanks","PPSA08626","PS4, PS5","Нет","175,00 TL","","Нет","Нет","","https://store.playstation.com/en-tr/concept/10005500","2022-08-18","Shooter","PEGI_7"
"3351","Space Hulk: Deathwing","CUSA08573","PS4","Нет","209,80 TL","Space Hulk Bundle: 1.399,00 TL","Нет","Нет","PS Plus Extra","https://store.playstation.com/en-tr/concept/227988","2018-05-21","Action","PEGI_16"
"3352","Night Lights","PPSA05314","PS4, PS5","Нет","175,00 TL","","Нет","Да","","https://store.playstation.com/en-tr/concept/10003811","2021-11-25","Action","PEGI_3"
"3353","MONOPOLY Madness","CUSA26330","PS4","Нет","249,00 TL","","Да","Да","PS Plus Extra","https://store.playstation.com/en-tr/concept/10002216","2021-12-08","Party","PEGI_3"
"3354","Yet Another Zombie Defense HD","CUSA18368","PS4","Нет","35,00 TL","","Нет","Да","PS Plus Extra","https://store.playstation.com/en-tr/concept/235411","2021-03-19","Action","PEGI_16"
"3355","Cobra Kai 2: Dojos Rising","PPSA04645","PS4, PS5","Нет","2.149,00 TL","Cobra Kai Collection: 629,70 TL; Nemesis Edition: 2.099,00 TL","Нет","Нет","","https://store.playstation.com/en-tr/concept/10003445","2022-11-07","Action","PEGI_12"
"3356","Swordbreaker The Game","CUSA19533","PS4","Нет","70,00 TL","","Нет","Да","","https://store.playstation.com/en-tr/concept/10000614","2020-09-29","Unique","PEGI_12"
"3357","Orbital Bullet","CUSA30568","PS4","Нет","699,00 TL","","Нет","Да","","https://store.playstation.com/en-tr/concept/10003857","2023-06-08","Action","PEGI_12"
"3358","ATV Drift & Tricks","CUSA09535","PS4","Нет","69,80 TL","","Нет","Нет","","https://store.playstation.com/en-tr/concept/231039","2017-10-25","Driving/Racing","PEGI_7"
"3359","Rough Justice: '84","PPSA16246","PS4, PS5","Нет","699,00 TL","","Нет","Нет","","https://store.playstation.com/en-tr/concept/10008318","2023-12-20","Strategy","PEGI_12"
"3360","Valthirian Arc: Hero School Story 2","PPSA09075","PS4, PS5","Нет","69,90 TL","","Нет","Нет","","https://store.playstation.com/en-tr/concept/10005674","2023-06-22","Role Playing Games","PEGI_12"
"3361","Spot The Difference","CUSA24447","PS4","Нет","349,00 TL","","Нет","Нет","","https://store.playstation.com/en-tr/concept/10001403","2020-09-13","Arcade","PEGI_3"
"3362","Heidelberg 1693","PPSA07038","PS4, PS5","Нет","68,77 TL","","Нет","Нет","","https://store.playstation.com/en-tr/concept/10004773","2022-11-17","Action","PEGI_16"
"3363","Hidden Cats in Spooky Town","PPSA25432","PS5","Нет","41,70 TL","Hidden Cats in Spooky Town: 41,70 TL; Hidden Cats in Spooky Town: 41,70 TL","Нет","Нет","","https://store.playstation.com/en-tr/concept/10012204","2024-10-23","Puzzle","PEGI_3"
"3364","Table Tennis","CUSA24024","PS4","Нет","69,80 TL","","Нет","Нет","","https://store.playstation.com/en-tr/concept/10001219","2020-08-26","Sport","PEGI_3"
"3365","Seasons after Fall","CUSA03148","PS4","Нет","69,80 TL","","Нет","Нет","","https://store.playstation.com/en-tr/concept/204138","2017-05-15","Action","PEGI_3"
"3366","Bombardiro Crocodilo Simulator","PPSA30870","PS5","Нет","12,60 TL","","Нет","Нет","","https://store.playstation.com/en-tr/concept/10015590","2025-06-17","Action","PEGI_3"
"3367","CarGo!","PPSA28127","PS5","Нет","549,00 TL","CarGo!: 549,00 TL; CarGo!: 549,00 TL","Нет","Да","","https://store.playstation.com/en-tr/concept/10013951","2025-07-24","Driving/Racing","PEGI_3"
"3368","PLANET ALPHA","CUSA11551","PS4","Нет","69,80 TL","","Нет","Да","","https://store.playstation.com/en-tr/concept/231854","2018-09-03","Action","PEGI_12"
"3369","ARCADE GAME SERIES: Ms. PAC-MAN","CUSA03864","PS4","Нет","69,50 TL","","Нет","Нет","","https://store.playstation.com/en-tr/concept/218738","2016-04-19","Action","PEGI_3"
"3370","CASE: Animatronics","CUSA24074","PS4","Нет","139,60 TL","","Нет","Да","","https://store.playstation.com/en-tr/concept/10001250","2020-09-03","Horror","PEGI_12"
"3371","Cazzarion: Zombie Drive","PPSA22979","PS5","Нет","69,00 TL","Cazzarion: Zombie Drive: 69,00 TL; Cazzarion: Zombie Drive: 34,50 TL","Нет","Нет","","https://store.playstation.com/en-tr/concept/10010957","2024-05-20","Arcade","PEGI_7"
"3372","Jigsaw Puzzle Fever","CUSA41233","PS4","Нет","279,00 TL","","Нет","Нет","","https://store.playstation.com/en-tr/concept/10007584","2023-05-03","Casual","PEGI_3"
"3373","Furry Tangram Lite","PPSA12438","PS4, PS5","Нет","69,00 TL","","Нет","Нет","","https://store.playstation.com/en-tr/concept/10006885","2022-11-24","Puzzle","PEGI_12"
"3374","Cazzarion: Little Dragon","PPSA29449","PS5","Нет","69,00 TL","Cazzarion: Little Dragon: 69,00 TL; Cazzarion: Little Dragon: 69,00 TL","Нет","Нет","","https://store.playstation.com/en-tr/concept/10014775","2025-05-02","Simulation","PEGI_3"
"3375","Tip Top: Don’t fall!","PPSA05938","PS5","Нет","69,80 TL","Tip Top: Don’t fall!: 69,80 TL; Tip Top: Don’t fall!: 69,80 TL","Нет","Нет","","https://store.playstation.com/en-tr/concept/10004200","2022-09-27","Unique","PEGI_16"
"3376","Shadow Rose","PPSA36817","PS5","Нет","27,30 TL","ShadowRose PS5 EU: 27,30 TL; ShadowRose: 27,30 TL","Нет","Да","","https://store.playstation.com/en-tr/concept/10019022","2026-04-06","Puzzle","PEGI_3"
"3377","Thy Sword","CUSA16353","PS4","Нет","349,00 TL","","Нет","Нет","","https://store.playstation.com/en-tr/concept/234486","2020-05-13","Action","PEGI_12"
"3378","Demon's Tier+","PPSA06877","PS4, PS5","Нет","69,80 TL","The Diabolical Trilogy: 699,00 TL; Demon's Tier+: 69,80 TL; Demon's Tier+: 69,80 TL","Нет","Нет","","https://store.playstation.com/en-tr/concept/10000266","2022-05-26","Shooter","PEGI_7"
"3379","JumpJumpJump!","PPSA28105","PS5","Нет","38,35 TL","","Нет","Нет","","https://store.playstation.com/en-tr/concept/10013940","2025-03-05","Casual","PEGI_3"
"3380","State of Mind","CUSA07791","PS4","Нет","379,00 TL","","Нет","Нет","","https://store.playstation.com/en-tr/concept/227189","2018-08-14","Adventure","PEGI_16"
"3381","Inspector Waffles","CUSA30539","PS4","Нет","67,35 TL","","Нет","Нет","","https://store.playstation.com/en-tr/concept/10003854","2021-10-14","Adventure","PEGI_7"
"3382","Doughlings: Arcade","CUSA11557","PS4","Нет","300,00 TL","","Нет","Да","","https://store.playstation.com/en-tr/concept/231857","2019-05-08","Arcade","PEGI_3"
"3383","Mediterranea Inferno","PPSA18008","PS4, PS5","Нет","68,25 TL","","Нет","Нет","","https://store.playstation.com/en-tr/concept/10008931","2024-03-05","Adventure","PEGI_16"
"3384","Thief Puzzle","CUSA55768","PS4","Нет","64,50 TL","Standard Edition: 64,50 TL; Complete Edition: 105,00 TL","Нет","Нет","","https://store.playstation.com/en-tr/concept/10016078","2025-09-12","Puzzle","PEGI_7"
"3385","Teslagrad","CUSA01434","PS4","Нет","649,00 TL","","Нет","Да","","https://store.playstation.com/en-tr/concept/204663","2015-11-27","Action","PEGI_7"
"3386","Mega Man 11","CUSA10738","PS4","Нет","1.049,00 TL","Mega Man 30th Anniversary Bundle: 2.099,00 TL; Mega Man 11: 1.049,00 TL","Нет","Нет","","https://store.playstation.com/en-tr/concept/231110","2018-10-01","Action","PEGI_7"
"3387","United Assault - Final Stand","PPSA26569","PS5","Нет","429,00 TL","United Assault - Final Stand: 429,00 TL; United Assault - Final Stand: 429,00 TL","Нет","Нет","","https://store.playstation.com/en-tr/concept/10012940","2025-03-19","Shooter","PEGI_16"
"3388","Suika Game","PPSA38011","PS5","Нет","129,00 TL","","Нет","Нет","","https://store.playstation.com/en-tr/concept/10019457","2026-08-06","Family","PEGI_3"
"3389","Chop Goblins","PPSA21754","PS5","Нет","64,50 TL","","Нет","Нет","","https://store.playstation.com/en-tr/concept/10010469","2025-10-15","Action","PEGI_12"
"3390","Reus","CUSA04667","PS4","Нет","64,35 TL","Reus: 64,35 TL; REUS - Deluxe Edition: 774,00 TL","Нет","Да","","https://store.playstation.com/en-tr/concept/221749","2016-10-13","Strategy","PEGI_7"
"3391","Road Turbo","PPSA33228","PS5","Нет","64,00 TL","Road Turbo: 64,00 TL; Road Turbo: 64,00 TL","Нет","Нет","","https://store.playstation.com/en-tr/concept/10016912","2025-10-07","Action","PEGI_3"
"3392","Block Path","PPSA32976","PS5","Нет","32,00 TL","Block Path: 32,00 TL; Block Path: 32,00 TL","Нет","Нет","","https://store.playstation.com/en-tr/concept/10016756","2025-09-10","Puzzle","PEGI_3"
"3393","One Piece Burning Blood","CUSA03584","PS4","Нет","1.399,00 TL","One Piece Burning Blood: 1.399,00 TL; ONE PIECE BURNING BLOOD - Gold Edition: 3.399,00 TL","Нет","Да","","https://store.playstation.com/en-tr/concept/203288","2016-06-02","Fighting","PEGI_12"
"3394","Olija","CUSA23840","PS4","Нет","649,00 TL","","Нет","Да","","https://store.playstation.com/en-tr/concept/10001134","2021-01-28","Action","PEGI_12"
"3395","Tank Attack","PPSA35431","PS5","Нет","64,00 TL","","Нет","Нет","","https://store.playstation.com/en-tr/concept/10018212","2026-04-08","Shooter","PEGI_12"
"3396","Fruit Collector","PPSA29430","PS5","Нет","64,00 TL","","Нет","Нет","","https://store.playstation.com/en-tr/concept/10014761","2025-04-24","Casual","PEGI_3"
"3397","Roar of Revenge","PPSA08989","PS4, PS5","Нет","64,50 TL","","Нет","Да","","https://store.playstation.com/en-tr/concept/10005643","2022-09-22","Action","PEGI_7"
"3398","Leo's Fortune","CUSA03232","PS4","Нет","257,00 TL","","Нет","Да","","https://store.playstation.com/en-tr/concept/202438","2015-09-11","Action","PEGI_3"
"3399","Fragments of History: Ancient Egypt","PPSA36246","PS4, PS5","Нет","64,20 TL","","Нет","Нет","","https://store.playstation.com/en-tr/concept/10018710","2026-02-25","Family","PEGI_3"
"3400","Stick Up","PPSA26201","PS5","Нет","64,00 TL","Stick Up: 64,00 TL; Stick Up: 64,00 TL","Нет","Нет","","https://store.playstation.com/en-tr/concept/10012677","2024-10-07","Casual","PEGI_3"
"3401","Cannon Defender","PPSA34675","PS5","Нет","32,00 TL","Cannon Defender: 32,00 TL; Cannon Defender: 32,00 TL","Нет","Нет","","https://store.playstation.com/en-tr/concept/10017772","2025-11-30","Shooter","PEGI_7"
"3402","Hidden Cats in Santa's Realm","PPSA26196","PS5","Нет","41,70 TL","Hidden Cats in Santa's Realm: 41,70 TL; Hidden Cats in Santa's Realm: 41,70 TL","Нет","Нет","","https://store.playstation.com/en-tr/concept/10012673","2024-12-11","Puzzle","PEGI_3"
"3403","Meet Your Maker","PPSA05723","PS4, PS5","Нет","254,70 TL","Meet Your Maker: 254,70 TL; Deluxe Edition: 389,70 TL","Нет","Нет","","https://store.playstation.com/en-tr/concept/10004068","2023-04-04","Action","PEGI_16"
"3404","Please Fix The Road","PPSA20084","PS5","Нет","63,00 TL","Please Fix The Road: 63,00 TL; Please Fix The Road: 63,00 TL","Нет","Да","","https://store.playstation.com/en-tr/concept/10009773","2024-05-15","Casual","PEGI_3"
"3405","Archaica: The Path Of Light","CUSA18847","PS4","Нет","62,90 TL","","Нет","Да","","https://store.playstation.com/en-tr/concept/10000358","2020-04-23","Brain Training","PEGI_3"
"3406","Beat Heaven Symphony","CUSA53563","PS4","Нет","21,00 TL","","Нет","Нет","","https://store.playstation.com/en-tr/concept/10014251","2025-04-19","Music/Rhythm","PEGI_3"
"3407","Pinstripe","CUSA09662","PS4","Нет","62,30 TL","","Нет","Да","","https://store.playstation.com/en-tr/concept/229810","2018-02-11","Puzzle","PEGI_12"
"3408","Sly Raccoon","PPSA21300","PS4, PS5","Нет","429,00 TL","","Нет","Нет","","https://store.playstation.com/en-tr/concept/10010296","2024-06-11","Adventure","PEGI_7"
"3409","Castaway","PPSA24323","PS5","Нет","279,00 TL","Castaway: 279,00 TL; Castaway: 279,00 TL","Нет","Да","","https://store.playstation.com/en-tr/concept/10011669","2024-08-16","Action","PEGI_3"
"3410","Beaver Fun","PPSA09489","PS5","Нет","75,00 TL","Beaver Fun: 75,00 TL; Beaver Fun: 75,00 TL","Нет","Нет","","https://store.playstation.com/en-tr/concept/10005833","2022-09-09","Arcade","PEGI_3"
"3411","Peggle 2","CUSA00743","PS4","Нет","429,00 TL","","Нет","Нет","EA Access","https://store.playstation.com/en-tr/concept/203307","2014-10-14","Casual","PEGI_3"
"3412","Assassin’s Creed Chronicles: India","CUSA01355","PS4","Нет","429,00 TL","","Нет","Да","PS Plus Extra","https://store.playstation.com/en-tr/concept/205867","2016-01-12","Action","PEGI_16"
"3413","Ape Academy","PPSA07123","PS4, PS5","Нет","429,00 TL","","Нет","Нет","","https://store.playstation.com/en-tr/concept/10004810","2025-03-07","Unique","PEGI_7"
"3414","Pure Pool","CUSA00332","PS4","Нет","429,00 TL","Pure Pool Snooker Bundle: 484,00 TL","Нет","Да","PS Plus Extra","https://store.playstation.com/en-tr/concept/203539","2014-07-29","Family","PEGI_3"
"3415","Memory Holder: The Colors","PPSA28520","PS4, PS5","Нет","20,70 TL","","Нет","Нет","","https://store.playstation.com/en-tr/concept/10014213","2025-02-20","Casual","PEGI_3"
"3416","Ape Escape P","PPSA11128","PS4, PS5","Нет","429,00 TL","","Нет","Нет","","https://store.playstation.com/en-tr/concept/10006481","2025-03-07","Adventure","PEGI_3"
"3417","Hungry Shark World","CUSA12378","PS4","Нет","429,00 TL","","Нет","Да","PS Plus Extra","https://store.playstation.com/en-tr/concept/232286","2018-07-17","Arcade","PEGI_16"
"3418","Killzone: Liberation","PPSA11142","PS4, PS5","Нет","429,00 TL","","Да","Да","","https://store.playstation.com/en-tr/concept/10006484","2025-03-07","Action","PEGI_16"
"3419","Syphon Filter 2","PPSA06696","PS4, PS5","Нет","429,00 TL","","Нет","Нет","","https://store.playstation.com/en-tr/concept/10004603","2025-03-07","Action","PEGI_18"
"3420","MediEvil Resurrection","PPSA07551","PS4, PS5","Нет","429,00 TL","","Нет","Нет","","https://store.playstation.com/en-tr/concept/10005032","2025-03-07","Action","PEGI_7"
"3421","Ridge Racer 2","PPSA07696","PS4, PS5","Нет","429,00 TL","","Нет","Нет","","https://store.playstation.com/en-tr/concept/10005097","2025-02-26","Driving/Racing","PEGI_3"
"3422","Moe Waifu H","PPSA13945","PS4, PS5","Нет","175,00 TL","","Нет","Нет","","https://store.playstation.com/en-tr/concept/10007422","2023-04-20","Puzzle","PEGI_12"
"3423","Syphon Filter","PPSA06323","PS4, PS5","Нет","429,00 TL","","Нет","Нет","","https://store.playstation.com/en-tr/concept/10004395","2025-03-07","Action","PEGI_18"
"3424","Moe Waifu H Genius","PPSA24307","PS4, PS5","Нет","175,00 TL","","Нет","Нет","","https://store.playstation.com/en-tr/concept/10011660","2024-09-12","Casual","PEGI_12"
"3425","SOULCALIBUR III","PPSA31911","PS4, PS5","Нет","429,00 TL","","Нет","Нет","","https://store.playstation.com/en-tr/concept/10016210","2025-12-16","Fighting","PEGI_12"
"3426","War of the Monsters","PPSA23796","PS4, PS5","Нет","429,00 TL","","Нет","Нет","","https://store.playstation.com/en-tr/concept/10011396","2025-04-15","Action","PEGI_12"
"3427","OVIVO","PPSA03700","PS5","Нет","61,25 TL","OVIVO: 61,25 TL; OVIVO: 61,25 TL","Нет","Нет","","https://store.playstation.com/en-tr/concept/233463","2021-04-20","Arcade","PEGI_3"
"3428","Hacked: The Streamer","PPSA34076","PS5","Нет","429,00 TL","Hacked: The Streamer: 429,00 TL","Нет","Да","","https://store.playstation.com/en-tr/concept/10017346","2026-04-28","Adventure","PEGI_16"
"3429","Clutter 14","PPSA25124","PS5","Нет","15,00 TL","","Нет","Нет","","https://store.playstation.com/en-tr/concept/10012048","2024-10-24","Puzzle","PEGI_3"
"3430","Cazzarion: Drone Attack","PPSA26263","PS5","Нет","69,00 TL","Cazzarion: Drone Attack: 69,00 TL; Cazzarion: Drone Attack: 69,00 TL","Нет","Нет","","https://store.playstation.com/en-tr/concept/10012720","2024-10-29","Action","PEGI_7"
"3431","Twisted Metal World Tour","PPSA16429","PS4, PS5","Нет","429,00 TL","","Нет","Нет","","https://store.playstation.com/en-tr/concept/10008368","2025-03-07","Driving/Racing","PEGI_16"
"3432","Moe Waifu H Push-Box","PPSA28755","PS4, PS5","Нет","175,00 TL","","Нет","Нет","","https://store.playstation.com/en-tr/concept/10014356","2025-05-08","Puzzle","PEGI_12"
"3433","Iron Sea Defenders","CUSA06141","PS4","Нет","300,00 TL","Iron Sea Defenders Bundle: 343,00 TL; Iron Sea Defenders: 300,00 TL","Нет","Да","","https://store.playstation.com/en-tr/concept/224855","2017-06-13","Casual","PEGI_7"
"3434","Dig Deep","CUSA42709","PS4","Нет","52,50 TL","Dig Deep & Astro Miner: 111,60 TL; Dig Deep: 52,50 TL; 10 Casual Games Collection: 1.499,00 TL","Нет","Да","","https://store.playstation.com/en-tr/concept/10008122","2023-04-27","Simulation","PEGI_3"
"3435","Recycle Master","PPSA30207","PS5","Нет","57,75 TL","","Нет","Нет","","https://store.playstation.com/en-tr/concept/10015205","2025-05-15","Simulation","PEGI_3"
"3436","Flintlock: The Siege of Dawn","PPSA07385","PS5","Нет","999,00 TL","Deluxe Edition: 1.599,00 TL","Нет","Да","PS Plus Extra","https://store.playstation.com/en-tr/concept/10004425","2024-07-17","Action","PEGI_16"
"3437","Flupp The Fish","CUSA45061","PS4","Нет","48,30 TL","","Нет","Нет","","https://store.playstation.com/en-tr/concept/10009146","2023-08-30","Casual","PEGI_3"
"3438","Pretty Girls Speed","PPSA07474","PS4, PS5","Нет","149,00 TL","","Нет","Нет","","https://store.playstation.com/en-tr/concept/10004985","2022-06-01","Casual","PEGI_12"
"3439","Killer Frequency","PPSA09522","PS4, PS5","Нет","209,80 TL","","Нет","Да","PS Plus Extra","https://store.playstation.com/en-tr/concept/10005847","2023-05-31","Adventure","PEGI_12"
"3440","Unimime - Unicycle Madness","PPSA16562","PS4, PS5","Нет","32,25 TL","","Нет","Нет","","https://store.playstation.com/en-tr/concept/10004831","2023-07-13","Arcade","PEGI_3"
"3441","Them Bombs","CUSA30844","PS4","Нет","55,80 TL","","Нет","Да","","https://store.playstation.com/en-tr/concept/10003636","2022-04-13","Party","PEGI_7"
"3442","Demolish & Build 3","PPSA31431","PS5","Нет","38,70 TL","","Нет","Нет","","https://store.playstation.com/en-tr/concept/10015898","2025-11-28","Simulator","PEGI_3"
"3443","Puzzle Piecer: The Sky Above","PPSA31026","PS4, PS5","Нет","29,75 TL","","Нет","Нет","","https://store.playstation.com/en-tr/concept/10015655","2025-06-19","Casual","PEGI_3"
"3444","Bridge Race","CUSA54390","PS4","Нет","70,00 TL","Standard Edition: 70,00 TL; Complete Edition: 110,25 TL","Нет","Нет","","https://store.playstation.com/en-tr/concept/10014948","2025-05-08","Action","PEGI_3"
"3445","Ice Station Z","CUSA31095","PS4","Нет","175,00 TL","Ice Station Z: 175,00 TL","Нет","Нет","","https://store.playstation.com/en-tr/concept/10003819","2022-02-17","Action","PEGI_12"
"3446","How to Survive: Storm","CUSA00706","PS4","Нет","699,00 TL","","Нет","Нет","","https://store.playstation.com/en-tr/concept/201989","2014-10-28","Horror","PEGI_18"
"3447","Math Fun","CUSA41673","PS4","Нет","279,00 TL","","Нет","Нет","","https://store.playstation.com/en-tr/concept/10007737","2023-03-26","Puzzle","PEGI_3"
"3448","Cazzarion: Raccoon Valley","PPSA31539","PS5","Нет","85,00 TL","Cazzarion: Raccoon Valley: 85,00 TL; Cazzarion: Raccoon Valley: 85,00 TL","Нет","Нет","","https://store.playstation.com/en-tr/concept/10015957","2025-08-24","Simulation","PEGI_3"
"3449","Wolfenstein: Cyberpilot","CUSA13449","PS4","Нет","119,00 TL","","Да","Да","","https://store.playstation.com/en-tr/concept/232888","2019-07-25","Action","PEGI_18"
"3450","Stroke The Tortoise","PPSA10331","PS5","Нет","85,00 TL","Stroke The Tortoise: 85,00 TL; Stroke The Tortoise: 85,00 TL","Нет","Нет","","https://store.playstation.com/en-tr/concept/10006146","2022-11-09","Casual","PEGI_3"
"3451","Adventures of Chris","CUSA33314","PS4","Нет","52,90 TL","","Нет","Да","","https://store.playstation.com/en-tr/concept/10004923","2022-07-07","Adventure","PEGI_7"
"3452","Feed My Raptor","PPSA23457","PS5","Нет","41,30 TL","","Нет","Нет","","https://store.playstation.com/en-tr/concept/10011205","2024-06-26","Simulator","PEGI_3"
"3453","Silence","CUSA03174","PS4","Нет","529,00 TL","","Нет","Да","","https://store.playstation.com/en-tr/concept/224961","2016-11-14","Adventure","PEGI_12"
"3454","Alive Paint","PPSA16529","PS4, PS5","Нет","175,00 TL","","Нет","Да","","https://store.playstation.com/en-tr/concept/10008411","2023-10-26","Educational","PEGI_3"
"3455","Darts Up","PPSA06828","PS5","Нет","139,00 TL","Up Bundle: 649,00 TL; Up Bundle: 649,00 TL; Darts Up: 139,00 TL","Нет","Нет","","https://store.playstation.com/en-tr/concept/10004673","2022-06-02","Sport","PEGI_3"
"3456","Pepper Grinder","PPSA23280","PS4, PS5","Нет","158,70 TL","","Нет","Да","","https://store.playstation.com/en-tr/concept/10011111","2024-08-06","Adventure","PEGI_7"
"3457","Boxer","CUSA40236","PS4","Нет","515,00 TL","","Нет","Нет","","https://store.playstation.com/en-tr/concept/10007138","2022-12-14","Fighting","PEGI_16"
"3458","MINIT","CUSA09536","PS4","Нет","349,00 TL","","Нет","Да","","https://store.playstation.com/en-tr/concept/229816","2018-04-02","Adventure","PEGI_3"
"3459","Joe Dever’s Lone Wolf","CUSA03743","PS4","Нет","525,00 TL","","Нет","Нет","","https://store.playstation.com/en-tr/concept/216298","2016-03-16","Action","PEGI_16"
"3460","Silenced: The House","PPSA09402","PS5","Нет","52,50 TL","Silenced: The House: 52,50 TL; Silenced: The House: 52,50 TL","Нет","Да","","https://store.playstation.com/en-tr/concept/10002776","2022-10-27","Adventure","PEGI_16"
"3461","Pocket Witch","PPSA13399","PS4, PS5","Нет","175,00 TL","","Нет","Да","","https://store.playstation.com/en-tr/concept/10007184","2023-02-14","Action","PEGI_3"
"3462","Kinduo","PPSA06192","PS4, PS5","Нет","175,00 TL","","Нет","Нет","","https://store.playstation.com/en-tr/concept/10004315","2022-01-20","Casual","PEGI_3"
"3463","Doodle Devil","CUSA02775","PS4","Нет","257,00 TL","","Нет","Да","","https://store.playstation.com/en-tr/concept/201075","2016-03-22","Puzzle","PEGI_12"
"3464","Beat The Clock: Hardcore","CUSA37547","PS4","Нет","85,00 TL","Beat The Clock: Hardcore: 85,00 TL; Beat The Clock: 85,00 TL","Нет","Нет","","https://store.playstation.com/en-tr/concept/10005631","2023-05-14","Casual","PEGI_3"
"3465","The Innsmouth Case","CUSA27534","PS4","Нет","525,00 TL","","Нет","Нет","","https://store.playstation.com/en-tr/concept/10002578","2021-07-21","Adventure","PEGI_12"
"3466","Crazy Gravity","PPSA04588","PS4, PS5","Нет","175,00 TL","","Нет","Нет","","https://store.playstation.com/en-tr/concept/10003411","2021-10-19","Action","PEGI_3"
"3467","Jetpack Joyride","CUSA03633","PS4","Нет","154,00 TL","","Нет","Нет","","https://store.playstation.com/en-tr/concept/202225","2016-04-26","Arcade","PEGI_12"
"3468","The Uncertain: Last Quiet Day","CUSA27193","PS4","Нет","52,50 TL","","Да","Да","","https://store.playstation.com/en-tr/concept/10002559","2022-03-03","Adventure","PEGI_12"
"3469","Wildcat Gun Machine","CUSA29643","PS4","Нет","525,00 TL","","Нет","Да","","https://store.playstation.com/en-tr/concept/10003512","2022-05-04","Action","PEGI_12"
"3470","Hidden Cats in Paris","PPSA21362","PS5","Нет","31,50 TL","Hidden Cats in Paris: 31,50 TL; Hidden Cats in Paris: 31,50 TL","Нет","Нет","","https://store.playstation.com/en-tr/concept/10010315","2024-06-12","Puzzle","PEGI_3"
"3471","Capsule Fight","PPSA22561","PS5","Нет","15,60 TL","Capsule Fight: Avatar Bundle: 70,00 TL; Capsule Fight Avatar Bundle: 70,00 TL; Capsule Fight: 15,60 TL; Capsule Fight: Easter Theme & Avatar Bundle: 62,80 TL; Capsule Fight: 15,60 TL","Нет","Нет","","https://store.playstation.com/en-tr/concept/10010679","2024-04-30","Casual","PEGI_7"
"3472","Micro Race R2","PPSA36857","PS5","Нет","42,50 TL","Micro Race R2: 42,50 TL; Micro Race R2: 42,50 TL","Нет","Нет","","https://store.playstation.com/en-tr/concept/10019047","2026-04-17","Driving/Racing","PEGI_3"
"3473","Shattered Frames 2: Under the Sea","PPSA36944","PS5","Нет","51,00 TL","","Нет","Нет","","https://store.playstation.com/en-tr/concept/10019087","2026-03-28","Puzzle","PEGI_3"
"3474","Hidden Kittens: Kingdom of Cats","PPSA29166","PS5","Нет","105,00 TL","Hidden Kittens: Kingdom of Cats: 105,00 TL; Hidden Kittens: Kingdom of Cats: 105,00 TL","Нет","Нет","","https://store.playstation.com/en-tr/concept/10014614","2025-05-14","Puzzle","PEGI_3"
"3475","Stroke The Horse","PPSA11118","PS5","Нет","85,00 TL","Stroke The Horse: 85,00 TL; Stroke The Horse: 85,00 TL","Нет","Нет","","https://store.playstation.com/en-tr/concept/10006479","2023-01-19","Casual","PEGI_3"
"3476","Memory Holder: The Numbers","PPSA32170","PS4, PS5","Нет","34,00 TL","","Нет","Нет","","https://store.playstation.com/en-tr/concept/10016352","2025-08-11","Casual","PEGI_3"
"3477","Prison Loop","PPSA24332","PS5","Нет","52,50 TL","Prison Loop: 52,50 TL; Prison Loop: 52,50 TL","Нет","Да","","https://store.playstation.com/en-tr/concept/10011675","2025-02-26","Horror","PEGI_12"
"3478","Shattered Frames 3: Skies Above","PPSA37033","PS5","Нет","51,00 TL","","Нет","Нет","","https://store.playstation.com/en-tr/concept/10019129","2026-04-03","Puzzle","PEGI_3"
"3479","Stroke The Snake","PPSA10295","PS5","Нет","85,00 TL","Stroke The Snake: 85,00 TL; Stroke The Snake: 85,00 TL","Нет","Нет","","https://store.playstation.com/en-tr/concept/10005939","2022-10-28","Casual","PEGI_3"
"3480","Before Exit: Supermarket","PPSA23787","PS5","Нет","49,00 TL","Before Exit: Supermarket: 49,00 TL; Before Exit: Supermarket + Gorilla Attack bundle: 87,25 TL; Before Exit: Supermarket + Bridge the Gap bundle: 236,25 TL; Before Exit: Supermarket: 49,00 TL; Before Exit: Supermarket + fig. bundle: 41,85 TL; Before Exit: Supermarket + fig. bundle: 41,85 TL; Before Exit: Supermarket + Gorilla Attack bundle: 87,25 TL","Нет","Нет","","https://store.playstation.com/en-tr/concept/10011391","2024-09-26","Casual","PEGI_3"
"3481","Crow Country","PPSA19068","PS4, PS5","Нет","332,50 TL","","Нет","Нет","PS Plus Extra","https://store.playstation.com/en-tr/concept/10009392","2024-05-09","Horror","PEGI_16"
"3482","Cazzarion: Whack A Zombie","PPSA22683","PS5","Нет","69,00 TL","","Нет","Нет","","https://store.playstation.com/en-tr/concept/10010839","2024-05-05","Arcade","PEGI_7"
"3483","Super Jumpy Ball","CUSA40695","PS4","Нет","175,00 TL","","Нет","Нет","","https://store.playstation.com/en-tr/concept/10007330","2023-01-18","Action","PEGI_3"
"3484","Cat Quest","CUSA09499","PS4","Нет","449,00 TL","","Нет","Нет","PS Plus Extra","https://store.playstation.com/en-tr/concept/229453","2017-11-09","Adventure","PEGI_3"
"3485","Cazzarion: Space Ace","PPSA22151","PS5","Нет","69,00 TL","Cazzarion: Space Ace: 69,00 TL; Cazzarion: Space Ace: 42,50 TL","Нет","Нет","","https://store.playstation.com/en-tr/concept/10010643","2024-03-26","Arcade","PEGI_3"
"3486","Sherlock Purr 2","PPSA21176","PS4, PS5","Нет","349,00 TL","Sherlock Purr 2: 349,00 TL; Extended Edition: 455,00 TL","Нет","Нет","","https://store.playstation.com/en-tr/concept/10010224","2024-03-14","Puzzle","PEGI_3"
"3487","Puzzle Piecer: The Holiday Spirit","PPSA34711","PS4, PS5","Нет","85,00 TL","","Нет","Нет","","https://store.playstation.com/en-tr/concept/10017785","2025-12-04","Family","PEGI_3"
"3488","Puzzle Piecer: The World Below","PPSA28264","PS4, PS5","Нет","17,25 TL","","Нет","Нет","","https://store.playstation.com/en-tr/concept/10014046","2025-02-10","Casual","PEGI_3"
"3489","Cazzarion: UFO Kidnapping","PPSA26915","PS5","Нет","34,50 TL","Cazzarion: UFO Kidnapping: 34,50 TL; Cazzarion: UFO Kidnapping: 69,00 TL","Нет","Нет","","https://store.playstation.com/en-tr/concept/10013100","2024-12-15","Simulation","PEGI_3"
"3490","Vikings - Wolves of Midgard","CUSA05032","PS4","Нет","1.299,00 TL","","Нет","Да","PS Plus Extra","https://store.playstation.com/en-tr/concept/224994","2017-03-23","Action","PEGI_18"
"3491","Shattered Frames","PPSA35838","PS5","Нет","45,00 TL","","Нет","Нет","","https://store.playstation.com/en-tr/concept/10018476","2026-03-15","Casual","PEGI_3"
"3492","Cazzarion: Dart Wheel","PPSA22480","PS5","Нет","69,00 TL","Cazzarion: Dart Wheel: 69,00 TL; Cazzarion: Dart Wheel: 69,00 TL","Нет","Нет","","https://store.playstation.com/en-tr/concept/10010755","2024-04-07","Arcade","PEGI_3"
"3493","Earth Defense Force 4.1: The Shadow of New Despair","CUSA03467","PS4","Нет","174,75 TL","","Нет","Нет","PS Plus Extra","https://store.playstation.com/en-tr/concept/201415","2016-02-11","Action","PEGI_12"
"3494","Throw Your Phone (Into The Ocean)","PPSA15776","PS5","Нет","236,00 TL","","Нет","Нет","","https://store.playstation.com/en-tr/concept/10007407","2025-07-31","Unique","PEGI_3"
"3495","IRON GUARD","PPSA21292","PS5","Нет","315,00 TL","","Да","Да","","https://store.playstation.com/en-tr/concept/10003472","2025-05-14","Strategy","PEGI_7"
"3496","Super Kids Racing","CUSA41008","PS4","Нет","245,00 TL","","Нет","Да","","https://store.playstation.com/en-tr/concept/10005088","2023-04-30","Family","PEGI_3"
"3497","Jumanji: The Video Game","PPSA03973","PS4, PS5","Нет","314,70 TL","Jumanji: The Video Game: 314,70 TL","Нет","Да","","https://store.playstation.com/en-tr/concept/233283","2021-10-22","Family","PEGI_7"
"3498","Rune Factory 4 Special","CUSA28019","PS4","Нет","157,35 TL","","Нет","Нет","PS Plus Extra","https://store.playstation.com/en-tr/concept/10002870","2021-12-06","Role Playing Games","PEGI_12"
"3500","Fruits' harvest sorter","PPSA31913","PS5","Нет","42,00 TL","Fruits' harvest sorter: 42,00 TL; Fruits' harvest sorter: 69,00 TL","Нет","Нет","","https://store.playstation.com/en-tr/concept/10011853","2025-07-23","Puzzle","PEGI_3"
"3501","Tralalero Tralala Jumper","PPSA30673","PS5","Нет","12,60 TL","","Нет","Нет","","https://store.playstation.com/en-tr/concept/10015452","2025-06-04","Action","PEGI_3"
"3502","Mining Mechs","PPSA21529","PS4, PS5","Нет","125,00 TL","Mining Mechs PS4 & PS5: 125,00 TL; Mining Mechs + Magnetic Mystery Bundle PS4 & PS5: 227,00 TL","Нет","Да","","https://store.playstation.com/en-tr/concept/10010392","2024-09-03","Action","PEGI_3"
"3503","Ball Rush","PPSA30496","PS5","Нет","69,00 TL","","Нет","Нет","","https://store.playstation.com/en-tr/concept/10015366","2025-06-05","Arcade","PEGI_3"
"3504","Splash Cars","PPSA05233","PS4, PS5","Нет","49,00 TL","","Нет","Да","","https://store.playstation.com/en-tr/concept/10003786","2022-03-08","Driving/Racing","PEGI_3"
"3505","Drift Racing Madness 2","PPSA29634","PS5","Нет","20,80 TL","Drift Racing Madness 2 Avatar Bundle: 70,00 TL; Drift Racing Madness 2: 20,80 TL; Drift Racing Madness 2: 20,80 TL","Нет","Нет","","https://store.playstation.com/en-tr/concept/10014872","2025-05-09","Driving/Racing","PEGI_3"
"3506","CrossKrush","PPSA02717","PS4, PS5","Нет","43,00 TL","","Нет","Да","","https://store.playstation.com/en-tr/concept/10001585","2021-04-25","Puzzle","PEGI_3"
"3507","Ultros","PPSA14348","PS4, PS5","Нет","879,00 TL","Ultros (PS4 & PS5): 879,00 TL; Deluxe Edition: 1.199,00 TL","Нет","Нет","","https://store.playstation.com/en-tr/concept/10003373","2024-02-12","Adventure","PEGI_16"
"3508","All-Star Fruit Racing","CUSA08249","PS4","Нет","429,00 TL","","Нет","Да","","https://store.playstation.com/en-tr/concept/228907","2018-07-12","Driving/Racing","PEGI_3"
"3509","Nature Escapes 4 CE","PPSA24441","PS5","Нет","42,90 TL","","Нет","Нет","","https://store.playstation.com/en-tr/concept/10011734","2024-07-31","Puzzle","PEGI_3"
"3510","Royal Roads","CUSA13888","PS4","Нет","215,00 TL","","Нет","Да","","https://store.playstation.com/en-tr/concept/232840","2020-09-02","Strategy","PEGI_3"
"3511","Big Adventure: Trip To Europe 7 CE","PPSA25116","PS5","Нет","21,45 TL","","Нет","Да","","https://store.playstation.com/en-tr/concept/10012046","2024-10-24","Adventure","PEGI_3"
"3512","Crown of the Empire","CUSA36990","PS4","Нет","215,00 TL","","Нет","Да","","https://store.playstation.com/en-tr/concept/10006206","2022-10-25","Strategy","PEGI_3"
"3513","Catty & Batty: The Spirit Guide","PPSA03661","PS5","Нет","43,75 TL","Catty & Batty: The Spirit Guide: 43,75 TL; Catty & Batty: The Spirit Guide: 43,75 TL","Нет","Да","","https://store.playstation.com/en-tr/concept/10002858","2021-10-12","Casual","PEGI_3"
"3514","Weeping Willow","PPSA10320","PS5","Нет","43,75 TL","Weeping Willow: 43,75 TL; Weeping Willow: 43,75 TL","Нет","Да","","https://store.playstation.com/en-tr/concept/10006181","2023-05-02","Adventure","PEGI_16"
"3515","A Frog Game","CUSA44001","PS4","Нет","8,50 TL","","Нет","Нет","","https://store.playstation.com/en-tr/concept/10008682","2023-06-22","Casual","PEGI_3"
"3516","I Want To Go To Mars","PPSA20950","PS5","Нет","43,75 TL","I Want To Go To Mars: 43,75 TL; I Want To Go To Mars: 43,75 TL","Нет","Нет","","https://store.playstation.com/en-tr/concept/10010149","2024-08-06","Family","PEGI_3"
"3517","Snake vs Snake","CUSA37183","PS4","Нет","175,00 TL","","Нет","Нет","","https://store.playstation.com/en-tr/concept/10006165","2022-11-24","Party","PEGI_3"
"3518","Grim Legends: The Forsaken Bride","CUSA07565","PS4","Нет","649,00 TL","","Нет","Да","","https://store.playstation.com/en-tr/concept/227138","2017-02-28","Adventure","PEGI_12"
"3519","Castle Pals","CUSA19376","PS4","Нет","43,00 TL","","Нет","Да","","https://store.playstation.com/en-tr/concept/10000544","2020-05-26","Action","PEGI_7"
"3520","Cliff Rush 3D","PPSA26491","PS5","Нет","43,40 TL","","Нет","Нет","","https://store.playstation.com/en-tr/concept/10012869","2024-11-18","Sport","PEGI_3"
"3521","Alone in the Dark: The New Nightmare (2001)","PPSA18071","PS4, PS5","Нет","349,00 TL","","Нет","Нет","","https://store.playstation.com/en-tr/concept/10009035","2024-04-16","Horror","PEGI_16"
"3522","Cazzarion: Forest Defense","PPSA22644","PS5","Нет","69,00 TL","Cazzarion: Forest Defense: 69,00 TL; Cazzarion: Forest Defense: 42,50 TL","Нет","Нет","","https://store.playstation.com/en-tr/concept/10010822","2024-04-28","Arcade","PEGI_3"
"3523","Reed 2","PPSA21632","PS5","Нет","43,00 TL","Reed 2: 43,00 TL; Reed 2: 43,00 TL; Reed 2: 43,00 TL","Нет","Да","","https://store.playstation.com/en-tr/concept/10000392","2024-04-08","Action","PEGI_3"
"3524","Blast Frenzy","PPSA22681","PS5","Нет","42,00 TL","Blast Frenzy Transparent Anime Avatar Bundle: 107,50 TL; Blast Frenzy: 42,00 TL; Blast Frenzy Transparent Anime Avatar Bundle: 107,50 TL; Blast Frenzy: 42,00 TL","Нет","Нет","","https://store.playstation.com/en-tr/concept/10010816","2024-05-16","Adventure","PEGI_3"
"3525","Stroke The Cat","CUSA36654","PS4","Нет","85,00 TL","Stroke The Cat: 85,00 TL; Stroke The Cat: 85,00 TL","Нет","Нет","","https://store.playstation.com/en-tr/concept/10006121","2022-09-19","Casual","PEGI_3"
"3526","Bag Fight","PPSA35795","PS5","Нет","849,00 TL","Starter Bundle: 849,00 TL; Starter Pack: 601,00 TL; Deluxe Edition: 1.547,00 TL; Starter Bundle: 849,00 TL; Starter Pack: 601,00 TL; Deluxe Edition: 1.547,00 TL","Нет","Да","","https://store.playstation.com/en-tr/concept/10018445","2026-05-21","Strategy","PEGI_7"
"3527","Let's compare the speed of our punches!","PPSA32135","PS5","Нет","42,00 TL","Let's compare the speed of our punches!: 42,00 TL; Let's compare the speed of our punches!: 34,50 TL","Нет","Нет","","https://store.playstation.com/en-tr/concept/10013362","2025-08-04","Arcade","PEGI_3"
"3528","Rocket Rush","PPSA37551","PS5","Нет","85,00 TL","Rocket Rush: 85,00 TL; Rocket Rush: 85,00 TL","Нет","Нет","","https://store.playstation.com/en-tr/concept/10019442","2026-05-20","Casual","PEGI_12"
"3529","Desert Tank Chaos","CUSA52992","PS4","Нет","42,00 TL","","Нет","Нет","","https://store.playstation.com/en-tr/concept/10013775","2025-04-03","Shooter","PEGI_12"
"3530","Our Guest Tonight","PPSA18866","PS5","Нет","42,00 TL","Our Guest Tonight: 42,00 TL; Our Guest Tonight: 42,00 TL","Нет","Нет","","https://store.playstation.com/en-tr/concept/10009317","2023-11-01","Arcade","PEGI_3"
"3531","Nippon Marathon","CUSA11337","PS4","Нет","113,75 TL","","Нет","Нет","","https://store.playstation.com/en-tr/concept/231730","2018-12-17","Party","PEGI_7"
"3532","Flute The Snake Charmer","PPSA20970","PS4, PS5","Нет","42,00 TL","","Нет","Нет","","https://store.playstation.com/en-tr/concept/10010156","2024-04-15","Arcade","PEGI_3"
"3533","Pixicharm - Chromastronaut","PPSA32402","PS5","Нет","42,00 TL","Pixicharm - Chromastronaut: 42,00 TL; Pixicharm - Chromastronaut: 42,00 TL","Нет","Нет","","https://store.playstation.com/en-tr/concept/10016485","2025-09-18","Casual","PEGI_3"
"3534","Pixicharm - Flindlehop","PPSA31345","PS5","Нет","42,00 TL","Pixicharm - Flindlehop: 42,00 TL; Pixicharm - Flindlehop: 42,00 TL","Нет","Нет","","https://store.playstation.com/en-tr/concept/10015847","2025-07-17","Family","PEGI_7"
"3535","Italian Brainrot","PPSA31993","PS5","Нет","12,60 TL","Italian Brainrot Avatar Bundle: 51,00 TL; Italian Brainrot: 12,60 TL","Нет","Нет","","https://store.playstation.com/en-tr/concept/10016253","2025-08-21","Puzzle","PEGI_3"
"3536","Pixicharm - Celestibun","PPSA33799","PS5","Нет","42,00 TL","Pixicharm - Celestibun: 42,00 TL; Pixicharm - Celestibun: 42,00 TL","Нет","Нет","","https://store.playstation.com/en-tr/concept/10017219","2025-11-20","Family","PEGI_3"
"3537","Corridor Z","CUSA02938","PS4","Нет","13,95 TL","Corridor Z - Disturbed Dynamic Theme Bundle: 349,00 TL; Corridor Z: 13,95 TL","Нет","Нет","","https://store.playstation.com/en-tr/concept/216120","2016-05-04","Action","PEGI_16"
"3538","Fruit Catcher","PPSA35228","PS5","Нет","42,00 TL","","Нет","Нет","","https://store.playstation.com/en-tr/concept/10018100","2026-03-08","Arcade","PEGI_3"
"3539","Chess Mate","PPSA36466","PS5","Нет","42,00 TL","Supporter Pack: 42,00 TL","Нет","Нет","","https://store.playstation.com/en-tr/concept/10018845","2026-04-11","Puzzle","PEGI_3"
"3540","Pixicharm - Flip, Flap & Fang","PPSA31179","PS5","Нет","42,00 TL","Pixicharm - Flip, Flap & Fang: 42,00 TL; Pixicharm - Flip, Flap & Fang: 42,00 TL","Нет","Нет","","https://store.playstation.com/en-tr/concept/10015739","2025-06-26","Family","PEGI_3"
"3541","Finger Fitness","PPSA05341","PS5","Нет","42,00 TL","","Нет","Да","","https://store.playstation.com/en-tr/concept/10003828","2021-11-14","Casual","PEGI_3"
"3542","Labyrinth Run","PPSA30314","PS5","Нет","42,00 TL","","Нет","Нет","","https://store.playstation.com/en-tr/concept/10015260","2025-05-29","Puzzle","PEGI_3"
"3543","Helichapter X","CUSA47135","PS4","Нет","42,00 TL","Helichapter X with Transparent Anime Avatar: 86,00 TL; Helichapter X: 42,00 TL","Нет","Нет","","https://store.playstation.com/en-tr/concept/10010143","2024-02-16","Driving/Racing","PEGI_3"
"3544","Pixicharm - Brotillery","PPSA32245","PS5","Нет","42,00 TL","Pixicharm Collection 6: 171,00 TL; Pixicharm - Brotillery: 42,00 TL; Pixicharm Collection 6: 171,00 TL; Pixicharm - Brotillery: 42,00 TL","Нет","Нет","","https://store.playstation.com/en-tr/concept/10016389","2025-08-21","Family","PEGI_7"
"3545","Pixicharm - Fruboom","PPSA25639","PS5","Нет","42,00 TL","Pixicharm - Fruboom: 42,00 TL; Pixicharm - Fruboom: 42,00 TL","Нет","Нет","","https://store.playstation.com/en-tr/concept/10012312","2024-09-07","Puzzle","PEGI_3"
"3546","Pixicharm – Frost Ascent","PPSA29130","PS5","Нет","42,00 TL","Pixicharm – Frost Ascent: 42,00 TL; Pixicharm – Frost Ascent: 42,00 TL","Нет","Нет","","https://store.playstation.com/en-tr/concept/10014595","2025-04-03","Family","PEGI_7"
"3547","Pixicharm - Jack-O-Fall","PPSA29245","PS5","Нет","42,00 TL","Pixicharm - Jack-O-Fall: 42,00 TL; Pixicharm - Jack-O-Fall: 42,00 TL","Нет","Нет","","https://store.playstation.com/en-tr/concept/10014659","2025-04-10","Family","PEGI_3"
"3548","Pixicharm - Hallowkinz","PPSA33751","PS5","Нет","42,00 TL","Pixicharm - Hallowkinz: 42,00 TL; Pixicharm - Hallowkinz: 42,00 TL","Нет","Нет","","https://store.playstation.com/en-tr/concept/10017177","2025-11-13","Casual","PEGI_3"
"3549","Diamond Painting ASMR","CUSA58743","PS4","Нет","429,00 TL","Art Bundle: 429,00 TL; Starter Edition: 324,50 TL; Premium Edition: 539,50 TL; Deluxe Edition: 874,50 TL","Нет","Нет","","https://store.playstation.com/en-tr/concept/10018901","2026-05-28","Casual","PEGI_3"
"3550","Pixicharm - Gravenguard","PPSA31173","PS5","Нет","42,00 TL","Pixicharm Collection 5: 171,00 TL; Pixicharm - Gravenguard: 42,00 TL; Pixicharm Collection 5: 171,00 TL; Pixicharm - Gravenguard: 42,00 TL","Нет","Нет","","https://store.playstation.com/en-tr/concept/10015734","2025-06-19","Arcade","PEGI_3"
"3551","Pixicharm - Hidden Ninja Dojo","PPSA37569","PS5","Нет","42,00 TL","Pixicharm - Hidden Ninja Dojo: 42,00 TL; Pixicharm - Hidden Ninja Dojo: 42,00 TL","Нет","Нет","","https://store.playstation.com/en-tr/concept/10019462","2026-04-30","Puzzle","PEGI_3"
"3552","Pixicharm - Knightritious","PPSA32714","PS5","Нет","42,00 TL","Pixicharm - Knightritious: 42,00 TL; Pixicharm - Knightritious: 42,00 TL","Нет","Нет","","https://store.playstation.com/en-tr/concept/10016649","2025-10-30","Casual","PEGI_7"
"3553","Pixicharm - Zippyron","PPSA35367","PS5","Нет","42,00 TL","Pixicharm - Zippyron: 42,00 TL; Pixicharm - Zippyron: 42,00 TL","Нет","Нет","","https://store.playstation.com/en-tr/concept/10018163","2026-01-19","Casual","PEGI_3"
"3554","Pixicharm - Vesprax","PPSA33576","PS5","Нет","42,00 TL","Pixicharm - Vesprax: 42,00 TL; Pixicharm - Vesprax: 42,00 TL","Нет","Нет","","https://store.playstation.com/en-tr/concept/10017079","2025-11-06","Casual","PEGI_7"
"3555","Pixicharm - Kunai Zone","PPSA31886","PS5","Нет","42,00 TL","Pixicharm - Kunai Zone: 42,00 TL; Pixicharm - Kunai Zone: 42,00 TL","Нет","Нет","","https://store.playstation.com/en-tr/concept/10016201","2025-07-31","Casual","PEGI_3"
"3556","Pixicharm - TuttiRun","PPSA31189","PS5","Нет","42,00 TL","Pixicharm - TuttiRun: 42,00 TL; Pixicharm - TuttiRun: 42,00 TL","Нет","Нет","","https://store.playstation.com/en-tr/concept/10015747","2025-07-03","Casual","PEGI_3"
"3557","Pixicharm - Tankbit","PPSA35458","PS5","Нет","42,00 TL","Pixicharm - Tankbit: 42,00 TL; Pixicharm - Tankbit: 42,00 TL","Нет","Нет","","https://store.playstation.com/en-tr/concept/10018236","2026-02-12","Family","PEGI_3"
"3558","Pizza Tycoon","CUSA32396","PS4","Нет","525,00 TL","","Нет","Да","","https://store.playstation.com/en-tr/concept/10004573","2023-02-23","Simulation","PEGI_3"
"3559","Pixicharm - Sparkrina","PPSA31263","PS5","Нет","42,00 TL","Pixicharm - Sparkrina: 42,00 TL; Pixicharm - Sparkrina: 42,00 TL","Нет","Нет","","https://store.playstation.com/en-tr/concept/10015783","2025-07-10","Casual","PEGI_7"
"3560","Pixicharm - Majestreats","PPSA31430","PS5","Нет","42,00 TL","Pixicharm - Majestreats: 42,00 TL; Pixicharm - Majestreats: 42,00 TL","Нет","Нет","","https://store.playstation.com/en-tr/concept/10015896","2025-07-24","Casual","PEGI_3"
"3561","Pixicharm - Porkocalypse","PPSA28985","PS5","Нет","42,00 TL","Pixicharm Collection 4: 171,00 TL; Pixicharm - Porkocalypse: 42,00 TL; Pixicharm Collection 4: 171,00 TL; Pixicharm - Porkocalypse: 42,00 TL","Нет","Нет","","https://store.playstation.com/en-tr/concept/10014485","2025-03-20","Casual","PEGI_7"
"3562","Pixicharm - Ribbiverse","PPSA32607","PS5","Нет","42,00 TL","Pixicharm - Ribbiverse: 42,00 TL; Pixicharm - Ribbiverse: 42,00 TL","Нет","Нет","","https://store.playstation.com/en-tr/concept/10016604","2025-10-23","Family","PEGI_3"
"3563","Pixicharm - Meowbolt","PPSA29118","PS5","Нет","42,00 TL","Pixicharm - Meowbolt: 42,00 TL; Pixicharm - Meowbolt: 42,00 TL","Нет","Нет","","https://store.playstation.com/en-tr/concept/10014576","2025-03-27","Family","PEGI_3"
"3564","Pixicharm - Orunex","PPSA33850","PS5","Нет","42,00 TL","Pixicharm - Orunex: 42,00 TL; Pixicharm - Orunex: 42,00 TL","Нет","Нет","","https://store.playstation.com/en-tr/concept/10017254","2025-11-27","Family","PEGI_3"
"3565","Low Story","PPSA17616","PS5","Нет","41,85 TL","Low Story: 41,85 TL; Low Story: 47,25 TL","Нет","Нет","","https://store.playstation.com/en-tr/concept/10008868","2023-11-16","Action","PEGI_12"
"3566","Bad Birds","PPSA23746","PS5","Нет","41,40 TL","","Нет","Нет","","https://store.playstation.com/en-tr/concept/10011368","2024-06-04","Arcade","PEGI_3"
"3567","Pixicharm - Spartunex","PPSA32168","PS5","Нет","42,00 TL","Pixicharm - Spartunex: 42,00 TL; Pixicharm - Spartunex: 42,00 TL","Нет","Нет","","https://store.playstation.com/en-tr/concept/10016347","2025-08-14","Family","PEGI_3"
"3568","Campfire Of Oasis: The Story","PPSA35148","PS5","Нет","29,40 TL","","Нет","Нет","","https://store.playstation.com/en-tr/concept/10018040","2026-02-16","Casual","PEGI_3"
"3569","Pixicharm - Speedy Squire","PPSA28922","PS5","Нет","42,00 TL","Pixicharm - Speedy Squire: 42,00 TL; Pixicharm - Speedy Squire: 42,00 TL","Нет","Нет","","https://store.playstation.com/en-tr/concept/10014456","2025-03-13","Family","PEGI_3"
"3570","Pixicharm - Timbershot","PPSA35445","PS5","Нет","42,00 TL","Pixicharm - Timbershot: 42,00 TL; Pixicharm - Timbershot: 42,00 TL","Нет","Нет","","https://store.playstation.com/en-tr/concept/10018223","2026-02-05","Casual","PEGI_7"
"3571","Soraja Invaders","PPSA32019","PS5","Нет","42,00 TL","Soraja Invaders: 42,00 TL; Soraja Invaders: 69,00 TL","Нет","Нет","","https://store.playstation.com/en-tr/concept/10011015","2025-08-03","Arcade","PEGI_3"
"3572","Press ""X"" to win","PPSA32260","PS5","Нет","42,00 TL","Press ""X"" to win: 42,00 TL; Press ""X"" to win: 34,50 TL","Нет","Нет","","https://store.playstation.com/en-tr/concept/10013986","2025-08-07","Action","PEGI_3"
"3573","The Walking Dead: A New Frontier - Episode 1","CUSA06926","PS4","Нет","279,00 TL","The Walking Dead: A New Frontier - Season Pass: 525,00 TL","Нет","Да","","https://store.playstation.com/en-tr/concept/227247","2016-12-20","Adventure","PEGI_18"
"3574","RESOGUN","CUSA00005","PS4","Нет","215,00 TL","RESOGUN™ Original Soundtrack: 215,00 TL","Нет","Да","","https://store.playstation.com/en-tr/concept/203706","2013-11-28","Arcade","PEGI_7"
"3575","Pixicharm - Spikoin","PPSA32007","PS5","Нет","42,00 TL","Pixicharm - Spikoin: 42,00 TL; Pixicharm - Spikoin: 42,00 TL","Нет","Нет","","https://store.playstation.com/en-tr/concept/10016262","2025-08-07","Family","PEGI_3"
"3576","Path Of The Builder","PPSA26941","PS5","Нет","13,79 TL","Path Of The Builder: 13,79 TL; Buildozer + Path of Builder: Double Pack: 25,60 TL; Path Of The Builder: 13,79 TL","Нет","Нет","","https://store.playstation.com/en-tr/concept/10013118","2024-11-28","Casual","PEGI_3"
"3577","Paper Plane","PPSA36149","PS4, PS5","Нет","38,70 TL","","Нет","Нет","","https://store.playstation.com/en-tr/concept/10018642","2026-02-20","Arcade","PEGI_3"
"3578","Tails Noir","PPSA03218","PS4, PS5","Нет","269,75 TL","","Нет","Да","PS Plus Extra","https://store.playstation.com/en-tr/concept/10002568","2021-10-28","Role Playing Games","PEGI_16"
"3579","Memory Holder: The Colors II","PPSA35984","PS4, PS5","Нет","85,00 TL","","Нет","Нет","","https://store.playstation.com/en-tr/concept/10018553","2026-02-09","Family","PEGI_3"
"3580","Chimpanzini Bananini","PPSA31181","PS5","Нет","12,60 TL","","Нет","Нет","","https://store.playstation.com/en-tr/concept/10015740","2025-07-02","Action","PEGI_3"
"3581","The Long Journey Home","CUSA12869","PS4","Нет","379,00 TL","","Нет","Да","","https://store.playstation.com/en-tr/concept/232503","2018-11-13","Role Playing Games","PEGI_16"
"3582","Princess.Loot.Pixel.Again x2","CUSA33689","PS4","Нет","20,00 TL","","Нет","Нет","","https://store.playstation.com/en-tr/concept/10005074","2022-07-21","Action","PEGI_7"
"3583","Blood Omen 2: Legacy of Kain","PPSA24268","PS4, PS5","Нет","525,00 TL","","Нет","Нет","","https://store.playstation.com/en-tr/concept/10011646","2024-11-19","Action","PEGI_18"
"3584","Br Br Patapim","PPSA31404","PS5","Нет","12,60 TL","","Нет","Нет","","https://store.playstation.com/en-tr/concept/10015885","2025-07-09","Action","PEGI_3"
"3585","Supfly Delivery Simulator","PPSA18556","PS5","Нет","116,10 TL","Supfly Delivery Simulator: 116,10 TL; Supfly Delivery Simulator: 387,00 TL","Нет","Да","","https://store.playstation.com/en-tr/concept/10002391","2023-11-29","Arcade","PEGI_3"
"3586","Gnomes Garden 2","CUSA13875","PS4","Нет","193,00 TL","","Нет","Да","","https://store.playstation.com/en-tr/concept/229916","2018-11-13","Strategy","PEGI_3"
"3587","Broken Pipe","PPSA18802","PS5","Нет","139,00 TL","Broken Pipe: 139,00 TL; Broken Pipe: 139,00 TL","Нет","Да","","https://store.playstation.com/en-tr/concept/10004332","2023-09-27","Puzzle","PEGI_3"
"3588","Clutter Puzzle Magazine Vol. 16 #2","PPSA34789","PS5","Нет","15,00 TL","","Нет","Нет","","https://store.playstation.com/en-tr/concept/10017819","2026-01-15","Casual","PEGI_3"
"3589","Reflection seeker","CUSA51191","PS4","Нет","34,50 TL","Reflection seeker: 42,00 TL; Reflection seeker: 34,50 TL","Нет","Нет","","https://store.playstation.com/en-tr/concept/10012527","2024-10-14","Puzzle","PEGI_3"
"3590","Lamp Clicker","PPSA37053","PS5","Нет","107,00 TL","Standard: 107,00 TL; Standard: 107,00 TL; Ultimate Edition: 215,00 TL","Нет","Нет","","https://store.playstation.com/en-tr/concept/10019066","2026-07-10","Strategy","PEGI_7"
"3591","Bakery Simulator","CUSA45900","PS4","Нет","36,50 TL","","Нет","Да","","https://store.playstation.com/en-tr/concept/10009543","2024-03-15","Simulator","PEGI_3"
"3592","JankenUp!","PPSA25439","PS5","Нет","36,75 TL","JankenUp!: 36,75 TL; JankenUp!: 245,00 TL","Нет","Да","","https://store.playstation.com/en-tr/concept/10012211","2024-11-14","Action","PEGI_7"
"3593","Herc's Adventures","PPSA14391","PS4, PS5","Нет","215,00 TL","","Нет","Нет","","https://store.playstation.com/en-tr/concept/10007636","2025-03-14","Adventure","PEGI_7"
"3594","Battle Engine Aquila","PPSA27019","PS4, PS5","Нет","429,00 TL","","Нет","Нет","","https://store.playstation.com/en-tr/concept/10013168","2025-05-20","Action","PEGI_12"
"3595","Pig Escape","PPSA29078","PS5","Нет","38,35 TL","","Нет","Нет","","https://store.playstation.com/en-tr/concept/10014559","2025-03-24","Casual","PEGI_3"
"3596","ATYI","PPSA37257","PS5","Нет","42,00 TL","ATYI: 42,00 TL; ATYI: 42,00 TL","Нет","Нет","","https://store.playstation.com/en-tr/concept/10014453","2026-04-13","Music/Rhythm","PEGI_3"
"3597","On The Stairs","PPSA27204","PS5","Нет","64,00 TL","On The Stairs: 64,00 TL; On The Stairs: 64,00 TL","Нет","Нет","","https://store.playstation.com/en-tr/concept/10013305","2024-11-28","Casual","PEGI_3"
"3598","STAR WARS Rebel Assault II - The Hidden Empire","PPSA07367","PS4, PS5","Нет","215,00 TL","","Нет","Нет","","https://store.playstation.com/en-tr/concept/10004922","2024-04-16","Action","PEGI_16"
"3599","Puzzle Piecer: Full Spectrum","PPSA31916","PS4, PS5","Нет","85,00 TL","","Нет","Нет","","https://store.playstation.com/en-tr/concept/10016211","2025-07-31","Casual","PEGI_3"
"3600","Red Bow","CUSA17394","PS4","Нет","175,00 TL","Adventure Horror Bundle: 259,60 TL; Red Bow: 175,00 TL","Нет","Да","","https://store.playstation.com/en-tr/concept/234947","2020-01-15","Adventure","PEGI_12"
"3601","Ritual: Crown of Horns","CUSA18415","PS4","Нет","34,95 TL","","Нет","Да","","https://store.playstation.com/en-tr/concept/10000549","2020-02-27","Action","PEGI_16"
"3602","Vera Blanc: Full Moon","CUSA25230","PS4","Нет","175,00 TL","","Нет","Нет","","https://store.playstation.com/en-tr/concept/10001765","2020-11-10","Adventure","PEGI_12"
"3603","Ascendshaft","PPSA12409","PS5","Нет","8,50 TL","Ascendshaft: 8,50 TL; Ascendshaft and Endless Shaft: 15,00 TL; Ascendshaft: 6,00 TL","Нет","Нет","","https://store.playstation.com/en-tr/concept/10002562","2022-11-11","Arcade","PEGI_7"
"3604","Horse Racing","CUSA46264","PS4","Нет","349,00 TL","","Нет","Нет","","https://store.playstation.com/en-tr/concept/10009700","2024-02-13","Driving/Racing","PEGI_18"
"3605","Cross the Moon","PPSA03574","PS4, PS5","Нет","175,00 TL","","Нет","Нет","","https://store.playstation.com/en-tr/concept/10001693","2021-06-17","Adventure","PEGI_16"
"3606","Bubble Shooter DX","CUSA53792","PS4","Нет","11,90 TL","","Нет","Нет","","https://store.playstation.com/en-tr/concept/10014438","2025-03-07","Casual","PEGI_3"
"3607","RIDE 3","CUSA10100","PS4","Нет","1.749,00 TL","Motorbike Racing Bundle: 214,90 TL; RIDE 3 - Gold Edition: 2.999,00 TL; RIDE 3: 1.749,00 TL","Нет","Нет","","https://store.playstation.com/en-tr/concept/229851","2018-11-29","Driving/Racing","PEGI_3"
"3608","Super Destronaut DX","CUSA12554","PS4","Нет","175,00 TL","","Нет","Да","","https://store.playstation.com/en-tr/concept/232356","2018-07-11","Arcade","PEGI_3"
"3609","Lethal VR","CUSA07106","PS4","Нет","35,00 TL","","Нет","Нет","","https://store.playstation.com/en-tr/concept/227164","2017-01-23","Action","PEGI_7"
"3610","Shakes on a Plane","CUSA28364","PS4","Нет","699,00 TL","","Нет","Да","","https://store.playstation.com/en-tr/concept/10002580","2021-08-12","Arcade","PEGI_3"
"3611","I and Me","CUSA14440","PS4","Нет","349,00 TL","","Нет","Да","","https://store.playstation.com/en-tr/concept/233123","2019-03-06","Adventure","PEGI_3"
"3612","Deep Space Rush","CUSA15846","PS4","Нет","175,00 TL","","Нет","Да","","https://store.playstation.com/en-tr/concept/234052","2019-10-24","Action","PEGI_3"
"3613","Mangavania","PPSA13304","PS5","Нет","35,00 TL","Mangavania: 35,00 TL; Mangavania: 35,00 TL","Нет","Нет","","https://store.playstation.com/en-tr/concept/10007154","2023-04-25","Action","PEGI_7"
"3614","Felix The Reaper","CUSA15586","PS4","Нет","349,00 TL","","Нет","Да","","https://store.playstation.com/en-tr/concept/233591","2019-10-17","Puzzle","PEGI_16"
"3615","Kings of Lorn: The Fall of Ebris","CUSA23166","PS4","Нет","34,95 TL","","Нет","Нет","","https://store.playstation.com/en-tr/concept/10000174","2020-03-11","Horror","PEGI_16"
"3616","Jubilee","PPSA18145","PS4, PS5","Нет","34,90 TL","","Нет","Нет","","https://store.playstation.com/en-tr/concept/10009059","2024-02-08","Action","PEGI_3"
"3617","Valhalla Hills","CUSA05718","PS4","Нет","349,00 TL","","Нет","Да","","https://store.playstation.com/en-tr/concept/222897","2017-04-27","Strategy","PEGI_7"
"3618","Strawberry Vinegar","CUSA19604","PS4","Нет","349,00 TL","","Нет","Нет","","https://store.playstation.com/en-tr/concept/10000659","2020-06-02","Adventure","PEGI_7"
"3619","Cave Ranger","PPSA27498","PS5","Нет","34,75 TL","","Нет","Нет","","https://store.playstation.com/en-tr/concept/10013436","2024-12-19","Action","PEGI_7"
"3620","Mangavania 2","PPSA23985","PS5","Нет","35,00 TL","Mangavania 2: 35,00 TL; Mangavania 2: 35,00 TL","Нет","Нет","","https://store.playstation.com/en-tr/concept/10008927","2024-08-20","Action","PEGI_7"
"3621","Tasty Slot Machine","CUSA39373","PS4","Нет","279,00 TL","","Нет","Нет","","https://store.playstation.com/en-tr/concept/10006874","2023-03-22","Casual","PEGI_18"
"3622","Clash: Artifacts of Chaos","PPSA05057","PS4, PS5","Нет","244,65 TL","Zeno Edition: 879,00 TL","Нет","Да","PS Plus Extra","https://store.playstation.com/en-tr/concept/10003423","2023-03-06","Fighting","PEGI_12"
"3623","Fantasy Beauties","PPSA22141","PS4, PS5","Нет","105,00 TL","Premium Edition: 105,00 TL; Freya Edition: 34,50 TL","Нет","Нет","","https://store.playstation.com/en-tr/concept/10010622","2024-05-16","Arcade","PEGI_12"
"3624","Hyper Rider","PPSA26018","PS5","Нет","34,50 TL","","Нет","Нет","","https://store.playstation.com/en-tr/concept/10012127","2024-10-06","Driving/Racing","PEGI_3"
"3625","Stroke The Rabbit","CUSA36788","PS4","Нет","85,00 TL","Stroke The Rabbit: 85,00 TL; Stroke The Rabbit: 85,00 TL","Нет","Нет","","https://store.playstation.com/en-tr/concept/10006144","2022-10-04","Casual","PEGI_3"
"3626","Big Adventure: Trip to Europe 2","PPSA14128","PS5","Нет","32,45 TL","","Нет","Нет","","https://store.playstation.com/en-tr/concept/10007524","2023-04-19","Adventure","PEGI_3"
"3627","Valkyria Chronicles","CUSA03951","PS4","Нет","699,00 TL","","Нет","Нет","","https://store.playstation.com/en-tr/concept/226977","2016-05-31","Role Playing Games","PEGI_16"
"3628","Medieval Match Master","CUSA51384","PS4","Нет","34,50 TL","","Нет","Нет","","https://store.playstation.com/en-tr/concept/10012671","2024-11-22","Puzzle","PEGI_3"
"3629","Ultimate Sparring","PPSA28424","PS5","Нет","34,50 TL","","Нет","Нет","","https://store.playstation.com/en-tr/concept/10014127","2025-02-26","Action","PEGI_3"
"3630","First Time In Rome","PPSA14070","PS5","Нет","32,45 TL","","Нет","Нет","","https://store.playstation.com/en-tr/concept/10007497","2023-03-24","Adventure","PEGI_3"
"3631","Faircroft's Antiques: The Forbidden Crypt","PPSA14064","PS5","Нет","32,45 TL","","Нет","Нет","","https://store.playstation.com/en-tr/concept/10007494","2023-04-13","Adventure","PEGI_3"
"3632","Finding America: The Heartland","PPSA14072","PS5","Нет","32,45 TL","","Нет","Нет","","https://store.playstation.com/en-tr/concept/10007498","2023-04-14","Adventure","PEGI_3"
"3633","Campfire of Oasis 2","PPSA28778","PS5","Нет","29,40 TL","","Нет","Нет","","https://store.playstation.com/en-tr/concept/10014126","2025-10-05","Simulation","PEGI_3"
"3634","Tennis Pro Tournaments","PPSA18249","PS5","Нет","32,45 TL","","Нет","Да","","https://store.playstation.com/en-tr/concept/10009100","2023-10-30","Sport","PEGI_3"
"3635","Copy The Line","PPSA27907","PS5","Нет","64,00 TL","Copy The Line: 64,00 TL; Copy The Line: 64,00 TL","Нет","Нет","","https://store.playstation.com/en-tr/concept/10013767","2025-01-18","Brain Training","PEGI_3"
"3636","Monster Survivors: Hunting Wilds","PPSA30500","PS5","Нет","34,50 TL","","Нет","Нет","","https://store.playstation.com/en-tr/concept/10015368","2025-06-10","Fighting","PEGI_12"
"3637","Space KaBAAM: Neon","PPSA28910","PS4, PS5","Нет","69,00 TL","","Нет","Нет","","https://store.playstation.com/en-tr/concept/10014451","2025-03-13","Arcade","PEGI_3"
"3638","Reflection Of Mine","CUSA20340","PS4","Нет","34,30 TL","","Нет","Да","","https://store.playstation.com/en-tr/concept/10000867","2020-10-08","Horror","PEGI_18"
"3639","Razor Wire","PPSA36379","PS5","Нет","64,50 TL","","Нет","Нет","","https://store.playstation.com/en-tr/concept/10018793","2026-05-28","Arcade","PEGI_7"
"3640","I Love Finding Critters","PPSA14104","PS5","Нет","32,45 TL","","Нет","Нет","","https://store.playstation.com/en-tr/concept/10007512","2023-03-29","Adventure","PEGI_3"
"3641","Blind Postman","PPSA18702","PS5","Нет","139,00 TL","Blind Postman: 139,00 TL; Blind Postman: 139,00 TL","Нет","Да","","https://store.playstation.com/en-tr/concept/10003471","2023-09-13","Puzzle","PEGI_3"
"3642","Faircroft's Antiques: The Mountaineer's Legacy","PPSA14066","PS5","Нет","32,45 TL","","Нет","Нет","","https://store.playstation.com/en-tr/concept/10007495","2023-03-17","Adventure","PEGI_3"
"3643","Crypt of the Serpent King Remastered 4K Edition","PPSA07742","PS5","Нет","129,00 TL","","Нет","Нет","","https://store.playstation.com/en-tr/concept/231262","2022-07-07","Role Playing Games","PEGI_12"
"3644","Harmony Chronicles: Chaos Realms","PPSA26168","PS5","Нет","21,45 TL","","Нет","Да","","https://store.playstation.com/en-tr/concept/10012662","2024-10-24","Adventure","PEGI_3"
"3645","So Much Stuff 4","PPSA24796","PS5","Нет","21,45 TL","","Нет","Нет","","https://store.playstation.com/en-tr/concept/10011905","2024-09-01","Casual","PEGI_3"
"3646","So Much Stuff","PPSA18224","PS5","Нет","21,45 TL","","Нет","Нет","","https://store.playstation.com/en-tr/concept/10009088","2023-11-06","Adventure","PEGI_3"
"3647","Monster Rush Survivors","PPSA37058","PS5","Нет","25,70 TL","Survivors Pack: 34,30 TL; Monster Rush Survivors: 25,70 TL","Нет","Да","","https://store.playstation.com/en-tr/concept/10019145","2026-05-20","Action","PEGI_7"
"3648","So Much Stuff 3: Odds & Ends","PPSA23514","PS5","Нет","21,45 TL","","Нет","Нет","","https://store.playstation.com/en-tr/concept/10011222","2024-06-17","Puzzle","PEGI_3"
"3649","Odd Color Out","PPSA31988","PS5","Нет","42,00 TL","Odd Color Out: 42,00 TL; Odd Color Out: 59,00 TL","Нет","Нет","","https://store.playstation.com/en-tr/concept/10011921","2025-07-25","Puzzle","PEGI_3"
"3650","Space Graze","PPSA32044","PS4, PS5","Нет","12,90 TL","","Нет","Нет","","https://store.playstation.com/en-tr/concept/10016279","2025-10-19","Arcade","PEGI_3"
"3651","Blood Omen: Legacy of Kain","PPSA24270","PS4, PS5","Нет","349,00 TL","","Нет","Нет","","https://store.playstation.com/en-tr/concept/10011076","2024-11-19","Action","PEGI_18"
"3652","Three Colour Cannon","PPSA36367","PS5","Нет","42,00 TL","Three Colour Cannon: 42,00 TL; Three Colour Cannon: 42,00 TL","Нет","Нет","","https://store.playstation.com/en-tr/concept/10015399","2026-03-05","Arcade","PEGI_3"
"3653","Alone in the Dark 2 (1996)","PPSA24515","PS4, PS5","Нет","349,00 TL","","Нет","Нет","","https://store.playstation.com/en-tr/concept/10011762","2025-04-15","Action","PEGI_7"
"3654","Destroy All Humans! Clone Carnage","CUSA32948","PS4","Нет","10,50 TL","","Нет","Да","","https://store.playstation.com/en-tr/concept/10004750","2022-05-31","Action","PEGI_12"
"3655","Oddworld: Abe's Oddysee (PS1 Emulation)","PPSA07920","PS4, PS5","Нет","215,00 TL","","Нет","Нет","","https://store.playstation.com/en-tr/concept/10005197","2024-06-13","Puzzle","PEGI_12"
"3656","FoxyLand 2","CUSA17526","PS4","Нет","209,00 TL","FoxyLand Collection: 171,60 TL; FoxyLand 2: 209,00 TL","Нет","Да","","https://store.playstation.com/en-tr/concept/234999","2020-01-22","Adventure","PEGI_3"
"3657","Memories of East Coast","PPSA05297","PS4, PS5","Нет","175,00 TL","","Нет","Нет","","https://store.playstation.com/en-tr/concept/10003807","2021-12-09","Adventure","PEGI_3"
"3658","Chess","CUSA20214","PS4","Нет","315,00 TL","Board Games: 649,00 TL; Chess: 315,00 TL","Нет","Нет","","https://store.playstation.com/en-tr/concept/10000775","2020-07-29","Unique","PEGI_3"
"3659","Good Guys","PPSA21634","PS5","Нет","21,00 TL","Good Guys: 21,00 TL; Good Guys: 21,00 TL","Нет","Да","","https://store.playstation.com/en-tr/concept/10010438","2024-03-14","Adventure","PEGI_16"
"3660","Paintings restoration","PPSA32011","PS5","Нет","42,00 TL","Paintings restoration: 42,00 TL; Paintings restoration: 34,50 TL","Нет","Нет","","https://store.playstation.com/en-tr/concept/10013750","2025-07-25","Puzzle","PEGI_3"
"3661","Lirili Larila","PPSA31503","PS5","Нет","12,60 TL","","Нет","Нет","","https://store.playstation.com/en-tr/concept/10015936","2025-07-17","Action","PEGI_3"
"3662","Cappuccino Assassino Shooter","PPSA31258","PS5","Нет","12,60 TL","","Нет","Нет","","https://store.playstation.com/en-tr/concept/10015782","2025-06-25","Action","PEGI_3"
"3663","Thunderflash","PPSA02924","PS4, PS5","Нет","175,00 TL","","Нет","Нет","","https://store.playstation.com/en-tr/concept/10001583","2021-02-25","Action","PEGI_7"
"3664","Grim Legends 2: Song of the Dark Swan","CUSA09168","PS4","Нет","45,76 TL","","Нет","Да","","https://store.playstation.com/en-tr/concept/229067","2017-08-29","Adventure","PEGI_7"
"3665","Mementos: Lost Things","PPSA34986","PS4, PS5","Нет","85,00 TL","","Нет","Нет","","https://store.playstation.com/en-tr/concept/10017946","2025-12-18","Family","PEGI_3"
"3666","Devious Dungeon","CUSA12086","PS4","Нет","279,00 TL","","Нет","Да","","https://store.playstation.com/en-tr/concept/232170","2018-04-25","Action","PEGI_7"
"3667","Big Dipper","CUSA25913","PS4","Нет","171,00 TL","","Нет","Да","","https://store.playstation.com/en-tr/concept/10000922","2020-11-30","Unique","PEGI_12"
"3668","Scary Bucketman","PPSA31221","PS5","Нет","42,00 TL","Scary Bucketman: 42,00 TL; Scary Bucketman: 34,50 TL","Нет","Нет","","https://store.playstation.com/en-tr/concept/10012595","2025-07-03","Puzzle","PEGI_3"
"3669","The Technomancer","CUSA03824","PS4","Нет","69,80 TL","","Нет","Нет","PS Plus Extra","https://store.playstation.com/en-tr/concept/217462","2016-06-27","Role Playing Games","PEGI_16"
"3670","Pixicharm - Fit Frog's Feast","PPSA25202","PS5","Нет","42,00 TL","Pixicharm - Fit Frog's Feast: 42,00 TL; Pixicharm - Fit Frog's Feast: 42,00 TL","Нет","Нет","","https://store.playstation.com/en-tr/concept/10012091","2024-08-09","Family","PEGI_3"
"3671","Roombo: First Blood","CUSA18966","PS4","Нет","27,80 TL","","Нет","Да","","https://store.playstation.com/en-tr/concept/10000296","2021-02-05","Action","PEGI_16"
"3672","Cube Decider","PPSA18806","PS5","Нет","139,00 TL","Cube Decider: 139,00 TL; Cube Decider: 139,00 TL","Нет","Да","","https://store.playstation.com/en-tr/concept/10005404","2023-09-27","Role Playing Games","PEGI_3"
"3673","Boxed Beasts","PPSA36219","PS5","Нет","27,30 TL","Boxed Beasts PS5 ASIA: 27,30 TL; Boxed Beasts PS5 ASIA: 27,30 TL","Нет","Да","","https://store.playstation.com/en-tr/concept/10018704","2026-03-31","Adventure","PEGI_3"
"3674","Stroke The Beaver","PPSA12234","PS5","Нет","85,00 TL","Stroke The Beaver: 85,00 TL; Stroke The Beaver: 85,00 TL","Нет","Нет","","https://store.playstation.com/en-tr/concept/10006802","2023-04-30","Casual","PEGI_3"
"3675","Memory Holder: Animal Kingdom","PPSA27416","PS4, PS5","Нет","13,80 TL","","Нет","Нет","","https://store.playstation.com/en-tr/concept/10013407","2024-12-16","Casual","PEGI_3"
"3676","Dungeon Escape","PPSA05451","PS5","Нет","175,00 TL","Dungeon Escape: 175,00 TL; Dungeon Escape: 175,00 TL","Нет","Да","","https://store.playstation.com/en-tr/concept/10002362","2021-10-21","Action","PEGI_3"
"3677","SpelunKing: The Mine Match","PPSA14091","PS5","Нет","25,75 TL","","Нет","Нет","","https://store.playstation.com/en-tr/concept/10007507","2023-04-12","Casual","PEGI_3"
"3678","Alchemist's Castle","CUSA11247","PS4","Нет","20,70 TL","Alchemist's Castle Avatar Bundle: 52,50 TL; Alchemist's Castle: 20,70 TL","Нет","Да","","https://store.playstation.com/en-tr/concept/231211","2018-03-27","Action","PEGI_12"
"3679","Match Ventures 2","PPSA14098","PS5","Нет","25,75 TL","","Нет","Нет","","https://store.playstation.com/en-tr/concept/10007509","2023-04-03","Casual","PEGI_3"
"3680","Beauty Clicker 2","PPSA34662","PS5","Нет","25,60 TL","Beauty Clicker 2 Avatar Bundle: 86,00 TL; Beauty Clicker 2: 25,60 TL; Beauty Clicker 2: 25,60 TL","Нет","Нет","","https://store.playstation.com/en-tr/concept/10017757","2025-12-19","Music/Rhythm","PEGI_16"
"3682","Fischfutter","CUSA58316","PS4","Нет","7,35 TL","","Нет","Нет","","https://store.playstation.com/en-tr/concept/10018420","2026-01-30","Casual","PEGI_3"
"3683","Super Onion Boy 2","PPSA06101","PS4, PS5","Нет","175,00 TL","","Нет","Нет","","https://store.playstation.com/en-tr/concept/10004260","2022-01-27","Action","PEGI_3"
"3684","Stroke The Cow","PPSA11112","PS5","Нет","85,00 TL","Stroke The Cow: 85,00 TL; Stroke The Cow: 85,00 TL","Нет","Нет","","https://store.playstation.com/en-tr/concept/10006477","2023-01-06","Casual","PEGI_3"
"3685","Myst (PS1)","PPSA17121","PS4, PS5","Нет","92,50 TL","","Нет","Нет","","https://store.playstation.com/en-tr/concept/10008667","2025-06-05","Puzzle","PEGI_3"
"3686","Stroke the Dik-Dik","CUSA39164","PS4","Нет","85,00 TL","","Нет","Нет","","https://store.playstation.com/en-tr/concept/10006803","2023-05-31","Casual","PEGI_3"
"3687","Memory Holder: The Alphabet","PPSA30842","PS4, PS5","Нет","85,00 TL","","Нет","Нет","","https://store.playstation.com/en-tr/concept/10015562","2025-06-09","Casual","PEGI_3"
"3688","Stroke The Animals","PPSA10530","PS5","Нет","85,00 TL","","Нет","Нет","","https://store.playstation.com/en-tr/concept/10006148","2023-12-01","Casual","PEGI_3"
"3689","The Voices Games Mega Bundle","CUSA29131","PS4, PS5","Нет","69,00 TL","The Voices Games Mega Bundle: 69,00 TL; Spectrewoods: 8,50 TL; Spectrewoods: 4,25 TL","Нет","Нет","","https://store.playstation.com/en-tr/concept/10003312","2023-12-24","Horror","PEGI_12"
"3690","Stroke The Hamster","PPSA09767","PS5","Нет","85,00 TL","Stroke The Hamster: 85,00 TL; Stroke The Hamster: 85,00 TL","Нет","Нет","","https://store.playstation.com/en-tr/concept/10005984","2022-10-22","Casual","PEGI_3"
"3691","Stroke The Spider","CUSA36803","PS4","Нет","85,00 TL","Stroke The Spider: 85,00 TL; Stroke The Spider: 85,00 TL","Нет","Нет","","https://store.playstation.com/en-tr/concept/10006147","2022-10-13","Casual","PEGI_3"
"3692","Match Ventures","PPSA14093","PS5","Нет","25,75 TL","","Нет","Нет","","https://store.playstation.com/en-tr/concept/10007508","2023-03-27","Casual","PEGI_3"
"3693","Random Heroes","CUSA14183","PS4","Нет","175,00 TL","","Нет","Да","","https://store.playstation.com/en-tr/concept/233008","2020-03-31","Action","PEGI_7"
"3694","Stroke The Fish","PPSA10316","PS5","Нет","85,00 TL","Stroke The Fish: 85,00 TL; Stroke The Fish: 85,00 TL","Нет","Нет","","https://store.playstation.com/en-tr/concept/10006145","2022-11-06","Casual","PEGI_3"
"3695","Stroke The Parrot","CUSA36761","PS4","Нет","85,00 TL","Stroke The Parrot: 85,00 TL; Stroke The Parrot: 85,00 TL","Нет","Нет","","https://store.playstation.com/en-tr/concept/10006143","2022-10-01","Casual","PEGI_3"
"3696","Stroke The Koala","PPSA11122","PS5","Нет","85,00 TL","Stroke The Koala: 85,00 TL; Stroke The Koala: 85,00 TL","Нет","Нет","","https://store.playstation.com/en-tr/concept/10006480","2023-03-31","Casual","PEGI_3"
"3697","Princess.Loot.Pixel.Again","CUSA29830","PS4","Нет","25,12 TL","","Нет","Да","","https://store.playstation.com/en-tr/concept/10003596","2021-10-26","Role Playing Games","PEGI_7"
"3698","Flower","CUSA00077","PS4","Нет","343,00 TL","","Нет","Да","","https://store.playstation.com/en-tr/concept/201530","2013-11-28","Unique","PEGI_3"
"3699","Warlock's Tower","CUSA10740","PS4","Нет","215,00 TL","","Нет","Да","","https://store.playstation.com/en-tr/concept/230091","2019-05-28","Adventure","PEGI_3"
"3700","Violetti Goottii","PPSA13401","PS5","Нет","8,50 TL","Violetti Goottii: 8,50 TL; Violetti Goottii: 6,00 TL; The Voices Games Pixel Bundle: 8,50 TL","Нет","Нет","","https://store.playstation.com/en-tr/concept/10003101","2023-02-17","Action","PEGI_7"
"3701","Woodle Tree Adventures Deluxe","CUSA16789","PS4","Нет","36,11 TL","Woodle Tree Adventures Deluxe: 36,11 TL; CHUBBY PIXEL MEGA BUNDLE: 215,80 TL","Нет","Нет","","https://store.playstation.com/en-tr/concept/234708","2020-02-19","Action","PEGI_3"
"3702","Infection Inspection","CUSA56628","PS4","Нет","42,00 TL","Infection Inspection: 42,00 TL; Infection Inspection: 42,00 TL","Нет","Нет","","https://store.playstation.com/en-tr/concept/10016827","2025-09-21","Puzzle","PEGI_3"
"3703","Milo's Quest","CUSA18195","PS4","Нет","21,50 TL","","Нет","Да","","https://store.playstation.com/en-tr/concept/235337","2020-01-29","Adventure","PEGI_3"
"3704","Freddy Spaghetti 2","PPSA04438","PS4, PS5","Нет","43,00 TL","","Нет","Нет","","https://store.playstation.com/en-tr/concept/10003315","2021-07-22","Arcade","PEGI_3"
"3705","Suicide Guy: Sleepin' Deeply","CUSA14842","PS4","Нет","20,90 TL","","Нет","Да","","https://store.playstation.com/en-tr/concept/233353","2019-01-07","Puzzle","PEGI_16"
"3706","Voltline","CUSA58133","PS4","Нет","85,00 TL","Voltline: 85,00 TL; Voltline: 17,00 TL","Нет","Да","","https://store.playstation.com/en-tr/concept/10018249","2026-02-15","Educational","PEGI_3"
"3707","Good Knight's Sleep","PPSA33338","PS5","Нет","42,00 TL","Good Knight's Sleep: 42,00 TL; Good Knight's Sleep: 42,00 TL","Нет","Нет","","https://store.playstation.com/en-tr/concept/10016415","2025-09-28","Action","PEGI_3"
"3708","Puzzle Piecer: The Pattern","PPSA29821","PS4, PS5","Нет","69,00 TL","","Нет","Нет","","https://store.playstation.com/en-tr/concept/10014991","2025-04-21","Casual","PEGI_7"
"3709","Iron Snout","CUSA14937","PS4","Нет","21,50 TL","","Нет","Да","","https://store.playstation.com/en-tr/concept/233379","2019-04-17","Action","PEGI_12"
"3710","Kawaii Puzzle Quest","PPSA28292","PS5","Нет","13,79 TL","Kawaii Puzzle Quest Avatar Bundle: 70,00 TL; Kawaii Puzzle Quest: 13,79 TL; Kawaii Puzzle Quest Theme Avatar Bundle: 70,00 TL; Kawaii Puzzle Quest: 13,79 TL","Нет","Нет","","https://store.playstation.com/en-tr/concept/10014049","2025-02-13","Puzzle","PEGI_12"
"3711","Goblin in the castle","PPSA31625","PS5","Нет","42,00 TL","Goblin in the castle: 42,00 TL; Goblin in the castle: 34,50 TL","Нет","Нет","","https://store.playstation.com/en-tr/concept/10012461","2025-07-22","Arcade","PEGI_3"
"3712","Around The World: Travel To Canada","PPSA24804","PS5","Нет","21,45 TL","","Нет","Да","","https://store.playstation.com/en-tr/concept/10011907","2024-09-01","Adventure","PEGI_3"
"3713","Big Adventure: Trip to Europe 6","PPSA24437","PS5","Нет","21,45 TL","","Нет","Да","","https://store.playstation.com/en-tr/concept/10011733","2024-07-31","Adventure","PEGI_3"
"3714","Big Adventure: Trip to Europe 5","PPSA18234","PS5","Нет","21,45 TL","","Нет","Да","","https://store.playstation.com/en-tr/concept/10009094","2023-12-01","Adventure","PEGI_3"
"3715","Around The World: Travel To Brazil","PPSA21373","PS5","Нет","21,45 TL","","Нет","Да","","https://store.playstation.com/en-tr/concept/10010318","2024-03-21","Adventure","PEGI_3"
"3716","Finding America: The Great Lakes CE","PPSA25120","PS5","Нет","21,45 TL","","Нет","Нет","","https://store.playstation.com/en-tr/concept/10012047","2024-10-24","Adventure","PEGI_3"
"3717","Finding America: The Pacific Northwest","PPSA21434","PS5","Нет","21,45 TL","","Нет","Нет","","https://store.playstation.com/en-tr/concept/10010348","2024-05-16","Adventure","PEGI_3"
"3718","Finding America: New England","PPSA26452","PS5","Нет","21,45 TL","","Нет","Нет","","https://store.playstation.com/en-tr/concept/10012843","2024-12-09","Adventure","PEGI_3"
"3719","flOw","CUSA00180","PS4","Нет","215,00 TL","","Нет","Нет","","https://store.playstation.com/en-tr/concept/201488","2013-12-03","Unique","PEGI_3"
"3720","Fantasy Tower Defense","PPSA18242","PS5","Нет","15,00 TL","","Нет","Да","","https://store.playstation.com/en-tr/concept/10009098","2023-10-06","Strategy","PEGI_7"
"3721","Finding America: The West","PPSA21686","PS5","Нет","21,45 TL","","Нет","Нет","","https://store.playstation.com/en-tr/concept/10010455","2024-05-16","Adventure","PEGI_3"
"3722","My Lovely Pets 2","PPSA24808","PS5","Нет","21,45 TL","","Нет","Да","","https://store.playstation.com/en-tr/concept/10011908","2024-09-01","Adventure","PEGI_3"
"3723","Gallery Of Things: Reveries","PPSA23655","PS5","Нет","21,45 TL","","Нет","Нет","","https://store.playstation.com/en-tr/concept/10011307","2024-06-17","Puzzle","PEGI_3"
"3724","Nature Escapes","PPSA14141","PS5","Нет","21,45 TL","","Нет","Нет","","https://store.playstation.com/en-tr/concept/10007531","2023-11-02","Adventure","PEGI_3"
"3725","Idle Zoo Park","PPSA18218","PS5","Нет","21,45 TL","","Нет","Да","","https://store.playstation.com/en-tr/concept/10009086","2023-08-31","Strategy","PEGI_3"
"3726","Hell Froze Over","PPSA29862","PS4, PS5","Нет","10,50 TL","","Нет","Нет","","https://store.playstation.com/en-tr/concept/10015009","2025-04-26","Puzzle","PEGI_3"
"3727","Pixicharm - Darkwood Dash","PPSA28240","PS5","Нет","42,00 TL","Pixicharm - Darkwood Dash: 42,00 TL; Pixicharm - Darkwood Dash: 42,00 TL","Нет","Нет","","https://store.playstation.com/en-tr/concept/10014028","2025-02-06","Adventure","PEGI_3"
"3728","Lots of Things","PPSA21678","PS5","Нет","21,45 TL","","Нет","Да","","https://store.playstation.com/en-tr/concept/10010453","2024-05-16","Casual","PEGI_3"
"3729","Nature Escapes 2","PPSA19547","PS5","Нет","21,45 TL","","Нет","Нет","","https://store.playstation.com/en-tr/concept/10009575","2023-11-02","Adventure","PEGI_3"
"3730","Neodarlo","CUSA57884","PS4","Нет","21,00 TL","","Нет","Нет","","https://store.playstation.com/en-tr/concept/10017980","2025-12-13","Action","PEGI_7"
"3731","Pixicharm - Goo Patrol","PPSA32518","PS5","Нет","42,00 TL","Pixicharm - Goo Patrol: 42,00 TL; Pixicharm - Goo Patrol: 42,00 TL","Нет","Нет","","https://store.playstation.com/en-tr/concept/10016543","2025-10-02","Family","PEGI_3"
"3732","Cats and Seek : Dino Park","PPSA27578","PS5","Нет","42,00 TL","Cats and Seek : Dino Park: 42,00 TL; Cats and Seek : Dino Park: 42,00 TL","Нет","Нет","","https://store.playstation.com/en-tr/concept/10013497","2025-03-05","Puzzle","PEGI_3"
"3733","Silverwood Bay: An Eleanor Grey Mystery","PPSA23651","PS5","Нет","21,45 TL","","Нет","Нет","","https://store.playstation.com/en-tr/concept/10011306","2024-07-15","Adventure","PEGI_3"
"3734","Pixicharm - Cluckbit","PPSA35415","PS5","Нет","42,00 TL","Pixicharm - Cluckbit: 42,00 TL; Pixicharm - Cluckbit: 42,00 TL","Нет","Нет","","https://store.playstation.com/en-tr/concept/10018197","2026-01-29","Family","PEGI_3"
"3735","Mecho Tales","PPSA13999","PS5","Нет","42,00 TL","Mecho Tales PS5 Edition: 42,00 TL; Mecho Collection: Mecho Tales & Mecho Wars: 51,00 TL; Mecho Tales: 42,00 TL","Нет","Нет","","https://store.playstation.com/en-tr/concept/229791","2023-02-16","Action","PEGI_3"
"3736","Pixicharm - Kickabit","PPSA26247","PS5","Нет","42,00 TL","Pixicharm - Kickabit: 42,00 TL; Pixicharm - Kickabit: 42,00 TL","Нет","Нет","","https://store.playstation.com/en-tr/concept/10012712","2024-10-10","Casual","PEGI_3"
"3737","Pixicharm - Polar Outta Place","PPSA32486","PS5","Нет","42,00 TL","Pixicharm - Polar Outta Place: 42,00 TL; Pixicharm - Polar Outta Place: 51,00 TL","Нет","Нет","","https://store.playstation.com/en-tr/concept/10016527","2025-09-25","Family","PEGI_3"
"3738","Pixicharm - Starry Blast","PPSA28459","PS5","Нет","42,00 TL","Pixicharm - Starry Blast: 42,00 TL; Pixicharm - Starry Blast: 42,00 TL","Нет","Нет","","https://store.playstation.com/en-tr/concept/10014165","2025-02-20","Casual","PEGI_3"
"3739","Octo Curse","PPSA16191","PS5","Нет","21,45 TL","","Нет","Нет","","https://store.playstation.com/en-tr/concept/10008263","2023-05-25","Arcade","PEGI_3"
"3740","BLAZBLUE CENTRALFICTION","CUSA04629","PS4","Нет","487,25 TL","","Нет","Нет","","https://store.playstation.com/en-tr/concept/216085","2016-11-03","Arcade","PEGI_12"
"3741","Pixicharm - Mariana Gold","PPSA28846","PS5","Нет","42,00 TL","Pixicharm - Mariana Gold: 42,00 TL; Pixicharm - Mariana Gold: 42,00 TL","Нет","Нет","","https://store.playstation.com/en-tr/concept/10014409","2025-03-06","Casual","PEGI_7"
"3742","Pixicharm - Dinoluship","PPSA25387","PS5","Нет","42,00 TL","Pixicharm - Dinoluship: 42,00 TL; Pixicharm - Dinoluship: 42,00 TL","Нет","Нет","","https://store.playstation.com/en-tr/concept/10012171","2024-08-22","Family","PEGI_3"
"3743","Pixicharm - Shurikoo Sprint","PPSA24839","PS5","Нет","42,00 TL","Pixicharm - Shurikoo Sprint: 42,00 TL; Pixicharm - Shurikoo Sprint: 42,00 TL","Нет","Нет","","https://store.playstation.com/en-tr/concept/10011922","2024-07-19","Casual","PEGI_3"
"3744","Nature Escapes 3","PPSA21428","PS5","Нет","21,45 TL","","Нет","Нет","","https://store.playstation.com/en-tr/concept/10010345","2024-03-21","Puzzle","PEGI_3"
"3745","Touhou Kobuto V: Burst Battle","CUSA08572","PS4","Нет","1.049,00 TL","","Нет","Нет","","https://store.playstation.com/en-tr/concept/225409","2017-10-13","Fighting","PEGI_12"
"3746","Hoodie Survivor","PPSA22140","PS5","Нет","10,50 TL","Hoodie Survivor: 10,50 TL; Hoodie Survivor: 4,25 TL","Нет","Нет","","https://store.playstation.com/en-tr/concept/10009853","2025-07-18","Arcade","PEGI_7"
"3747","Pixicharm - Tiny Starfighters","PPSA26063","PS5","Нет","42,00 TL","Pixicharm - Tiny Starfighters: 42,00 TL; Pixicharm - Tiny Starfighters: 42,00 TL","Нет","Нет","","https://store.playstation.com/en-tr/concept/10012570","2024-09-26","Arcade","PEGI_3"
"3748","DARKGEMS","PPSA20507","PS5","Нет","20,90 TL","DARKGEMS: 20,90 TL; DARKGEMS: 17,50 TL","Нет","Нет","","https://store.playstation.com/en-tr/concept/10009653","2023-12-19","Arcade","PEGI_7"
"3749","The Liar Princess and the Blind Prince","CUSA13198","PS4","Нет","699,00 TL","","Нет","Нет","","https://store.playstation.com/en-tr/concept/231841","2019-02-11","Adventure","PEGI_16"
"3750","Stretchy adventure","PPSA36928","PS5","Нет","42,00 TL","Stretchy adventure: 42,00 TL; Stretchy adventure: 34,50 TL","Нет","Нет","","https://store.playstation.com/en-tr/concept/10012526","2026-04-18","Puzzle","PEGI_3"
"3751","Bloody Zombies","CUSA08543","PS4","Нет","580,00 TL","","Нет","Нет","","https://store.playstation.com/en-tr/concept/227086","2017-09-12","Action","PEGI_16"
"3752","Sport Soup","PPSA29338","PS5","Нет","6,90 TL","Sport Soup: 6,90 TL; Sport Soup: 6,90 TL","Нет","Нет","","https://store.playstation.com/en-tr/concept/10014715","2025-04-09","Arcade","PEGI_3"
"3753","Santa´s Gifts Load","CUSA57537","PS4","Нет","14,70 TL","","Нет","Нет","","https://store.playstation.com/en-tr/concept/10017638","2025-11-21","Puzzle","PEGI_3"
"3754","Attack of the Toy Tanks","CUSA15843","PS4","Нет","175,00 TL","","Нет","Да","","https://store.playstation.com/en-tr/concept/234044","2019-06-25","Action","PEGI_3"
"3755","Sudocats","PPSA13550","PS5","Нет","21,00 TL","Sudocats: 21,00 TL; Sudocats: 21,00 TL","Нет","Нет","","https://store.playstation.com/en-tr/concept/10007256","2023-05-10","Brain Training","PEGI_3"
"3756","Shift Quantum","CUSA11475","PS4","Нет","849,00 TL","Shift Quantum - Official Soundtrack: 279,00 TL; Shift Quantum - Cyber-noire Edition: 1.160,00 TL; Shift Quantum: 849,00 TL","Нет","Да","","https://store.playstation.com/en-tr/concept/231867","2018-05-30","Puzzle","PEGI_12"
"3757","Rainbow Moon","CUSA03436","PS4","Нет","105,00 TL","","Нет","Нет","","https://store.playstation.com/en-tr/concept/203873","2016-02-16","Adventure","PEGI_12"
"3758","SteinsGate 0","CUSA05866","PS4","Нет","219,75 TL","","Нет","Нет","","https://store.playstation.com/en-tr/concept/204190","2016-11-25","Role Playing Games","PEGI_16"
"3759","Blind Men","CUSA18484","PS4","Нет","175,00 TL","","Нет","Нет","","https://store.playstation.com/en-tr/concept/10000288","2020-04-15","Adventure","PEGI_16"
"3760","Mekabolt","CUSA17096","PS4","Нет","175,00 TL","Mekabolt+: 175,00 TL; Mekabolt: 175,00 TL","Нет","Да","","https://store.playstation.com/en-tr/concept/234822","2019-08-21","Action","PEGI_3"
"3761","Office renovation","CUSA59304","PS4","Нет","42,00 TL","","Нет","Нет","","https://store.playstation.com/en-tr/concept/10019584","2026-05-30","Action","PEGI_3"
"3762","Fear of hunger","PPSA36940","PS5","Нет","42,00 TL","Fear of hunger: 42,00 TL; Fear of hunger: 42,00 TL","Нет","Нет","","https://store.playstation.com/en-tr/concept/10015850","2026-03-22","Action","PEGI_3"
"3763","Pig vs Box","CUSA56446","PS4","Нет","14,70 TL","","Нет","Нет","","https://store.playstation.com/en-tr/concept/10016646","2025-09-05","Casual","PEGI_3"
"3764","No Brakez","PPSA23902","PS5","Нет","13,80 TL","No Brakez: 13,80 TL; No Brakez: 13,80 TL","Нет","Нет","","https://store.playstation.com/en-tr/concept/10011447","2024-07-10","Arcade","PEGI_7"
"3765","Drift Odyssey","PPSA21288","PS5","Нет","15,00 TL","","Нет","Нет","","https://store.playstation.com/en-tr/concept/10010277","2024-02-12","Arcade","PEGI_7"
"3766","Pixicharm - Tiny Speedster","PPSA24368","PS5","Нет","42,00 TL","Pixicharm - Tiny Speedster: 42,00 TL; Pixicharm - Tiny Speedster: 42,00 TL","Нет","Да","","https://store.playstation.com/en-tr/concept/10011686","2024-07-04","Casual","PEGI_3"
"3767","Coffee Talk","PPSA07057","PS4, PS5","Нет","134,00 TL","","Нет","Да","PS Plus Extra","https://store.playstation.com/en-tr/concept/234471","2023-11-16","Adventure","PEGI_12"
"3768","Military Merge","PPSA37919","PS5","Нет","12,60 TL","","Нет","Нет","","https://store.playstation.com/en-tr/concept/10019676","2026-06-10","Puzzle","PEGI_3"
"3769","Mr. Supershot","PPSA18226","PS5","Нет","15,00 TL","","Нет","Нет","","https://store.playstation.com/en-tr/concept/10009089","2023-10-30","Arcade","PEGI_7"
"3770","Poly Match","PPSA18244","PS5","Нет","15,00 TL","","Нет","Нет","","https://store.playstation.com/en-tr/concept/10009099","2023-10-12","Puzzle","PEGI_3"
"3771","Tower Girls","PPSA29878","PS5","Нет","6,90 TL","Tower Girls: 6,90 TL; Tower Girls: 6,90 TL","Нет","Нет","","https://store.playstation.com/en-tr/concept/10015012","2025-05-13","Strategy","PEGI_3"
"3772","Koh-Lanta","CUSA27189","PS4","Нет","175,80 TL","","Нет","Нет","","https://store.playstation.com/en-tr/concept/10002557","2022-09-22","Party","PEGI_7"
"3773","Rinthylab labyrinth","CUSA49460","PS4","Нет","34,50 TL","","Нет","Нет","","https://store.playstation.com/en-tr/concept/10011428","2024-06-15","Arcade","PEGI_3"
"3774","The Voices Stories","CUSA33743","PS4","Нет","10,00 TL","","Нет","Нет","","https://store.playstation.com/en-tr/concept/10005098","2023-08-03","Unique","PEGI_12"
"3775","Super Solitaire","PPSA26004","PS5","Нет","15,00 TL","","Нет","Нет","","https://store.playstation.com/en-tr/concept/10012543","2024-11-18","Casual","PEGI_3"
"3776","Multigun","PPSA31908","PS5","Нет","21,00 TL","Multigun: 21,00 TL; Multigun: 8,50 TL","Нет","Нет","","https://store.playstation.com/en-tr/concept/10015324","2025-07-31","Action","PEGI_12"
"3777","Ayleouna","CUSA32488","PS4","Нет","12,00 TL","","Нет","Нет","","https://store.playstation.com/en-tr/concept/10004607","2022-01-30","Action","PEGI_7"
"3778","Birdie Up","CUSA53684","PS4","Нет","11,90 TL","","Нет","Нет","","https://store.playstation.com/en-tr/concept/10014350","2025-02-28","Casual","PEGI_3"
"3779","Plaguetrix","PPSA34027","PS5","Нет","21,00 TL","","Нет","Нет","","https://store.playstation.com/en-tr/concept/10017344","2025-10-21","Horror","PEGI_12"
"3780","Pipp vs Flupp","CUSA56479","PS4","Нет","14,70 TL","","Нет","Нет","","https://store.playstation.com/en-tr/concept/10016688","2025-09-12","Casual","PEGI_3"
"3781","Snake Seeker","PPSA24077","PS5","Нет","64,00 TL","Snake Seeker: 64,00 TL; Snake Seeker: 64,00 TL","Нет","Нет","","https://store.playstation.com/en-tr/concept/10011546","2024-06-26","Puzzle","PEGI_3"
"3783","Balance Blox","CUSA53793","PS4","Нет","11,90 TL","","Нет","Нет","","https://store.playstation.com/en-tr/concept/10014439","2025-03-27","Brain Training","PEGI_3"
"3784","Celebrities Hacked","PPSA14154","PS5","Нет","5,25 TL","Celebrities Hacked Premium Edition: 5,25 TL","Нет","Нет","","https://store.playstation.com/en-tr/concept/10007543","2023-08-03","Casual","PEGI_12"
"3785","Sqwrk","PPSA31799","PS5","Нет","21,00 TL","Sqwrk: 21,00 TL; Sqwrk: 17,00 TL","Нет","Нет","","https://store.playstation.com/en-tr/concept/10009060","2025-07-18","Action","PEGI_3"
"3786","Roguebook","PPSA02076","PS5","Нет","84,90 TL","Deluxe Edition: 1.079,00 TL","Нет","Да","PS Plus Extra","https://store.playstation.com/en-tr/concept/10001348","2022-02-24","Role Playing Games","PEGI_7"
"3787","Up Cliff Drive","PPSA19859","PS5","Нет","15,00 TL","","Нет","Нет","","https://store.playstation.com/en-tr/concept/10009693","2023-12-22","Simulation","PEGI_3"
"3788","So Much Stuff 2","PPSA21375","PS5","Нет","21,45 TL","","Нет","Нет","","https://store.playstation.com/en-tr/concept/10010319","2024-03-21","Puzzle","PEGI_3"
"3789","Monster's Death","CUSA58919","PS4","Нет","10,50 TL","","Нет","Нет","","https://store.playstation.com/en-tr/concept/10019070","2026-03-27","Action","PEGI_7"
"3790","Accounting Plus (Accounting+)","CUSA10061","PS4","Нет","515,00 TL","","Нет","Нет","","https://store.playstation.com/en-tr/concept/229735","2018-02-14","Adventure","PEGI_16"
"3791","Lady in a Leotard With a Gun","PPSA10309","PS5","Нет","17,00 TL","Lady in a Leotard With a Gun: 17,00 TL; Lady in a Leotard With a Gun: 8,50 TL","Нет","Нет","","https://store.playstation.com/en-tr/concept/10004074","2022-10-07","Action","PEGI_12"
"3792","Bubbelsche Deluxe","CUSA51933","PS4","Нет","8,50 TL","","Нет","Нет","","https://store.playstation.com/en-tr/concept/10013068","2024-11-15","Casual","PEGI_3"
"3793","Hackerman","CUSA58988","PS4","Нет","42,00 TL","","Нет","Нет","","https://store.playstation.com/en-tr/concept/10019156","2026-04-15","Arcade","PEGI_3"
"3794","Dodge These Balls","CUSA46086","PS4","Нет","11,90 TL","","Нет","Нет","","https://store.playstation.com/en-tr/concept/10009533","2023-11-08","Arcade","PEGI_3"
"3795","Dragons in Space and Dragon Avatar bundle","CUSA32812","PS4","Нет","17,00 TL","Dragons in Space and Dragon Avatar bundle: 17,00 TL; Dragons in Space: 12,00 TL","Нет","Нет","","https://store.playstation.com/en-tr/concept/10004734","2024-08-01","Arcade","PEGI_3"
"3796","1001 Spikes","CUSA01370","PS4","Нет","649,00 TL","","Нет","Нет","","https://store.playstation.com/en-tr/concept/203927","2015-11-18","Action","PEGI_7"
"3797","10-Second Ghost","PPSA25737","PS5","Нет","349,00 TL","","Нет","Нет","","https://store.playstation.com/en-tr/concept/10012387","2024-09-29","Puzzle","PEGI_3"
"3798","Castaway Paradise","CUSA05738","PS4","Нет","549,00 TL","","Нет","Нет","","https://store.playstation.com/en-tr/concept/225100","2018-07-31","Adventure","PEGI_3"
"3799","Lizard Lady vs the Cats","PPSA08041","PS5","Нет","17,00 TL","Lizard Lady vs the Cats Platinum Edition: 17,00 TL; Lizard Lady vs the Cats and Avatar Bundle: 26,00 TL; Lizard Lady vs the Cats Platinum Edition: 12,00 TL","Нет","Нет","","https://store.playstation.com/en-tr/concept/10002383","2022-07-05","Arcade","PEGI_12"
"3800","Hillbilly Doomsday","PPSA30446","PS5","Нет","43,75 TL","","Нет","Нет","","https://store.playstation.com/en-tr/concept/10004422","2025-06-06","Shooter","PEGI_16"
"3801","101 Ways to Die","CUSA02850","PS4","Нет","429,00 TL","","Нет","Нет","","https://store.playstation.com/en-tr/concept/216758","2016-03-22","Puzzle","PEGI_12"
"3802","Spirit Advisors","CUSA53569","PS4","Нет","42,00 TL","","Нет","Нет","","https://store.playstation.com/en-tr/concept/10014256","2025-03-19","Brain Training","PEGI_3"
"3803","Newtonian Inversion","PPSA13301","PS5","Нет","17,00 TL","Newtonian Inversion: 17,00 TL; Newtonian Inversion: 15,00 TL","Нет","Нет","","https://store.playstation.com/en-tr/concept/10002663","2022-12-24","Puzzle","PEGI_3"
"3804","Captain Puff MacFly","PPSA32493","PS5","Нет","85,00 TL","","Нет","Нет","","https://store.playstation.com/en-tr/concept/10013969","2026-02-27","Arcade","PEGI_3"
"3805","Beel the pollinator","CUSA58578","PS4","Нет","42,00 TL","","Нет","Нет","","https://store.playstation.com/en-tr/concept/10018706","2026-03-05","Puzzle","PEGI_3"
"3806","0 Degrees","PPSA05878","PS5","Нет","215,00 TL","0 Degrees: 215,00 TL; 0 Degrees: 215,00 TL","Нет","Нет","","https://store.playstation.com/en-tr/concept/10002669","2021-12-30","Action","PEGI_3"
"3807","100ft Robot Golf","CUSA06254","PS4","Нет","429,00 TL","","Нет","Нет","","https://store.playstation.com/en-tr/concept/221908","2017-09-18","Party","PEGI_12"
"3808","10 Second Ninja X","CUSA04692","PS4","Нет","429,00 TL","","Нет","Да","","https://store.playstation.com/en-tr/concept/216459","2016-07-18","Puzzle","PEGI_7"
"3809","1000xRESIST","PPSA29137","PS5","Нет","509,40 TL","","Нет","Нет","","https://store.playstation.com/en-tr/concept/10014524","2025-11-04","Adventure","PEGI_16"
"3810","112 Operator","CUSA49933","PS4","Нет","875,00 TL","","Нет","Да","","https://store.playstation.com/en-tr/concept/10011750","2024-08-30","Simulator","PEGI_16"
"3811","10 Seconds to Win!","PPSA19489","PS4, PS5","Нет","90,00 TL","","Нет","Нет","","https://store.playstation.com/en-tr/concept/10009555","2024-03-05","Puzzle","PEGI_3"
"3812","Halloween Puzzle","CUSA45991","PS4","Нет","34,00 TL","Halloween Puzzle Avatar Bundle: 34,00 TL","Нет","Нет","","https://store.playstation.com/en-tr/concept/10009582","2023-10-29","Puzzle","PEGI_3"
"3813","おいでませ、こくりさん - Welcome Kokuri-san","CUSA44638","PS4","Нет","849,00 TL","","Нет","Да","","https://store.playstation.com/en-tr/concept/10008984","2025-04-22","Adventure","PEGI_12"
"3814","11-11 Memories Retold","CUSA10148","PS4","Нет","879,00 TL","","Нет","Да","","https://store.playstation.com/en-tr/concept/232736","2018-11-08","Adventure","PEGI_12"
"3815","Boundary Pusher","CUSA57415","PS4","Нет","42,00 TL","","Нет","Нет","","https://store.playstation.com/en-tr/concept/10017530","2026-02-22","Action","PEGI_3"
"3816","112th Seed","PPSA03922","PS5","Нет","215,00 TL","112th Seed: 215,00 TL; 112th Seed: 215,00 TL","Нет","Нет","","https://store.playstation.com/en-tr/concept/10000939","2021-07-22","Action","PEGI_3"
"3817","2MD: VR Football Head 2","CUSA11529","PS4","Нет","429,00 TL","","Нет","Нет","","https://store.playstation.com/en-tr/concept/231791","2018-05-07","Sport","PEGI_3"
"3818","15in1 Solitaire","PPSA15707","PS5","Нет","105,00 TL","15in1 Solitaire: 105,00 TL; 15in1 Solitaire: 105,00 TL","Нет","Да","","https://store.playstation.com/en-tr/concept/10008111","2024-05-08","Brain Training","PEGI_3"
"3819","1979 Revolution: Black Friday","CUSA11940","PS4","Нет","515,00 TL","","Нет","Да","","https://store.playstation.com/en-tr/concept/231955","2018-07-31","Adventure","PEGI_18"
"3820","2MD: VR Football Unleashed ALL☆STAR","PPSA14332","PS5","Нет","649,00 TL","","Нет","Нет","","https://store.playstation.com/en-tr/concept/10006525","2023-02-20","Sport","PEGI_3"
"3821","20XX","CUSA11120","PS4","Нет","139,75 TL","","Нет","Да","","https://store.playstation.com/en-tr/concept/231183","2018-07-09","Action","PEGI_7"
"3822","1-2-Exquisite Word Search!","PPSA33006","PS4, PS5","Нет","154,00 TL","","Нет","Нет","","https://store.playstation.com/en-tr/concept/10016777","2025-10-13","Puzzle","PEGI_3"
"3823","1989 After the War","PPSA28255","PS4, PS5","Нет","257,00 TL","","Нет","Нет","","https://store.playstation.com/en-tr/concept/10014036","2025-08-14","Action","PEGI_12"
"3824","2064: Read Only Memories","CUSA06174","PS4","Нет","949,00 TL","","Нет","Нет","","https://store.playstation.com/en-tr/concept/222874","2018-01-10","Adventure","PEGI_16"
"3825","20 Bunnies","PPSA05220","PS4, PS5","Нет","215,00 TL","","Нет","Нет","","https://store.playstation.com/en-tr/concept/10003781","2021-11-18","Action","PEGI_3"
"3826","1993 Shenandoah","CUSA40643","PS4","Нет","429,00 TL","","Нет","Нет","","https://store.playstation.com/en-tr/concept/10002510","2023-02-14","Shooter","PEGI_7"
"3827","140","CUSA05446","PS4","Нет","387,00 TL","","Нет","Нет","","https://store.playstation.com/en-tr/concept/221658","2016-09-07","Action","PEGI_7"
"3828","1-2-Whopping Word Search!","PPSA25279","PS4, PS5","Нет","154,00 TL","","Нет","Нет","","https://store.playstation.com/en-tr/concept/10012125","2024-09-15","Brain Training","PEGI_3"
"3829","1-2-Word Search!","PPSA22246","PS4, PS5","Нет","61,60 TL","1-2-Word Search!: 61,60 TL; 1-2-Word Search Bundle Pack: 193,00 TL","Нет","Нет","","https://store.playstation.com/en-tr/concept/10010674","2024-04-30","Casual","PEGI_3"
"3830","18 Floors","CUSA11538","PS4","Нет","649,00 TL","","Нет","Нет","","https://store.playstation.com/en-tr/concept/231846","2018-07-03","Adventure","PEGI_7"
"3831","16-Bit Soccer","CUSA26186","PS4","Нет","209,00 TL","","Нет","Да","","https://store.playstation.com/en-tr/concept/10001284","2020-12-24","Sport","PEGI_3"
"3832","20th Century Beauties","PPSA29764","PS4, PS5","Нет","215,00 TL","20th Century Beauties Premium Edition: 215,00 TL","Нет","Нет","","https://store.playstation.com/en-tr/concept/10014949","2025-06-20","Puzzle","PEGI_12"
"3833","1998: The Toll Keeper Story","PPSA35401","PS5","Нет","515,00 TL","","Нет","Нет","","https://store.playstation.com/en-tr/concept/10018178","2026-08-08","Simulation","PEGI_12"
"3834","2Xtreme","PPSA14435","PS4, PS5","Нет","429,00 TL","","Нет","Нет","","https://store.playstation.com/en-tr/concept/10007645","2024-05-21","Sport","PEGI_7"
"3835","1976 - Back to midway","CUSA23974","PS4","Нет","849,00 TL","","Нет","Да","","https://store.playstation.com/en-tr/concept/233989","2021-07-08","Simulation","PEGI_7"
"3836","34 Sports Games","PPSA21712","PS4, PS5","Нет","1.299,00 TL","","Нет","Нет","","https://store.playstation.com/en-tr/concept/10010460","2024-06-28","Sport","PEGI_7"
"3837","35MM","CUSA26882","PS4","Нет","174,50 TL","","Да","Да","","https://store.playstation.com/en-tr/concept/10002438","2022-03-01","Adventure","PEGI_16"
"3838","1 CatLine","PPSA35249","PS4, PS5","Нет","129,00 TL","","Нет","Нет","","https://store.playstation.com/en-tr/concept/10018114","2026-03-10","Puzzle","PEGI_3"
"3839","30 Sport Games in 1","PPSA17626","PS5","Нет","879,00 TL","30 Sport Games in 1: 879,00 TL; 30 Sport Games in 1: 875,00 TL","Нет","Нет","","https://store.playstation.com/en-tr/concept/10008873","2023-11-05","Sport","PEGI_7"
"3840","1917 - The Alien Invasion DX","PPSA10875","PS5","Нет","104,70 TL","","Нет","Нет","","https://store.playstation.com/en-tr/concept/10006378","2025-02-28","Shooter","PEGI_16"
"3841","5-in-1 Best Multiplayer & Couch Co-op Bundle","CUSA51753","PS4","Нет","1.399,20 TL","","Нет","Да","","https://store.playstation.com/en-tr/concept/10012968","2024-10-31","Action","PEGI_7"
"3842","4 The Elements","CUSA54177","PS4","Нет","257,50 TL","","Нет","Нет","","https://store.playstation.com/en-tr/concept/10010061","2026-04-29","Action","PEGI_7"
"3843","40 Sports Games in 1","PPSA30284","PS4, PS5","Нет","1.299,00 TL","","Нет","Нет","","https://store.playstation.com/en-tr/concept/10015240","2025-08-28","Sport","PEGI_7"
"3844","3D Don't Die Mr. Robot","PPSA26801","PS4, PS5","Нет","349,00 TL","3D Don't Die Mr. Robot PS4 & PS5: 349,00 TL","Нет","Нет","","https://store.playstation.com/en-tr/concept/10013039","2025-03-11","Action","PEGI_7"
"3845","63 Days","PPSA21022","PS5","Нет","1.499,00 TL","63 Days: 1.499,00 TL; 63 Days: 1.299,00 TL","Нет","Да","","https://store.playstation.com/en-tr/concept/10010193","2024-09-26","Strategy","PEGI_18"
"3846","3°C: Sand Puzzle","PPSA25005","PS4, PS5","Нет","96,75 TL","","Нет","Да","","https://store.playstation.com/en-tr/concept/10011919","2025-02-21","Puzzle","PEGI_3"
"3847","3D Table Soccer Foosball","CUSA42558","PS4","Нет","175,00 TL","","Нет","Нет","","https://store.playstation.com/en-tr/concept/10008049","2023-03-17","Sport","PEGI_3"
"3848","3D Color Labyrinth","PPSA06305","PS5","Нет","175,00 TL","","Нет","Да","","https://store.playstation.com/en-tr/concept/10004382","2023-12-20","Casual","PEGI_3"
"3849","41 Hours","PPSA04584","PS4, PS5","Нет","174,75 TL","","Нет","Да","","https://store.playstation.com/en-tr/concept/10003410","2022-10-18","Shooter","PEGI_16"
"3850","3 Minutes To Midnight","PPSA23638","PS5","Нет","1.079,00 TL","3 Minutes To Midnight®: 1.079,00 TL; 3 Minutes To Midnight®: 1.079,00 TL","Нет","Да","","https://store.playstation.com/en-tr/concept/10010402","2024-09-26","Adventure","PEGI_12"
"3851","39 Days to Mars","CUSA15528","PS4","Нет","774,00 TL","","Нет","Да","","https://store.playstation.com/en-tr/concept/233874","2019-10-28","Adventure","PEGI_3"
"3852","5 Star Wrestling: ReGenesis","CUSA03486","PS4","Нет","774,00 TL","","Нет","Нет","","https://store.playstation.com/en-tr/concept/217857","2016-01-20","Fighting","PEGI_16"
"3853","428: Shibuya Scramble","CUSA11946","PS4","Нет","1.749,00 TL","","Нет","Нет","","https://store.playstation.com/en-tr/concept/207772","2018-09-20","Adventure","PEGI_16"
"3854","4-in-1 Award Winning Indie Gems","CUSA51756","PS4, PS5","Нет","1.749,00 TL","","Нет","Да","","https://store.playstation.com/en-tr/concept/10012970","2024-11-08","Action","PEGI_16"
"3855","3in1 Game Collection: Ludo XXL + Yatzi + DOG","CUSA45283","PS4","Нет","1.299,00 TL","","Нет","Да","","https://store.playstation.com/en-tr/concept/10009266","2024-09-13","Family","PEGI_3"
"3856","4-in-1 Adventure Bundle","CUSA51757","PS4, PS5","Нет","2.099,00 TL","","Нет","Да","","https://store.playstation.com/en-tr/concept/10012971","2024-11-14","Adventure","PEGI_16"
"3857","3in1 Game Collection: Backgammon + Checkers + Mills","PPSA19703","PS5","Нет","699,00 TL","3in1 Game Collection: Backgammon + Checkers + Mills: 699,00 TL; 3in1 Game Collection: Backgammon + Checkers + Mills: 699,00 TL","Нет","Да","","https://store.playstation.com/en-tr/concept/10009633","2024-02-19","Casual","PEGI_3"
"3858","3D MiniGolf - Makeover-Edition","PPSA26878","PS5","Нет","700,00 TL","3D MiniGolf: 879,00 TL; 3D MiniGolf - Makeover-Edition: 700,00 TL; 3D MiniGolf: 699,00 TL; 3D MiniGolf - Makeover-Edition: 679,20 TL","Нет","Нет","","https://store.playstation.com/en-tr/concept/228786","2024-12-12","Sport","PEGI_3"
"3859","6Souls","PPSA05780","PS4, PS5","Нет","279,00 TL","","Нет","Да","","https://store.playstation.com/en-tr/concept/10004110","2021-12-02","Action","PEGI_7"
"3860","3D Billiards - Pool & Snooker","PPSA02799","PS5","Нет","1.079,00 TL","Remastered: 1.079,00 TL; 3D Billiards & 3D MiniGolf Bundle: 1.399,00 TL; 3D Billiards & 3D MiniGolf Bundle: 1.049,00 TL; 3D Billiards - Pool & Snooker: 849,00 TL","Нет","Нет","","https://store.playstation.com/en-tr/concept/231706","2021-02-19","Sport","PEGI_3"
"3861","4PGP","PPSA36490","PS5","Нет","849,00 TL","","Нет","Нет","","https://store.playstation.com/en-tr/concept/10018860","2026-06-10","Driving/Racing","PEGI_3"
"3862","70s-style Robot Anime Geppy-X","PPSA34122","PS4, PS5","Нет","1.749,00 TL","70s-style Robot Anime Geppy-X: 1.749,00 TL","Нет","Нет","","https://store.playstation.com/en-tr/concept/10017381","2026-07-15","Shooter","PEGI_16"
"3863","7 Days Heroes","PPSA21404","PS5","Нет","349,00 TL","7 Days Heroes: 349,00 TL; 7 Days Heroes: 349,00 TL","Нет","Нет","","https://store.playstation.com/en-tr/concept/10010335","2024-03-28","Action","PEGI_7"
"3864","7 Days of Rose","PPSA10119","PS4, PS5","Нет","175,00 TL","","Нет","Нет","","https://store.playstation.com/en-tr/concept/10006132","2022-11-03","Adventure","PEGI_12"
"3865","7th Domain ： Tree of Chaos","PPSA31186","PS5","Нет","1.079,00 TL","","Нет","Нет","","https://store.playstation.com/en-tr/concept/10015744","2025-10-31","Role Playing Games","PEGI_12"
"3866","88 Heroes","CUSA05717","PS4","Нет","1.299,00 TL","","Нет","Нет","","https://store.playstation.com/en-tr/concept/221934","2017-03-23","Arcade","PEGI_7"
"3867","99Vidas","CUSA09800","PS4","Нет","429,00 TL","","Нет","Нет","","https://store.playstation.com/en-tr/concept/221795","2017-12-07","Action","PEGI_12"
"3868","9 Lives to Defend","PPSA29900","PS5","Нет","171,00 TL","9 Lives to Defend: 171,00 TL; 9 Lives to Defend: 171,00 TL","Нет","Да","","https://store.playstation.com/en-tr/concept/10015030","2025-09-10","Shooter","PEGI_7"
"3869","9 Monkeys of Shaolin","CUSA16644","PS4","Нет","849,00 TL","9 Monkeys of Shaolin: 849,00 TL","Да","Да","","https://store.playstation.com/en-tr/concept/232395","2020-10-16","Action","PEGI_12"
"3870","8-Bit Adventures 2","PPSA05037","PS5","Нет","595,00 TL","8-Bit Adventures 2: 595,00 TL; 8-Bit Adventures 2: 595,00 TL","Нет","Нет","","https://store.playstation.com/en-tr/concept/10002962","2024-10-16","Role Playing Games","PEGI_12"
"3871","8-Bit Farm","CUSA24047","PS4","Нет","549,00 TL","","Нет","Нет","","https://store.playstation.com/en-tr/concept/10001237","2021-06-09","Simulation","PEGI_3"
"3872","911 Operator","CUSA09875","PS4","Нет","774,00 TL","","Нет","Да","","https://store.playstation.com/en-tr/concept/229825","2017-11-27","Strategy","PEGI_12"
"3873","890B","CUSA26512","PS4","Нет","175,00 TL","","Нет","Нет","","https://store.playstation.com/en-tr/concept/10002293","2021-11-09","Adventure","PEGI_16"
"3874","8Doors: Arum's Afterlife Adventure","PPSA07176","PS4, PS5","Нет","169,80 TL","","Нет","Да","","https://store.playstation.com/en-tr/concept/10004828","2023-04-13","Action","PEGI_7"
"3875","9th Dawn Remake","PPSA27809","PS4, PS5","Нет","262,50 TL","","Нет","Нет","","https://store.playstation.com/en-tr/concept/10012991","2025-04-23","Role Playing Games","PEGI_7"
"3876","99 Seconds","PPSA08749","PS4, PS5","Нет","105,00 TL","","Нет","Нет","","https://store.playstation.com/en-tr/concept/10005546","2023-01-19","Action","PEGI_3"
"3877","9th Dawn III","CUSA24622","PS4","Нет","324,50 TL","","Нет","Нет","","https://store.playstation.com/en-tr/concept/235102","2020-10-05","Role Playing Games","PEGI_7"
"3878","99 Moves","PPSA08890","PS4, PS5","Нет","105,00 TL","","Нет","Нет","","https://store.playstation.com/en-tr/concept/10005607","2023-06-01","Action","PEGI_3"
"3879","9 Years of Shadows","PPSA28841","PS4, PS5","Нет","849,00 TL","","Нет","Да","","https://store.playstation.com/en-tr/concept/10014406","2025-07-31","Adventure","PEGI_7"
"3880","8-Bit Armies","CUSA07626","PS4","Нет","97,35 TL","8-Bit RTS Series - Complete Collection: 1.299,00 TL; 8-Bit Armies - Deluxe Edition: 849,00 TL; 8-Bit Armies: 97,35 TL","Нет","Да","","https://store.playstation.com/en-tr/concept/227272","2018-09-20","Action","PEGI_7"
"3881","Aabs Animals","CUSA01221","PS4","Нет","515,00 TL","","Нет","Нет","","https://store.playstation.com/en-tr/concept/200030","2023-03-19","Unique","PEGI_3"
"3882","8-Bit Hordes","CUSA07964","PS4","Нет","97,35 TL","8-Bit Hordes - Deluxe Edition: 849,00 TL; 8-Bit Hordes: 97,35 TL","Нет","Да","","https://store.playstation.com/en-tr/concept/227271","2019-01-31","Strategy","PEGI_7"
"3883","8 To Glory - The Official Game of the PBR","CUSA11489","PS4","Нет","934,50 TL","","Нет","Нет","","https://store.playstation.com/en-tr/concept/231813","2018-09-14","Action","PEGI_3"
"3884","9 Clues: The Secret of Serpent Creek","PPSA06922","PS4, PS5","Нет","649,00 TL","Unsolved Riddles: 1.547,00 TL","Нет","Да","","https://store.playstation.com/en-tr/concept/10004722","2022-04-01","Adventure","PEGI_12"
"3885","9 Clues 2: The Ward","PPSA09378","PS4, PS5","Нет","649,00 TL","Meet Again Bundle: 1.547,00 TL","Нет","Да","","https://store.playstation.com/en-tr/concept/10005799","2023-01-06","Adventure","PEGI_16"
"3886","Aaero","CUSA10476","PS4","Нет","774,00 TL","","Нет","Да","","https://store.playstation.com/en-tr/concept/227592","2017-12-18","Shooter","PEGI_7"
"3887","Aaero2: Black","PPSA29535","PS5","Нет","849,00 TL","","Нет","Да","","https://store.playstation.com/en-tr/concept/10014832","2025-12-15","Music/Rhythm","PEGI_7"
"3888","8-bit Adventure Anthology: Volume I","CUSA10027","PS4","Нет","343,00 TL","","Нет","Нет","","https://store.playstation.com/en-tr/concept/231062","2018-06-29","Adventure","PEGI_12"
"3889","Aaru's Awakening","CUSA01134","PS4","Нет","549,00 TL","","Нет","Да","","https://store.playstation.com/en-tr/concept/200263","2015-04-08","Action","PEGI_7"
"3890","Abathor","PPSA24213","PS4, PS5","Нет","649,00 TL","","Нет","Нет","","https://store.playstation.com/en-tr/concept/10011603","2024-07-25","Action","PEGI_12"
"3891","A Boy and His Blob","CUSA02661","PS4","Нет","429,00 TL","A Boy and His Blob: 429,00 TL; A Boy and His Blob: 429,00 TL","Нет","Да","","https://store.playstation.com/en-tr/concept/200046","2016-06-27","Adventure","PEGI_7"
"3892","Acalesia","CUSA27336","PS4","Нет","215,00 TL","","Нет","Нет","","https://store.playstation.com/en-tr/concept/10002635","2021-03-31","Action","PEGI_7"
"3893","ABYSS SEEKERーーWhat Do You See Deep in The Abyss","CUSA53325","PS4","Нет","69,00 TL","","Нет","Нет","","https://store.playstation.com/en-tr/concept/10014043","2025-03-05","Action","PEGI_3"
"3894","Abuga Warp Zone","PPSA35956","PS5","Нет","429,00 TL","","Нет","Нет","","https://store.playstation.com/en-tr/concept/10018453","2026-05-06","Adventure","PEGI_3"
"3895","Absolute Drift","CUSA05140","PS4","Нет","515,00 TL","","Нет","Нет","","https://store.playstation.com/en-tr/concept/221660","2016-08-15","Unique","PEGI_3"
"3896","A Bastard's Tale","CUSA05948","PS4","Нет","62,70 TL","","Нет","Нет","","https://store.playstation.com/en-tr/concept/222827","2016-10-05","Action","PEGI_12"
"3897","A Cafe at the End of the World","PPSA34816","PS5","Нет","85,00 TL","","Нет","Нет","","https://store.playstation.com/en-tr/concept/10017834","2026-01-23","Casual","PEGI_7"
"3898","Absolver: Downfall","CUSA06391","PS4","Нет","1.299,00 TL","","Нет","Нет","","https://store.playstation.com/en-tr/concept/222909","2017-08-28","Action","PEGI_12"
"3899","Abyss Odyssey: Extended","CUSA01878","PS4","Нет","649,00 TL","","Нет","Нет","","https://store.playstation.com/en-tr/concept/200010","2015-07-29","Action","PEGI_16"
"3900","ACA NEOGEO ALPHA MISSION II","CUSA06723","PS4","Нет","300,00 TL","","Нет","Нет","","https://store.playstation.com/en-tr/concept/200178","2017-01-17","Arcade","PEGI_7"
"3901","ABSURDIKA: Rebuild","PPSA29719","PS5","Нет","175,00 TL","ABSURDIKA: Rebuild: 175,00 TL; ABSURDIKA: Rebuild: 175,00 TL","Нет","Да","","https://store.playstation.com/en-tr/concept/10014907","2025-04-30","Casual","PEGI_12"
"3902","Abyssus","PPSA32559","PS5","Нет","1.079,00 TL","Brine Edition: 1.499,00 TL; Abyssus: 1.079,00 TL","Нет","Да","","https://store.playstation.com/en-tr/concept/10016582","2026-06-25","Shooter","PEGI_12"
"3903","Academy of drift","CUSA41120","PS4","Нет","849,00 TL","","Нет","Нет","","https://store.playstation.com/en-tr/concept/10007534","2023-09-23","Driving/Racing","PEGI_3"
"3904","A Boy and His Blob","PPSA07638","PS4, PS5","Нет","139,60 TL","","Нет","Нет","","https://store.playstation.com/en-tr/concept/10004946","2023-10-17","Action","PEGI_7"
"3905","Abyss: The Wraiths of Eden","CUSA09780","PS4","Нет","649,00 TL","","Нет","Да","","https://store.playstation.com/en-tr/concept/231036","2017-10-19","Adventure","PEGI_7"
"3906","ACA NEOGEO AERO FIGHTERS 2","CUSA09051","PS4","Нет","300,00 TL","","Нет","Нет","","https://store.playstation.com/en-tr/concept/227065","2017-08-02","Arcade","PEGI_7"
"3907","ACA NEOGEO 2020 SUPER BASEBALL","CUSA06898","PS4","Нет","300,00 TL","","Нет","Нет","","https://store.playstation.com/en-tr/concept/224809","2017-06-28","Arcade","PEGI_7"
"3908","Absolute Tactics: Daughters of Mercy","PPSA07313","PS4, PS5","Нет","735,00 TL","","Нет","Да","","https://store.playstation.com/en-tr/concept/10003817","2022-11-17","Adventure","PEGI_16"
"3909","ACA NEOGEO ART OF FIGHTING 2","CUSA08841","PS4","Нет","300,00 TL","","Нет","Нет","","https://store.playstation.com/en-tr/concept/227588","2017-08-10","Arcade","PEGI_12"
"3910","ACA NEOGEO ART OF FIGHTING 3","CUSA11872","PS4","Нет","300,00 TL","","Нет","Нет","","https://store.playstation.com/en-tr/concept/231466","2020-03-02","Fighting","PEGI_12"
"3911","ACA NEOGEO BIG TOURNAMENT GOLF","CUSA07472","PS4","Нет","300,00 TL","","Нет","Нет","","https://store.playstation.com/en-tr/concept/227072","2017-02-22","Arcade","PEGI_3"
"3912","ACA NEOGEO ART OF FIGHTING","CUSA06725","PS4","Нет","300,00 TL","","Нет","Нет","","https://store.playstation.com/en-tr/concept/200280","2017-04-26","Arcade","PEGI_12"
"3913","ACA NEOGEO BLAZING STAR","CUSA11349","PS4","Нет","300,00 TL","","Нет","Нет","","https://store.playstation.com/en-tr/concept/231216","2018-04-18","Arcade","PEGI_7"
"3914","ACA NEOGEO MAGICAL DROP III","CUSA11347","PS4","Нет","300,00 TL","","Нет","Нет","","https://store.playstation.com/en-tr/concept/208699","2018-04-16","Arcade","PEGI_3"
"3915","ACA NEOGEO Gururin","CUSA11753","PS4","Нет","300,00 TL","","Нет","Нет","","https://store.playstation.com/en-tr/concept/231880","2018-06-07","Arcade","PEGI_3"
"3916","ACA NEOGEO OVER TOP","CUSA07544","PS4","Нет","300,00 TL","","Нет","Нет","","https://store.playstation.com/en-tr/concept/227073","2017-05-07","Arcade","PEGI_3"
"3917","ACA NEOGEO FATAL FURY 3","CUSA08843","PS4","Нет","300,00 TL","","Нет","Нет","","https://store.playstation.com/en-tr/concept/227067","2017-08-30","Arcade","PEGI_12"
"3918","ACA NEOGEO MASTER OF SYOUGI","CUSA58197","PS4","Нет","300,00 TL","","Нет","Нет","","https://store.playstation.com/en-tr/concept/10018307","2026-04-01","Casual","PEGI_3"
"3919","ACA NEOGEO NINJA COMBAT","CUSA11871","PS4","Нет","300,00 TL","","Нет","Нет","","https://store.playstation.com/en-tr/concept/231937","2018-06-07","Action","PEGI_12"
"3920","ACA NEOGEO MUTATION NATION","CUSA09719","PS4","Нет","300,00 TL","","Нет","Нет","","https://store.playstation.com/en-tr/concept/227400","2017-11-20","Action","PEGI_12"
"3921","ACA NEOGEO FATAL FURY 2","CUSA08679","PS4","Нет","300,00 TL","","Нет","Нет","","https://store.playstation.com/en-tr/concept/227066","2017-06-26","Arcade","PEGI_12"
"3922","ACA NEOGEO FATAL FURY","CUSA06726","PS4","Нет","300,00 TL","","Нет","Нет","","https://store.playstation.com/en-tr/concept/201480","2017-01-03","Fighting","PEGI_12"
"3923","ACA NEOGEO KARNOV'S REVENGE","CUSA10294","PS4","Нет","300,00 TL","","Нет","Нет","","https://store.playstation.com/en-tr/concept/229729","2017-12-03","Arcade","PEGI_12"
"3924","ACA NEOGEO BLUE'S JOURNEY","CUSA09180","PS4","Нет","343,00 TL","","Нет","Нет","","https://store.playstation.com/en-tr/concept/228662","2017-09-11","Action","PEGI_3"
"3925","ACA NEOGEO GHOST PILOTS","CUSA11734","PS4","Нет","300,00 TL","","Нет","Нет","","https://store.playstation.com/en-tr/concept/231879","2018-06-07","Shooter","PEGI_7"
"3926","ACA NEOGEO FATAL FURY SPECIAL","CUSA08682","PS4","Нет","300,00 TL","","Нет","Нет","","https://store.playstation.com/en-tr/concept/227068","2017-07-12","Arcade","PEGI_12"
"3927","ACA NEOGEO KING OF THE MONSTERS 2","CUSA13652","PS4","Нет","300,00 TL","","Нет","Нет","","https://store.playstation.com/en-tr/concept/232797","2020-03-09","Action","PEGI_7"
"3928","ACA NEOGEO MAGICIAN LORD","CUSA09182","PS4","Нет","300,00 TL","","Нет","Нет","","https://store.playstation.com/en-tr/concept/202641","2017-08-30","Arcade","PEGI_7"
"3929","ACA NEOGEO GALAXY FIGHT: UNIVERSAL WARRIORS","CUSA06901","PS4","Нет","300,00 TL","","Нет","Нет","","https://store.playstation.com/en-tr/concept/201742","2017-05-16","Arcade","PEGI_12"
"3930","ACA NEOGEO KING OF THE MONSTERS","CUSA06724","PS4","Нет","300,00 TL","","Нет","Нет","","https://store.playstation.com/en-tr/concept/224806","2017-07-19","Arcade","PEGI_7"
"3931","ACA NEOGEO NAM-1975","CUSA06728","PS4","Нет","300,00 TL","","Нет","Нет","","https://store.playstation.com/en-tr/concept/224807","2017-03-01","Action","PEGI_12"
"3932","ACA NEOGEO MAGICAL DROP II","CUSA07474","PS4","Нет","300,00 TL","","Нет","Нет","","https://store.playstation.com/en-tr/concept/227069","2017-06-15","Arcade","PEGI_3"
"3933","ACA NEOGEO LAST RESORT","CUSA06727","PS4","Нет","300,00 TL","","Нет","Нет","","https://store.playstation.com/en-tr/concept/225056","2017-05-01","Arcade","PEGI_7"
"3934","ACA NEOGEO POWER SPIKES II","CUSA10824","PS4","Нет","300,00 TL","","Нет","Нет","","https://store.playstation.com/en-tr/concept/231045","2018-04-16","Arcade","PEGI_3"
"3935","ACA NEOGEO POP'N BOUNCE","CUSA58139","PS4","Нет","300,00 TL","","Нет","Нет","","https://store.playstation.com/en-tr/concept/10018252","2026-03-11","Action","PEGI_3"
"3936","ACA NEOGEO PULSTAR","CUSA08681","PS4","Нет","300,00 TL","","Нет","Нет","","https://store.playstation.com/en-tr/concept/227074","2017-07-05","Arcade","PEGI_7"
"3937","ACA NEOGEO SENGOKU","CUSA06730","PS4","Нет","300,00 TL","","Нет","Нет","","https://store.playstation.com/en-tr/concept/224808","2017-03-15","Action","PEGI_12"
"3938","ACA NEOGEO SAMURAI SHODOWN V","CUSA13128","PS4","Нет","300,00 TL","","Нет","Нет","","https://store.playstation.com/en-tr/concept/10003918","2022-05-05","Fighting","PEGI_16"
"3939","ACA NEOGEO REAL BOUT FATAL FURY SPECIAL","CUSA10382","PS4","Нет","300,00 TL","","Нет","Нет","","https://store.playstation.com/en-tr/concept/231484","2018-01-04","Arcade","PEGI_12"
"3940","ACA NEOGEO PUZZLED","CUSA09181","PS4","Нет","300,00 TL","","Нет","Нет","","https://store.playstation.com/en-tr/concept/228008","2017-08-31","Arcade","PEGI_3"
"3941","ACA NEOGEO SAMURAI SHODOWN III","CUSA10381","PS4","Нет","300,00 TL","","Нет","Нет","","https://store.playstation.com/en-tr/concept/204482","2018-04-18","Action","PEGI_12"
"3942","ACA NEOGEO SHOCK TROOPERS","CUSA11269","PS4","Нет","300,00 TL","","Нет","Нет","","https://store.playstation.com/en-tr/concept/204113","2018-01-24","Arcade","PEGI_16"
"3943","ACA NEOGEO ROBO ARMY","CUSA09721","PS4","Нет","300,00 TL","","Нет","Нет","","https://store.playstation.com/en-tr/concept/229731","2017-11-01","Arcade","PEGI_12"
"3944","ACA NEOGEO REAL BOUT FATAL FURY","CUSA09720","PS4","Нет","300,00 TL","","Нет","Нет","","https://store.playstation.com/en-tr/concept/203836","2017-10-11","Arcade","PEGI_12"
"3945","ACA NEOGEO PUZZLE BOBBLE 2","CUSA13982","PS4","Нет","300,00 TL","","Нет","Нет","","https://store.playstation.com/en-tr/concept/232947","2020-04-15","Arcade","PEGI_3"
"3946","ACA NEOGEO SENGOKU 3","CUSA11381","PS4","Нет","300,00 TL","","Нет","Нет","","https://store.playstation.com/en-tr/concept/231220","2018-06-12","Action","PEGI_12"
"3947","ACA NEOGEO SAMURAI SHODOWN II","CUSA09322","PS4","Нет","300,00 TL","","Нет","Нет","","https://store.playstation.com/en-tr/concept/228665","2017-10-09","Arcade","PEGI_12"
"3948","ACA NEOGEO SAMURAI SHODOWN V SPECIAL","CUSA13704","PS4","Нет","300,00 TL","","Нет","Нет","","https://store.playstation.com/en-tr/concept/10003919","—","Fighting","PEGI_16"
"3949","ACA NEOGEO PUZZLE BOBBLE","CUSA13981","PS4","Нет","300,00 TL","","Нет","Нет","","https://store.playstation.com/en-tr/concept/232946","2020-02-26","Arcade","PEGI_3"
"3950","ACA NEOGEO SPIN MASTER","CUSA08844","PS4","Нет","300,00 TL","","Нет","Нет","","https://store.playstation.com/en-tr/concept/227077","2017-09-14","Arcade","PEGI_7"
"3951","ACA NEOGEO SAMURAI SHODOWN IV","CUSA11384","PS4","Нет","300,00 TL","","Нет","Нет","","https://store.playstation.com/en-tr/concept/211289","2018-06-07","Arcade","PEGI_16"
"3952","ACA NEOGEO REAL BOUT FATAL FURY 2","CUSA11270","PS4","Нет","300,00 TL","","Нет","Нет","","https://store.playstation.com/en-tr/concept/231046","2018-04-23","Arcade","PEGI_12"
"3953","ACA NEOGEO SAMURAI SHODOWN","CUSA06900","PS4","Нет","300,00 TL","","Нет","Нет","","https://store.playstation.com/en-tr/concept/204478","2016-12-07","Arcade","PEGI_12"
"3954","ACA NEOGEO THE KING OF FIGHTERS 2000","CUSA12269","PS4","Нет","300,00 TL","","Нет","Нет","","https://store.playstation.com/en-tr/concept/10003915","2020-12-21","Fighting","PEGI_12"
"3955","ACA NEOGEO SUPER SIDEKICKS","CUSA09121","PS4","Нет","300,00 TL","","Нет","Нет","","https://store.playstation.com/en-tr/concept/204058","2017-08-01","Action","PEGI_3"
"3956","ACA NEOGEO SENGOKU 2","CUSA07543","PS4","Нет","300,00 TL","","Нет","Нет","","https://store.playstation.com/en-tr/concept/227076","2017-06-15","Action","PEGI_12"
"3957","ACA NEOGEO SHOCK TROOPERS 2nd Squad","CUSA11348","PS4","Нет","300,00 TL","","Нет","Нет","","https://store.playstation.com/en-tr/concept/231221","2018-04-18","Action","PEGI_12"
"3958","ACA NEOGEO SOCCER BRAWL","CUSA10297","PS4","Нет","300,00 TL","","Нет","Нет","","https://store.playstation.com/en-tr/concept/229732","2017-11-30","Sport","PEGI_3"
"3959","ACA NEOGEO THE KING OF FIGHTERS 2001","CUSA13161","PS4","Нет","300,00 TL","","Нет","Нет","","https://store.playstation.com/en-tr/concept/10003914","2021-01-04","Fighting","PEGI_7"
"3960","ACA NEOGEO WORLD HEROES 2","CUSA08840","PS4","Нет","300,00 TL","","Нет","Нет","","https://store.playstation.com/en-tr/concept/227059","2017-05-24","Action","PEGI_12"
"3961","ACA NEOGEO WORLD HEROES","CUSA06729","PS4","Нет","300,00 TL","","Нет","Нет","","https://store.playstation.com/en-tr/concept/205498","2017-01-25","Arcade","PEGI_12"
"3962","ACA NEOGEO STAKES WINNER","CUSA11754","PS4","Нет","300,00 TL","","Нет","Нет","","https://store.playstation.com/en-tr/concept/231881","2018-06-21","Action","PEGI_3"
"3963","ACA NEOGEO THE KING OF FIGHTERS '99","CUSA11380","PS4","Нет","300,00 TL","","Нет","Нет","","https://store.playstation.com/en-tr/concept/204731","2019-12-19","Arcade","PEGI_12"
"3964","Accel World VS. Sword Art Online","CUSA07920","PS4","Нет","849,00 TL","","Нет","Нет","","https://store.playstation.com/en-tr/concept/227064","2017-07-06","Role Playing Games","PEGI_16"
"3965","ACA NEOGEO ZED BLADE","CUSA09321","PS4","Нет","300,00 TL","","Нет","Нет","","https://store.playstation.com/en-tr/concept/228667","2017-09-06","Arcade","PEGI_7"
"3966","ACA NEOGEO THE KING OF FIGHTERS '96","CUSA08842","PS4","Нет","300,00 TL","","Нет","Нет","","https://store.playstation.com/en-tr/concept/204745","2017-08-10","Arcade","PEGI_16"
"3967","ACA NEOGEO THE LAST BLADE","CUSA07475","PS4","Нет","300,00 TL","","Нет","Нет","","https://store.playstation.com/en-tr/concept/211819","2017-05-24","Arcade","PEGI_16"
"3968","ACA NEOGEO TOP HUNTER RODDY & CATHY","CUSA10296","PS4","Нет","300,00 TL","","Нет","Нет","","https://store.playstation.com/en-tr/concept/229733","2018-01-04","Action","PEGI_7"
"3969","Access Denied","CUSA14437","PS4","Нет","175,00 TL","","Нет","Да","","https://store.playstation.com/en-tr/concept/233040","2019-02-18","Casual","PEGI_3"
"3970","ACA NEOGEO THE KING OF FIGHTERS '95","CUSA07473","PS4","Нет","300,00 TL","","Нет","Нет","","https://store.playstation.com/en-tr/concept/204748","2017-05-15","Fighting","PEGI_12"
"3971","Acceptance","PPSA15565","PS4, PS5","Нет","257,00 TL","","Нет","Да","","https://store.playstation.com/en-tr/concept/10008052","2023-08-10","Adventure","PEGI_16"
"3972","ACA NEOGEO WAKU WAKU 7","CUSA11386","PS4","Нет","300,00 TL","","Нет","Нет","","https://store.playstation.com/en-tr/concept/231225","2020-03-16","Fighting","PEGI_12"
"3973","ACA NEOGEO WORLD HEROES 2 JET","CUSA10295","PS4","Нет","300,00 TL","","Нет","Нет","","https://store.playstation.com/en-tr/concept/229734","2018-01-05","Arcade","PEGI_16"
"3974","ACA NEOGEO THE LAST BLADE 2","CUSA11268","PS4","Нет","300,00 TL","","Нет","Нет","","https://store.playstation.com/en-tr/concept/10003920","2019-12-19","Fighting","PEGI_12"
"3975","ACA NEOGEO THE KING OF FIGHTERS '98","CUSA10823","PS4","Нет","300,00 TL","","Нет","Нет","","https://store.playstation.com/en-tr/concept/204732","2018-01-10","Fighting","PEGI_12"
"3976","Ace of Seafood","CUSA07584","PS4","Нет","315,00 TL","","Нет","Нет","","https://store.playstation.com/en-tr/concept/228673","2017-11-09","Action","PEGI_12"
"3977","Accolade Sports Collection (QUByte Classics)","PPSA26421","PS4, PS5","Нет","849,00 TL","","Нет","Нет","","https://store.playstation.com/en-tr/concept/10012814","2025-01-30","Sport","PEGI_3"
"3978","Access Denied: Escape","PPSA24537","PS4, PS5","Нет","175,00 TL","","Нет","Да","","https://store.playstation.com/en-tr/concept/10011774","2024-11-14","Puzzle","PEGI_12"
"3979","Ace Attorney","CUSA45442","PS4","Нет","1.399,00 TL","Ace Attorney Investigations Collection: 1.399,00 TL","Нет","Нет","","https://store.playstation.com/en-tr/concept/10009319","2024-09-05","Adventure","PEGI_12"
"3980","Aces of the Luftwaffe","CUSA01182","PS4","Нет","215,00 TL","","Нет","Да","","https://store.playstation.com/en-tr/concept/200106","2015-02-24","Arcade","PEGI_7"
"3981","Aces of the Luftwaffe - Squadron","CUSA08164","PS4","Нет","525,00 TL","Aces of the Luftwaffe - Squadron Extended Edition: 262,50 TL; Aces of the Luftwaffe - Squadron: 525,00 TL","Нет","Нет","","https://store.playstation.com/en-tr/concept/228674","2018-07-23","Shooter","PEGI_12"
"3982","ACA NEOGEO THE KING OF FIGHTERS '94","CUSA06897","PS4","Нет","300,00 TL","","Нет","Нет","","https://store.playstation.com/en-tr/concept/204754","2016-10-26","Arcade","PEGI_12"
"3983","A Chair in a Room: Greenwater","CUSA14439","PS4","Нет","949,00 TL","","Нет","Нет","","https://store.playstation.com/en-tr/concept/233126","2019-04-22","Horror","PEGI_16"
"3984","ACA NEOGEO THE KING OF FIGHTERS '97","CUSA10380","PS4","Нет","300,00 TL","","Нет","Нет","","https://store.playstation.com/en-tr/concept/204744","2017-11-20","Arcade","PEGI_12"
"3985","Achtung! Cthulhu Tactics","CUSA12633","PS4","Нет","1.079,00 TL","","Нет","Нет","","https://store.playstation.com/en-tr/concept/232402","2018-11-20","Strategy","PEGI_16"
"3986","Acre Crisis","PPSA26138","PS5","Нет","171,60 TL","Acre Crisis: 171,60 TL","Нет","Да","","https://store.playstation.com/en-tr/concept/10012633","2025-10-23","Action","PEGI_18"
"3987","Action Arcade Wrestling","CUSA26135","PS4","Нет","509,00 TL","","Нет","Нет","","https://store.playstation.com/en-tr/concept/228960","2021-08-09","Arcade","PEGI_16"
"3988","Active Neurons 2","CUSA20161","PS4","Нет","87,50 TL","","Нет","Да","","https://store.playstation.com/en-tr/concept/10000749","2020-09-15","Unique","PEGI_3"
"3989","Across the Obelisk","PPSA21460","PS5","Нет","875,00 TL","Across the Obelisk: 875,00 TL; Across the Obelisk - Starter Set: 1.329,00 TL","Нет","Нет","","https://store.playstation.com/en-tr/concept/10010214","2024-11-06","Adventure","PEGI_12"
"3990","Active Neurons - Puzzle Game","PPSA05769","PS5","Нет","87,50 TL","Active Neurons - Puzzle Game: 87,50 TL; Active Neurons: 87,50 TL","Нет","Да","","https://store.playstation.com/en-tr/concept/235309","2022-01-27","Casual","PEGI_3"
"3991","A Day Without Me","CUSA29823","PS4","Нет","215,00 TL","","Нет","Да","","https://store.playstation.com/en-tr/concept/10003592","2021-09-09","Adventure","PEGI_16"
"3992","ADK DAMASHII","CUSA04151","PS4","Нет","649,00 TL","","Нет","Нет","","https://store.playstation.com/en-tr/concept/206011","2017-03-01","Fighting","PEGI_16"
"3993","Action Henk","CUSA02910","PS4","Нет","649,00 TL","","Нет","Да","","https://store.playstation.com/en-tr/concept/200119","2016-03-07","Action","PEGI_3"
"3994","Across the Valley","PPSA13759","PS5","Нет","849,00 TL","","Нет","Нет","","https://store.playstation.com/en-tr/concept/10007333","2023-04-05","Family","PEGI_3"
"3995","Adam Wolfe","PPSA19684","PS5","Нет","849,00 TL","Adam Wolfe: 849,00 TL; Adam Wolfe: 849,00 TL","Нет","Да","","https://store.playstation.com/en-tr/concept/10009545","2024-04-09","Adventure","PEGI_16"
"3996","Active Neurons 3 - Wonders Of The World","PPSA02793","PS5","Нет","87,50 TL","Active Neurons 3 - Wonders Of The World: 87,50 TL; Active Neurons 3 - Wonders Of The World: 87,50 TL","Нет","Да","","https://store.playstation.com/en-tr/concept/10002241","2021-02-23","Puzzle","PEGI_3"
"3997","ACRES","PPSA30820","PS5","Нет","774,00 TL","","Нет","Да","","https://store.playstation.com/en-tr/concept/10012159","2025-08-19","Strategy","PEGI_3"
"3998","ACT IT OUT XL! A Game of Charades","CUSA13685","PS4","Нет","429,00 TL","","Нет","Нет","","https://store.playstation.com/en-tr/concept/232800","2020-12-24","Casual","PEGI_3"
"3999","Active DBG: Brave's Rage","PPSA10473","PS5","Нет","816,00 TL","","Нет","Нет","","https://store.playstation.com/en-tr/concept/10006208","2023-02-01","Strategy","PEGI_7"
"4000","Action SuperCross","CUSA45488","PS4","Нет","129,00 TL","","Нет","Нет","","https://store.playstation.com/en-tr/concept/10009347","2024-03-03","Puzzle","PEGI_3"
"4001","Adore","PPSA16425","PS4, PS5","Нет","849,00 TL","","Нет","Нет","","https://store.playstation.com/en-tr/concept/10007951","2023-08-02","Action","PEGI_7"
"4002","A Dream About Parking Lots","PPSA31218","PS5","Нет","32,25 TL","","Нет","Нет","","https://store.playstation.com/en-tr/concept/10015763","2025-07-30","Unique","PEGI_3"
"4003","Actraiser Renaissance","CUSA25036","PS4","Нет","419,60 TL","","Нет","Нет","","https://store.playstation.com/en-tr/concept/10001622","2021-09-23","Action","PEGI_7"
"4004","ADIOS Amigos: Galactic Explorers","CUSA11881","PS4","Нет","515,00 TL","","Нет","Нет","","https://store.playstation.com/en-tr/concept/232064","2022-05-02","Family","PEGI_3"
"4005","ADR1FT","CUSA02519","PS4","Нет","699,00 TL","","Нет","Да","","https://store.playstation.com/en-tr/concept/206022","2016-07-15","Adventure","PEGI_12"
"4006","Ad Fundum","PPSA31727","PS5","Нет","649,00 TL","Ad Fundum: 649,00 TL; Ad Fundum: 649,00 TL","Нет","Да","","https://store.playstation.com/en-tr/concept/10016097","2025-11-06","Adventure","PEGI_3"
"4007","Active Soccer 2 DX","CUSA05745","PS4","Нет","429,00 TL","","Нет","Нет","","https://store.playstation.com/en-tr/concept/222912","2016-12-14","Arcade","PEGI_3"
"4008","Adam's Venture: Origins","CUSA03772","PS4","Нет","105,80 TL","Adam's Venture: Origins - Deluxe Edition: 849,00 TL; Adam's Venture: Origins: 105,80 TL","Нет","Да","","https://store.playstation.com/en-tr/concept/216017","2016-03-31","Adventure","PEGI_7"
"4009","AER - Memories of Old","CUSA03176","PS4","Нет","249,00 TL","","Нет","Да","","https://store.playstation.com/en-tr/concept/221834","2017-10-24","Adventure","PEGI_7"
"4010","Aero The Acro-Bat","PPSA23688","PS4, PS5","Нет","209,00 TL","","Нет","Нет","","https://store.playstation.com/en-tr/concept/10011323","2024-08-01","Adventure","PEGI_3"
"4011","Adrian's Tale","PPSA16356","PS5","Нет","429,00 TL","Adrian's Tale: 429,00 TL; Adrian's Tale: 649,00 TL","Нет","Да","","https://store.playstation.com/en-tr/concept/10005377","2023-06-02","Action","PEGI_7"
"4012","Aery – Heaven & Hell","CUSA43468","PS4","Нет","349,00 TL","","Нет","Нет","","https://store.playstation.com/en-tr/concept/10008421","2023-08-18","Adventure","PEGI_7"
"4013","Adventure Academia: The Fractured Continent","CUSA34443","PS4","Нет","349,75 TL","Adventure Academia: The Fractured Continent: 349,75 TL","Нет","Нет","","https://store.playstation.com/en-tr/concept/10003720","2022-11-17","Role Playing Games","PEGI_7"
"4014","Aeon Must Die!","CUSA17124","PS4","Нет","209,70 TL","","Нет","Да","","https://store.playstation.com/en-tr/concept/234835","2021-10-27","Unique","PEGI_16"
"4015","Aeon Attack","PPSA30217","PS5","Нет","129,00 TL","Aeon Attack: 129,00 TL; 4 Avatar Aeon Attack Bundle: 98,00 TL; Aeon Attack: 129,00 TL; 4 Avatar Aeon Attack Bundle: 98,00 TL","Нет","Нет","","https://store.playstation.com/en-tr/concept/10015196","2025-06-12","Casual","PEGI_7"
"4016","Aero The Acro-Bat 2","PPSA23689","PS4, PS5","Нет","209,00 TL","","Нет","Нет","","https://store.playstation.com/en-tr/concept/10011324","2024-09-05","Adventure","PEGI_3"
"4017","Aero The Acro-Bat: Rascal Rival Revenge","PPSA23911","PS4, PS5","Нет","209,00 TL","","Нет","Нет","","https://store.playstation.com/en-tr/concept/10011449","2024-10-31","Adventure","PEGI_3"
"4018","Aerial_Knight's Never Yield","PPSA02709","PS4, PS5","Нет","215,00 TL","","Нет","Да","","https://store.playstation.com/en-tr/concept/10002196","2021-05-19","Action","PEGI_12"
"4019","Aegis of Earth: Protonovus Assault","CUSA04250","PS4","Нет","174,75 TL","","Нет","Нет","","https://store.playstation.com/en-tr/concept/216010","2016-04-21","Strategy","PEGI_7"
"4020","Adrenaline Rampage","PPSA31066","PS5","Нет","649,00 TL","Adrenaline Rampage: 649,00 TL; Adrenaline Rampage: 649,00 TL","Нет","Да","","https://store.playstation.com/en-tr/concept/10015663","2025-10-17","Action","PEGI_16"
"4021","Adventure Bar Story","PPSA21888","PS5","Нет","629,00 TL","Adventure Bar Story: 629,00 TL; Adventure Bar Story: 629,00 TL","Нет","Нет","","https://store.playstation.com/en-tr/concept/10009818","2024-04-23","Role Playing Games","PEGI_7"
"4022","Aerial_Knight's DropShot","PPSA34133","PS5","Нет","849,00 TL","","Нет","Нет","","https://store.playstation.com/en-tr/concept/10016329","2026-02-17","Action","PEGI_3"
"4023","Aerial_Knight's We Never Yield","PPSA22940","PS5","Нет","525,00 TL","","Нет","Да","","https://store.playstation.com/en-tr/concept/10010946","2024-09-12","Action","PEGI_7"
"4024","Adventurous Slime","PPSA35394","PS4, PS5","Нет","257,00 TL","","Нет","Нет","","https://store.playstation.com/en-tr/concept/10018184","2026-03-12","Adventure","PEGI_3"
"4025","AeonX","PPSA23927","PS5","Нет","180,00 TL","AeonX 5 Avatar Bundle: 147,00 TL; AeonX: 180,00 TL; AeonX 5 Avatar Bundle: 147,00 TL; AeonX: 180,00 TL","Нет","Нет","","https://store.playstation.com/en-tr/concept/10011364","2024-07-02","Casual","PEGI_3"
"4026","Aegis Defenders","CUSA10502","PS4","Нет","849,00 TL","","Нет","Нет","","https://store.playstation.com/en-tr/concept/229876","2018-02-07","Action","PEGI_7"
"4028","Aeterna Noctis","PPSA04109","PS4, PS5","Нет","1.299,00 TL","","Да","Да","","https://store.playstation.com/en-tr/concept/10002786","2021-12-14","Action","PEGI_12"
"4029","Adventure & Horror Pinball","PPSA20132","PS4, PS5","Нет","154,50 TL","","Нет","Нет","","https://store.playstation.com/en-tr/concept/10009795","2024-10-03","Arcade","PEGI_7"
"4030","Aether Keepers","PPSA38424","PS5","Нет","107,00 TL","","Нет","Да","","https://store.playstation.com/en-tr/concept/10019945","2026-08-14","Casual","PEGI_3"
"4031","AeternoBlade","CUSA02876","PS4","Нет","525,00 TL","AeternoBlade Super Set Bundle: 699,00 TL; AeternoBlade: 525,00 TL","Нет","Нет","","https://store.playstation.com/en-tr/concept/200175","2015-08-05","Action","PEGI_12"
"4032","AeternoBlade II Infinity","PPSA17038","PS5","Нет","525,00 TL","AeternoBlade II Infinity: 525,00 TL; Infinity: 529,00 TL","Нет","Нет","","https://store.playstation.com/en-tr/concept/234583","2024-01-28","Adventure","PEGI_12"
"4033","After You","PPSA14497","PS4, PS5","Нет","300,00 TL","","Нет","Да","","https://store.playstation.com/en-tr/concept/10007677","2023-05-11","Adventure","PEGI_12"
"4034","After Wave: Downfall","CUSA34759","PS4","Нет","649,00 TL","","Нет","Нет","","https://store.playstation.com/en-tr/concept/10005487","2022-08-05","Action","PEGI_7"
"4035","A Frog's Job 2: Froggina","PPSA35973","PS4, PS5","Нет","150,50 TL","","Нет","Нет","","https://store.playstation.com/en-tr/concept/10018544","2026-05-28","Casual","PEGI_7"
"4036","Psychotic's Agatha Knife","CUSA15753","PS4","Нет","419,00 TL","","Нет","Да","","https://store.playstation.com/en-tr/concept/234043","2019-09-11","Adventure","PEGI_12"
"4037","A Fisherman's Tale 2","PPSA13545","PS5","Нет","649,00 TL","","Нет","Да","","https://store.playstation.com/en-tr/concept/10007252","2023-05-10","Adventure","PEGI_7"
"4038","Agent A: A puzzle in disguise","CUSA12138","PS4","Нет","849,00 TL","","Нет","Да","","https://store.playstation.com/en-tr/concept/232179","2019-08-28","Adventure","PEGI_7"
"4039","AFFECTED: The Manor","PPSA18112","PS4, PS5","Нет","429,00 TL","Complete Edition: 429,00 TL","Нет","Да","","https://store.playstation.com/en-tr/concept/231205","2023-12-14","Casual","PEGI_12"
"4040","Afterimage","PPSA14053","PS4, PS5","Нет","879,00 TL","RPG Bundle: 4.749,00 TL; Afterimage PS4 & PS5: 879,00 TL; Adventure Bundle: 4.749,00 TL","Нет","Да","","https://store.playstation.com/en-tr/concept/10007477","2023-04-24","Adventure","PEGI_7"
"4041","Afterlife","CUSA16798","PS4","Нет","85,00 TL","","Нет","Нет","","https://store.playstation.com/en-tr/concept/234456","2019-08-20","Casual","PEGI_16"
"4042","Afterlove EP","PPSA19329","PS5","Нет","349,50 TL","","Нет","Нет","","https://store.playstation.com/en-tr/concept/10004328","2025-02-14","Adventure","PEGI_12"
"4043","Agent dark","PPSA38582","PS5","Нет","171,00 TL","","Нет","Нет","","https://store.playstation.com/en-tr/concept/10020078","2026-07-08","Action","PEGI_16"
"4044","Agatha Christie - Murder on the Orient Express","PPSA07043","PS4, PS5","Нет","1.399,00 TL","Detective Bundle - 4 in 1: 787,25 TL; Agatha Christie Collection 2: 2.099,00 TL; Agatha Christie - Murder on the Orient Express: 1.399,00 TL","Нет","Да","","https://store.playstation.com/en-tr/concept/10004776","2023-10-18","Adventure","PEGI_12"
"4045","Afterparty","CUSA13004","PS4","Нет","849,00 TL","Afterparty - Game + Theme + Avatars: 1.031,00 TL; Afterparty: 849,00 TL","Нет","Да","","https://store.playstation.com/en-tr/concept/232556","2019-10-28","Unique","PEGI_18"
"4046","AFL 26","PPSA28051","PS4, PS5","Нет","2.579,00 TL","Standard Edition: 2.579,00 TL; Pro Team Edition: 2.999,00 TL","Нет","Нет","","https://store.playstation.com/en-tr/concept/10013799","2025-05-07","Sport","PEGI_3"
"4047","Agatha Christie - Hercule Poirot: The First Cases","CUSA23753","PS4","Нет","879,00 TL","Agatha Christie Collection: The ABC Murders & Hercule Poirot: The First Cases Bundle: 262,25 TL; Agatha Christie - Hercule Poirot: The First Cases: 879,00 TL","Нет","Да","","https://store.playstation.com/en-tr/concept/10001109","2021-09-27","Adventure","PEGI_7"
"4048","Afterdream","PPSA18391","PS5","Нет","175,05 TL","Psychological Horror Bundle: 875,00 TL; Afterdream: 175,05 TL; Psychological Horror Bundle: 875,00 TL; Afterdream: 175,05 TL","Нет","Нет","","https://store.playstation.com/en-tr/concept/10009147","2023-09-28","Horror","PEGI_16"
"4049","A Fold Apart","CUSA19459","PS4","Нет","429,00 TL","","Нет","Да","","https://store.playstation.com/en-tr/concept/10001592","2020-05-18","Adventure","PEGI_3"
"4050","AFL 23","PPSA09465","PS4, PS5","Нет","1.749,00 TL","Pro Team Edition: 2.579,00 TL","Нет","Нет","","https://store.playstation.com/en-tr/concept/10005823","2023-05-03","Sport","PEGI_3"
"4051","A Frog's Job","PPSA09415","PS4, PS5","Нет","175,00 TL","","Нет","Нет","","https://store.playstation.com/en-tr/concept/10005809","2022-10-06","Action","PEGI_3"
"4052","Agents of Mayhem","CUSA03067","PS4","Нет","69,90 TL","Agents of Mayhem - Total Mayhem Bundle: 104,90 TL; Agents of Mayhem: 69,90 TL","Нет","Да","","https://store.playstation.com/en-tr/concept/211321","2017-08-18","Action","PEGI_18"
"4053","Agent Intercept","PPSA05611","PS4, PS5","Нет","171,60 TL","","Нет","Да","","https://store.playstation.com/en-tr/concept/10002183","2022-03-30","Action","PEGI_7"
"4054","Agent Walker: Secret Journey","PPSA24000","PS4, PS5","Нет","774,00 TL","Serve & Protect Bundle: 1.031,00 TL","Нет","Да","","https://store.playstation.com/en-tr/concept/10011464","2024-07-25","Adventure","PEGI_12"
"4055","Age of Sokoban","CUSA33670","PS4","Нет","85,00 TL","Age of Sokoban Halloween Avatar Bundle: 107,50 TL; Age of Sokoban: 85,00 TL","Нет","Нет","","https://store.playstation.com/en-tr/concept/10005060","2023-09-28","Arcade","PEGI_3"
"4056","Age of Water","PPSA18593","PS5","Нет","1.299,00 TL","Age of Water: 1.299,00 TL; Age of Water - Silver Edition: 1.749,00 TL; Age of Water - Gold Edition: 2.149,00 TL","Нет","Да","","https://store.playstation.com/en-tr/concept/10008402","2024-04-25","Action","PEGI_12"
"4057","A HERO AND A GARDEN","PPSA13367","PS4, PS5","Нет","107,50 TL","","Нет","Да","","https://store.playstation.com/en-tr/concept/10000712","2022-12-06","Adventure","PEGI_3"
"4058","Aground","CUSA25790","PS4","Нет","439,00 TL","","Нет","Да","","https://store.playstation.com/en-tr/concept/10001476","2021-02-11","Adventure","PEGI_16"
"4059","A.I.L.A","PPSA28503","PS5","Нет","1.299,00 TL","","Нет","Да","","https://store.playstation.com/en-tr/concept/10014194","2025-11-25","Horror","PEGI_18"
"4060","Age of Wonders: Planetfall","CUSA13236","PS4","Нет","1.049,00 TL","Age of Wonders: Planetfall Premium Edition: 2.799,00 TL; Age of Wonders: Planetfall Deluxe Edition: 1.399,00 TL","Нет","Да","PS Plus Extra","https://store.playstation.com/en-tr/concept/232658","2019-08-05","Strategy","PEGI_16"
"4061","A hole new World","PPSA21625","PS5","Нет","525,00 TL","","Нет","Нет","","https://store.playstation.com/en-tr/concept/10010434","2024-10-10","Action","PEGI_7"
"4062","A Hat in Time","CUSA10028","PS4","Нет","1.299,00 TL","","Нет","Нет","PS Plus Extra","https://store.playstation.com/en-tr/concept/228903","2017-12-05","Unique","PEGI_7"
"4063","Agriculture","PPSA15401","PS4, PS5","Нет","175,00 TL","","Нет","Нет","","https://store.playstation.com/en-tr/concept/10007982","2023-07-18","Casual","PEGI_3"
"4064","Air Aces","CUSA46098","PS4","Нет","349,00 TL","","Нет","Нет","","https://store.playstation.com/en-tr/concept/10009605","2023-11-11","Simulation","PEGI_12"
"4065","Ahhnalog 112","PPSA20807","PS4, PS5","Нет","128,50 TL","","Нет","Нет","","https://store.playstation.com/en-tr/concept/10010096","2025-12-17","Adventure","PEGI_12"
"4066","Air Conflicts Vietnam","CUSA00456","PS4","Нет","449,00 TL","","Нет","Да","","https://store.playstation.com/en-tr/concept/200265","2014-06-26","Simulation","PEGI_16"
"4067","A Gummy's Life","PPSA04347","PS4, PS5","Нет","699,00 TL","","Нет","Да","","https://store.playstation.com/en-tr/concept/232894","2021-09-23","Fighting","PEGI_7"
"4068","Airborne Kingdom","CUSA28043","PS4","Нет","769,00 TL","","Нет","Нет","","https://store.playstation.com/en-tr/concept/10002924","2021-11-09","Adventure","PEGI_3"
"4069","Air Conflicts: Secret Wars","CUSA05482","PS4","Нет","1.749,00 TL","","Нет","Нет","","https://store.playstation.com/en-tr/concept/200264","2016-11-04","Action","PEGI_12"
"4070","Airborne Justice","PPSA28094","PS4, PS5","Нет","215,00 TL","","Нет","Нет","","https://store.playstation.com/en-tr/concept/10013931","2025-09-25","Casual","PEGI_3"
"4071","Air Conflicts: Pacific Carriers","CUSA02866","PS4","Нет","699,00 TL","","Нет","Да","","https://store.playstation.com/en-tr/concept/200266","2015-11-05","Simulation","PEGI_16"
"4072","Air Conflicts: Double Pack","CUSA05165","PS4","Нет","879,00 TL","","Нет","Да","","https://store.playstation.com/en-tr/concept/225477","2016-07-21","Simulation","PEGI_16"
"4073","A Hole New World","CUSA08163","PS4","Нет","429,00 TL","Hidden Trap Combo: Retro Pixel Set: 816,00 TL; Hidden Trap Combo: Retro Pixel Set: 408,00 TL; A Hole New World Bundle: 64,35 TL; A Hole New World: 429,00 TL","Нет","Нет","","https://store.playstation.com/en-tr/concept/228936","2019-10-02","Arcade","PEGI_7"
"4074","Aidan In Danger","PPSA30501","PS5","Нет","245,00 TL","Aidan In Danger: 245,00 TL; Aidan In Danger: 245,00 TL","Нет","Нет","","https://store.playstation.com/en-tr/concept/10012030","2025-05-22","Action","PEGI_7"
"4075","Air Fight - Sky Fighters","PPSA18921","PS5","Нет","1.299,00 TL","Air Fight - Sky Fighters: 1.299,00 TL; Air Fight - Sky Fighters: 1.299,00 TL","Нет","Нет","","https://store.playstation.com/en-tr/concept/10009341","2023-12-15","Arcade","PEGI_7"
"4076","Air Missions: Hind","CUSA10832","PS4","Нет","699,00 TL","","Нет","Да","","https://store.playstation.com/en-tr/concept/231115","2018-09-30","Action","PEGI_16"
"4077","Airoheart","PPSA06649","PS5","Нет","139,80 TL","Airoheart: 139,80 TL; Airoheart: 139,80 TL","Нет","Да","","https://store.playstation.com/en-tr/concept/10004526","2022-09-29","Action","PEGI_7"
"4078","Airheart - Tales of broken Wings","CUSA12416","PS4","Нет","774,00 TL","","Нет","Нет","","https://store.playstation.com/en-tr/concept/232608","2018-07-24","Action","PEGI_7"
"4079","Airhead","PPSA05951","PS5","Нет","849,00 TL","","Нет","Да","","https://store.playstation.com/en-tr/concept/10004203","2024-02-11","Adventure","PEGI_3"
"4080","Air Sea Modern Conflict","PPSA24008","PS5","Нет","349,00 TL","Air Sea Modern Conflict: 349,00 TL; Air Sea Modern Conflict: 349,00 TL","Нет","Нет","","https://store.playstation.com/en-tr/concept/10011159","2024-06-28","Arcade","PEGI_7"
"4081","Akinakes","CUSA55079","PS4","Нет","52,50 TL","","Нет","Нет","","https://store.playstation.com/en-tr/concept/10014626","2025-06-15","Arcade","PEGI_7"
"4082","AKIBA'S TRIP: Hellbound & Debriefed","CUSA23677","PS4","Нет","314,70 TL","AKIBA'S TRIP: Hellbound & Debriefed: 314,70 TL; AKIBA'S TRIP: Hellbound & Debriefed - Digital Deluxe Edition: 1.399,00 TL","Нет","Нет","","https://store.playstation.com/en-tr/concept/234561","2021-07-22","Action","PEGI_16"
"4083","Akiba's Beat","CUSA07108","PS4","Нет","174,75 TL","","Нет","Нет","","https://store.playstation.com/en-tr/concept/222828","2017-05-19","Role Playing Games","PEGI_12"
"4084","Albacete Warrior","PPSA09597","PS4, PS5","Нет","349,00 TL","","Нет","Нет","","https://store.playstation.com/en-tr/concept/10005912","2023-01-31","Action","PEGI_18"
"4085","Albatroz","PPSA22563","PS5","Нет","389,70 TL","","Нет","Нет","","https://store.playstation.com/en-tr/concept/10010793","2024-11-01","Adventure","PEGI_12"
"4086","Akka Arrh","PPSA10084","PS4, PS5","Нет","169,80 TL","","Нет","Нет","","https://store.playstation.com/en-tr/concept/10006101","2024-03-07","Shooter","PEGI_3"
"4087","Akatsuki: Lord of the Dawn","PPSA28026","PS4, PS5","Нет","349,00 TL","","Нет","Нет","","https://store.playstation.com/en-tr/concept/10013873","2025-03-25","Role Playing Games","PEGI_7"
"4088","Akane","CUSA34396","PS4","Нет","171,00 TL","","Нет","Да","","https://store.playstation.com/en-tr/concept/10005356","2022-09-19","Action","PEGI_16"
"4089","Akinofa","PPSA04850","PS5","Нет","215,00 TL","Akinofa: 215,00 TL; Akinofa: 215,00 TL","Нет","Нет","","https://store.playstation.com/en-tr/concept/10003203","2021-08-26","Action","PEGI_7"
"4090","Air Twister","PPSA15654","PS5","Нет","879,00 TL","Air Twister: 879,00 TL; Air Twister: 879,00 TL","Нет","Да","","https://store.playstation.com/en-tr/concept/10008088","2023-11-09","Shooter","PEGI_7"
"4091","AI: THE SOMNIUM FILES","CUSA15141","PS4","Нет","699,00 TL","AI: THE SOMNIUM FILES: 699,00 TL","Нет","Нет","","https://store.playstation.com/en-tr/concept/233250","2019-09-19","Adventure","PEGI_18"
"4092","AI: THE SOMNIUM FILES - nirvanA Initiative","CUSA31380","PS4","Нет","1.399,00 TL","","Нет","Нет","","https://store.playstation.com/en-tr/concept/10001909","2022-07-08","Adventure","PEGI_16"
"4093","Alba: A Wildlife Adventure","PPSA03133","PS4, PS5","Нет","849,00 TL","","Нет","Да","","https://store.playstation.com/en-tr/concept/10002528","2021-06-09","Adventure","PEGI_3"
"4094","A Knight's Quest","CUSA09206","PS4","Нет","1.079,00 TL","","Нет","Нет","","https://store.playstation.com/en-tr/concept/228661","2019-10-09","Adventure","PEGI_7"
"4095","Ai Tycoon","PPSA31467","PS5","Нет","85,00 TL","","Нет","Нет","","https://store.playstation.com/en-tr/concept/10015918","2025-07-31","Simulation","PEGI_3"
"4096","Akai Katana Shin","CUSA40397","PS4","Нет","1.299,00 TL","","Нет","Нет","","https://store.playstation.com/en-tr/concept/10004751","2023-06-29","Shooter","PEGI_12"
"4097","AK-xolotl: Together","PPSA15962","PS4, PS5","Нет","266,00 TL","","Нет","Да","","https://store.playstation.com/en-tr/concept/10008182","2023-09-14","Shooter","PEGI_16"
"4099","Albert and Otto","CUSA09037","PS4","Нет","515,00 TL","","Нет","Нет","","https://store.playstation.com/en-tr/concept/228671","2018-01-16","Action","PEGI_12"
"4100","Alchemic Cutie","CUSA35709","PS4","Нет","849,00 TL","","Нет","Нет","","https://store.playstation.com/en-tr/concept/10005510","2023-06-16","Adventure","PEGI_3"
"4101","Alchemist: Journey of The Soul","PPSA37192","PS4, PS5","Нет","515,00 TL","Alchemist: Journey of The Soul: 515,00 TL; Alchemist X Alchemist: 849,00 TL","Нет","Да","","https://store.playstation.com/en-tr/concept/10015499","2026-06-19","Adventure","PEGI_3"
"4102","Alchemist Adventure","CUSA20231","PS4","Нет","699,00 TL","","Нет","Да","","https://store.playstation.com/en-tr/concept/10000804","2021-05-20","Unique","PEGI_12"
"4103","Albedo: Eyes From Outer Space","CUSA02588","PS4","Нет","525,00 TL","","Нет","Да","","https://store.playstation.com/en-tr/concept/206043","2016-01-19","Shooter","PEGI_12"
"4104","Alchemist Simulator","CUSA34915","PS4","Нет","206,20 TL","","Нет","Да","","https://store.playstation.com/en-tr/concept/10004539","2022-08-23","Adventure","PEGI_3"
"4105","Alien Rush","PPSA29589","PS5","Нет","147,00 TL","Alien Rush: 147,00 TL; 4 Game Attack Bundle: 171,60 TL; Alien Rush: 147,00 TL; 4 Game Attack Bundle: 154,80 TL","Нет","Нет","","https://store.playstation.com/en-tr/concept/10014800","2025-05-15","Arcade","PEGI_3"
"4106","Aleesha's Tower","PPSA27953","PS4, PS5","Нет","257,00 TL","","Нет","Нет","","https://store.playstation.com/en-tr/concept/10013808","2026-06-09","Arcade","PEGI_16"
"4107","Aliens","PPSA02751","PS5","Нет","103,00 TL","","Нет","Нет","","https://store.playstation.com/en-tr/concept/10002231","2021-03-30","Shooter","PEGI_16"
"4108","Alex Kidd in Miracle World DX","PPSA02664","PS4, PS5","Нет","849,00 TL","","Нет","Да","","https://store.playstation.com/en-tr/concept/10000812","2021-06-22","Action","PEGI_7"
"4109","Alchemy Garden","PPSA16068","PS4, PS5","Нет","549,00 TL","","Нет","Да","","https://store.playstation.com/en-tr/concept/10008222","2023-09-07","Simulator","PEGI_3"
"4110","Alice Escaped!","CUSA43414","PS4","Нет","849,00 TL","","Нет","Нет","","https://store.playstation.com/en-tr/concept/10008387","2023-08-24","Action","PEGI_7"
"4111","Alice in Wonderland - A jigsaw puzzle tale","CUSA36615","PS4","Нет","215,00 TL","","Нет","Нет","","https://store.playstation.com/en-tr/concept/10005225","2023-02-08","Puzzle","PEGI_3"
"4112","Alien Cat 2","PPSA35912","PS4, PS5","Нет","215,00 TL","","Нет","Нет","","https://store.playstation.com/en-tr/concept/10018512","2026-06-18","Puzzle","PEGI_7"
"4113","Alexio","CUSA31477","PS4","Нет","215,00 TL","","Нет","Да","","https://store.playstation.com/en-tr/concept/10004186","2021-12-09","Adventure","PEGI_3"
"4114","Alice Sisters","CUSA41441","PS4","Нет","257,00 TL","","Нет","Нет","","https://store.playstation.com/en-tr/concept/10007657","2023-06-21","Action","PEGI_3"
"4115","Alien Hominid Invasion","PPSA23810","PS4, PS5","Нет","594,30 TL","Alien Hominid: The Extra Terrestrial Bundle PS4 & PS5: 1.079,00 TL; Alien Hominid Invasion PS4 & PS5: 594,30 TL","Нет","Да","","https://store.playstation.com/en-tr/concept/10010545","2025-06-10","Action","PEGI_16"
"4116","Alien Invasion","CUSA48166","PS4","Нет","69,80 TL","Arcade Pack: 649,00 TL; Alien Invasion: 69,80 TL","Нет","Нет","","https://store.playstation.com/en-tr/concept/10010657","2024-04-10","Arcade","PEGI_3"
"4117","Alchewizard","PPSA36769","PS4, PS5","Нет","129,00 TL","","Нет","Нет","","https://store.playstation.com/en-tr/concept/10019012","2026-03-22","Puzzle","PEGI_3"
"4118","Alien Cat Story","PPSA37784","PS5","Нет","343,00 TL","Alien Cat Story: 343,00 TL; Alien Cat Story: 343,00 TL","Нет","Да","","https://store.playstation.com/en-tr/concept/10019591","2026-05-27","Puzzle","PEGI_3"
"4119","Alchemist: The Potion Monger","PPSA24872","PS5","Нет","193,50 TL","Alchemist: The Potion Monger: 193,50 TL; Alchemist: The Potion Monger: 154,80 TL","Нет","Нет","","https://store.playstation.com/en-tr/concept/10008417","2024-09-26","Adventure","PEGI_7"
"4120","Alien Breakout","PPSA30702","PS4, PS5","Нет","215,00 TL","","Нет","Нет","","https://store.playstation.com/en-tr/concept/10015480","2025-08-05","Action","PEGI_7"
"4121","Aliens Roadside","PPSA37088","PS5","Нет","687,00 TL","","Нет","Да","","https://store.playstation.com/en-tr/concept/10017205","2026-04-05","Arcade","PEGI_7"
"4122","Aliens Attack","PPSA17314","PS5","Нет","147,00 TL","Aliens Attack: 147,00 TL; Aliens Attack: 147,00 TL","Нет","Нет","","https://store.playstation.com/en-tr/concept/10008598","2023-06-29","Arcade","PEGI_3"
"4123","Aliens Revenge","PPSA27548","PS5","Нет","147,00 TL","Aliens Revenge: 147,00 TL; Alien Quad Game Bundle: 111,60 TL; Aliens Revenge: 147,00 TL; Alien Quad Game Bundle: 147,00 TL","Нет","Нет","","https://store.playstation.com/en-tr/concept/10013381","2025-02-13","Casual","PEGI_3"
"4124","A Light in the Dark","CUSA30794","PS4","Нет","849,00 TL","","Нет","Нет","","https://store.playstation.com/en-tr/concept/234887","2023-04-05","Adventure","PEGI_16"
"4125","Alina Of The Arena","PPSA19626","PS4, PS5","Нет","629,00 TL","","Нет","Да","","https://store.playstation.com/en-tr/concept/10009161","2023-11-23","Strategy","PEGI_16"
"4126","A Little Lily Princess","PPSA03821","PS4, PS5","Нет","549,00 TL","","Нет","Нет","","https://store.playstation.com/en-tr/concept/10002969","2021-05-27","Adventure","PEGI_12"
"4127","Alpha Warrior","PPSA13762","PS5","Нет","171,50 TL","Arcade Triple Game Bundle: 157,50 TL; Alpha Warrior: 171,50 TL; Premium Edition: 171,50 TL; Arcade Triple Game Bundle: 126,00 TL; Alpha Warrior: 171,50 TL; Premium Edition: 180,00 TL","Нет","Нет","","https://store.playstation.com/en-tr/concept/10007336","2023-03-23","Arcade","PEGI_3"
"4128","Alpha Invasion","CUSA18906","PS4","Нет","64,50 TL","Alpha Invasion: 64,50 TL; Hacker Edition: 75,00 TL","Нет","Нет","","https://store.playstation.com/en-tr/concept/10000327","2020-06-18","Action","PEGI_12"
"4129","A Little to the Left","PPSA17848","PS4, PS5","Нет","525,00 TL","A Little to the Left Cupboards & Drawers DLC Bundle: 665,00 TL; A Little to the Left: Extra Tidy Bundle: 945,00 TL","Нет","Нет","PS Plus Extra","https://store.playstation.com/en-tr/concept/10008945","2024-02-15","Puzzle","PEGI_3"
"4130","All You Need is Help","PPSA20627","PS5","Нет","90,15 TL","All You Need is Help: 90,15 TL; All You Need is Help Lively Friends Bundle: 595,00 TL","Нет","Да","","https://store.playstation.com/en-tr/concept/10010019","2024-09-26","Puzzle","PEGI_3"
"4131","Allison's Diary: Rebirth","CUSA20684","PS4","Нет","349,00 TL","","Нет","Да","","https://store.playstation.com/en-tr/concept/10001515","2020-10-29","Action","PEGI_16"
"4132","All The Words She Wrote","PPSA28187","PS4, PS5","Нет","549,00 TL","","Нет","Нет","","https://store.playstation.com/en-tr/concept/10013991","2025-07-03","Adventure","PEGI_12"
"4133","Alone With You","CUSA04790","PS4","Нет","429,00 TL","","Нет","Нет","","https://store.playstation.com/en-tr/concept/221670","2016-08-22","Adventure","PEGI_12"
"4134","Alpaca Wonders Why","PPSA20569","PS5","Нет","129,00 TL","Alpaca Wonders Why: 129,00 TL; Alpaca Wonders Why: 129,00 TL","Нет","Да","","https://store.playstation.com/en-tr/concept/10009998","2024-01-25","Adventure","PEGI_3"
"4135","Alphaset by POWGI","CUSA20351","PS4","Нет","343,00 TL","","Нет","Нет","","https://store.playstation.com/en-tr/concept/10000877","2020-08-24","Brain Training","PEGI_3"
"4136","All I Want for Christmas are Subgames","PPSA20217","PS5","Нет","21,45 TL","","Нет","Нет","","https://store.playstation.com/en-tr/concept/10009832","2023-12-18","Casual","PEGI_3"
"4137","Alpine Skater","CUSA56408","PS4","Нет","429,00 TL","Alpine Skater: 429,00 TL","Нет","Да","","https://store.playstation.com/en-tr/concept/10016608","2025-10-16","Sport","PEGI_3"
"4138","Almost My Floor","PPSA05936","PS5","Нет","69,80 TL","Almost My Floor: 69,80 TL; Almost My Floor: 69,80 TL","Нет","Да","","https://store.playstation.com/en-tr/concept/10004199","2022-06-30","Adventure","PEGI_12"
"4139","Alone Musc Halloween Avatar Bundle","CUSA45345","PS4","Нет","107,50 TL","Alone Musc Halloween Avatar Bundle: 107,50 TL; Alone Musc: 85,00 TL","Нет","Нет","","https://store.playstation.com/en-tr/concept/10009291","2023-10-04","Brain Training","PEGI_3"
"4140","All in Abyss: Judge the Fake","PPSA27802","PS5","Нет","559,00 TL","Standard Edition: 559,00 TL; Digital Deluxe Edition: 839,00 TL","Нет","Нет","","https://store.playstation.com/en-tr/concept/10013683","2025-04-09","Adventure","PEGI_18"
"4141","Alpha Particle","PPSA08702","PS4, PS5","Нет","349,00 TL","","Нет","Нет","","https://store.playstation.com/en-tr/concept/10005514","2023-10-31","Action","PEGI_3"
"4142","Alteric","CUSA09952","PS4","Нет","52,50 TL","","Нет","Да","","https://store.playstation.com/en-tr/concept/231042","2017-10-10","Arcade","PEGI_3"
"4143","All Of Us Are Dead","CUSA44719","PS4","Нет","816,00 TL","","Нет","Нет","","https://store.playstation.com/en-tr/concept/10008979","2024-06-19","Horror","PEGI_18"
"4144","ALTDEUS: Beyond Chronos","CUSA26564","PS4","Нет","1.079,00 TL","","Нет","Нет","","https://store.playstation.com/en-tr/concept/10000594","2021-04-14","Adventure","PEGI_16"
"4145","ALTAIR BREAKER","PPSA09499","PS5","Нет","1.225,00 TL","","Нет","Нет","","https://store.playstation.com/en-tr/concept/10005837","2023-02-21","Action","PEGI_12"
"4146","Alt Girl for Skoof","PPSA36634","PS5","Нет","322,00 TL","","Да","Да","","https://store.playstation.com/en-tr/concept/10018942","2026-04-21","Adventure","PEGI_12"
"4147","Alveole","PPSA04010","PS5","Нет","52,50 TL","Alveole: 52,50 TL; Alveole: 52,50 TL","Нет","Да","","https://store.playstation.com/en-tr/concept/10003068","2021-08-31","Puzzle","PEGI_3"
"4148","ALVO VR","PPSA13360","PS5","Нет","816,00 TL","ALVO VR: 816,00 TL; ALVO VR: 649,00 TL","Нет","Да","","https://store.playstation.com/en-tr/concept/229879","2023-08-18","Shooter","PEGI_16"
"4149","Alwa's Awakening","CUSA12642","PS4","Нет","429,00 TL","","Нет","Да","","https://store.playstation.com/en-tr/concept/232405","2019-03-20","Action","PEGI_7"
"4150","Alterity Experience","PPSA12399","PS5","Нет","349,00 TL","Alterity Experience: 349,00 TL; Alterity Experience: 349,00 TL","Нет","Нет","","https://store.playstation.com/en-tr/concept/10005289","2023-02-15","Horror","PEGI_12"
"4151","Alpine - The Simulation Game","CUSA30253","PS4","Нет","1.299,00 TL","","Нет","Нет","","https://store.playstation.com/en-tr/concept/10003753","2021-11-22","Simulation","PEGI_3"
"4152","Alwa's Legacy","CUSA27021","PS4","Нет","649,00 TL","","Нет","Нет","","https://store.playstation.com/en-tr/concept/10002289","2021-11-30","Adventure","PEGI_7"
"4153","Always Sometimes Monsters","CUSA06564","PS4","Нет","419,00 TL","","Нет","Нет","","https://store.playstation.com/en-tr/concept/225009","2017-10-19","Adventure","PEGI_18"
"4154","Amazing Discoveries In Outer Space","CUSA02621","PS4","Нет","601,00 TL","","Нет","Нет","","https://store.playstation.com/en-tr/concept/216018","2016-02-03","Action","PEGI_3"
"4155","American Arcadia","PPSA25653","PS4, PS5","Нет","699,00 TL","","Нет","Да","","https://store.playstation.com/en-tr/concept/10006434","2025-05-15","Adventure","PEGI_16"
"4156","AMEDAMA","PPSA26053","PS5","Нет","875,00 TL","AMEDAMA: 875,00 TL","Нет","Нет","","https://store.playstation.com/en-tr/concept/10012559","2024-11-20","Action","PEGI_16"
"4157","Amabilly","PPSA19279","PS4, PS5","Нет","175,00 TL","","Нет","Нет","","https://store.playstation.com/en-tr/concept/10009471","2023-11-02","Action","PEGI_7"
"4158","Amazing Weekend 2: Search and Relax","PPSA29190","PS5","Нет","85,80 TL","","Нет","Да","","https://store.playstation.com/en-tr/concept/10014637","2025-05-27","Adventure","PEGI_3"
"4159","A Maze Against Time","PPSA26274","PS5","Нет","129,00 TL","A Maze Against Time: 129,00 TL; A Maze Against Time: 129,00 TL","Нет","Нет","","https://store.playstation.com/en-tr/concept/10012727","2024-12-07","Puzzle","PEGI_3"
"4160","Amazing Maze","PPSA38617","PS5","Нет","228,00 TL","","Нет","Да","","https://store.playstation.com/en-tr/concept/10020095","2026-07-09","Puzzle","PEGI_3"
"4161","Amelia's Diner","CUSA48844","PS4","Нет","179,00 TL","","Нет","Нет","","https://store.playstation.com/en-tr/concept/10010998","2024-05-16","Casual","PEGI_3"
"4162","American Theft 80s","PPSA33541","PS5","Нет","649,00 TL","","Нет","Да","","https://store.playstation.com/en-tr/concept/10017053","2026-01-30","Adventure","PEGI_12"
"4163","Amazing Breaker","CUSA30351","PS4","Нет","39,20 TL","","Нет","Да","","https://store.playstation.com/en-tr/concept/10003790","2021-10-26","Casual","PEGI_3"
"4164","Amazing Weekend: Search and Relax Collector’s Edition","PPSA26456","PS5","Нет","85,80 TL","","Нет","Да","","https://store.playstation.com/en-tr/concept/10012844","2024-12-09","Adventure","PEGI_3"
"4165","American Fugitive","CUSA13958","PS4","Нет","849,00 TL","","Нет","Нет","","https://store.playstation.com/en-tr/concept/232938","2019-05-20","Action","PEGI_16"
"4166","Amber Alert Director's cut","PPSA29017","PS5","Нет","774,00 TL","Amber Alert Director's cut: 774,00 TL; Amber Alert Director's cut: 774,00 TL","Нет","Нет","","https://store.playstation.com/en-tr/concept/10014506","2025-06-05","Horror","PEGI_18"
"4167","Amazing Superhero Squad","PPSA06643","PS5","Нет","61,25 TL","Amazing Superhero Squad: 61,25 TL; Amazing Superhero Squad: 61,25 TL","Нет","Да","","https://store.playstation.com/en-tr/concept/10004567","2022-05-24","Strategy","PEGI_16"
"4168","America Wild Hunting","CUSA38307","PS4","Нет","215,00 TL","","Нет","Нет","","https://store.playstation.com/en-tr/concept/10006596","2022-10-27","Shooter","PEGI_7"
"4169","Amnesia: Collection","CUSA05457","PS4","Нет","999,00 TL","","Нет","Да","","https://store.playstation.com/en-tr/concept/221671","2016-11-21","Action","PEGI_16"
"4170","Amigo: Kebab Simulator","PPSA35832","PS5","Нет","472,00 TL","","Нет","Да","","https://store.playstation.com/en-tr/concept/10015927","2026-03-16","Simulation","PEGI_16"
"4171","A Matter of Principle","PPSA13775","PS5","Нет","171,00 TL","A Matter of Principle: 171,00 TL; A Matter of Principle: 171,00 TL","Нет","Да","","https://store.playstation.com/en-tr/concept/10006925","2023-02-02","Adventure","PEGI_16"
"4172","Ambidextro","PPSA30288","PS5","Нет","343,00 TL","Majorariatto Duo Bundle: 515,00 TL; Ambidextro: 343,00 TL","Нет","Да","","https://store.playstation.com/en-tr/concept/10015246","2025-09-12","Arcade","PEGI_7"
"4173","Amnesia: Rebirth","CUSA19272","PS4","Нет","999,00 TL","","Нет","Да","","https://store.playstation.com/en-tr/concept/10000474","2020-10-19","Adventure","PEGI_18"
"4174","Amazing Princess Sarah","CUSA32341","PS4","Нет","34,30 TL","","Нет","Нет","","https://store.playstation.com/en-tr/concept/10004553","2022-05-19","Action","PEGI_7"
"4175","AMAZE!","CUSA42694","PS4","Нет","52,50 TL","AMAZE! & Light-it Up: 279,00 TL; AMAZE!: 52,50 TL","Нет","Нет","","https://store.playstation.com/en-tr/concept/10008115","2023-04-27","Brain Training","PEGI_3"
"4176","An Aisling","PPSA29208","PS5","Нет","188,55 TL","An Aisling: 188,55 TL; An Aisling: 188,55 TL","Нет","Нет","","https://store.playstation.com/en-tr/concept/10013867","2025-04-24","Adventure","PEGI_12"
"4177","Ancient Weapon Holly","PPSA18128","PS4, PS5","Нет","629,00 TL","Ancient Weapon Holly PS4 & PS5: 629,00 TL; Ancient Weapon Holly PS4 & PS5: 629,00 TL","Нет","Нет","","https://store.playstation.com/en-tr/concept/10009056","2024-03-08","Action","PEGI_7"
"4178","Among Ashes","PPSA26333","PS5","Нет","227,15 TL","","Нет","Да","","https://store.playstation.com/en-tr/concept/10012763","2024-12-08","Horror","PEGI_16"
"4179","Ancient Mahjong","CUSA46452","PS4","Нет","129,00 TL","","Нет","Нет","","https://store.playstation.com/en-tr/concept/10009792","2023-11-24","Casual","PEGI_3"
"4180","Ancestors Legacy","CUSA14954","PS4","Нет","1.499,00 TL","","Нет","Да","","https://store.playstation.com/en-tr/concept/233418","2019-08-12","Strategy","PEGI_18"
"4181","Angry Alligator","CUSA25919","PS4","Нет","429,00 TL","","Нет","Нет","","https://store.playstation.com/en-tr/concept/10002036","2021-11-29","Adventure","PEGI_7"
"4182","Ancient Stories: Gods of Egypt","CUSA30323","PS4","Нет","300,00 TL","","Нет","Да","","https://store.playstation.com/en-tr/concept/10003782","2021-10-14","Casual","PEGI_3"
"4183","Angry Video Game Nerd 8-bit","PPSA28679","PS4, PS5","Нет","636,75 TL","Angry Video Game Nerd 8-bit: 636,75 TL","Нет","Да","","https://store.playstation.com/en-tr/concept/10014313","2025-10-22","Action","PEGI_18"
"4184","Angels of Death","CUSA27720","PS4","Нет","295,35 TL","","Нет","Да","","https://store.playstation.com/en-tr/concept/10002688","2021-04-21","Adventure","PEGI_16"
"4185","Angels with Scaly Wings","PPSA03086","PS4, PS5","Нет","257,40 TL","","Нет","Нет","","https://store.playstation.com/en-tr/concept/10000889","2021-04-29","Unique","PEGI_16"
"4186","An Evil Existence","CUSA24129","PS4","Нет","595,00 TL","","Нет","Нет","","https://store.playstation.com/en-tr/concept/10001096","2021-05-06","Horror","PEGI_18"
"4187","A Musical Story","PPSA04661","PS5","Нет","525,00 TL","A Musical Story: 525,00 TL; A Musical Story: 525,00 TL","Нет","Да","","https://store.playstation.com/en-tr/concept/10003456","2022-03-02","Music/Rhythm","PEGI_16"
"4188","Angry Birds VR: Isle of Pigs","CUSA15269","PS4","Нет","525,00 TL","","Нет","Нет","","https://store.playstation.com/en-tr/concept/233484","2019-04-15","Casual","PEGI_3"
"4189","Andro Dunos II","CUSA32058","PS4","Нет","529,00 TL","","Нет","Нет","","https://store.playstation.com/en-tr/concept/10004430","2022-03-16","Action","PEGI_7"
"4190","Ancient Ants Adventure","PPSA28259","PS4, PS5","Нет","175,00 TL","Ancient Ants Adventure: 175,00 TL; Ancient Ants Adventure: 175,00 TL","Нет","Нет","","https://store.playstation.com/en-tr/concept/10014040","2025-02-19","Shooter","PEGI_7"
"4191","Ancient Dungeon VR","PPSA19292","PS5","Нет","699,00 TL","","Нет","Нет","","https://store.playstation.com/en-tr/concept/10009474","2023-12-06","Fighting","PEGI_16"
"4192","Angry Video Game Nerd I & II Deluxe","CUSA24807","PS4","Нет","244,30 TL","","Нет","Да","","https://store.playstation.com/en-tr/concept/10001179","2021-02-25","Action","PEGI_18"
"4193","A Night on the Farm","PPSA22292","PS4, PS5","Нет","175,00 TL","","Нет","Нет","","https://store.playstation.com/en-tr/concept/10010694","2024-09-17","Horror","PEGI_16"
"4194","Angry Cat","PPSA34203","PS5","Нет","257,00 TL","Angry Cat: 257,00 TL; Angry Cat: 257,00 TL","Нет","Нет","","https://store.playstation.com/en-tr/concept/10017468","2025-12-19","Simulation","PEGI_3"
"4195","Anima: Gate of memories","CUSA04501","PS4","Нет","699,00 TL","","Нет","Нет","","https://store.playstation.com/en-tr/concept/216024","2016-06-02","Role Playing Games","PEGI_12"
"4196","Amplitude","CUSA02670","PS4","Нет","849,00 TL","","Нет","Нет","","https://store.playstation.com/en-tr/concept/200230","2018-10-28","Music/Rhythm","PEGI_3"
"4197","Anima: Gate of Memories I&II Remaster","PPSA28376","PS5","Нет","714,45 TL","Anima: Gate of Memories I&II Remaster: 714,45 TL","Нет","Нет","","https://store.playstation.com/en-tr/concept/10014113","2025-11-07","Adventure","PEGI_12"
"4198","Anime RPG: Isekai Journey","CUSA46185","PS4","Нет","175,00 TL","","Нет","Да","","https://store.playstation.com/en-tr/concept/10009655","2023-12-17","Puzzle","PEGI_12"
"4199","ANIMAL WELL","PPSA22519","PS5","Нет","879,00 TL","","Нет","Да","","https://store.playstation.com/en-tr/concept/10004542","2024-05-09","Horror","PEGI_7"
"4200","Anime: Fantasy Uni 2","PPSA35337","PS5","Нет","107,00 TL","Fantasy Avatars & Anime: Fantasy Uni 2: 79,50 TL; Anime: Fantasy Uni 2: 107,00 TL; Fantasy Avatars & Anime: Fantasy Uni 2: 79,50 TL; Anime: Fantasy Uni 2: 107,00 TL","Нет","Нет","","https://store.playstation.com/en-tr/concept/10018149","2026-01-14","Adult","PEGI_12"
"4201","Anime Girls: Sun of a Beach","PPSA26919","PS5","Нет","279,00 TL","","Нет","Нет","","https://store.playstation.com/en-tr/concept/10013101","2024-12-09","Action","PEGI_12"
"4202","Anime Girls: Highschool of Dead","PPSA30865","PS5","Нет","257,00 TL","Anime Girls: Highschool of Dead: 257,00 TL; Anime Girls: Highschool of Dead: 209,00 TL","Нет","Нет","","https://store.playstation.com/en-tr/concept/10015585","2025-06-27","Action","PEGI_12"
"4203","Animal Kart Racer 2","PPSA16390","PS5","Нет","849,00 TL","Animal Kart Racer 2: 849,00 TL; Animal Kart Racer 2: 849,00 TL","Нет","Нет","","https://store.playstation.com/en-tr/concept/10008358","2023-10-25","Action","PEGI_3"
"4204","Animal Super Squad","CUSA11119","PS4","Нет","515,00 TL","","Нет","Нет","","https://store.playstation.com/en-tr/concept/231214","2018-05-16","Action","PEGI_3"
"4205","Animal Shelter","CUSA39289","PS4","Нет","525,00 TL","","Нет","Да","","https://store.playstation.com/en-tr/concept/10006847","2023-03-03","Simulator","PEGI_3"
"4206","Anime Dream","CUSA46110","PS4","Нет","87,00 TL","","Нет","Нет","","https://store.playstation.com/en-tr/concept/10009635","2023-11-26","Adult","PEGI_12"
"4207","Anime Girls: Tactical Assault","PPSA33036","PS5","Нет","343,00 TL","","Нет","Нет","","https://store.playstation.com/en-tr/concept/10016790","2026-05-17","Action","PEGI_12"
"4208","Animal Hospital","PPSA13694","PS4, PS5","Нет","1.399,00 TL","","Нет","Да","","https://store.playstation.com/en-tr/concept/10007255","2023-10-19","Simulation","PEGI_3"
"4209","Animal Rivals","CUSA19093","PS4","Нет","300,00 TL","","Нет","Нет","","https://store.playstation.com/en-tr/concept/10000411","2021-04-28","Action","PEGI_7"
"4210","Animal Force","CUSA11338","PS4","Нет","649,00 TL","Animal Force: 649,00 TL","Нет","Да","","https://store.playstation.com/en-tr/concept/232348","2018-05-21","Unique","PEGI_3"
"4211","Anime Girls: Stellar Invasion","PPSA28837","PS5","Нет","515,00 TL","","Нет","Нет","","https://store.playstation.com/en-tr/concept/10014403","2026-03-12","Role Playing Games","PEGI_12"
"4212","Animal Lover","PPSA10584","PS4, PS5","Нет","429,00 TL","","Нет","Нет","","https://store.playstation.com/en-tr/concept/10006262","2023-02-22","Adventure","PEGI_16"
"4213","Anime Christmas Uni","PPSA34510","PS5","Нет","107,00 TL","Christmas Bundle: Anime Christmas Uni + Christmas Avatars: 150,00 TL; Anime Christmas Uni: 107,00 TL; Christmas Bundle: Anime Christmas Uni + Christmas Avatars: 154,00 TL; Anime Christmas Uni: 107,00 TL","Нет","Нет","","https://store.playstation.com/en-tr/concept/10017666","2025-12-03","Puzzle","PEGI_12"
"4214","Anime Studio Story","CUSA23875","PS4","Нет","549,00 TL","","Нет","Нет","","https://store.playstation.com/en-tr/concept/10001148","2021-11-17","Simulation","PEGI_3"
"4215","ANIQUILATION","CUSA31656","PS4","Нет","549,00 TL","","Нет","Да","","https://store.playstation.com/en-tr/concept/10003840","2022-07-27","Shooter","PEGI_7"
"4216","Anima: Gate of Memories - The Nameless Chronicles","CUSA12134","PS4","Нет","699,00 TL","Anima: Gate of Memories - The Nameless Chronicles: 699,00 TL; Anima: Gate of Memories - Arcane Edition: 1.049,00 TL","Нет","Нет","","https://store.playstation.com/en-tr/concept/232205","2018-06-18","Adventure","PEGI_12"
"4217","Anime vs Evil: Apocalypse","PPSA21523","PS4, PS5","Нет","269,75 TL","","Нет","Да","","https://store.playstation.com/en-tr/concept/10010387","2024-05-15","Adventure","PEGI_16"
"4218","Anime Uni: April Fools Puzzle","PPSA36955","PS5","Нет","107,00 TL","Anime Uni: April Fools Puzzle+Fools Avatars: 79,50 TL; Anime Uni: April Fools Puzzle: 107,00 TL; Anime Uni: April Fools Puzzle+Fools Avatars: 79,50 TL; Anime Uni: April Fools Puzzle: 107,00 TL","Нет","Нет","","https://store.playstation.com/en-tr/concept/10019092","2026-03-31","Adult","PEGI_12"
"4219","Ankora: Lost Days","CUSA35001","PS4","Нет","69,90 TL","","Нет","Нет","","https://store.playstation.com/en-tr/concept/10005564","2023-03-29","Adventure","PEGI_7"
"4220","Anime: Japanese Goblins","CUSA47289","PS4","Нет","56,55 TL","","Нет","Нет","","https://store.playstation.com/en-tr/concept/10010212","2024-03-22","Puzzle","PEGI_16"
"4221","Anna's Quest","CUSA27811","PS4","Нет","699,00 TL","","Нет","Да","","https://store.playstation.com/en-tr/concept/227096","2021-06-29","Adventure","PEGI_7"
"4222","ANNIE:Last Hope","PPSA27923","PS5","Нет","875,00 TL","ANNIE:Last Hope: 875,00 TL; ANNIE:Last Hope: 875,00 TL","Нет","Нет","","https://store.playstation.com/en-tr/concept/10013729","2025-04-24","Adventure","PEGI_16"
"4223","ANONYMOUS;CODE","CUSA35216","PS4","Нет","2.099,00 TL","Digital Deluxe Edition: 2.799,00 TL; ANONYMOUS;CODE: 2.099,00 TL","Нет","Нет","","https://store.playstation.com/en-tr/concept/234115","2023-09-07","Adventure","PEGI_16"
"4224","ANOMALITH","PPSA29380","PS5","Да","1.934,10 TL","Standard Edition: 1.934,10 TL; Digital Deluxe Edition: 2.699,10 TL","Нет","Нет","","https://store.playstation.com/en-tr/concept/10012984","2026-10-28","Action","PEGI_16"
"4225","AO International Tennis","CUSA09105","PS4","Нет","849,00 TL","","Нет","Нет","","https://store.playstation.com/en-tr/concept/232031","2018-05-07","Sport","PEGI_3"
"4226","Anthology of Fear","CUSA44910","PS4","Нет","349,00 TL","","Нет","Да","","https://store.playstation.com/en-tr/concept/10009091","2023-12-07","Horror","PEGI_18"
"4227","Antigraviator","CUSA11044","PS4","Нет","699,00 TL","","Нет","Да","","https://store.playstation.com/en-tr/concept/231212","2019-10-29","Action","PEGI_3"
"4228","Anomaly 2","CUSA00137","PS4","Нет","90,15 TL","","Нет","Да","","https://store.playstation.com/en-tr/concept/200256","2014-09-16","Strategy","PEGI_12"
"4229","Another Bar Game","PPSA23830","PS5","Нет","212,85 TL","","Нет","Да","","https://store.playstation.com/en-tr/concept/10011025","2025-11-04","Casual","PEGI_16"
"4230","Another Crusade","PPSA10973","PS5","Нет","699,00 TL","Another Crusade: 699,00 TL; Another Crusade: 699,00 TL","Нет","Нет","","https://store.playstation.com/en-tr/concept/10006417","2023-09-14","Role Playing Games","PEGI_7"
"4231","Another Sight","CUSA15304","PS4","Нет","1.299,00 TL","","Нет","Нет","","https://store.playstation.com/en-tr/concept/233533","2019-06-26","Adventure","PEGI_7"
"4232","Anodyne 2: Return to Dust","PPSA02700","PS4, PS5","Нет","849,00 TL","","Нет","Нет","","https://store.playstation.com/en-tr/concept/10001776","2021-02-17","Adventure","PEGI_7"
"4233","Anodyne","CUSA05862","PS4","Нет","429,00 TL","","Нет","Нет","PS Plus Extra","https://store.playstation.com/en-tr/concept/221831","2018-09-19","Action","PEGI_16"
"4234","Anthology of The Killer","PPSA31224","PS5","Нет","343,00 TL","","Нет","Нет","","https://store.playstation.com/en-tr/concept/10015693","2026-04-13","Horror","PEGI_16"
"4235","Another Dawn","CUSA26202","PS4","Нет","595,00 TL","","Нет","Да","","https://store.playstation.com/en-tr/concept/10002160","2021-02-11","Action","PEGI_16"
"4236","Antigravity Racing","PPSA15300","PS5","Нет","122,15 TL","Standard: 122,15 TL; Standard: 122,15 TL","Нет","Нет","","https://store.playstation.com/en-tr/concept/10007920","2023-03-07","Simulation","PEGI_7"
"4237","Aooni","PPSA37013","PS5","Нет","322,00 TL","","Нет","Нет","","https://store.playstation.com/en-tr/concept/10019115","2026-07-02","Horror","PEGI_12"
"4238","- A passive boy at the Huntress clinic - 草食系男子の言いなり入院生活","CUSA47546","PS4","Нет","687,00 TL","","Нет","Да","","https://store.playstation.com/en-tr/concept/10010364","2025-01-29","Adventure","PEGI_16"
"4239","Another World Mahjong Girl","PPSA20431","PS4, PS5","Нет","349,00 TL","","Нет","Нет","","https://store.playstation.com/en-tr/concept/10009927","2024-02-08","Casual","PEGI_12"
"4240","Antro","PPSA24350","PS5","Нет","356,95 TL","Antro: 356,95 TL","Нет","Нет","","https://store.playstation.com/en-tr/concept/10011682","2025-06-26","Action","PEGI_16"
"4241","Ape Academy 2","PPSA11132","PS4, PS5","Нет","429,00 TL","","Нет","Да","","https://store.playstation.com/en-tr/concept/10006482","2025-03-07","Adventure","PEGI_3"
"4242","Annihilation","PPSA21410","PS5","Нет","209,00 TL","Annihilation: 209,00 TL; Annihilation: 179,00 TL","Нет","Нет","","https://store.playstation.com/en-tr/concept/233666","2024-02-19","Action","PEGI_7"
"4243","AO Tennis 2","CUSA17267","PS4","Нет","1.049,00 TL","","Нет","Да","PS Plus Extra","https://store.playstation.com/en-tr/concept/233432","2020-01-08","Sport","PEGI_3"
"4244","Ape Escape 2","CUSA02269","PS4","Нет","429,00 TL","","Нет","Нет","","https://store.playstation.com/en-tr/concept/200006","2016-08-01","Action","PEGI_3"
"4245","A Perfect Day","PPSA10209","PS4, PS5","Нет","665,00 TL","","Нет","Нет","","https://store.playstation.com/en-tr/concept/10006042","2023-10-26","Adventure","PEGI_12"
"4246","Apex Heroines","PPSA22356","PS5","Нет","875,00 TL","","Нет","Нет","","https://store.playstation.com/en-tr/concept/10010260","2024-12-12","Arcade","PEGI_12"
"4247","Aphelion","PPSA13446","PS5","Нет","1.499,00 TL","","Нет","Да","","https://store.playstation.com/en-tr/concept/10007223","2026-04-28","Adventure","PEGI_16"
"4248","Apotheon","CUSA01366","PS4","Нет","472,00 TL","","Нет","Нет","","https://store.playstation.com/en-tr/concept/200034","2015-02-04","Action","PEGI_16"
"4249","Apocalypse Rider","CUSA16509","PS4","Нет","257,00 TL","","Нет","Нет","","https://store.playstation.com/en-tr/concept/232417","2020-03-11","Casual","PEGI_3"
"4250","Aquadine","PPSA08623","PS4, PS5","Нет","339,60 TL","","Нет","Нет","","https://store.playstation.com/en-tr/concept/10005496","2022-08-25","Adventure","PEGI_12"
"4251","A Pizza Delivery","PPSA32973","PS5","Нет","601,00 TL","","Нет","Нет","","https://store.playstation.com/en-tr/concept/10016761","2025-11-06","Adventure","PEGI_3"
"4252","AQUA KITTY - Milk Mine Defender DX","CUSA01096","PS4","Нет","283,00 TL","AQUA KITTY DX - PAWSOME BUNDLE: 429,00 TL; AQUA KITTY - Milk Mine Defender DX: 283,00 TL","Нет","Нет","","https://store.playstation.com/en-tr/concept/205861","2014-11-26","Action","PEGI_7"
"4253","Apocalipsis: The Tree of the Knowledge of Good and Evil","CUSA16562","PS4","Нет","175,00 TL","","Нет","Да","","https://store.playstation.com/en-tr/concept/234581","2019-09-04","Adventure","PEGI_12"
"4254","Aquamarine","PPSA34316","PS5","Нет","849,00 TL","","Нет","Нет","","https://store.playstation.com/en-tr/concept/10017536","2026-02-26","Adventure","PEGI_3"
"4255","Aphrodite's Bathhouse","PPSA30425","PS4, PS5","Нет","215,00 TL","","Нет","Нет","","https://store.playstation.com/en-tr/concept/10015318","2025-08-28","Arcade","PEGI_12"
"4256","Apple Slash","PPSA04141","PS4, PS5","Нет","175,00 TL","","Нет","Да","","https://store.playstation.com/en-tr/concept/10000994","2021-07-29","Unique","PEGI_7"
"4257","A Pixel Story","CUSA05957","PS4","Нет","389,00 TL","","Нет","Нет","","https://store.playstation.com/en-tr/concept/221816","2017-02-23","Action","PEGI_7"
"4258","A Place for the Unwilling","CUSA23214","PS4","Нет","649,00 TL","","Нет","Нет","","https://store.playstation.com/en-tr/concept/10000697","2022-03-23","Adventure","PEGI_16"
"4259","A Prison Digging Game","PPSA29131","PS5","Нет","134,75 TL","A Prison Digging Game: 134,75 TL; A Prison Digging Game: 134,75 TL","Нет","Нет","","https://store.playstation.com/en-tr/concept/10014596","2025-03-27","Simulation","PEGI_3"
"4260","APICO","PPSA06935","PS5","Нет","182,50 TL","APICO: 182,50 TL; APICO: 182,50 TL","Нет","Нет","","https://store.playstation.com/en-tr/concept/10003145","2022-09-29","Simulation","PEGI_3"
"4261","Aquarist","CUSA46636","PS4","Нет","525,00 TL","","Нет","Нет","","https://store.playstation.com/en-tr/concept/10009885","2024-04-25","Simulator","PEGI_3"
"4262","Aqua Moto Racing Utopia","CUSA02144","PS4","Нет","455,00 TL","","Нет","Да","","https://store.playstation.com/en-tr/concept/216034","2016-11-29","Action","PEGI_7"
"4263","Apex Construct","CUSA08702","PS4","Нет","245,00 TL","","Нет","Нет","","https://store.playstation.com/en-tr/concept/229353","2018-02-19","Adventure","PEGI_7"
"4264","Arab drift cars 3","PPSA32267","PS5","Нет","730,00 TL","Arab drift cars 3: 730,00 TL; Arab drift cars 3: 730,00 TL","Нет","Нет","","https://store.playstation.com/en-tr/concept/10016399","2025-08-22","Simulation","PEGI_3"
"4265","Arab drift cars 2 - The","PPSA31375","PS5","Нет","730,00 TL","Arab drift cars 2 - The Definitive Edition: 730,00 TL; Arab drift cars 2 - The Definitive Edition: 730,00 TL","Нет","Нет","","https://store.playstation.com/en-tr/concept/10015864","2025-08-12","Simulation","PEGI_3"
"4266","Ara Fell","CUSA18798","PS4","Нет","629,00 TL","","Нет","Нет","","https://store.playstation.com/en-tr/concept/10000364","2020-03-25","Adventure","PEGI_12"
"4267","Arab Drift Cars","CUSA29721","PS4","Нет","849,00 TL","","Нет","Нет","","https://store.playstation.com/en-tr/concept/10003538","2021-08-15","Driving/Racing","PEGI_3"
"4268","Arcade Archives 2 BERMUDA TRIANGLE","PPSA33215","PS5","Нет","387,00 TL","Arcade Archives 2 BERMUDA TRIANGLE: 387,00 TL; Arcade Archives BERMUDA TRIANGLE: 300,00 TL","Нет","Нет","","https://store.playstation.com/en-tr/concept/10016902","2025-12-03","Shooter","PEGI_3"
"4269","Aragami","CUSA04811","PS4","Нет","699,00 TL","Aragami: Shadow Edition: 875,00 TL","Нет","Нет","PS Plus Extra","https://store.playstation.com/en-tr/concept/216879","2016-10-04","Action","PEGI_16"
"4270","Arashi: Castles of Sin","CUSA28959","PS4","Нет","1.299,00 TL","","Нет","Нет","","https://store.playstation.com/en-tr/concept/10002916","2021-08-10","Action","PEGI_16"
"4271","Arcade Archives 2 BATTLANTIS","PPSA31855","PS5","Нет","387,00 TL","Arcade Archives 2 BATTLANTIS: 387,00 TL; Arcade Archives BATTLANTIS: 300,00 TL","Нет","Нет","","https://store.playstation.com/en-tr/concept/10016185","2025-10-08","Shooter","PEGI_7"
"4272","Arcade Archives 2 ARMADILLO RACING","PPSA36868","PS5","Нет","730,00 TL","Arcade Archives 2 ARMADILLO RACING: 730,00 TL; Arcade Archives ARMADILLO RACING: 649,00 TL","Нет","Нет","","https://store.playstation.com/en-tr/concept/10019051","2026-07-22","Driving/Racing","PEGI_3"
"4273","Arcade Archives 2 BOMB JACK TWIN","PPSA33883","PS5","Нет","387,00 TL","Arcade Archives 2 BOMB JACK TWIN: 387,00 TL; Arcade Archives BOMB JACK TWIN: 300,00 TL","Нет","Нет","","https://store.playstation.com/en-tr/concept/10017272","2026-01-14","Action","PEGI_3"
"4274","Arcade Archives 2 ADVENTURE CANOE","PPSA34980","PS5","Нет","387,00 TL","Arcade Archives 2 ADVENTURE CANOE: 387,00 TL; Arcade Archives ADVENTURE CANOE: 300,00 TL","Нет","Нет","","https://store.playstation.com/en-tr/concept/10017941","2026-02-18","Action","PEGI_3"
"4275","Arcade Archives 2 BOMB BEE","PPSA32531","PS5","Нет","387,00 TL","Arcade Archives 2 BOMB BEE: 387,00 TL; Arcade Archives BOMB BEE: 300,00 TL","Нет","Нет","","https://store.playstation.com/en-tr/concept/10016552","2025-11-19","Action","PEGI_3"
"4276","Arashi Gaiden","PPSA31873","PS4, PS5","Нет","730,00 TL","","Нет","Да","","https://store.playstation.com/en-tr/concept/10014599","2026-06-11","Action","PEGI_16"
"4277","Arcade Archives 2 AQUA JET","PPSA31456","PS5","Нет","730,00 TL","","Нет","Нет","","https://store.playstation.com/en-tr/concept/10015672","2025-08-13","Sport","PEGI_3"
"4278","Arashi: Castles of Sin: Final Cut","PPSA15263","PS5","Нет","1.246,00 TL","","Нет","Нет","","https://store.playstation.com/en-tr/concept/10007927","2023-12-05","Action","PEGI_16"
"4279","Arcade Archives 2 ACE DRIVER","PPSA30550","PS5","Нет","730,00 TL","","Нет","Нет","","https://store.playstation.com/en-tr/concept/10015389","2026-05-27","Driving/Racing","PEGI_3"
"4280","Aragami 2","PPSA02492","PS4, PS5","Нет","1.399,00 TL","","Нет","Да","","https://store.playstation.com/en-tr/concept/10001021","2021-09-17","Action","PEGI_18"
"4281","Arcade Archives 2 ARKANOID","PPSA33317","PS5","Нет","387,00 TL","","Нет","Нет","","https://store.playstation.com/en-tr/concept/10016966","2026-05-06","Action","PEGI_3"
"4282","Arcade Archives 2 CAMELTRY","PPSA33533","PS5","Нет","387,00 TL","Arcade Archives 2 CAMELTRY: 387,00 TL; Arcade Archives CAMELTRY: 300,00 TL","Нет","Нет","","https://store.playstation.com/en-tr/concept/10017051","2026-06-03","Puzzle","PEGI_3"
"4283","Arcade Archives 2 AIR COMBAT 22","PPSA30191","PS5","Нет","730,00 TL","","Нет","Нет","","https://store.playstation.com/en-tr/concept/10015190","2025-07-02","Shooter","PEGI_7"
"4284","Arcade Archives 10-Yard Fight","CUSA11015","PS4","Нет","300,00 TL","","Нет","Нет","","https://store.playstation.com/en-tr/concept/231056","2018-06-21","Sport","PEGI_3"
"4285","Arcade Archives 2 GEE BEE","PPSA32271","PS5","Нет","387,00 TL","Arcade Archives 2 GEE BEE: 387,00 TL; Arcade Archives GEE BEE: 300,00 TL","Нет","Нет","","https://store.playstation.com/en-tr/concept/10016403","2025-10-01","Arcade","PEGI_3"
"4286","Arcade Archives 2 CYBER COMMANDO","PPSA36025","PS5","Нет","730,00 TL","Arcade Archives 2 CYBER COMMANDO: 730,00 TL; Arcade Archives CYBER COMMANDO: 649,00 TL","Нет","Нет","","https://store.playstation.com/en-tr/concept/10018571","2026-04-29","Action","PEGI_12"
"4287","Arcade Archives 2 HYPER CRASH","PPSA37126","PS5","Нет","387,00 TL","Arcade Archives 2 HYPER CRASH: 387,00 TL; Arcade Archives HYPER CRASH: 300,00 TL","Нет","Нет","","https://store.playstation.com/en-tr/concept/10019187","2026-07-08","Driving/Racing","PEGI_7"
"4288","Arcade Archives 2 CHOPPER 1","PPSA30919","PS5","Нет","387,00 TL","","Нет","Нет","","https://store.playstation.com/en-tr/concept/10015619","2025-08-20","Shooter","PEGI_7"
"4289","Arcade Archives 2 DEVASTATORS","PPSA35469","PS5","Нет","387,00 TL","Arcade Archives 2 DEVASTATORS: 387,00 TL; Arcade Archives DEVASTATORS: 300,00 TL","Нет","Нет","","https://store.playstation.com/en-tr/concept/10018245","2026-03-18","Shooter","PEGI_7"
"4290","Arcade Archives 2 GALACTIC WARRIORS","PPSA33219","PS5","Нет","387,00 TL","","Нет","Нет","","https://store.playstation.com/en-tr/concept/10016904","2025-11-12","Action","PEGI_7"
"4291","Arcade Archives 2 FINAL LAP","PPSA35171","PS5","Нет","387,00 TL","Arcade Archives 2 FINAL LAP: 387,00 TL; Arcade Archives FINAL LAP: 300,00 TL","Нет","Нет","","https://store.playstation.com/en-tr/concept/10018061","2026-03-25","Driving/Racing","PEGI_3"
"4292","Arcade Archives 2 MACH BREAKERS","PPSA30592","PS5","Нет","730,00 TL","","Нет","Нет","","https://store.playstation.com/en-tr/concept/10015409","2025-09-03","Action","PEGI_7"
"4293","Arcade Archives 2 MUNCH MOBILE","PPSA32269","PS5","Нет","387,00 TL","Arcade Archives 2 MUNCH MOBILE: 387,00 TL; Arcade Archives MUNCH MOBILE: 300,00 TL","Нет","Нет","","https://store.playstation.com/en-tr/concept/10016401","2025-10-15","Driving/Racing","PEGI_3"
"4294","Arcade Archives 2 Lady Bug","PPSA36568","PS5","Нет","387,00 TL","Arcade Archives 2 Lady Bug: 387,00 TL; Arcade Archives Lady Bug: 300,00 TL","Нет","Нет","","https://store.playstation.com/en-tr/concept/10018890","2026-07-01","Action","PEGI_3"
"4295","Arcade Archives 2 MOON SHUTTLE","PPSA33352","PS5","Нет","387,00 TL","","Нет","Нет","","https://store.playstation.com/en-tr/concept/10016980","2026-06-24","Shooter","PEGI_3"
"4296","Arcade Archives 2 MOUSER","PPSA37589","PS5","Нет","387,00 TL","","Нет","Нет","","https://store.playstation.com/en-tr/concept/10019475","2026-07-22","Action","PEGI_3"