ID,Date,URL,Russian Title,Original Title,Year,Rating1,Rating2,Is Series
"tt12216986","2026-08-12","https://www.kinopoisk.ru/film/1191022/","Подольские курсанты (2020)","","2020","6","6","0"
"tt30425537","2026-08-11","https://www.kinopoisk.ru/film/5501397/","Первый на Олимпе (2025)","","2025","5","5","0"
"tt34675596","2026-08-10","https://www.kinopoisk.ru/film/6576642/","Мыс страха (сериал, 2026 – ...)","Cape Fear","2026","6","6","1"
"tt30460310","2026-08-09","https://www.kinopoisk.ru/film/5698586/","Паук-Нуар (мини-сериал, 2026)","Spider-Noir","2026","8","8","1"
"tt13623126","2026-08-08","https://www.kinopoisk.ru/film/4295935/","Железное Сердце (мини-сериал, 2025)","Ironheart","2025","2","2","1"
"tt21066182","2026-08-08","https://www.kinopoisk.ru/film/5003039/","Чудо-человек (мини-сериал, 2026)","Wonder Man","2026","8","8","1"
"tt13968252","2026-08-07","https://www.kinopoisk.ru/film/4358390/","Очи Ваканды (мини-сериал, 2025)","Eyes of Wakanda","2025","7","7","1"
"tt9803682","2026-08-07","https://www.kinopoisk.ru/film/1246399/","Застрявший в ветчине (2019)","Caught in a Ham","2019","6","6","0"
"tt27369002","2026-08-07","https://www.kinopoisk.ru/film/5362036/","Паук внутри: История Паутины вселенных (2023)","The Spider Within: A Spider‑Verse Story","2023","7","7","0"
"tt36042156","2026-08-07","https://www.kinopoisk.ru/film/7378359/","Каратель: Последнее убийство (2026)","The Punisher: One Last Kill","2026","7","7","0"
"","2026-08-07","https://www.kinopoisk.ru/film/6412723/","Железный человек и его невероятные друзья (сериал, 2025 – ...)","Iron Man and His Awesome Friends","2025","6","","1"
"","2026-08-07","https://www.kinopoisk.ru/film/5060265/","Сорвиголова: Рожденный заново (сериал, 2025 – ...)","Daredevil: Born Again","2025","7","","1"
"tt0396171","2026-07-31","https://www.kinopoisk.ru/film/78378/","Парфюмер: История одного убийцы (2006)","Perfume: The Story of a Murderer","2006","7","7","0"
"tt0120657","2026-07-31","https://www.kinopoisk.ru/film/10273/","13-й воин (1999)","The 13th Warrior","1999","7","7","0"
"tt0808339","2026-07-31","https://www.kinopoisk.ru/film/274730/","Ларго Винч: Начало (2008)","Largo Winch","2008","6","6","0"
"tt0442933","2026-07-31","https://www.kinopoisk.ru/film/102232/","Беовульф (2007)","Beowulf","2007","6","6","0"
"tt0343818","2026-07-31","https://www.kinopoisk.ru/film/4886/","Я, робот (2004)","I, Robot","2004","7","7","0"
"tt0120915","2026-07-31","https://www.kinopoisk.ru/film/6695/","Звёздные войны: Эпизод 1 – Скрытая угроза (1999)","Star Wars: Episode I – The Phantom Menace","1999","7","7","0"
"tt0440963","2026-07-31","https://www.kinopoisk.ru/film/87672/","Ультиматум Борна (2007)","The Bourne Ultimatum","2007","8","8","0"
"tt1038988","2026-07-31","https://www.kinopoisk.ru/film/325598/","Репортаж (2007)","[Rec]","2007","6","6","0"
"tt1935859","2026-07-31","https://www.kinopoisk.ru/film/648440/","Дом странных детей Мисс Перегрин (2016)","Miss Peregrine's Home for Peculiar Children","2016","6","6","0"
"tt27930497","2026-07-31","https://www.kinopoisk.ru/film/5426267/","Королёк моей любви (2026)","","2026","6","6","0"
"tt6481562","2026-07-30","https://www.kinopoisk.ru/film/940680/","Ольга (сериал, 2016 – 2023)","","2016","6","6","1"
"tt0409459","2026-07-30","https://www.kinopoisk.ru/film/252641/","Хранители (2009)","Watchmen","2009","7","7","0"
"tt0485947","2026-07-30","https://www.kinopoisk.ru/film/232785/","Господин Никто (2009)","Mr. Nobody","2009","6","6","0"
"tt1041829","2026-07-30","https://www.kinopoisk.ru/film/321842/","Предложение (2009)","The Proposal","2009","7","7","0"
"tt0381849","2026-07-30","https://www.kinopoisk.ru/film/78240/","Поезд на Юму (2007)","3:10 to Yuma","2007","7","7","0"
"","2026-07-30","https://www.kinopoisk.ru/film/1255117/","Эпидемия. Вонгозеро (2019)","","2019","6","","0"
"tt15939084","2026-07-30","https://www.kinopoisk.ru/film/4647040/","Король и Шут (сериал, 2023)","","2023","6","6","1"
"tt0298810","2026-07-30","https://www.kinopoisk.ru/film/295476/","Концерт для Нью-Йорка (2001)","The Concert for New York City","2001","7","7","0"
"tt3774988","2026-07-30","https://www.kinopoisk.ru/film/260185/","Кадетство (сериал, 2006 – 2007)","","2006","6","6","1"
"tt33451063","2026-07-30","https://www.kinopoisk.ru/film/6299424/","Майор Гром: Игра против правил (сериал, 2025)","","2025","7","7","1"
"","2026-07-30","https://www.kinopoisk.ru/film/1347311/","Мы из будущего (мини-сериал, 2008)","","2008","8","","1"
"tt10090796","2026-07-30","https://www.kinopoisk.ru/film/1260303/","Игра престолов. Последний дозор (2019)","Game of Thrones: The Last Watch","2019","7","7","0"
"tt11214558","2026-07-30","https://www.kinopoisk.ru/film/5455251/","Крушитель (2025)","The Smashing Machine","2025","7","7","0"
"","2026-07-30","https://www.kinopoisk.ru/film/11385623/","Сергей Орлов. Переходный возраст (2026)","","2026","7","","0"
"","2026-07-30","https://www.kinopoisk.ru/film/5444659/","Сергей Орлов: Человек с головой собаки (2023)","","2023","7","","0"
"","2026-07-30","https://www.kinopoisk.ru/film/4514060/","Сергей Орлов: Артист (2021)","","2021","7","","0"
"tt1242457","2026-07-30","https://www.kinopoisk.ru/film/161104/","Тарас Бульба (2009)","","2009","6","6","0"
"tt0200267","2026-07-30","https://www.kinopoisk.ru/film/41442/","Ворошиловский стрелок (1999)","","1999","7","7","0"
"tt5074352","2026-07-29","https://www.kinopoisk.ru/film/970882/","Дангал (2016)","Dangal","2016","6","6","0"
"tt0218967","2026-07-27","https://www.kinopoisk.ru/film/664/","Семьянин (2000)","The Family Man","2000","7","7","0"
"tt0372824","2026-07-26","https://www.kinopoisk.ru/film/51481/","Хористы (2004)","Les Choristes","2004","6","6","0"
"tt1189340","2026-07-26","https://www.kinopoisk.ru/film/461939/","Линкольн для адвоката (2011)","The Lincoln Lawyer","2011","7","7","0"
"tt31514146","2026-07-26","https://www.kinopoisk.ru/film/8472578/","Я ругаюсь (2025)","I Swear","2025","9","9","0"
"tt32767294","2026-07-26","https://www.kinopoisk.ru/film/7919289/","Получеловек (мини-сериал, 2026 – ...)","Half Man","2026","8","8","1"
"tt15047880","2026-07-26","https://www.kinopoisk.ru/film/4510025/","День разоблачения (2026)","Disclosure Day","2026","6","6","0"
"tt38671655","2026-07-25","https://www.kinopoisk.ru/film/7781330/","Здесь был Юра (2025)","","2025","8","8","0"
"tt0238883","2026-07-22","https://www.kinopoisk.ru/film/41520/","Брат 2 (2000)","","2000","8","8","0"
"tt0118767","2026-07-22","https://www.kinopoisk.ru/film/41519/","Брат (1997)","","1997","7","7","0"
"tt0068161","2026-07-22","https://www.kinopoisk.ru/film/43395/","...А зори здесь тихие (1972)","","1972","8","8","0"
"","2026-07-22","https://www.kinopoisk.ru/film/7421341/","Коммерсант (2025)","","2025","8","","0"
"tt28751684","2026-07-21","https://www.kinopoisk.ru/film/5249042/","Папины дочки. Новые (сериал, 2023 – ...)","","2023","7","7","1"
"tt15474794","2026-07-21","https://www.kinopoisk.ru/film/4531254/","Два холма (сериал, 2022 – ...)","","2022","6","6","1"
"tt0070439","2026-07-21","https://www.kinopoisk.ru/film/46421/","Невероятные приключения итальянцев в России (1973)","","1973","7","7","0"
"tt0062759","2026-07-21","https://www.kinopoisk.ru/film/46225/","Бриллиантовая рука (1968)","","1968","7","7","0"
"tt0096126","2026-07-21","https://www.kinopoisk.ru/film/77335/","Собачье сердце (1988)","","1988","7","7","0"
"tt0091251","2026-07-21","https://www.kinopoisk.ru/film/42571/","Иди и смотри (1985)","","1985","6","6","0"
"tt0070233","2026-07-20","https://www.kinopoisk.ru/film/42664/","Иван Васильевич меняет профессию (1973)","","1973","6","6","0"
"tt0060584","2026-07-19","https://www.kinopoisk.ru/film/44745/","Кавказская пленница, или Новые приключения Шурика (1966)","","1966","7","7","0"
"tt0059550","2026-07-19","https://www.kinopoisk.ru/film/42782/","Операция «Ы» и другие приключения Шурика (1965)","","1965","6","6","0"
"tt0091341","2026-07-19","https://www.kinopoisk.ru/film/44811/","Кин-дза-дза! (1986)","","1986","4","4","0"
"tt0065670","2026-07-19","https://www.kinopoisk.ru/film/46789/","12 стульев (1971)","","1971","5","5","0"
"tt0066565","2026-07-18","https://www.kinopoisk.ru/film/46066/","Белое солнце пустыни (1969)","","1969","7","7","0"
"tt1527793","2026-07-16","https://www.kinopoisk.ru/film/484791/","Метод исключения (2025)","Eojjeolsugaeopda","2025","6","6","0"
"tt12042730","2026-07-14","https://www.kinopoisk.ru/film/1382256/","Проект Конец света (2026)","Project Hail Mary","2026","7","7","0"
"tt0134614","2026-07-14","https://www.kinopoisk.ru/film/44168/","Девчата (1961)","","1961","4","4","0"
"tt0072613","2026-07-14","https://www.kinopoisk.ru/film/43423/","Афоня (1975)","","1975","7","7","0"
"tt32565993","2026-07-14","https://www.kinopoisk.ru/film/6447742/","Следствие ведут овечки (2026)","The Sheep Detectives","2026","7","7","0"
"tt0076391","2026-07-14","https://www.kinopoisk.ru/film/46638/","Мимино (1977)","","1977","5","5","0"
"tt31176520","2026-07-14","https://www.kinopoisk.ru/film/5461966/","Эддингтон (2025)","Eddington","2025","6","6","0"
"tt22046822","2026-07-14","https://www.kinopoisk.ru/film/5091721/","Уволить Жору (2025)","","2025","3","3","0"
"tt4492666","2026-07-13","https://www.kinopoisk.ru/film/567118/","Деревья на асфальте (1984)","","1984","5","5","0"
"tt35672862","2026-07-12","https://www.kinopoisk.ru/film/10359971/","Хокум (2026)","Hokum","2026","7","7","0"
"tt16027014","2026-07-03","https://www.kinopoisk.ru/film/4711939/","Зомби Marvel (мини-сериал, 2025)","Marvel Zombies","2025","7","7","1"
"tt12300742","2026-07-01","https://www.kinopoisk.ru/film/1378893/","Бугония (2025)","Bugonia","2025","8","8","0"
"tt16026746","2026-06-30","https://www.kinopoisk.ru/film/4711940/","Люди Икс ’97 (сериал, 2024 – ...)","X‑Men '97","2024","9","9","1"
"tt32916440","2026-06-29","https://www.kinopoisk.ru/film/6290547/","Марти Великолепный (2025)","Marty Supreme","2025","8","8","0"
"tt26657236","2026-06-25","https://www.kinopoisk.ru/film/5452841/","Закулисье реальности (2026)","Backrooms","2026","9","9","0"
"tt7984734","2026-06-24","https://www.kinopoisk.ru/film/1114927/","Маяк (2019)","The Lighthouse","2019","6","6","0"
"tt32612507","2026-06-23","https://www.kinopoisk.ru/film/6785084/","Мумия (2026)","The Mummy","2026","6","6","0"
"","2026-06-22","https://www.kinopoisk.ru/film/6555657/","Бухта вдов (сериал, 2026 – ...)","Widow's Bay","2026","8","","1"
"tt0103584","2026-06-05","https://www.kinopoisk.ru/film/84960/","Люди Икс (сериал, 1992 – 1997)","X‑Men","1992","7","7","1"
"tt1016150","2026-05-28","https://www.kinopoisk.ru/film/316376/","На Западном фронте без перемен (2022)","Im Westen nichts Neues","2022","6","6","0"
"tt0822854","2026-05-26","https://www.kinopoisk.ru/film/257898/","Стрелок (2007)","Shooter","2007","8","8","0"
"tt2156825","2026-05-25","https://www.kinopoisk.ru/film/573860/","Камень (2011)","","2011","6","6","0"
"tt0091763","2026-05-24","https://www.kinopoisk.ru/film/468/","Взвод (1986)","Platoon","1986","6","6","0"
"tt14850054","2026-05-24","https://www.kinopoisk.ru/film/4476433/","Гренландия 2: Миграция (2026)","Greenland 2: Migration","2026","5","5","0"
"tt7737786","2026-05-24","https://www.kinopoisk.ru/film/1164520/","Гренландия (2020)","Greenland","2020","6","6","0"
"tt16431404","2026-05-23","https://www.kinopoisk.ru/film/6553387/","На вершине (2026)","Apex","2026","7","7","0"
"tt32299316","2026-05-22","https://www.kinopoisk.ru/film/7508439/","Хищные твари (2025)","Dangerous Animals","2025","5","5","0"
"tt1258197","2026-05-22","https://www.kinopoisk.ru/film/418762/","Экзамен (2009)","Exam","2009","5","5","0"
"tt0997152","2026-05-22","https://www.kinopoisk.ru/film/467972/","Эксперимент (2010)","The Experiment","2010","7","7","0"
"tt33978029","2026-05-21","https://www.kinopoisk.ru/film/6747282/","Я иду искать 2 (2025)","Ready or Not 2: Here I Come","2025","7","7","0"
"tt0144084","2026-05-21","https://www.kinopoisk.ru/film/588/","Американский психопат (2000)","American Psycho","2000","9","9","0"
"tt30420630","2026-05-21","https://www.kinopoisk.ru/film/5427621/","Батя 2. Дед (2025)","","2025","7","7","0"
"","2026-05-21","https://www.kinopoisk.ru/film/8168853/","Батя 2. Дед (мини-сериал, 2025)","","2025","7","","1"
"tt7670276","2026-05-20","https://www.kinopoisk.ru/film/1100374/","Любовницы (2019)","","2019","4","4","0"
"tt30057084","2026-05-20","https://www.kinopoisk.ru/film/5449125/","Плохая девочка (2024)","Babygirl","2024","6","6","0"
"tt8036976","2026-05-20","https://www.kinopoisk.ru/film/7045510/","На помощь! (2025)","Send Help","2025","6","6","0"
"tt33071426","2026-05-14","https://www.kinopoisk.ru/film/6530127/","Вот это драма! (2026)","The Drama","2026","8","8","0"
"tt27047903","2026-05-06","https://www.kinopoisk.ru/film/5364826/","Крик 7 (2026)","Scream 7","2026","6","6","0"
"tt17663992","2026-05-06","https://www.kinopoisk.ru/film/4864943/","Крик 6 (2023)","Scream VI","2023","7","7","0"
"tt1262416","2026-05-06","https://www.kinopoisk.ru/film/420072/","Крик 4 (2011)","Scream 4","2011","6","6","0"
"tt11245972","2026-05-01","https://www.kinopoisk.ru/film/1328422/","Крик (2022)","Scream","2022","7","7","0"
"tt1700841","2026-05-01","https://www.kinopoisk.ru/film/557804/","Полный расколбас (2016)","Sausage Party","2016","7","7","0"
"tt7587890","2026-03-28","https://www.kinopoisk.ru/film/1142153/","Новичок (сериал, 2018 – ...)","The Rookie","2018","7","7","1"
"tt34381258","2026-03-24","https://www.kinopoisk.ru/film/10956019/","На цепи (2025)","Heel","2025","8","8","0"
"tt32897959","2026-03-11","https://www.kinopoisk.ru/film/6398650/","Грозовой перевал (2026)","Wuthering Heights","2026","6","6","0"
"tt15671028","2026-03-02","https://www.kinopoisk.ru/film/4987446/","Без обид (2023)","No Hard Feelings","2023","7","7","0"
"tt27543632","2026-03-01","https://www.kinopoisk.ru/film/6750360/","Горничная (2025)","The Housemaid","2025","7","7","0"
"tt27497448","2026-02-27","https://www.kinopoisk.ru/film/5281617/","Рыцарь Семи Королевств (сериал, 2026 – ...)","A Knight of the Seven Kingdoms","2026","9","9","1"
"tt9848626","2026-02-25","https://www.kinopoisk.ru/film/1243552/","Монстры на каникулах: Трансформания (2022)","Hotel Transylvania: Transformania","2022","6","6","0"
"tt5040012","2026-02-23","https://www.kinopoisk.ru/film/1048253/","Носферату (2024)","Nosferatu","2024","8","8","0"
"tt1312221","2026-02-23","https://www.kinopoisk.ru/film/464475/","Франкенштейн (2025)","Frankenstein","2025","7","7","0"
"tt0279600","2026-02-23","https://www.kinopoisk.ru/film/86193/","Тайны Смолвиля (сериал, 2001 – 2011)","Smallville","2001","7","7","1"
"tt1649419","2026-02-23","https://www.kinopoisk.ru/film/518037/","Невозможное (2012)","Lo imposible","2012","8","8","0"
"tt15296186","2026-02-23","https://www.kinopoisk.ru/film/1227997/","Мира (2022)","","2022","6","6","0"
"tt32141377","2026-02-22","https://www.kinopoisk.ru/film/6745035/","28 лет спустя: Храм костей (2026)","28 Years Later: The Bone Temple","2026","7","7","0"
"tt31050594","2026-02-22","https://www.kinopoisk.ru/film/5453060/","Казнить нельзя помиловать (2026)","Mercy","2026","6","6","0"
"tt2191701","2026-02-21","https://www.kinopoisk.ru/film/663191/","Одноклассники 2 (2013)","Grown Ups 2","2013","6","6","0"
"tt21276878","2026-02-21","https://www.kinopoisk.ru/film/5054262/","И не подумай прийти на мою бат-мицву (2023)","You Are So Not Invited to My Bat Mitzvah","2023","6","6","0"
"tt1375670","2026-02-21","https://www.kinopoisk.ru/film/450345/","Одноклассники (2010)","Grown Ups","2010","8","8","0"
"","2026-02-21","https://www.kinopoisk.ru/film/9178123/","Астрал. Амулет зла (2025)","It Will Find You","2025","3","","0"
"tt30446847","2026-02-18","https://www.kinopoisk.ru/film/5458629/","Джей Келли (2025)","Jay Kelly","2025","6","6","0"
"tt3741346","2026-02-18","https://www.kinopoisk.ru/film/891577/","Реальный Роб (сериал, 2015 – 2017)","Real Rob","2015","7","7","1"
"tt5755238","2026-02-12","https://www.kinopoisk.ru/film/1346564/","Лео (2023)","Leo","2023","7","7","0"
"tt5220122","2026-02-12","https://www.kinopoisk.ru/film/950968/","Монстры на каникулах 3: Море зовёт (2018)","Hotel Transylvania 3: Summer Vacation","2018","6","6","0"
"tt2467372","2026-02-10","https://www.kinopoisk.ru/film/714102/","Бруклин 9-9 (сериал, 2013 – 2021)","Brooklyn Nine‑Nine","2013","7","7","1"
"tt0096870","2026-02-09","https://www.kinopoisk.ru/film/4194/","Всех за борт (1989)","Going Overboard","1989","6","6","0"
"tt11097384","2026-02-05","https://www.kinopoisk.ru/film/4421676/","Космонавт (2024)","Spaceman","2024","5","5","0"
"tt3203616","2026-02-05","https://www.kinopoisk.ru/film/801924/","Сапожник (2014)","The Cobbler","2014","6","6","0"
"tt0102898","2026-02-05","https://www.kinopoisk.ru/film/4193/","Клоун Шейкс (1991)","Shakes the Clown","1991","4","4","0"
"","2026-02-04","https://www.kinopoisk.ru/film/4541421/","Venture Into Cures (2020)","","2020","5","","0"
"","2026-02-04","https://www.kinopoisk.ru/film/1133684/","The Dog Police (1990)","","1990","4","","0"
"tt10682266","2026-02-04","https://www.kinopoisk.ru/film/1290806/","Хэллоуин Хьюби (2020)","Hubie Halloween","2020","6","6","0"
"tt2479478","2026-02-04","https://www.kinopoisk.ru/film/714187/","Нелепая шестёрка (2015)","The Ridiculous 6","2015","5","5","0"
"tt6821012","2026-02-04","https://www.kinopoisk.ru/film/1093047/","Неделя до... (2018)","The Week Of","2018","6","6","0"
"tt5536736","2026-02-04","https://www.kinopoisk.ru/film/968307/","Истории семьи Майровиц (2017)","The Meyerowitz Stories (New and Selected)","2017","6","6","0"
"tt2784678","2026-02-03","https://www.kinopoisk.ru/film/745873/","Пятёрка лидеров (2014)","Top Five","2014","7","7","0"
"tt4769836","2026-02-03","https://www.kinopoisk.ru/film/917496/","Все по новой (2016)","The Do‑Over","2016","6","6","0"
"tt5893332","2026-02-03","https://www.kinopoisk.ru/film/992773/","Сэнди Уэкслер (2017)","Sandy Wexler","2017","5","5","0"
"tt3179568","2026-02-03","https://www.kinopoisk.ru/film/798110/","Мужчины, женщины и дети (2014)","Men, Women & Children","2014","5","5","0"
"tt2265171","2026-02-03","https://www.kinopoisk.ru/film/669466/","Рейд 2 (2013)","Serbuan maut 2: Berandal","2013","6","6","0"
"","2026-02-02","https://www.kinopoisk.ru/film/6589776/","Питт (сериал, 2025 – ...)","The Pitt","2025","9","","1"
"tt26743210","2026-01-31","https://www.kinopoisk.ru/film/5267432/","Как приручить дракона (2025)","How to Train Your Dragon","2025","7","7","0"
"tt1222817","2026-01-31","https://www.kinopoisk.ru/film/424301/","Мой парень из зоопарка (2011)","Zookeeper","2011","6","6","0"
"","2026-01-29","https://www.kinopoisk.ru/film/330277/","Секреты Анны-Николь Смит (1998)","Anna Nicole Smith: Exposed","1998","6","","0"
"tt0120888","2026-01-29","https://www.kinopoisk.ru/film/1803/","Певец на свадьбе (1998)","The Wedding Singer","1998","7","7","0"
"tt0086687","2026-01-29","https://www.kinopoisk.ru/film/277786/","Шоу Косби (сериал, 1984 – 1992)","The Cosby Show","1984","6","6","1"
"tt0112508","2026-01-28","https://www.kinopoisk.ru/film/4190/","Билли Мэдисон (1995)","Billy Madison","1995","6","6","0"
"tt0110538","2026-01-28","https://www.kinopoisk.ru/film/1571/","Совершенно чокнутый (1994)","Mixed Nuts","1994","5","5","0"
"tt0109068","2026-01-27","https://www.kinopoisk.ru/film/4191/","Пустоголовые (1994)","Airheads","1994","7","7","0"
"","2026-01-27","https://www.kinopoisk.ru/film/1342297/","Голдман против Сильвермана (2020)","Goldman v Silverman","2020","6","","0"
"","2026-01-27","https://www.kinopoisk.ru/film/1435851/","Nature Planet (2020)","","2020","6","","0"
"tt6450752","2026-01-27","https://www.kinopoisk.ru/film/1016130/","Пёсик! (2017)","Puppy!","2017","6","6","0"
"","2026-01-27","https://www.kinopoisk.ru/film/497038/","Подсматривающий (1999)","The Peeper","1999","5","","0"
"","2026-01-27","https://www.kinopoisk.ru/film/737865/","The Making of «Happy Gilmore» (1996)","","1996","7","","0"
"tt0342267","2026-01-27","https://www.kinopoisk.ru/film/51039/","A Day with the Meatball (2002)","","2002","6","6","0"
"tt0365082","2026-01-27","https://www.kinopoisk.ru/film/327684/","Диван (2003)","Couch","2003","5","5","0"
"","2026-01-27","https://www.kinopoisk.ru/film/1065460/","Punch‑Drunk Love: 12 Scopitones (2003)","","2003","6","","0"
"","2026-01-27","https://www.kinopoisk.ru/film/331291/","Цветы и кровь (2003)","Punch‑Drunk Love: Deleted Scenes – Blossoms & Blood","2003","6","","0"
"tt0120484","2026-01-27","https://www.kinopoisk.ru/film/4022/","Маменькин сыночек (1998)","The Waterboy","1998","6","6","0"
"tt0271263","2026-01-27","https://www.kinopoisk.ru/film/4185/","Восемь безумных ночей (2002)","Eight Crazy Nights","2002","5","5","0"
"tt0272338","2026-01-27","https://www.kinopoisk.ru/film/793/","Любовь, сбивающая с ног (2002)","Punch‑Drunk Love","2002","6","6","0"
"tt0255798","2026-01-26","https://www.kinopoisk.ru/film/4187/","Животное (2001)","The Animal","2001","6","6","0"
"tt0490204","2026-01-26","https://www.kinopoisk.ru/film/251735/","Опустевший город (2007)","Reign Over Me","2007","7","7","0"
"tt0185431","2026-01-25","https://www.kinopoisk.ru/film/4139/","Никки, дьявол младший (2000)","Little Nicky","2000","5","5","0"
"tt3402138","2026-01-23","https://www.kinopoisk.ru/film/817971/","Голый пистолет (2025)","The Naked Gun","2025","9","9","0"
"tt32118517","2026-01-19","https://www.kinopoisk.ru/film/5354680/","Буратино (2025)","","2025","7","7","0"
"tt0110622","2026-01-16","https://www.kinopoisk.ru/film/1933/","Голый пистолет 33 1/3: Последний выпад (1994)","Naked Gun 33 1/3: The Final Insult","1994","8","8","0"
"tt0102510","2026-01-16","https://www.kinopoisk.ru/film/2388/","Голый пистолет 2 1/2: Запах страха (1991)","The Naked Gun 2½: The Smell of Fear","1991","7","7","0"
"tt0095705","2026-01-15","https://www.kinopoisk.ru/film/4067/","Голый пистолет (1988)","The Naked Gun: From the Files of Police Squad!","1988","8","8","0"
"","2026-01-15","https://www.kinopoisk.ru/film/7137551/","Город демонов (2025)","Oni Goroshi","2025","5","","0"
"tt0371246","2026-01-08","https://www.kinopoisk.ru/film/48039/","Испанский английский (2004)","Spanglish","2004","10","10","0"
"","2026-01-08","https://www.kinopoisk.ru/film/301237/","Showtime Special: The Longest Yard (2005)","","2005","6","","0"
"","2026-01-08","https://www.kinopoisk.ru/film/1189593/","The Longest Yard: Deleted Scenes (2005)","","2005","7","","0"
"tt0960731","2026-01-08","https://www.kinopoisk.ru/film/279770/","Сказки на ночь (2008)","Bedtime Stories","2008","6","6","0"
"tt0810913","2026-01-08","https://www.kinopoisk.ru/film/462883/","Такие разные близнецы (2011)","Jack and Jill","2011","6","6","0"
"tt0083466","2026-01-07","https://www.kinopoisk.ru/film/260912/","Полицейский отряд! (мини-сериал, 1982)","Police Squad!","1982","9","9","1"
"tt6604188","2026-01-06","https://www.kinopoisk.ru/film/634944/","Трон: Арес (2025)","Tron: Ares","2025","6","6","0"
"tt31227572","2026-01-05","https://www.kinopoisk.ru/film/5463792/","Хищник: Планета смерти (2025)","Predator: Badlands","2025","7","7","0"
"tt14364480","2026-01-05","https://www.kinopoisk.ru/film/4421816/","Достать ножи: Воскрешение покойника (2025)","Wake Up Dead Man","2025","7","7","0"
"tt31434639","2025-12-28","https://www.kinopoisk.ru/film/5455250/","Под огнём (2025)","Warfare","2025","6","6","0"
"tt16492734","2025-12-25","https://www.kinopoisk.ru/film/4714902/","5:32 (сериал, 2021 – 2022)","5:32","2021","7","7","1"
"tt37542887","2025-12-25","https://www.kinopoisk.ru/film/9026160/","Невероятные приключения Шурика (2025)","","2025","8","8","0"
"tt4712810","2025-12-25","https://www.kinopoisk.ru/film/915178/","Иллюзия обмана 3 (2025)","Now You See Me: Now You Don't","2025","5","5","0"
"tt13616990","2025-12-20","https://www.kinopoisk.ru/film/2040161/","Человек-бензопила (сериал, 2022)","Chainsaw Man","2022","8","8","1"
"tt30472557","2025-12-20","https://www.kinopoisk.ru/film/5430477/","Человек-бензопила. Фильм: История Резе (2025)","Chainsaw Man Movie: Reze‑hen","2025","8","8","0"
"tt28364592","2025-12-19","https://www.kinopoisk.ru/film/4476147/","Кракен (2025)","","2025","3","3","0"
"tt0377981","2025-12-18","https://www.kinopoisk.ru/film/261819/","Гномео и Джульетта (2011)","Gnomeo & Juliet","2011","5","5","0"
"tt0369339","2025-12-18","https://www.kinopoisk.ru/film/61325/","Соучастник (2004)","Collateral","2004","8","8","0"
"tt0216772","2025-12-18","https://www.kinopoisk.ru/film/4910/","Сделай погромче (2000)","Turn It Up","2000","5","5","0"
"tt0267804","2025-12-18","https://www.kinopoisk.ru/film/3997/","Противостояние (2001)","The One","2001","5","5","0"
"tt0449061","2025-12-18","https://www.kinopoisk.ru/film/102199/","Лондон (2005)","London","2005","8","8","0"
"tt0228333","2025-12-18","https://www.kinopoisk.ru/film/3849/","Призраки Марса (2001)","Ghosts of Mars","2001","5","5","0"
"tt7570234","2025-12-17","https://www.kinopoisk.ru/film/1087458/","Хранители боевых искусств (2017)","Gong shou dao","2017","6","6","0"
"tt0291341","2025-12-17","https://www.kinopoisk.ru/film/749/","Костолом (2001)","Mean Machine","2001","6","6","0"
"","2025-12-17","https://www.kinopoisk.ru/film/1228085/","Wix.com Big Game Ad with Jason Statham & Gal Gadot (2017)","","2017","6","","0"
"","2025-12-17","https://www.kinopoisk.ru/film/1363577/","The Malaysian Prison (2016)","","2016","6","","0"
"","2025-12-17","https://www.kinopoisk.ru/film/1363579/","Bringing the Hunter to Life: The Making of «Parker» (2013)","","2013","6","","0"
"","2025-12-17","https://www.kinopoisk.ru/film/1363578/","Who Is 'Parker'? (2013)","","2013","6","","0"
"","2025-12-17","https://www.kinopoisk.ru/film/1361200/","Tools of the Trade: Inside the Action of «The Mechanic» (2011)","","2011","7","","0"
"tt0402910","2025-12-17","https://www.kinopoisk.ru/film/81101/","Хаос (2005)","Chaos","2005","6","6","0"
"","2025-12-10","https://www.kinopoisk.ru/film/6605654/","Камбэк (сериал, 2025 – ...)","","2025","5","","1"
"","2025-12-03","https://www.kinopoisk.ru/film/9798178/","Два мира, одно желание (2025)","Iki Dünya Bir Dilek","2025","6","","0"
"tt9362736","2025-12-03","https://www.kinopoisk.ru/film/5312505/","Умри, моя любовь (2025)","Die My Love","2025","9","9","0"
"tt9859436","2025-12-01","https://www.kinopoisk.ru/film/1245667/","Ходячие мертвецы: Выжившие (мини-сериал, 2024)","The Walking Dead: The Ones Who Live","2024","3","3","1"
"","2025-12-01","https://www.kinopoisk.ru/film/5417822/","Папины дочки. Новогодние (2023)","","2023","6","","0"
"tt29644189","2025-11-30","https://www.kinopoisk.ru/film/5445185/","Чёрный телефон 2 (2025)","Black Phone 2","2025","7","7","0"
"","2025-11-25","https://www.kinopoisk.ru/film/8240803/","Папины дочки. Мама вернулась (2025)","","2025","7","","0"
"tt1232200","2025-11-01","https://www.kinopoisk.ru/film/462884/","Папа-досвидос (2012)","That's My Boy","2012","7","7","0"
"tt1201167","2025-11-01","https://www.kinopoisk.ru/film/409348/","Приколисты (2009)","Funny People","2009","6","6","0"
"tt0762107","2025-10-31","https://www.kinopoisk.ru/film/252130/","Чак и Ларри: Пожарная свадьба (2007)","I Now Pronounce You Chuck & Larry","2007","8","8","0"
"tt0115783","2025-10-29","https://www.kinopoisk.ru/film/4189/","Пуленепробиваемый (1996)","Bulletproof","1996","6","6","0"
"tt1564367","2025-10-28","https://www.kinopoisk.ru/film/490323/","Притворись моей женой (2011)","Just Go with It","2011","8","8","0"
"tt0280590","2025-10-28","https://www.kinopoisk.ru/film/4186/","Миллионер поневоле (2002)","Mr. Deeds","2002","6","6","0"
"tt0398165","2025-10-28","https://www.kinopoisk.ru/film/77577/","Всё или ничего (2005)","The Longest Yard","2005","7","7","0"
"tt0142342","2025-10-28","https://www.kinopoisk.ru/film/4188/","Большой папа (1999)","Big Daddy","1999","7","7","0"
"tt0305224","2025-10-27","https://www.kinopoisk.ru/film/303/","Управление гневом (2003)","Anger Management","2003","6","6","0"
"tt0343660","2025-10-27","https://www.kinopoisk.ru/film/1794/","50 первых поцелуев (2004)","50 First Dates","2004","7","7","0"
"tt32376165","2025-10-26","https://www.kinopoisk.ru/film/6332958/","Дом из динамита (2025)","A House of Dynamite","2025","6","6","0"
"tt15679400","2025-10-26","https://www.kinopoisk.ru/film/4675164/","Стук в хижине (2023)","Knock at the Cabin","2023","5","5","0"
"tt1440732","2025-10-26","https://www.kinopoisk.ru/film/466849/","Милый друг (2012)","Bel Ami","2012","6","6","0"
"tt9150192","2025-10-25","https://www.kinopoisk.ru/film/5450038/","Мастер (2025)","A Working Man","2025","6","6","0"
"tt13357520","2025-10-25","https://www.kinopoisk.ru/film/5278126/","Главы государств (2025)","Heads of State","2025","6","6","0"
"tt35521922","2025-10-25","https://www.kinopoisk.ru/film/7732051/","Глазами пса (2025)","Good Boy","2025","3","3","0"
"","2025-10-24","https://www.kinopoisk.ru/film/5411536/","Ужасающий 3 (2024)","Terrifier 3","2024","6","","0"
"tt10403420","2025-10-24","https://www.kinopoisk.ru/film/1273140/","Ужасающий 2 (2022)","Terrifier 2","2022","7","7","0"
"tt4281724","2025-10-23","https://www.kinopoisk.ru/film/860537/","Ужасающий (2016)","Terrifier","2016","6","6","0"
"tt31184028","2025-10-23","https://www.kinopoisk.ru/film/7088374/","Одно целое (2025)","Together","2025","5","5","0"
"tt17526714","2025-10-23","https://www.kinopoisk.ru/film/4860213/","Субстанция (2024)","The Substance","2024","7","7","0"
"tt1493274","2025-10-23","https://www.kinopoisk.ru/film/707166/","Пойман с поличным (2025)","Caught Stealing","2025","6","6","0"
"tt18272208","2025-10-08","https://www.kinopoisk.ru/film/4965740/","Тогда. Сейчас. Потом (2024)","Here","2024","7","7","0"
"tt32820897","2025-10-03","https://www.kinopoisk.ru/film/7436042/","Истребитель демонов: Бесконечная крепость (2025)","Kimetsu no Yaiba Movie: Mugen Jou‑hen","2025","7","7","0"
"tt1560747","2025-10-01","https://www.kinopoisk.ru/film/585056/","Мастер (2012)","The Master","2012","7","7","0"
"","2025-09-26","https://www.kinopoisk.ru/film/5001375/","Жить жизнь (сериал, 2023 – ...)","","2023","6","","1"
"tt30852730","2025-09-25","https://www.kinopoisk.ru/film/5437615/","Аутсорс (сериал, 2025)","","2025","7","7","1"
"tt31434030","2025-09-12","https://www.kinopoisk.ru/film/5456450/","Дракула (2025)","Dracula: A Love Tale","2025","8","8","0"
"tt5950044","2025-09-11","https://www.kinopoisk.ru/film/997647/","Супермен (2025)","Superman","2025","6","6","0"
"tt26581740","2025-09-11","https://www.kinopoisk.ru/film/6782779/","Орудия (2025)","Weapons","2025","9","9","0"
"","2025-08-28","https://www.kinopoisk.ru/film/5905715/","Никто 2 (2025)","Nobody 2","2025","5","","0"
"tt16311594","2025-08-23","https://www.kinopoisk.ru/film/5003510/","F1 (2025)","F1","2025","9","9","0"
"tt1907704","2025-08-22","https://www.kinopoisk.ru/film/609808/","Настройщик (2010)","L'accordeur","2010","8","8","0"
"","2025-08-22","https://www.kinopoisk.ru/film/7605663/","Диодорова. Против течения (2024)","","2024","1","","0"
"tt0248667","2025-08-22","https://www.kinopoisk.ru/film/585/","Али (2001)","Ali","2001","7","7","0"
"tt9620288","2025-08-21","https://www.kinopoisk.ru/film/1272469/","Король Ричард (2021)","King Richard","2021","8","8","0"
"tt8009428","2025-08-21","https://www.kinopoisk.ru/film/1437989/","Прорваться в НБА (2022)","Hustle","2022","8","8","0"
"tt31868189","2025-08-21","https://www.kinopoisk.ru/film/5890234/","Счастливчик Гилмор 2 (2025)","Happy Gilmore 2","2025","7","7","0"
"tt0116483","2025-08-21","https://www.kinopoisk.ru/film/3690/","Счастливчик Гилмор (1996)","Happy Gilmore","1996","9","9","0"
"tt10676052","2025-08-21","https://www.kinopoisk.ru/film/1287545/","Фантастическая четвёрка: Первые шаги (2025)","The Fantastic Four: First Steps","2025","7","7","0"
"tt30876483","2025-08-20","https://www.kinopoisk.ru/film/7790096/","Вне юрисдикции (2025)","Exterritorial","2025","5","5","0"
"tt31567422","2025-08-19","https://www.kinopoisk.ru/film/8496239/","Ночь всегда приходит (2025)","Night Always Comes","2025","6","6","0"
"tt31193180","2025-07-31","https://www.kinopoisk.ru/film/5499518/","Грешники (2025)","Sinners","2025","7","7","0"
"","2025-07-22","https://www.kinopoisk.ru/film/5377368/","Беспринципные в Питере (сериал, 2025)","","2025","7","","1"
"tt30027562","2025-07-19","https://www.kinopoisk.ru/film/5394545/","Подслушано в Рыбинске (сериал, 2024)","","2024","7","7","1"
"","2025-07-18","https://www.kinopoisk.ru/film/5463477/","Урок (сериал, 2025)","","2025","7","","1"
"tt18302114","2025-07-09","https://www.kinopoisk.ru/film/4887302/","Ледниковый период: Истории Скрата (мини-сериал, 2022)","Ice Age: Scrat Tales","2022","9","9","1"
"tt13634480","2025-07-09","https://www.kinopoisk.ru/film/4296550/","Ледниковый период: Приключения Бака (2022)","The Ice Age Adventures of Buck Wild","2022","3","3","0"
"tt3416828","2025-07-07","https://www.kinopoisk.ru/film/818145/","Ледниковый период: Столкновение неизбежно (2016)","Ice Age: Collision Course","2016","7","7","0"
"tt30955489","2025-07-03","https://www.kinopoisk.ru/film/5445183/","Дожить до рассвета (2025)","Until Dawn","2025","3","3","0"
"tt13186482","2025-07-03","https://www.kinopoisk.ru/film/1431102/","Муфаса: Король Лев (2024)","Mufasa: The Lion King","2024","7","7","0"
"tt21815562","2025-07-03","https://www.kinopoisk.ru/film/5105864/","Мафиози (2024)","The Alto Knights","2024","5","5","0"
"","2025-07-01","https://www.kinopoisk.ru/film/7484786/","Евгений Чебатков: Человек-слепень (2025)","","2025","7","","0"
"tt9619824","2025-07-01","https://www.kinopoisk.ru/film/4826207/","Пункт назначения: Узы крови (2025)","Final Destination: Bloodlines","2025","7","7","0"
"tt8999762","2025-07-01","https://www.kinopoisk.ru/film/1405331/","Бруталист (2024)","The Brutalist","2024","7","7","0"
"tt10919420","2025-07-01","https://www.kinopoisk.ru/film/1301710/","Игра в кальмара (сериал, 2021 – 2025)","Ojingeo geim","2021","8","8","1"
"tt10638522","2025-06-30","https://www.kinopoisk.ru/film/4948328/","Два, три, демон, приди! (2022)","Talk to Me","2022","7","7","0"
"tt10548174","2025-06-29","https://www.kinopoisk.ru/film/5445182/","28 лет спустя (2025)","28 Years Later","2025","8","8","0"
"tt30253473","2025-06-29","https://www.kinopoisk.ru/film/5446941/","Материалистка (2025)","Materialists","2025","7","7","0"
"tt32246771","2025-06-29","https://www.kinopoisk.ru/film/7239312/","Верни её из мёртвых (2025)","Bring Her Back","2025","9","9","0"
"tt7181546","2025-06-29","https://www.kinopoisk.ru/film/1047492/","Балерина (2025)","Ballerina","2025","8","8","0"
"tt30023782","2025-06-21","https://www.kinopoisk.ru/film/5417362/","Первый номер (сериал, 2024 – ...)","","2024","9","9","1"
"tt11655566","2025-06-20","https://www.kinopoisk.ru/film/1348367/","Лило и Стич (2025)","Lilo & Stitch","2025","7","7","0"
"tt1174954","2025-06-11","https://www.kinopoisk.ru/film/405450/","Обитель зла: Вырождение (2008)","Baiohazâdo: Dijenerêshon","2008","5","5","0"
"tt5776208","2025-06-11","https://www.kinopoisk.ru/film/986509/","Обитель зла: Вендетта (2017)","Baiohazâdo: Vendetta","2017","5","5","0"
"","2025-06-11","https://www.kinopoisk.ru/film/4834157/","Нулевые (сериал, 2022)","","2022","7","","1"
"tt26674627","2025-06-10","https://www.kinopoisk.ru/film/5264310/","Обитель зла: Остров смерти (2023)","Resident Evil: Death Island","2023","6","6","0"
"tt16027074","2025-05-21","https://www.kinopoisk.ru/film/4711938/","Ваш дружелюбный сосед Человек-паук (сериал, 2025 – ...)","Your Friendly Neighborhood Spider‑Man","2025","8","8","1"
"","2025-05-19","https://www.kinopoisk.ru/film/542445/","Турецкий гамбит (мини-сериал, 2006)","","2006","6","","1"
"tt13966962","2025-05-19","https://www.kinopoisk.ru/film/4419591/","Эхо (мини-сериал, 2024)","Echo","2024","5","5","1"
"tt32149847","2025-05-19","https://www.kinopoisk.ru/film/6374012/","Дроп (2025)","Drop","2025","5","5","0"
"tt14123284","2025-05-17","https://www.kinopoisk.ru/film/4412449/","Опустошение (2025)","Havoc","2025","6","6","0"
"tt8688634","2025-05-16","https://www.kinopoisk.ru/film/1174226/","21 мост (2019)","21 Bridges","2019","5","5","0"
"tt33365041","2025-05-16","https://www.kinopoisk.ru/film/6440213/","Туда (2025)","","2025","5","5","0"
"tt8790086","2025-05-15","https://www.kinopoisk.ru/film/1183578/","Крэйвен-охотник (2024)","Kraven the Hunter","2024","6","6","0"
"tt20969586","2025-05-13","https://www.kinopoisk.ru/film/5001443/","Громовержцы* (2025)","Thunderbolts*","2025","9","9","0"
"tt27241551","2025-05-09","https://www.kinopoisk.ru/film/5235968/","Кентавр (2023)","","2023","7","7","0"
"tt13654226","2025-04-25","https://www.kinopoisk.ru/film/5098653/","Ущелье (2024)","The Gorge","2024","6","6","0"
"tt11280740","2025-04-24","https://www.kinopoisk.ru/film/1343318/","Разделение (сериал, 2022 – ...)","Severance","2022","7","7","1"
"tt11291274","2025-04-16","https://www.kinopoisk.ru/film/1345617/","Невыносимая тяжесть огромного таланта (2022)","The Unbearable Weight of Massive Talent","2022","7","7","0"
"tt1981128","2025-04-13","https://www.kinopoisk.ru/film/597129/","Геошторм (2017)","Geostorm","2017","4","4","0"
"tt29603959","2025-04-12","https://www.kinopoisk.ru/film/5496852/","Новокаин (2025)","Novocaine","2025","6","6","0"
"tt14948432","2025-04-10","https://www.kinopoisk.ru/film/4745231/","Миссия: Красный (2024)","Red One","2024","6","6","0"
"tt12299608","2025-04-06","https://www.kinopoisk.ru/film/1320476/","Микки 17 (2025)","Mickey 17","2025","7","7","0"
"tt28015403","2025-04-05","https://www.kinopoisk.ru/film/5942378/","Еретик (2024)","Heretic","2024","7","7","0"
"tt17009348","2025-04-05","https://www.kinopoisk.ru/film/4922959/","Догмен (2023)","Dogman","2023","6","6","0"
"tt4566758","2025-04-03","https://www.kinopoisk.ru/film/918722/","Мулан (2020)","Mulan","2020","6","6","0"
"tt0279967","2025-04-01","https://www.kinopoisk.ru/film/84356/","Мулан 2 (2004)","Mulan II","2004","7","7","0"
"tt14513804","2025-03-28","https://www.kinopoisk.ru/film/4443920/","Капитан Америка: Новый мир (2025)","Captain America: Brave New World","2025","5","5","0"
"","2025-03-14","https://www.kinopoisk.ru/film/6559163/","Переходный возраст (мини-сериал, 2025)","Adolescence","2025","9","","1"
"","2025-03-11","https://www.kinopoisk.ru/film/4707066/","Это всё Агата (мини-сериал, 2024)","Agatha All Along","2024","7","","1"
"tt10676048","2025-03-10","https://www.kinopoisk.ru/film/1287544/","Капитан Марвел 2 (2023)","The Marvels","2023","6","6","0"
"tt29261344","2025-03-10","https://www.kinopoisk.ru/film/5364350/","Красный шелк (2025)","","2025","7","7","0"
"tt13157618","2025-03-01","https://www.kinopoisk.ru/film/1421572/","Секретное вторжение (мини-сериал, 2023)","Secret Invasion","2023","3","3","1"
"tt15435876","2025-02-22","https://www.kinopoisk.ru/film/4635062/","Пингвин (мини-сериал, 2024)","The Penguin","2024","9","9","1"
"tt10933806","2025-01-30","https://www.kinopoisk.ru/film/1231407/","Жуки (сериал, 2019 – ...)","","2019","7","7","1"
"","2025-01-22","https://www.kinopoisk.ru/film/5262390/","Салют! (2022)","","2022","8","","0"
"","2025-01-02","https://www.kinopoisk.ru/film/5627252/","Ёлки 11 (2024)","","2024","5","","0"
"tt21382296","2024-12-19","https://www.kinopoisk.ru/film/5121477/","Ручная кладь (2024)","Carry‑On","2024","6","6","0"
"tt0940657","2024-11-09","https://www.kinopoisk.ru/film/278222/","Артур и месть Урдалака (2009)","Arthur et la vengeance de Maltazard","2009","5","5","0"
"tt0940656","2024-11-09","https://www.kinopoisk.ru/film/278221/","Артур и война двух миров (2010)","Arthur 3: la guerre des deux mondes","2010","5","5","0"
"tt0112461","2024-11-05","https://www.kinopoisk.ru/film/6175/","Дневник баскетболиста (1995)","The Basketball Diaries","1995","6","6","0"
"tt0119008","2024-11-05","https://www.kinopoisk.ru/film/3984/","Донни Браско (1997)","Donnie Brasco","1997","7","7","0"
"tt1302006","2024-11-04","https://www.kinopoisk.ru/film/462305/","Ирландец (2019)","The Irishman","2019","8","8","0"
"tt0142688","2024-11-03","https://www.kinopoisk.ru/film/11637/","Девятые врата (1999)","The Ninth Gate","1999","8","8","0"
"tt11057302","2024-11-02","https://www.kinopoisk.ru/film/1311078/","Мадам Паутина (2024)","Madame Web","2024","3","3","0"
"tt13433802","2024-11-02","https://www.kinopoisk.ru/film/1451347/","Тихое место: День первый (2024)","A Quiet Place: Day One","2024","5","5","0"
"tt7510222","2024-11-01","https://www.kinopoisk.ru/film/1073122/","Гадкий я 4 (2024)","Despicable Me 4","2024","6","6","0"
"tt16366836","2024-11-01","https://www.kinopoisk.ru/film/4766559/","Веном: Последний танец (2024)","Venom: The Last Dance","2024","8","8","0"
"tt28607951","2024-10-20","https://www.kinopoisk.ru/film/5405057/","Анора (2024)","Anora","2024","8","8","0"
"tt1340094","2024-10-17","https://www.kinopoisk.ru/film/441406/","Ворон (2024)","The Crow","2024","6","6","0"
"tt0246578","2024-10-17","https://www.kinopoisk.ru/film/410/","Донни Дарко (2001)","Donnie Darko","2001","6","6","0"
"tt27729779","2024-10-16","https://www.kinopoisk.ru/film/5613847/","Платформа 2 (2024)","El hoyo 2","2024","4","4","0"
"tt0460780","2024-10-14","https://www.kinopoisk.ru/film/104994/","Во имя короля: История осады подземелья (2006)","In the Name of the King: A Dungeon Siege Tale","2006","1","1","0"
"tt11315808","2024-10-14","https://www.kinopoisk.ru/film/1328346/","Джокер: Безумие на двоих (2024)","Joker: Folie à Deux","2024","7","7","0"
"tt2231253","2024-10-14","https://www.kinopoisk.ru/film/666928/","Шальная карта (2014)","Wild Card","2014","6","6","0"
"tt0457993","2024-10-14","https://www.kinopoisk.ru/film/160921/","Лило и Стич 2: Большая проблема Стича (2005)","Lilo & Stitch 2: Stitch Has a Glitch","2005","6","6","0"
"tt0337921","2024-10-11","https://www.kinopoisk.ru/film/63778/","Сотовый (2004)","Cellular","2004","7","7","0"
"tt2312718","2024-10-11","https://www.kinopoisk.ru/film/683766/","Последний рубеж (2013)","Homefront","2013","6","6","0"
"tt4779682","2024-10-11","https://www.kinopoisk.ru/film/918627/","Мег: Монстр глубины (2018)","The Meg","2018","7","7","0"
"tt9224104","2024-10-11","https://www.kinopoisk.ru/film/1208708/","Мег 2: Бездна (2023)","Meg 2: The Trench","2023","6","6","0"
"tt0473075","2024-10-11","https://www.kinopoisk.ru/film/195394/","Принц Персии: Пески времени (2010)","Prince of Persia: The Sands of Time","2010","4","4","0"
"tt0103639","2024-10-11","https://www.kinopoisk.ru/film/2361/","Аладдин (1992)","Aladdin","1992","7","7","0"
"","2024-10-11","https://www.kinopoisk.ru/film/5257393/","Вася не в себе (2023)","","2023","6","","0"
"tt28656371","2024-10-11","https://www.kinopoisk.ru/film/5089025/","Водитель-олигарх (2024)","","2024","5","5","0"
"tt27534307","2024-10-08","https://www.kinopoisk.ru/film/5429853/","Не говори никому (2024)","Speak No Evil","2024","7","7","0"
"","2024-10-05","https://www.kinopoisk.ru/film/5080565/","Солнечное побережье (2024)","Suncoast","2024","8","","0"
"tt26753003","2024-10-02","https://www.kinopoisk.ru/film/5510094/","Ловушка (2024)","Trap","2024","6","6","0"
"tt4777008","2024-09-17","https://www.kinopoisk.ru/film/916498/","Малефисента: Владычица тьмы (2019)","Maleficent: Mistress of Evil","2019","6","6","0"
"tt6263850","2024-09-17","https://www.kinopoisk.ru/film/1008444/","Дэдпул и Росомаха (2024)","Deadpool & Wolverine","2024","9","9","0"
"tt8041270","2024-09-03","https://www.kinopoisk.ru/film/1115098/","Мир Юрского периода: Господство (2022)","Jurassic World Dominion","2022","5","5","0"
"tt9777666","2024-09-03","https://www.kinopoisk.ru/film/1283945/","Война будущего (2021)","The Tomorrow War","2021","4","4","0"
"tt14539740","2024-08-31","https://www.kinopoisk.ru/film/4902648/","Годзилла и Конг: Новая империя (2024)","Godzilla x Kong: The New Empire","2024","4","4","0"
"tt3741700","2024-08-30","https://www.kinopoisk.ru/film/840045/","Годзилла 2: Король монстров (2019)","Godzilla: King of the Monsters","2019","5","5","0"
"tt22022452","2024-08-30","https://www.kinopoisk.ru/film/5102255/","Головоломка 2 (2024)","Inside Out 2","2024","6","6","0"
"tt11389872","2024-08-29","https://www.kinopoisk.ru/film/1338024/","Планета обезьян: Новое царство (2024)","Kingdom of the Planet of the Apes","2024","8","8","0"
"tt11526636","2024-08-23","https://www.kinopoisk.ru/film/1330039/","Эдуард Суровый. Слезы Брайтона (2019)","","2019","5","5","0"
"tt6214928","2024-08-18","https://www.kinopoisk.ru/film/1008798/","1922 (2017)","1922","2017","5","5","0"
"tt14452776","2024-08-13","https://www.kinopoisk.ru/film/4481731/","Медведь (сериал, 2022 – 2026)","The Bear","2022","7","7","1"
"tt13207736","2024-08-13","https://www.kinopoisk.ru/film/1435087/","Монстры (сериал, 2022 – ...)","Monster","2022","9","9","1"
"","2024-08-10","https://www.kinopoisk.ru/film/5165951/","Оленёнок (мини-сериал, 2024)","Baby Reindeer","2024","8","","1"
"tt10720352","2024-08-07","https://www.kinopoisk.ru/film/1402937/","Артур, ты король (2024)","Arthur the King","2024","7","7","0"
"tt4701182","2024-08-06","https://www.kinopoisk.ru/film/952241/","Бамблби (2018)","Bumblebee","2018","4","4","0"
"tt0430304","2024-08-06","https://www.kinopoisk.ru/film/87706/","Шалун (2006)","Little Man","2006","4","4","0"
"tt0092991","2024-08-05","https://www.kinopoisk.ru/film/2918/","Зловещие мертвецы 2 (1987)","Evil Dead II","1987","5","5","0"
"tt14812496","2024-08-05","https://www.kinopoisk.ru/film/4448519/","Вызов (2023)","","2023","3","3","0"
"tt0284492","2024-08-05","https://www.kinopoisk.ru/film/41109/","Сёстры (2001)","","2001","6","6","0"
"tt9362722","2024-08-05","https://www.kinopoisk.ru/film/1219177/","Человек-паук: Паутина вселенных (2023)","Spider‑Man: Across the Spider‑Verse","2023","8","8","0"
"tt23468450","2024-08-02","https://www.kinopoisk.ru/film/5212124/","Собиратель душ (2023)","Longlegs","2023","7","7","0"
"tt1572315","2024-07-25","https://www.kinopoisk.ru/film/493202/","Техасская резня бензопилой 3D (2013)","Texas Chainsaw 3D","2013","2","2","0"
"tt10342730","2024-07-25","https://www.kinopoisk.ru/film/1266725/","Пила: Спираль (2020)","Spiral: From the Book of Saw","2020","2","2","0"
"","2024-07-25","https://www.kinopoisk.ru/film/257397/","Пила: Возрождение (2005)","Saw Rebirth","2005","5","","0"
"tt22048412","2024-07-22","https://www.kinopoisk.ru/film/5103848/","Максин XXX (2024)","MaXXXine","2024","5","5","0"
"tt27114092","2024-07-22","https://www.kinopoisk.ru/film/5249455/","Майор Гром: Игра (2024)","","2024","8","8","0"
"tt5774060","2024-06-21","https://www.kinopoisk.ru/film/1031442/","Под водой (2019)","Underwater","2019","5","5","0"
"tt4919268","2024-06-21","https://www.kinopoisk.ru/film/927494/","Плохие парни до конца (2024)","Bad Boys: Ride or Die","2024","8","8","0"
"tt2044729","2024-05-27","https://www.kinopoisk.ru/film/623720/","Умопомрачительные фантазии Чарли Свона-третьего (2012)","A Glimpse Inside the Mind of Charles Swan III","2012","5","5","0"
"tt4925292","2024-05-27","https://www.kinopoisk.ru/film/958293/","Леди Бёрд (2017)","Lady Bird","2017","7","7","0"
"tt17279496","2024-05-26","https://www.kinopoisk.ru/film/4968810/","Падение империи (2023)","Civil War","2023","9","9","0"
"tt12573454","2024-05-26","https://www.kinopoisk.ru/film/4383102/","Аферисты (2022)","Sharper","2022","7","7","0"
"tt12637874","2024-05-23","https://www.kinopoisk.ru/film/1394131/","Fallout (сериал, 2024 – ...)","Fallout","2024","7","7","1"
"tt2101441","2024-05-22","https://www.kinopoisk.ru/film/645038/","Отвязные каникулы (2012)","Spring Breakers","2012","9","9","0"
"tt5613484","2024-05-22","https://www.kinopoisk.ru/film/1040690/","Середина 90-х (2018)","Mid90s","2018","8","8","0"
"tt21942866","2024-05-17","https://www.kinopoisk.ru/film/5119522/","Герой наших снов (2023)","Dream Scenario","2023","7","7","0"
"tt3359350","2024-05-10","https://www.kinopoisk.ru/film/817167/","Дом у дороги (2024)","Road House","2024","5","5","0"
"tt15255288","2024-03-21","https://www.kinopoisk.ru/film/4533251/","Убийство в Париже (2023)","Murder Mystery 2","2023","8","8","0"
"tt6166392","2024-03-21","https://www.kinopoisk.ru/film/1013343/","Вонка (2023)","Wonka","2023","6","6","0"
"tt21064584","2024-03-16","https://www.kinopoisk.ru/film/5005446/","Стальная хватка (2023)","The Iron Claw","2023","8","8","0"
"tt15239678","2024-03-09","https://www.kinopoisk.ru/film/4540126/","Дюна: Часть вторая (2024)","Dune: Part Two","2024","10","10","0"
"tt1160419","2024-03-08","https://www.kinopoisk.ru/film/409424/","Дюна (2021)","Dune: Part One","2021","9","9","0"
"tt3291150","2024-03-07","https://www.kinopoisk.ru/film/806964/","Неудержимые 4 (2022)","Expend4bles","2022","4","4","0"
"tt1524930","2024-03-07","https://www.kinopoisk.ru/film/484426/","Каникулы (2015)","Vacation","2015","7","7","0"
"tt15314262","2024-03-04","https://www.kinopoisk.ru/film/4626783/","Пчеловод (2024)","The Beekeeper","2024","5","5","0"
"tt23805316","2024-03-04","https://www.kinopoisk.ru/film/4635111/","Внутри убийцы (сериал, 2024)","","2024","3","3","1"
"tt4481414","2024-03-04","https://www.kinopoisk.ru/film/929348/","Одаренная (2017)","Gifted","2017","6","6","0"
"tt28236082","2024-03-03","https://www.kinopoisk.ru/film/5149270/","Волшебный участок (сериал, 2023 – ...)","","2023","8","8","1"
"tt0410097","2024-03-03","https://www.kinopoisk.ru/film/81723/","Суета и движение (2005)","Hustle & Flow","2005","5","5","0"
"","2024-02-25","https://www.kinopoisk.ru/film/5089024/","Конец славы (2023)","","2023","7","","0"
"tt10922010","2024-02-25","https://www.kinopoisk.ru/film/1224067/","Вампиры средней полосы (сериал, 2021 – 2026)","","2021","8","8","1"
"tt15398776","2024-02-21","https://www.kinopoisk.ru/film/4664634/","Оппенгеймер (2023)","Oppenheimer","2023","5","5","0"
"tt27541796","2024-02-05","https://www.kinopoisk.ru/film/5119846/","Кеша должен умереть (сериал, 2023)","","2023","5","5","1"
"tt20765238","2024-02-05","https://www.kinopoisk.ru/film/4640303/","Жизнь по вызову (сериал, 2022 – ...)","","2022","3","3","1"
"tt8228288","2024-02-05","https://www.kinopoisk.ru/film/1134778/","Платформа (2019)","El hoyo","2019","5","5","0"
"tt20721318","2024-01-17","https://www.kinopoisk.ru/film/5047468/","Холоп 2 (2023)","","2023","8","8","0"
"tt1517268","2024-01-15","https://www.kinopoisk.ru/film/478052/","Барби (2023)","Barbie","2023","7","7","0"
"tt8816194","2024-01-14","https://www.kinopoisk.ru/film/1181982/","Иди к папочке (2019)","Come to Daddy","2019","5","5","0"
"tt23737556","2024-01-05","https://www.kinopoisk.ru/film/4959134/","По щучьему велению (2023)","","2023","7","7","0"
"","2024-01-05","https://www.kinopoisk.ru/film/5431615/","Чебурашка. Выходной (2023)","","2023","7","","0"
"tt16550628","2024-01-05","https://www.kinopoisk.ru/film/4370148/","Чебурашка (2022)","","2022","7","7","0"
"tt29278798","2024-01-05","https://www.kinopoisk.ru/film/5394690/","Иван Васильевич меняет всё (2023)","","2023","6","6","0"
"tt23828816","2024-01-05","https://www.kinopoisk.ru/film/5215602/","СамоИрония судьбы (2022)","","2022","7","7","0"
"tt28429213","2023-12-22","https://www.kinopoisk.ru/film/5304403/","Слово пацана. Кровь на асфальте (сериал, 2023)","","2023","9","9","1"
"tt9011124","2023-12-22","https://www.kinopoisk.ru/film/1100777/","Триггер (сериал, 2018 – ...)","","2018","6","6","1"
"","2023-12-22","https://www.kinopoisk.ru/film/4958668/","Триггер. Фильм (2023)","","2023","3","","0"
"tt10545296","2023-12-06","https://www.kinopoisk.ru/film/1289334/","Голодные игры: Баллада о змеях и певчих птицах (2023)","The Hunger Games: The Ballad of Songbirds & Snakes","2023","8","8","0"
"tt9794630","2023-09-17","https://www.kinopoisk.ru/film/1238802/","Час истины (2020)","The Vanished","2020","4","4","0"
"tt13833688","2023-09-06","https://www.kinopoisk.ru/film/4321512/","Кит (2022)","The Whale","2022","8","8","0"
"tt3416742","2023-09-06","https://www.kinopoisk.ru/film/818981/","Реальные упыри (2014)","What We Do in the Shadows","2014","7","7","0"
"tt5971474","2023-08-03","https://www.kinopoisk.ru/film/999881/","Русалочка (2023)","The Little Mermaid","2023","6","6","0"
"tt10857160","2023-07-29","https://www.kinopoisk.ru/film/1301509/","Женщина-Халк: Адвокат (мини-сериал, 2022)","She‑Hulk: Attorney at Law","2022","6","6","1"
"tt3718778","2023-07-25","https://www.kinopoisk.ru/film/841914/","По ту сторону изгороди (сериал, 2014)","Over the Garden Wall","2014","5","5","1"
"tt13623136","2023-07-25","https://www.kinopoisk.ru/film/4295653/","Стражи Галактики: Праздничный спецвыпуск (2022)","The Guardians of the Galaxy Holiday Special","2022","6","6","0"
"tt13623148","2023-07-25","https://www.kinopoisk.ru/film/4312383/","Я есть Грут (сериал, 2022 – 2023)","I Am Groot","2022","6","6","1"
"tt12593682","2023-07-24","https://www.kinopoisk.ru/film/1392550/","Быстрее пули (2022)","Bullet Train","2022","7","7","0"
"tt6791350","2023-07-23","https://www.kinopoisk.ru/film/1044280/","Стражи Галактики. Часть 3 (2023)","Guardians of the Galaxy Vol. 3","2023","8","8","0"
"tt8080204","2023-07-23","https://www.kinopoisk.ru/film/1319157/","Гипнотик (2023)","Hypnotic","2023","3","3","0"
"tt10954600","2023-07-19","https://www.kinopoisk.ru/film/1318868/","Человек-муравей и Оса: Квантомания (2023)","Ant‑Man and the Wasp: Quantumania","2023","6","6","0"
"tt9114286","2023-07-19","https://www.kinopoisk.ru/film/1199773/","Чёрная Пантера: Ваканда навеки (2022)","Black Panther: Wakanda Forever","2022","5","5","0"
"tt11547520","2023-07-14","https://www.kinopoisk.ru/film/1188248/","Калашников (2020)","","2020","6","6","0"
"tt4853910","2023-07-14","https://www.kinopoisk.ru/film/842563/","Неуловимые (2015)","","2015","5","5","0"
"tt13521006","2023-07-14","https://www.kinopoisk.ru/film/4383782/","Все страхи Бо (2023)","Beau Is Afraid","2023","10","10","0"
"","2023-07-13","https://www.kinopoisk.ru/film/4400163/","Прямой эфир (2022)","","2022","3","","0"
"tt1860213","2023-07-13","https://www.kinopoisk.ru/film/585585/","Дедушка легкого поведения (2015)","Dirty Grandpa","2015","6","6","0"
"tt0808279","2023-07-13","https://www.kinopoisk.ru/film/261021/","Забавные игры (2007)","Funny Games","2007","8","8","0"
"","2023-07-12","https://www.kinopoisk.ru/film/5078983/","Мажор в Сочи (2022)","","2022","6","","0"
"tt1464335","2023-07-12","https://www.kinopoisk.ru/film/468373/","Анчартед: На картах не значится (2022)","Uncharted","2022","7","7","0"
"tt11564570","2023-07-12","https://www.kinopoisk.ru/film/1343908/","Достать ножи: Стеклянная луковица (2022)","Glass Onion","2022","6","6","0"
"tt9813792","2023-07-12","https://www.kinopoisk.ru/film/4476885/","Извне (сериал, 2022 – ...)","From","2022","5","5","1"
"tt0396184","2023-07-09","https://www.kinopoisk.ru/film/81692/","Дилер 2 (2004)","Pusher II","2004","7","7","0"
"tt0117407","2023-07-09","https://www.kinopoisk.ru/film/17115/","Дилер (1996)","Pusher","1996","7","7","0"
"tt13074150","2023-07-01","https://www.kinopoisk.ru/film/1405778/","Казнь (2022)","","2022","5","5","0"
"tt4873118","2023-06-30","https://www.kinopoisk.ru/film/927898/","Переводчик (2022)","The Covenant","2022","7","7","0"
"tt10275534","2023-06-30","https://www.kinopoisk.ru/film/1263902/","Мизантроп (2022)","To Catch A Killer","2022","4","4","0"
"tt12263384","2023-06-30","https://www.kinopoisk.ru/film/1378852/","Тайлер Рейк: Операция по спасению 2 (2023)","Extraction 2","2023","6","6","0"
"tt5433138","2023-06-23","https://www.kinopoisk.ru/film/959062/","Форсаж 10 (2023)","Fast X","2023","5","5","0"
"tt10366206","2023-06-14","https://www.kinopoisk.ru/film/1267348/","Джон Уик 4 (2023)","John Wick: Chapter 4","2023","6","6","0"
"","2023-06-07","https://www.kinopoisk.ru/film/4539870/","The Телки (сериал, 2022)","","2022","8","","1"
"tt0083907","2023-06-02","https://www.kinopoisk.ru/film/2894/","Зловещие мертвецы (1981)","The Evil Dead","1981","6","6","0"
"tt13345606","2023-06-02","https://www.kinopoisk.ru/film/1446132/","Восстание зловещих мертвецов (2023)","Evil Dead Rise","2023","9","9","0"
"tt0980970","2023-05-20","https://www.kinopoisk.ru/film/281439/","Хроники Нарнии: Покоритель Зари (2010)","The Chronicles of Narnia: The Voyage of the Dawn Treader","2010","5","5","0"
"tt0389860","2023-05-20","https://www.kinopoisk.ru/film/77576/","Клик: С пультом по жизни (2006)","Click","2006","5","5","0"
"tt1396484","2023-05-13","https://www.kinopoisk.ru/film/453397/","Оно (2017)","It","2017","9","9","0"
"tt7335184","2023-05-13","https://www.kinopoisk.ru/film/1115630/","Ты (сериал, 2018 – 2025)","You","2018","9","9","1"
"tt10595264","2023-05-13","https://www.kinopoisk.ru/film/1260090/","Секта (сериал, 2019)","","2019","3","3","1"
"","2023-05-13","https://www.kinopoisk.ru/film/5020984/","Актрисы (сериал, 2023)","","2023","5","","1"
"tt20426876","2023-05-07","https://www.kinopoisk.ru/film/4491001/","ЮЗЗЗ (сериал, 2021)","","2021","6","6","1"
"","2023-04-28","https://www.kinopoisk.ru/film/5129252/","Беспринципные в деревне (2023)","","2023","6","","0"
"","2023-04-28","https://www.kinopoisk.ru/film/4533254/","Свободные отношения (2022)","","2022","6","","0"
"tt21064076","2023-04-21","https://www.kinopoisk.ru/film/4443734/","Фишер (сериал, 2023 – ...)","","2023","9","9","1"
"","2023-04-04","https://www.kinopoisk.ru/film/1435858/","На краю (2022)","The Ledge","2022","3","","0"
"","2023-03-24","https://www.kinopoisk.ru/film/1412172/","Заклятие Абизу (2022)","The Offering","2022","3","","0"
"tt7985704","2023-03-24","https://www.kinopoisk.ru/film/1405508/","Операция Фортуна: Искусство побеждать (2022)","Operation Fortune: Ruse de Guerre","2022","7","7","0"
"tt13443470","2023-03-24","https://www.kinopoisk.ru/film/4365427/","Уэнздей (сериал, 2022 – ...)","Wednesday","2022","7","7","1"
"tt3581920","2023-03-24","https://www.kinopoisk.ru/film/839458/","Одни из нас (сериал, 2023 – ...)","The Last of Us","2023","8","8","1"
"tt0995868","2023-01-14","https://www.kinopoisk.ru/film/803422/","Пеле: Рождение легенды (2015)","Pelé: Birth of a Legend","2015","6","6","0"
"tt22808620","2023-01-11","https://www.kinopoisk.ru/film/5079093/","Монастырь (сериал, 2022 – ...)","","2022","7","7","1"
"tt23720486","2023-01-10","https://www.kinopoisk.ru/film/5126797/","Я на перемотке! (2022)","","2022","7","7","0"
"tt10168670","2023-01-09","https://www.kinopoisk.ru/film/4422719/","Целиком и полностью (2022)","Bones and All","2022","4","4","0"
"tt19224780","2023-01-03","https://www.kinopoisk.ru/film/4771048/","Гром: Трудное детство (2023)","","2023","9","9","0"
"tt0116126","2022-12-29","https://www.kinopoisk.ru/film/4807/","Не грози Южному Централу, попивая сок у себя в квартале (1995)","Don't Be a Menace to South Central While Drinking Your Juice in the Hood","1995","7","7","0"
"tt1606652","2022-12-21","https://www.kinopoisk.ru/film/464942/","Пирамммида (2011)","","2011","2","2","0"
"tt0847880","2022-12-21","https://www.kinopoisk.ru/film/259251/","Груз 200 (2007)","","2007","3","3","0"
"tt0261392","2022-12-01","https://www.kinopoisk.ru/film/719/","Джей и Молчаливый Боб наносят ответный удар (2001)","Jay and Silent Bob Strike Back","2001","6","6","0"
"tt0356150","2022-12-01","https://www.kinopoisk.ru/film/5090/","Евротур (2004)","EuroTrip","2004","8","8","0"
"tt9770150","2022-12-01","https://www.kinopoisk.ru/film/1238506/","Земля кочевников (2020)","Nomadland","2020","7","7","0"
"tt10648342","2022-12-01","https://www.kinopoisk.ru/film/1282688/","Тор: Любовь и гром (2022)","Thor: Love and Thunder","2022","5","5","0"
"tt0960144","2022-12-01","https://www.kinopoisk.ru/film/280826/","Не шутите с Zоханом! (2008)","You Don't Mess with the Zohan","2008","7","7","0"
"tt15325794","2022-11-30","https://www.kinopoisk.ru/film/4542208/","Вышка (2022)","Fall","2022","5","5","0"
"tt9198364","2022-11-30","https://www.kinopoisk.ru/film/1209527/","Три тысячи лет желаний (2022)","Three Thousand Years of Longing","2022","6","6","0"
"tt4426042","2022-11-24","https://www.kinopoisk.ru/film/820638/","Мажор (сериал, 2014 – ...)","","2014","7","7","1"
"tt13786474","2022-11-24","https://www.kinopoisk.ru/film/1445143/","Мажор. Фильм (2021)","","2021","5","5","0"
"","2022-11-24","https://www.kinopoisk.ru/film/957773/","Мажор 2 (сериал, 2016)","","2016","5","","1"
"","2022-11-24","https://www.kinopoisk.ru/film/1040559/","Мажор 3 (сериал, 2018)","","2018","6","","1"
"tt1433058","2022-11-22","https://www.kinopoisk.ru/film/420429/","Будущее планеты: Жизнь после людей (2008)","Life After People","2008","7","7","0"
"tt18925334","2022-11-21","https://www.kinopoisk.ru/film/4902649/","Пэрл (2022)","Pearl","2022","5","5","0"
"tt10192406","2022-11-10","https://www.kinopoisk.ru/film/1271993/","Мост через озеро (2022)","Causeway","2022","7","7","0"
"tt13560574","2022-11-09","https://www.kinopoisk.ru/film/4382899/","Икс (2022)","X","2022","8","8","0"
"tt15791034","2022-11-09","https://www.kinopoisk.ru/film/4749790/","Варвар (2022)","Barbarian","2022","5","5","0"
"tt7144666","2022-11-09","https://www.kinopoisk.ru/film/4368595/","Чёрный телефон (2021)","The Black Phone","2021","7","7","0"
"tt11198330","2022-10-27","https://www.kinopoisk.ru/film/1316601/","Дом Дракона (сериал, 2022 – ...)","House of the Dragon","2022","9","9","1"
"tt15318872","2022-10-27","https://www.kinopoisk.ru/film/4554192/","Ночной оборотень (2022)","Werewolf by Night","2022","7","7","0"
"tt12112118","2022-10-12","https://www.kinopoisk.ru/film/1355060/","Топи (сериал, 2021)","","2021","7","7","1"
"tt9151230","2022-10-12","https://www.kinopoisk.ru/film/1108682/","Эпидемия (сериал, 2018 – ...)","","2018","9","9","1"
"tt6710474","2022-10-12","https://www.kinopoisk.ru/film/1322324/","Всё везде и сразу (2021)","Everything Everywhere All at Once","2021","8","8","0"
"tt1314655","2022-10-11","https://www.kinopoisk.ru/film/464168/","Дьявол (2010)","Devil","2010","4","4","0"
"tt1937149","2022-10-10","https://www.kinopoisk.ru/film/609349/","Тело (2012)","El cuerpo","2012","6","6","0"
"tt13650480","2022-08-18","https://www.kinopoisk.ru/film/4315853/","Marvel Studios: Легенды (сериал, 2021 – 2023)","Marvel Studios: Legends","2021","7","7","1"
"tt10160804","2022-08-18","https://www.kinopoisk.ru/film/1254069/","Соколиный глаз (мини-сериал, 2021)","Hawkeye","2021","7","7","1"
"tt9208876","2022-08-18","https://www.kinopoisk.ru/film/1209203/","Сокол и Зимний Солдат (мини-сериал, 2021)","The Falcon and the Winter Soldier","2021","6","6","1"
"tt10234724","2022-08-18","https://www.kinopoisk.ru/film/1320559/","Лунный рыцарь (мини-сериал, 2022)","Moon Knight","2022","9","9","1"
"tt9419884","2022-07-12","https://www.kinopoisk.ru/film/1219909/","Доктор Стрэндж: В мультивселенной безумия (2022)","Doctor Strange in the Multiverse of Madness","2022","7","7","0"
"tt1830617","2022-05-24","https://www.kinopoisk.ru/film/582314/","Гримм (сериал, 2011 – 2017)","Grimm","2011","4","4","1"
"tt10168312","2022-05-24","https://www.kinopoisk.ru/film/1261534/","Что, если...? (сериал, 2021 – 2024)","What If...?","2021","8","8","1"
"tt3608112","2022-05-24","https://www.kinopoisk.ru/film/630232/","СашаТаня (сериал, 2013 – ...)","","2013","7","7","1"
"","2022-05-24","https://www.kinopoisk.ru/film/1443811/","Зона комфорта (сериал, 2020 – ...)","","2020","7","","1"
"tt5108870","2022-05-22","https://www.kinopoisk.ru/film/1100425/","Морбиус (2022)","Morbius","2022","3","3","0"
"tt0091942","2022-05-14","https://www.kinopoisk.ru/film/77267/","Шерлок Холмс и доктор Ватсон: Двадцатый век начинается (1986)","","1986","7","7","0"
"tt0120917","2022-05-14","https://www.kinopoisk.ru/film/658/","Похождения императора (2000)","The Emperor's New Groove","2000","6","6","0"
"tt0086333","2022-05-13","https://www.kinopoisk.ru/film/77264/","Шерлок Холмс и доктор Ватсон: Сокровища Агры (1983)","","1983","6","6","0"
"tt0083100","2022-05-13","https://www.kinopoisk.ru/film/77263/","Приключения Шерлока Холмса и доктора Ватсона: Собака Баскервилей (1981)","","1981","7","7","0"
"tt8127644","2022-05-13","https://www.kinopoisk.ru/film/368936/","Приключения Шерлока Холмса и доктора Ватсона: Король шантажа (1980)","","1980","6","6","0"
"","2022-05-13","https://www.kinopoisk.ru/film/368937/","Приключения Шерлока Холмса и доктора Ватсона: Охота на тигра (1980)","","1980","6","","0"
"","2022-05-13","https://www.kinopoisk.ru/film/354799/","Шерлок Холмс и доктор Ватсон: Смертельная схватка (1980)","","1980","6","","0"
"tt0079902","2022-05-12","https://www.kinopoisk.ru/film/77265/","Шерлок Холмс и доктор Ватсон: Кровавая надпись (1979)","","1979","7","7","0"
"tt0079902","2022-05-11","https://www.kinopoisk.ru/film/77269/","Шерлок Холмс и доктор Ватсон: Знакомство (1979)","","1979","6","6","0"
"tt1865505","2022-05-10","https://www.kinopoisk.ru/film/714248/","Песнь моря (2014)","Song of the Sea","2014","6","6","0"
"tt0076101","2022-05-09","https://www.kinopoisk.ru/film/10179/","Блеф (1976)","Bluff storia di truffe e di imbroglioni","1976","8","8","0"
"tt5104604","2022-05-08","https://www.kinopoisk.ru/film/939785/","Остров собак (2018)","Isle of Dogs","2018","9","9","0"
"tt5311514","2022-05-04","https://www.kinopoisk.ru/film/958722/","Твоё имя (2016)","Kimi no na wa.","2016","8","8","0"
"tt0275847","2022-05-04","https://www.kinopoisk.ru/film/740/","Лило и Стич (2002)","Lilo & Stitch","2002","9","9","0"
"tt8111088","2022-05-04","https://www.kinopoisk.ru/film/1118138/","Мандалорец (сериал, 2019 – ...)","The Mandalorian","2019","7","7","1"
"","2022-05-04","https://www.kinopoisk.ru/film/1378886/","Крепость (мини-сериал, 2011)","","2011","8","","1"
"tt0119698","2022-05-04","https://www.kinopoisk.ru/film/441/","Принцесса Мононоке (1997)","Mononoke‑hime","1997","5","5","0"
"tt0275277","2022-05-04","https://www.kinopoisk.ru/film/41832/","Ковбой Бибоп (2001)","Cowboy Bebop: Tengoku no tobira","2001","6","6","0"
"tt5198068","2022-05-04","https://www.kinopoisk.ru/film/958541/","Легенда о волках (2020)","WolfWalkers","2020","7","7","0"
"tt0097814","2022-05-04","https://www.kinopoisk.ru/film/2428/","Ведьмина служба доставки (1989)","Majo no takkyûbin","1989","7","7","0"
"tt1816518","2022-04-28","https://www.kinopoisk.ru/film/592260/","Эрнест и Селестина: Приключения мышки и медведя (2012)","Ernest et Célestine","2012","8","8","0"
"tt0046250","2022-04-28","https://www.kinopoisk.ru/film/497/","Римские каникулы (1953)","Roman Holiday","1953","7","7","0"
"tt0309047","2022-04-27","https://www.kinopoisk.ru/film/41431/","Война (2002)","","2002","8","8","0"
"tt1877830","2022-04-26","https://www.kinopoisk.ru/film/590286/","Бэтмен (2022)","The Batman","2022","8","8","0"
"tt0082949","2022-04-25","https://www.kinopoisk.ru/film/39259/","Профессионал (1981)","Le professionnel","1981","5","5","0"
"tt4272866","2022-04-25","https://www.kinopoisk.ru/film/885317/","Ученик чудовища (2015)","Bakemono no ko","2015","7","7","0"
"tt0397535","2022-04-24","https://www.kinopoisk.ru/film/77132/","Мемуары гейши (2005)","Memoirs of a Geisha","2005","8","8","0"
"tt0092067","2022-04-15","https://www.kinopoisk.ru/film/1846/","Небесный замок Лапута (1986)","Tenkuu no Shiro Laputa","1986","6","6","0"
"tt0118617","2022-04-15","https://www.kinopoisk.ru/film/2513/","Анастасия (1997)","Anastasia","1997","8","8","0"
"tt5323662","2022-04-15","https://www.kinopoisk.ru/film/963343/","Форма голоса (2016)","Koe no katachi","2016","7","7","0"
"tt0096283","2022-04-12","https://www.kinopoisk.ru/film/8221/","Мой сосед Тоторо (1988)","Tonari no Totoro","1988","5","5","0"
"tt1478839","2022-04-06","https://www.kinopoisk.ru/film/470191/","Невероятный мир глазами Энцо (2019)","The Art of Racing in the Rain","2019","7","7","0"
"tt0097165","2022-04-06","https://www.kinopoisk.ru/film/4996/","Общество мертвых поэтов (1989)","Dead Poets Society","1989","7","7","0"
"tt0182789","2022-04-06","https://www.kinopoisk.ru/film/7640/","Двухсотлетний человек (1999)","Bicentennial Man","1999","6","6","0"
"tt10954652","2022-04-05","https://www.kinopoisk.ru/film/1379090/","Время (2021)","Old","2021","6","6","0"
"tt9351746","2022-04-05","https://www.kinopoisk.ru/film/1234825/","С любовью, Антоша (2019)","Love, Antosha","2019","7","7","0"
"tt0783233","2022-04-04","https://www.kinopoisk.ru/film/255611/","Искупление (2007)","Atonement","2007","10","10","0"
"tt0223897","2022-04-03","https://www.kinopoisk.ru/film/782/","Заплати другому (2000)","Pay It Forward","2000","4","4","0"
"tt0068519","2022-04-02","https://www.kinopoisk.ru/film/44386/","Джентльмены удачи (1971)","","1971","1","1","0"
"tt0076727","2022-04-02","https://www.kinopoisk.ru/film/43869/","Служебный роман (1977)","","1977","1","1","0"
"tt0325710","2022-04-02","https://www.kinopoisk.ru/film/6764/","Последний самурай (2003)","The Last Samurai","2003","8","8","0"
"","2022-04-02","https://www.kinopoisk.ru/film/1338254/","72 метра (мини-сериал, 2004)","","2004","8","","1"
"tt1657507","2022-03-31","https://www.kinopoisk.ru/film/523122/","Коломбиана (2011)","Colombiana","2011","6","6","0"
"tt4846340","2022-03-31","https://www.kinopoisk.ru/film/966036/","Скрытые фигуры (2016)","Hidden Figures","2016","2","2","0"
"tt6878038","2022-03-31","https://www.kinopoisk.ru/film/1008113/","Таксист (2017)","Taeksi unjeonsa","2017","3","3","0"
"tt3829920","2022-03-31","https://www.kinopoisk.ru/film/965754/","Дело храбрых (2017)","Only the Brave","2017","6","6","0"
"tt0472160","2022-03-30","https://www.kinopoisk.ru/film/189651/","Пенелопа (2006)","Penelope","2006","5","5","0"
"tt0080439","2022-03-28","https://www.kinopoisk.ru/film/63912/","Укрощение строптивого (1980)","Il bisbetico domato","1980","10","10","0"
"tt8946378","2022-03-28","https://www.kinopoisk.ru/film/1188529/","Достать ножи (2019)","Knives Out","2019","9","9","0"
"tt0119217","2022-03-28","https://www.kinopoisk.ru/film/539/","Умница Уилл Хантинг (1997)","Good Will Hunting","1997","7","7","0"
"tt0203019","2022-03-20","https://www.kinopoisk.ru/film/751/","Военный ныряльщик (2000)","Men of Honor","2000","6","6","0"
"tt3787590","2022-03-20","https://www.kinopoisk.ru/film/841743/","128 ударов сердца в минуту (2015)","We Are Your Friends","2015","5","5","0"
"tt0410297","2022-03-20","https://www.kinopoisk.ru/film/102130/","Дом у озера (2006)","The Lake House","2006","7","7","0"
"tt0393162","2022-03-19","https://www.kinopoisk.ru/film/77531/","Тренер Картер (2005)","Coach Carter","2005","8","8","0"
"tt0060196","2022-03-19","https://www.kinopoisk.ru/film/349/","Хороший, плохой, злой (1966)","Il buono, il brutto, il cattivo","1966","8","8","0"
"tt0059578","2022-03-19","https://www.kinopoisk.ru/film/8190/","На несколько долларов больше (1965)","Per qualche dollaro in più","1965","8","8","0"
"tt0378194","2022-03-19","https://www.kinopoisk.ru/film/47015/","Убить Билла 2 (2004)","Kill Bill: Vol. 2","2004","7","7","0"
"tt0266697","2022-03-19","https://www.kinopoisk.ru/film/2717/","Убить Билла (2003)","Kill Bill: Vol. 1","2003","7","7","0"
"tt0166813","2022-03-12","https://www.kinopoisk.ru/film/839/","Спирит: Душа прерий (2002)","Spirit: Stallion of the Cimarron","2002","10","10","0"
"tt1219342","2022-03-12","https://www.kinopoisk.ru/film/409776/","Легенды ночных стражей (2010)","Legend of the Guardians: The Owls of Ga'Hoole","2010","10","10","0"
"tt2404435","2022-03-06","https://www.kinopoisk.ru/film/682648/","Великолепная семерка (2016)","The Magnificent Seven","2016","6","6","0"
"tt0058461","2022-03-05","https://www.kinopoisk.ru/film/8455/","За пригоршню долларов (1964)","Per un pugno di dollari","1964","7","7","0"
"tt11214590","2022-03-05","https://www.kinopoisk.ru/film/1449368/","Дом Gucci (2021)","House of Gucci","2021","6","6","0"
"tt3411444","2022-03-04","https://www.kinopoisk.ru/film/818144/","Фердинанд (2017)","Ferdinand","2017","7","7","0"
"tt13769630","2022-02-20","https://www.kinopoisk.ru/film/1272246/","Последний богатырь: Посланник Тьмы (2021)","","2021","5","5","0"
"tt7991608","2022-02-19","https://www.kinopoisk.ru/film/1115099/","Красное уведомление (2021)","Red Notice","2021","7","7","0"
"tt5135336","2022-02-12","https://www.kinopoisk.ru/film/1238997/","Метод 2 (сериал, 2020 – 2021)","","2020","1","1","1"
"tt0073179","2022-02-11","https://www.kinopoisk.ru/film/77331/","Ирония судьбы, или С легким паром! (1975)","","1975","6","6","0"
"tt5109280","2022-02-08","https://www.kinopoisk.ru/film/1015471/","Райя и последний дракон (2021)","Raya and the Last Dragon","2021","10","10","0"
"tt6920084","2022-02-06","https://www.kinopoisk.ru/film/1045397/","Обитель зла: Раккун-Сити (2021)","Resident Evil: Welcome to Raccoon City","2021","2","2","0"
"tt9639470","2022-02-05","https://www.kinopoisk.ru/film/1236583/","Прошлой ночью в Сохо (2021)","Last Night in Soho","2021","6","6","0"
"tt9421570","2022-02-05","https://www.kinopoisk.ru/film/1409828/","Виновный (2021)","The Guilty","2021","7","7","0"
"tt4244994","2022-02-03","https://www.kinopoisk.ru/film/1289738/","Последняя дуэль (2021)","The Last Duel","2021","10","10","0"
"tt11286314","2022-02-02","https://www.kinopoisk.ru/film/1338480/","Не смотрите наверх (2021)","Don't Look Up","2021","9","9","0"
"tt10872600","2022-02-02","https://www.kinopoisk.ru/film/1309570/","Человек-паук: Нет пути домой (2021)","Spider‑Man: No Way Home","2021","10","10","0"
"tt6654210","2022-01-27","https://www.kinopoisk.ru/film/1238476/","Бесконечность (2021)","Infinite","2021","5","5","0"
"tt6264654","2022-01-27","https://www.kinopoisk.ru/film/1199100/","Главный герой (2021)","Free Guy","2021","7","7","0"
"tt10838180","2022-01-26","https://www.kinopoisk.ru/film/1294123/","Матрица: Воскрешение (2021)","The Matrix Resurrections","2021","1","1","0"
"tt10525672","2022-01-23","https://www.kinopoisk.ru/film/1225587/","Серебряные коньки (2020)","","2020","8","8","0"
"tt3554046","2022-01-22","https://www.kinopoisk.ru/film/841747/","Космический джем: Новое поколение (2021)","Space Jam: A New Legacy","2021","3","3","0"
"tt9376612","2022-01-22","https://www.kinopoisk.ru/film/1219149/","Шан-Чи и легенда десяти колец (2021)","Shang‑Chi and the Legend of the Ten Rings","2021","8","8","0"
"tt9032400","2022-01-22","https://www.kinopoisk.ru/film/1198811/","Вечные (2021)","Eternals","2021","5","5","0"
"tt13606158","2022-01-22","https://www.kinopoisk.ru/film/1249172/","Последний богатырь: Корень зла (2020)","","2020","7","7","0"
"tt3228774","2022-01-18","https://www.kinopoisk.ru/film/804662/","Круэлла (2021)","Cruella","2021","7","7","0"
"tt2382320","2022-01-17","https://www.kinopoisk.ru/film/706019/","Не время умирать (2020)","No Time to Die","2020","7","7","0"
"tt0112175","2022-01-09","https://www.kinopoisk.ru/film/95232/","Человек-паук (сериал, 1994 – 1998)","Spider‑Man","1994","8","8","1"
"tt7097896","2022-01-04","https://www.kinopoisk.ru/film/1227967/","Веном 2 (2021)","Venom: Let There Be Carnage","2021","7","7","0"
"tt0104431","2022-01-04","https://www.kinopoisk.ru/film/5928/","Один дома 2: Затерянный в Нью-Йорке (1992)","Home Alone 2: Lost in New York","1992","4","4","0"
"","2022-01-04","https://www.kinopoisk.ru/film/1388461/","За что мы любим фильм «Гарри Поттер и Узник Азкабана» (2019)","","2019","6","","0"
"tt16116174","2022-01-02","https://www.kinopoisk.ru/film/4716622/","Гарри Поттер 20 лет спустя: Возвращение в Хогвартс (2022)","Harry Potter 20th Anniversary: Return to Hogwarts","2022","7","7","0"
"tt5433138","2021-12-27","https://www.kinopoisk.ru/film/964318/","Форсаж 9 (2021)","F9","2021","5","5","0"
"tt1433108","2021-12-19","https://www.kinopoisk.ru/film/463802/","Быстрее пули (2010)","Faster","2010","4","4","0"
"tt1167638","2021-12-19","https://www.kinopoisk.ru/film/470658/","22 пули: Бессмертный (2010)","L'immortel","2010","10","10","0"
"tt1259014","2021-12-19","https://www.kinopoisk.ru/film/424044/","Враг государства №1 (2008)","L'instinct de mort","2008","7","7","0"
"tt0411272","2021-12-19","https://www.kinopoisk.ru/film/271936/","Враг государства №1: Легенда (2008)","L'ennemi public n°1","2008","7","7","0"
"tt7863198","2021-11-09","https://www.kinopoisk.ru/film/842037/","Я худею (2018)","","2018","6","6","0"
"tt10633456","2021-11-09","https://www.kinopoisk.ru/film/1286541/","Минари (2020)","Minari","2020","9","9","0"
"tt0206634","2021-11-09","https://www.kinopoisk.ru/film/6803/","Дитя человеческое (2006)","Children of Men","2006","9","9","0"
"tt0805647","2021-11-07","https://www.kinopoisk.ru/film/279091/","Ведьмы (2020)","The Witches","2020","7","7","0"
"tt0461770","2021-11-07","https://www.kinopoisk.ru/film/106165/","Зачарованная (2007)","Enchanted","2007","8","8","0"
"","2021-11-05","https://www.kinopoisk.ru/film/4538489/","Уральское дерби (2021)","","2021","7","","0"
"tt9686708","2021-11-01","https://www.kinopoisk.ru/film/1236644/","Король Стейтен-Айленда (2020)","The King of Staten Island","2020","9","9","0"
"tt0150742","2021-10-29","https://www.kinopoisk.ru/film/220054/","Крестный отец: Трилогия 1901-1980 (1992)","The Godfather Trilogy: 1901‑1980","1992","8","8","0"
"tt0099674","2021-10-29","https://www.kinopoisk.ru/film/4500/","Крестный отец 3 (1990)","The Godfather: Part III","1990","7","7","0"
"tt0071562","2021-10-29","https://www.kinopoisk.ru/film/327/","Крестный отец 2 (1974)","The Godfather: Part II","1974","10","10","0"
"tt0068646","2021-10-29","https://www.kinopoisk.ru/film/325/","Крестный отец (1972)","The Godfather","1972","7","7","0"
"tt0367882","2021-10-18","https://www.kinopoisk.ru/film/38904/","Индиана Джонс и Королевство хрустального черепа (2008)","Indiana Jones and the Kingdom of the Crystal Skull","2008","7","7","0"
"tt0097576","2021-10-18","https://www.kinopoisk.ru/film/472/","Индиана Джонс и последний крестовый поход (1989)","Indiana Jones and the Last Crusade","1989","7","7","0"
"tt0087469","2021-10-18","https://www.kinopoisk.ru/film/7122/","Индиана Джонс и Храм судьбы (1984)","Indiana Jones and the Temple of Doom","1984","6","6","0"
"tt0082971","2021-10-18","https://www.kinopoisk.ru/film/339/","Индиана Джонс: В поисках утраченного ковчега (1981)","Raiders of the Lost Ark","1981","6","6","0"
"tt11958698","2021-10-16","https://www.kinopoisk.ru/film/1350287/","Патриот (сериал, 2020)","","2020","7","7","1"
"tt5753856","2021-10-16","https://www.kinopoisk.ru/film/1032606/","Тьма (сериал, 2017 – 2020)","Dark","2017","9","9","1"
"tt13266012","2021-10-16","https://www.kinopoisk.ru/film/1405843/","Пищеблок (сериал, 2021 – 2023)","","2021","8","8","1"
"tt9243804","2021-10-16","https://www.kinopoisk.ru/film/1209476/","Легенда о Зелёном Рыцаре (2020)","The Green Knight","2020","10","10","0"
"","2021-10-14","https://www.kinopoisk.ru/film/1005981/","The Peter Weyland Files: «Prometheus» Transmission (2012)","","2012","6","","0"
"","2021-10-14","https://www.kinopoisk.ru/film/1045810/","Файлы Питера Вейланда: С днём рождения, Дэвид (2012)","The Peter Weyland Files: Happy Birthday, David","2012","6","","0"
"tt7309934","2021-10-14","https://www.kinopoisk.ru/film/1053132/","Чужой: Завет – Фобос (2017)","Alien: Covenant – Phobos","2017","7","7","0"
"tt6971180","2021-10-14","https://www.kinopoisk.ru/film/1049501/","Чужой: Завет. Познакомьтесь с Уолтером (2017)","Alien: Covenant – Meet Walter","2017","7","7","0"
"tt7428594","2021-10-14","https://www.kinopoisk.ru/film/1048915/","Бегущий по лезвию: Блэкаут 2022 (2017)","Blade Runner: Black Out 2022","2017","7","7","0"
"tt7387408","2021-10-14","https://www.kinopoisk.ru/film/1048914/","Бегущий по лезвию 2049 – 2048: Некуда бежать (2017)","2048: Nowhere to Run","2017","7","7","0"
"tt7326248","2021-10-14","https://www.kinopoisk.ru/film/1048913/","2036: Возрождение Nexus (2017)","2036: Nexus Dawn","2017","7","7","0"
"tt7309938","2021-10-14","https://www.kinopoisk.ru/film/1076999/","Чужой: Завет – Пришествие (2017)","Alien: Covenant – Advent","2017","7","7","0"
"tt6878760","2021-10-14","https://www.kinopoisk.ru/film/1045400/","Чужой: Завет – Пролог: Связующее звено (2017)","Alien: Covenant – Prologue: The Crossing","2017","7","7","0"
"tt6571148","2021-10-14","https://www.kinopoisk.ru/film/1034513/","Чужой: Завет – Пролог: Тайная Вечеря (2017)","Alien: Covenant – Prologue: Last Supper","2017","7","7","0"
"tt0370263","2021-10-14","https://www.kinopoisk.ru/film/41949/","Чужой против Хищника (2004)","AVP: Alien vs. Predator","2004","6","6","0"
"tt2316204","2021-10-14","https://www.kinopoisk.ru/film/695548/","Чужой: Завет (2017)","Alien: Covenant","2017","7","7","0"
"tt0118583","2021-10-13","https://www.kinopoisk.ru/film/3935/","Чужой 4: Воскрешение (1997)","Alien Resurrection","1997","4","4","0"
"tt0103644","2021-10-13","https://www.kinopoisk.ru/film/2286/","Чужой 3 (1992)","Alien³","1992","6","6","0"
"tt1075113","2021-10-12","https://www.kinopoisk.ru/film/391771/","Не оглядывайся (2009)","Ne te retourne pas","2009","6","6","0"
"tt0090605","2021-10-12","https://www.kinopoisk.ru/film/406/","Чужие (1986)","Aliens","1986","7","7","0"
"tt0078748","2021-10-12","https://www.kinopoisk.ru/film/386/","Чужой (1979)","Alien","1979","8","8","0"
"tt1242460","2021-10-12","https://www.kinopoisk.ru/film/465543/","Что-то не так с Кевином (2010)","We Need to Talk About Kevin","2010","10","10","0"
"tt2124096","2021-10-12","https://www.kinopoisk.ru/film/573817/","Ёлки 2 (2011)","","2011","9","9","0"
"tt5987402","2021-10-12","https://www.kinopoisk.ru/film/840817/","Движение вверх (2017)","","2017","9","9","0"
"tt0091209","2021-10-12","https://www.kinopoisk.ru/film/20368/","Попутчик (1986)","The Hitcher","1986","9","9","0"
"tt6628394","2021-10-12","https://www.kinopoisk.ru/film/1047143/","Ничего хорошего в отеле «Эль Рояль» (2018)","Bad Times at the El Royale","2018","6","6","0"
"tt3302706","2021-10-11","https://www.kinopoisk.ru/film/806934/","Голос (2014)","Boychoir","2014","6","6","0"
"tt0914798","2021-10-09","https://www.kinopoisk.ru/film/281251/","Мальчик в полосатой пижаме (2008)","The Boy in the Striped Pajamas","2008","8","8","0"
"tt0169547","2021-10-09","https://www.kinopoisk.ru/film/351/","Красота по-американски (1999)","American Beauty","1999","5","5","0"
"tt2288121","2021-10-09","https://www.kinopoisk.ru/film/592275/","Тот ещё Карлосон! (2012)","","2012","3","3","0"
"tt0120632","2021-10-09","https://www.kinopoisk.ru/film/4171/","Город ангелов (1998)","City of Angels","1998","7","7","0"
"tt0070849","2021-10-09","https://www.kinopoisk.ru/film/7147/","Последнее танго в Париже (1972)","Ultimo tango a Parigi","1972","5","5","0"
"tt1613750","2021-10-09","https://www.kinopoisk.ru/film/506432/","Кон-Тики (2012)","Kon‑Tiki","2012","7","7","0"
"tt6673840","2021-10-09","https://www.kinopoisk.ru/film/885316/","Время первых (2017)","","2017","7","7","0"
"tt5715874","2021-10-09","https://www.kinopoisk.ru/film/984309/","Убийство священного оленя (2017)","The Killing of a Sacred Deer","2017","7","7","0"
"tt0066921","2021-09-09","https://www.kinopoisk.ru/film/391/","Заводной апельсин (1971)","A Clockwork Orange","1971","7","7","0"
"tt0099685","2021-09-03","https://www.kinopoisk.ru/film/350/","Славные парни (1990)","Goodfellas","1990","8","8","0"
"tt0105323","2021-08-31","https://www.kinopoisk.ru/film/4871/","Запах женщины (1992)","Scent of a Woman","1992","7","7","0"
"tt0112641","2021-08-31","https://www.kinopoisk.ru/film/2494/","Казино (1995)","Casino","1995","8","8","0"
"tt0113277","2021-08-30","https://www.kinopoisk.ru/film/571/","Схватка (1995)","Heat","1995","9","9","0"
"tt0405094","2021-08-29","https://www.kinopoisk.ru/film/126196/","Жизнь других (2006)","Das Leben der Anderen","2006","7","7","0"
"tt0110443","2021-08-29","https://www.kinopoisk.ru/film/21503/","Майор Пэйн (1995)","Major Payne","1995","7","7","0"
"tt6334354","2021-08-29","https://www.kinopoisk.ru/film/1008477/","Отряд самоубийц: Миссия навылет (2021)","The Suicide Squad","2021","7","7","0"
"tt0111282","2021-08-29","https://www.kinopoisk.ru/film/5594/","Звездные врата (1994)","Stargate","1994","8","8","0"
"tt0490215","2021-08-29","https://www.kinopoisk.ru/film/260898/","Молчание (2016)","Silence","2016","6","6","0"
"tt3778644","2021-08-29","https://www.kinopoisk.ru/film/841277/","Хан Соло: Звёздные войны. Истории (2018)","Solo: A Star Wars Story","2018","8","8","0"
"tt3748528","2021-08-29","https://www.kinopoisk.ru/film/840152/","Изгой-один: Звёздные войны. Истории (2016)","Rogue One","2016","6","6","0"
"tt2527338","2021-08-29","https://www.kinopoisk.ru/film/718222/","Звёздные войны: Скайуокер. Восход (2019)","Star Wars: Episode IX – The Rise of Skywalker","2019","8","8","0"
"tt4513674","2021-08-29","https://www.kinopoisk.ru/film/893362/","Светская жизнь (2016)","Café Society","2016","6","6","0"
"tt5691670","2021-08-26","https://www.kinopoisk.ru/film/980327/","Под Сильвер-Лэйк (2017)","Under the Silver Lake","2017","6","6","0"
"tt4263482","2021-08-26","https://www.kinopoisk.ru/film/865302/","Ведьма (2015)","The VVitch: A New‑England Folktale","2015","8","8","0"
"tt2527336","2021-08-08","https://www.kinopoisk.ru/film/718223/","Звёздные войны: Последние джедаи (2017)","Star Wars: Episode VIII – The Last Jedi","2017","7","7","0"
"tt0121766","2021-08-08","https://www.kinopoisk.ru/film/5619/","Звёздные войны: Эпизод 3 – Месть ситхов (2005)","Star Wars: Episode III – Revenge of the Sith","2005","7","7","0"
"tt0121765","2021-08-08","https://www.kinopoisk.ru/film/844/","Звёздные войны: Эпизод 2 – Атака клонов (2002)","Star Wars: Episode II – Attack of the Clones","2002","7","7","0"
"tt0086190","2021-08-08","https://www.kinopoisk.ru/film/447/","Звёздные войны: Эпизод 6 – Возвращение Джедая (1983)","Star Wars: Episode VI – Return of the Jedi","1983","6","6","0"
"tt0080684","2021-08-08","https://www.kinopoisk.ru/film/338/","Звёздные войны: Эпизод 5 – Империя наносит ответный удар (1980)","Star Wars: Episode V – The Empire Strikes Back","1980","6","6","0"
"tt0076759","2021-08-08","https://www.kinopoisk.ru/film/333/","Звёздные войны: Эпизод 4 – Новая надежда (1977)","Star Wars","1977","6","6","0"
"tt0426931","2021-08-08","https://www.kinopoisk.ru/film/86566/","Август Раш (2007)","August Rush","2007","6","6","0"
"tt3402236","2021-08-08","https://www.kinopoisk.ru/film/817969/","Убийство в Восточном экспрессе (2017)","Murder on the Orient Express","2017","6","6","0"
"tt0878804","2021-08-08","https://www.kinopoisk.ru/film/450213/","Невидимая сторона (2009)","The Blind Side","2009","7","7","0"
"tt3640424","2021-08-03","https://www.kinopoisk.ru/film/915140/","Союзники (2016)","Allied","2016","9","9","0"
"tt0993840","2021-07-23","https://www.kinopoisk.ru/film/428683/","Армия мертвецов (2021)","Army of the Dead","2021","8","8","0"
"tt9140560","2021-07-17","https://www.kinopoisk.ru/film/1203040/","Ванда/Вижн (мини-сериал, 2021)","WandaVision","2021","8","8","1"
"tt9140554","2021-07-17","https://www.kinopoisk.ru/film/1203039/","Локи (сериал, 2021 – 2023)","Loki","2021","9","9","1"
"tt8332922","2021-07-17","https://www.kinopoisk.ru/film/1129900/","Тихое место 2 (2020)","A Quiet Place Part II","2020","8","8","0"
"tt3480822","2021-07-14","https://www.kinopoisk.ru/film/823956/","Чёрная Вдова (2021)","Black Widow","2021","7","7","0"
"tt0108052","2021-06-24","https://www.kinopoisk.ru/film/329/","Список Шиндлера (1993)","Schindler's List","1993","8","8","0"
"tt0325703","2021-06-24","https://www.kinopoisk.ru/film/7988/","Лара Крофт: Расхитительница гробниц 2 – Колыбель жизни (2003)","Lara Croft Tomb Raider: The Cradle of Life","2003","5","5","0"
"tt1895587","2021-06-24","https://www.kinopoisk.ru/film/834394/","В центре внимания (2015)","Spotlight","2015","6","6","0"
"tt1650062","2021-06-23","https://www.kinopoisk.ru/film/517433/","Супер 8 (2011)","Super 8","2011","5","5","0"
"tt1322269","2021-06-23","https://www.kinopoisk.ru/film/462273/","Август (2013)","August: Osage County","2013","9","9","0"
"tt3480796","2021-06-23","https://www.kinopoisk.ru/film/821048/","Добро пожаловать в рай (2014)","Vice","2014","2","2","0"
"tt10303324","2021-06-23","https://www.kinopoisk.ru/film/1266757/","Дожить до утра (2020)","Survive the Night","2020","2","2","0"
"tt1366365","2021-06-23","https://www.kinopoisk.ru/film/454079/","Средь бела дня (2011)","The Cold Light of Day","2011","4","4","0"
"tt0435651","2021-06-23","https://www.kinopoisk.ru/film/88078/","Посвященный (2014)","The Giver","2014","5","5","0"
"tt0434409","2021-06-23","https://www.kinopoisk.ru/film/86208/","«V» значит Вендетта (2006)","V for Vendetta","2006","6","6","0"
"tt1037705","2021-06-22","https://www.kinopoisk.ru/film/424266/","Книга Илая (2009)","The Book of Eli","2009","8","8","0"
"tt3086386","2021-06-22","https://www.kinopoisk.ru/film/784293/","Царь скорпионов 4: Утерянный трон (2014)","The Scorpion King: The Lost Throne","2014","2","2","0"
"tt0859163","2021-06-22","https://www.kinopoisk.ru/film/276638/","Мумия: Гробница императора драконов (2008)","The Mummy: Tomb of the Dragon Emperor","2008","8","8","0"
"tt0209163","2021-06-22","https://www.kinopoisk.ru/film/760/","Мумия возвращается (2001)","The Mummy Returns","2001","6","6","0"
"tt0120616","2021-06-22","https://www.kinopoisk.ru/film/4484/","Мумия (1999)","The Mummy","1999","8","8","0"
"","2021-06-21","https://www.kinopoisk.ru/film/1395460/","Медиатор (сериал, 2021 – 2024)","","2021","9","","1"
"tt1502407","2021-06-20","https://www.kinopoisk.ru/film/472369/","Хэллоуин (2018)","Halloween","2018","1","1","0"
"tt4532826","2021-06-20","https://www.kinopoisk.ru/film/927495/","Робин Гуд: Начало (2018)","Robin Hood","2018","2","2","0"
"tt1571234","2021-06-20","https://www.kinopoisk.ru/film/493271/","Хроники хищных городов (2018)","Mortal Engines","2018","3","3","0"
"tt0088323","2021-06-20","https://www.kinopoisk.ru/film/12205/","Бесконечная история (1984)","The Neverending Story","1984","7","7","0"
"tt0108160","2021-06-20","https://www.kinopoisk.ru/film/1573/","Неспящие в Сиэттле (1993)","Sleepless in Seattle","1993","7","7","0"
"tt0172156","2021-06-20","https://www.kinopoisk.ru/film/2928/","Плохие парни 2 (2003)","Bad Boys II","2003","7","7","0"
"tt6475714","2021-06-20","https://www.kinopoisk.ru/film/1038789/","Охотник на монстров (2020)","Monster Hunter","2020","4","4","0"
"tt4761112","2021-06-20","https://www.kinopoisk.ru/film/1289785/","Мавританец (2020)","The Mauritanian","2020","7","7","0"
"tt13996386","2021-06-20","https://www.kinopoisk.ru/film/1274271/","Родные (2021)","","2021","7","7","0"
"tt1979376","2021-06-20","https://www.kinopoisk.ru/film/846824/","История игрушек 4 (2019)","Toy Story 4","2019","6","6","0"
"tt0100405","2021-06-20","https://www.kinopoisk.ru/film/8125/","Красотка (1990)","Pretty Woman","1990","8","8","0"
"tt0825232","2021-06-20","https://www.kinopoisk.ru/film/258885/","Пока не сыграл в ящик (2007)","The Bucket List","2007","7","7","0"
"tt7069210","2021-06-20","https://www.kinopoisk.ru/film/1046638/","Заклятие 3: По воле дьявола (2021)","The Conjuring: The Devil Made Me Do It","2021","7","7","0"
"tt6146586","2021-06-19","https://www.kinopoisk.ru/film/1009536/","Джон Уик 3 (2019)","John Wick: Chapter 3 – Parabellum","2019","7","7","0"
"tt4425200","2021-06-18","https://www.kinopoisk.ru/film/885658/","Джон Уик 2 (2017)","John Wick: Chapter Two","2017","8","8","0"
"tt2083383","2021-06-18","https://www.kinopoisk.ru/film/634232/","Крученый мяч (2012)","Trouble with the Curve","2012","6","6","0"
"tt2911666","2021-06-17","https://www.kinopoisk.ru/film/762738/","Джон Уик (2014)","John Wick","2014","6","6","0"
"tt1821694","2021-06-17","https://www.kinopoisk.ru/film/582159/","РЭД 2 (2013)","RED 2","2013","6","6","0"
"tt1245526","2021-06-16","https://www.kinopoisk.ru/film/450237/","РЭД (2010)","RED","2010","7","7","0"
"tt0100802","2021-06-16","https://www.kinopoisk.ru/film/2443/","Вспомнить всё (1990)","Total Recall","1990","7","7","0"
"tt1856101","2021-06-15","https://www.kinopoisk.ru/film/589290/","Бегущий по лезвию 2049 (2017)","Blade Runner 2049","2017","9","9","0"
"tt0083658","2021-06-14","https://www.kinopoisk.ru/film/403/","Бегущий по лезвию (1982)","Blade Runner","1982","7","7","0"
"tt0120815","2021-06-13","https://www.kinopoisk.ru/film/371/","Спасти рядового Райана (1998)","Saving Private Ryan","1998","9","9","0"
"tt11083552","2021-06-12","https://www.kinopoisk.ru/film/1318972/","Гнев человеческий (2021)","Wrath of Man","2021","8","8","0"
"tt14111652","2021-06-06","https://www.kinopoisk.ru/film/1326397/","Батя (2020)","","2020","8","8","0"
"tt3460252","2021-06-06","https://www.kinopoisk.ru/film/819101/","Омерзительная восьмерка (2015)","The Hateful Eight","2015","9","9","0"
"tt0146316","2021-05-18","https://www.kinopoisk.ru/film/3950/","Лара Крофт: Расхитительница гробниц (2001)","Lara Croft: Tomb Raider","2001","6","6","0"
"tt3890160","2021-05-18","https://www.kinopoisk.ru/film/902939/","Малыш на драйве (2017)","Baby Driver","2017","8","8","0"
"tt4633690","2021-05-16","https://www.kinopoisk.ru/film/910353/","Выстрел в пустоту (2015)","Shot Caller","2015","8","8","0"
"tt5034838","2021-05-11","https://www.kinopoisk.ru/film/965936/","Годзилла против Конга (2021)","Godzilla vs. Kong","2021","6","6","0"
"tt0293429","2021-05-10","https://www.kinopoisk.ru/film/8062/","Мортал Комбат (2021)","Mortal Kombat","2021","7","7","0"
"tt7146812","2021-05-09","https://www.kinopoisk.ru/film/1080513/","Вперёд (2019)","Onward","2019","6","6","0"
"tt11655202","2021-05-08","https://www.kinopoisk.ru/film/1345158/","Рыцари справедливости (2020)","Retfærdighedens ryttere","2020","9","9","0"
"tt14141754","2021-05-08","https://www.kinopoisk.ru/film/1405926/","Пара из будущего (2021)","","2021","7","7","0"
"tt7601480","2021-05-08","https://www.kinopoisk.ru/film/1109271/","Майор Гром: Чумной Доктор (2021)","","2021","9","9","0"
"tt7395114","2021-05-03","https://www.kinopoisk.ru/film/1072788/","Дьявол всегда здесь (2020)","The Devil All the Time","2020","7","7","0"
"tt1361336","2021-05-02","https://www.kinopoisk.ru/film/468562/","Том и Джерри (2021)","Tom and Jerry","2021","4","4","0"
"tt9130508","2021-05-02","https://www.kinopoisk.ru/film/1245501/","По наклонной (2020)","Cherry","2020","10","10","0"
"tt12025128","2021-04-21","https://www.kinopoisk.ru/film/1108685/","Колл-центр (сериал, 2020)","","2020","7","7","1"
"","2021-04-21","https://www.kinopoisk.ru/film/4404112/","Лига справедливости Зака Снайдера: Черно-белая версия (2021)","Zack Snyder's Justice League: Justice Is Gray","2021","9","","0"
"tt1312171","2021-04-21","https://www.kinopoisk.ru/film/463401/","Академия «Амбрелла» (сериал, 2019 – 2024)","The Umbrella Academy","2019","6","6","1"
"tt4857264","2021-04-21","https://www.kinopoisk.ru/film/959365/","Невидимый гость (2016)","Contratiempo","2016","9","9","0"
"tt10016180","2021-04-21","https://www.kinopoisk.ru/film/1290490/","Дьявол в деталях (2020)","The Little Things","2020","7","7","0"
"tt13144490","2021-04-21","https://www.kinopoisk.ru/film/1395366/","Игра на выживание (сериал, 2020 – 2022)","","2020","6","6","1"
"","2021-04-21","https://www.kinopoisk.ru/film/1202296/","Палмер (2020)","Palmer","2020","8","","0"
"tt3794354","2021-04-21","https://www.kinopoisk.ru/film/1016160/","Соник в кино (2020)","Sonic the Hedgehog","2020","5","5","0"
"tt11418452","2021-04-21","https://www.kinopoisk.ru/film/1183582/","Холоп (2019)","","2019","7","7","0"
"tt2948372","2021-04-21","https://www.kinopoisk.ru/film/775273/","Душа (2020)","Soul","2020","9","9","0"
"tt5430888","2021-04-21","https://www.kinopoisk.ru/film/1005008/","Майор Гром (2017)","","2017","8","8","0"
"tt8244784","2021-04-21","https://www.kinopoisk.ru/film/1122129/","Охота (2019)","The Hunt","2019","5","5","0"
"tt11867066","2021-04-21","https://www.kinopoisk.ru/film/1322389/","Проект «Анна Николаевна» (сериал, 2020 – ...)","","2020","5","5","1"
"tt12112474","2021-04-21","https://www.kinopoisk.ru/film/1363091/","Я не шучу (сериал, 2021)","","2021","6","6","1"
"tt0475394","2021-04-20","https://www.kinopoisk.ru/film/182352/","Козырные тузы (2007)","Smokin' Aces","2007","7","7","0"
"tt0113855","2021-04-14","https://www.kinopoisk.ru/film/22355/","Смертельная битва (1995)","Mortal Kombat","1995","7","7","0"
"tt12361974","2021-04-09","https://www.kinopoisk.ru/film/1387021/","Лига справедливости Зака Снайдера (2021)","Zack Snyder's Justice League","2021","10","10","0"
"tt7888964","2021-03-21","https://www.kinopoisk.ru/film/1309596/","Никто (2021)","Nobody","2021","9","9","0"
"tt1488606","2021-03-01","https://www.kinopoisk.ru/film/470464/","Тройная граница (2019)","Triple Frontier","2019","5","5","0"
"tt7550000","2021-03-01","https://www.kinopoisk.ru/film/1190299/","Проект Power (2020)","Project Power","2020","2","2","0"
"tt10048342","2021-02-27","https://www.kinopoisk.ru/film/1253633/","Ход королевы (мини-сериал, 2020)","The Queen's Gambit","2020","10","10","1"
"tt8936646","2021-02-27","https://www.kinopoisk.ru/film/1190387/","Тайлер Рейк: Операция по спасению (2020)","Extraction","2020","7","7","0"
"","2021-02-24","https://www.kinopoisk.ru/film/542438/","Адмиралъ (сериал, 2009)","","2009","8","","1"
"tt12028944","2021-02-23","https://www.kinopoisk.ru/film/1254059/","Доктор Лиза (2020)","","2020","7","7","0"
"tt12200256","2021-02-23","https://www.kinopoisk.ru/film/1183599/","Огонь (2020)","","2020","7","7","0"
"tt0454848","2021-02-22","https://www.kinopoisk.ru/film/103785/","Не пойман – не вор (2006)","Inside Man","2006","8","8","0"
"tt0459759","2021-02-07","https://www.kinopoisk.ru/film/105013/","Бой с тенью 2: Реванш (2007)","","2007","3","3","0"
"tt2229499","2021-02-07","https://www.kinopoisk.ru/film/666731/","Страсти Дон Жуана (2013)","Don Jon","2013","2","2","0"
"","2021-01-30","https://www.kinopoisk.ru/film/744275/","Луис С.К.: Боже мой (2013)","Louis C.K. Oh My God","2013","5","","0"
"tt10272534","2021-01-28","https://www.kinopoisk.ru/film/1261864/","Вечный свет (2019)","Lux Æterna","2019","3","3","0"
"tt7672068","2021-01-21","https://www.kinopoisk.ru/film/1049219/","Папа, сдохни (2018)","","2018","8","8","0"
"tt3076658","2021-01-06","https://www.kinopoisk.ru/film/782932/","Крид: Наследие Рокки (2015)","Creed","2015","4","4","0"
"tt6823698","2021-01-06","https://www.kinopoisk.ru/film/981105/","Бабушка лёгкого поведения (2017)","","2017","2","2","0"
"tt1155076","2021-01-06","https://www.kinopoisk.ru/film/412162/","Каратэ-пацан (2010)","The Karate Kid","2010","6","6","0"
"tt0163651","2021-01-06","https://www.kinopoisk.ru/film/5129/","Американский пирог (1999)","American Pie","1999","6","6","0"
"tt0377109","2021-01-06","https://www.kinopoisk.ru/film/61305/","Звонок 2 (2005)","The Ring Two","2005","6","6","0"
"tt8304276","2021-01-06","https://www.kinopoisk.ru/film/1042556/","Кислота (2018)","","2018","5","5","0"
"tt13666772","2021-01-06","https://www.kinopoisk.ru/film/1189859/","Неадекватные люди 2 (2020)","","2020","8","8","0"
"tt4682266","2021-01-05","https://www.kinopoisk.ru/film/910085/","Новые мутанты (2020)","The New Mutants","2020","6","6","0"
"tt10288566","2021-01-03","https://www.kinopoisk.ru/film/1263705/","Еще по одной (2020)","Druk","2020","9","9","0"
"tt6865690","2021-01-02","https://www.kinopoisk.ru/film/1047881/","Во всё тяжкое (2017)","The Professor","2017","8","8","0"
"tt11439556","2021-01-02","https://www.kinopoisk.ru/film/1199625/","Глубже! (2020)","","2020","7","7","0"
"tt12112298","2020-12-17","https://www.kinopoisk.ru/film/1355059/","Беспринципные (сериал, 2020 – ...)","","2020","10","10","1"
"tt4276820","2020-12-12","https://www.kinopoisk.ru/film/893245/","Основатель (2016)","The Founder","2016","8","8","0"
"tt7798634","2020-11-15","https://www.kinopoisk.ru/film/1198736/","Я иду искать (2019)","Ready or Not","2019","5","5","0"
"tt0102685","2020-10-28","https://www.kinopoisk.ru/film/1990/","На гребне волны (1991)","Point Break","1991","9","9","0"
"tt1648190","2020-10-28","https://www.kinopoisk.ru/film/641780/","Тёмная башня (2017)","The Dark Tower","2017","4","4","0"
"tt5580036","2020-10-28","https://www.kinopoisk.ru/film/1008385/","Тоня против всех (2017)","I, Tonya","2017","7","7","0"
"tt4463816","2020-10-28","https://www.kinopoisk.ru/film/908041/","Конченая (2017)","Terminal","2017","3","3","0"
"tt6723592","2020-10-24","https://www.kinopoisk.ru/film/1236063/","Довод (2020)","Tenet","2020","10","10","0"
"tt0132477","2020-10-18","https://www.kinopoisk.ru/film/2056/","Октябрьское небо (1999)","October Sky","1999","7","7","0"
"tt5929754","2020-10-13","https://www.kinopoisk.ru/film/1005852/","Дикая жизнь (2017)","Wildlife","2017","6","6","0"
"tt8850222","2020-10-13","https://www.kinopoisk.ru/film/1183571/","Поезд в Пусан 2: Полуостров (2020)","Bando","2020","4","4","0"
"tt3881784","2020-10-13","https://www.kinopoisk.ru/film/937824/","Сильнее (2017)","Stronger","2017","7","7","0"
"tt1855199","2020-10-13","https://www.kinopoisk.ru/film/584405/","Патруль (2012)","End of Watch","2012","9","9","0"
"tt1172049","2020-10-13","https://www.kinopoisk.ru/film/842493/","Разрушение (2015)","Demolition","2015","9","9","0"
"tt2872718","2020-10-13","https://www.kinopoisk.ru/film/760815/","Стрингер (2013)","Nightcrawler","2013","10","10","0"
"tt0411008","2020-09-30","https://www.kinopoisk.ru/film/104122/","Остаться в живых (сериал, 2004 – 2010)","Lost","2004","10","10","1"
"tt2316411","2020-09-28","https://www.kinopoisk.ru/film/673910/","Враг (2013)","Enemy","2013","9","9","0"
"tt12235234","2020-09-25","https://www.kinopoisk.ru/film/1254046/","Фея (2019)","","2019","7","7","0"
"tt3352390","2020-09-24","https://www.kinopoisk.ru/film/810130/","Запрос в друзья (2015)","Friend Request","2015","6","6","0"
"tt5805752","2020-09-24","https://www.kinopoisk.ru/film/987233/","Медвежонок Бригсби (2017)","Brigsby Bear","2017","7","7","0"
"tt12437986","2020-09-23","https://www.kinopoisk.ru/film/1227993/","Водоворот (сериал, 2020)","","2020","8","8","1"
"tt6902676","2020-09-23","https://www.kinopoisk.ru/film/1142604/","Пушки Акимбо (2019)","Guns Akimbo","2019","7","7","0"
"tt0327554","2020-09-23","https://www.kinopoisk.ru/film/3523/","Женщина-кошка (2004)","Catwoman","2004","6","6","0"
"tt1502397","2020-08-22","https://www.kinopoisk.ru/film/472386/","Плохие парни навсегда (2020)","Bad Boys for Life","2020","7","7","0"
"tt8772296","2020-08-20","https://www.kinopoisk.ru/film/1178445/","Эйфория (сериал, 2019 – 2026)","Euphoria","2019","10","10","1"
"tt1051906","2020-08-20","https://www.kinopoisk.ru/film/420454/","Человек-невидимка (2020)","The Invisible Man","2020","4","4","0"
"tt0242653","2020-08-20","https://www.kinopoisk.ru/film/316/","Матрица: Революция (2003)","The Matrix Revolutions","2003","9","9","0"
"tt1634106","2020-08-20","https://www.kinopoisk.ru/film/512673/","Бладшот (2020)","Bloodshot","2020","3","3","0"
"tt0405422","2020-08-20","https://www.kinopoisk.ru/film/81976/","Сорокалетний девственник (2005)","The 40 Year Old Virgin","2005","7","7","0"
"tt8579674","2020-03-25","https://www.kinopoisk.ru/film/1171976/","1917 (2019)","1917","2019","9","9","0"
"tt9446688","2020-02-29","https://www.kinopoisk.ru/film/1261983/","Меня это не устраивает! (сериал, 2020)","I Am Not Okay with This","2020","7","7","1"
"tt3758172","2020-02-29","https://www.kinopoisk.ru/film/893843/","Джунгли (2017)","Jungle","2017","7","7","0"
"tt8820590","2020-02-29","https://www.kinopoisk.ru/film/930878/","Т-34 (2018)","","2018","4","4","0"
"tt4844140","2020-02-29","https://www.kinopoisk.ru/film/1087387/","Подлинная история банды Келли (2019)","True History of the Kelly Gang","2019","7","7","0"
"tt7713068","2020-02-27","https://www.kinopoisk.ru/film/1111004/","Хищные птицы: Потрясающая история Харли Квинн (2020)","Birds of Prey and the Fantabulous Emancipation of One Harley Quinn","2020","3","3","0"
"tt0112442","2020-02-26","https://www.kinopoisk.ru/film/3908/","Плохие парни (1995)","Bad Boys","1995","7","7","0"
"tt4729430","2020-02-25","https://www.kinopoisk.ru/film/957887/","Клаус (2019)","Klaus","2019","10","10","0"
"tt0382992","2020-02-24","https://www.kinopoisk.ru/film/77593/","Стелс (2005)","Stealth","2005","5","5","0"
"tt1517451","2020-02-24","https://www.kinopoisk.ru/film/474935/","Звезда родилась (2018)","A Star Is Born","2018","8","8","0"
"tt4530422","2020-02-24","https://www.kinopoisk.ru/film/1047365/","Оверлорд (2018)","Overlord","2018","4","4","0"
"tt8367814","2020-02-22","https://www.kinopoisk.ru/film/1143242/","Джентльмены (2019)","The Gentlemen","2019","10","10","0"
"tt2737304","2020-02-20","https://www.kinopoisk.ru/film/741214/","Птичий короб (2018)","Bird Box","2018","8","8","0"
"tt10398182","2020-02-20","https://www.kinopoisk.ru/film/1207239/","BEEF: Русский хип-хоп (2019)","","2019","2","2","0"
"tt8663516","2020-02-20","https://www.kinopoisk.ru/film/1179256/","Детские игры (2019)","Child's Play","2019","1","1","0"
"tt11388264","2020-02-20","https://www.kinopoisk.ru/film/1328337/","Внутри Лапенко (сериал, 2019 – 2023)","","2019","7","7","1"
"tt7520794","2020-02-20","https://www.kinopoisk.ru/film/1216661/","Жизни матрешки (сериал, 2019 – 2022)","Russian Doll","2019","8","8","1"
"tt1025100","2020-02-20","https://www.kinopoisk.ru/film/462851/","Гемини (2019)","Gemini Man","2019","4","4","0"
"tt7975244","2020-02-20","https://www.kinopoisk.ru/film/1112539/","Джуманджи: Новый уровень (2019)","Jumanji: The Next Level","2019","7","7","0"
"tt1560220","2020-02-20","https://www.kinopoisk.ru/film/489414/","Zомбилэнд: Контрольный выстрел (2019)","Zombieland: Double Tap","2019","6","6","0"
"tt7767422","2020-02-20","https://www.kinopoisk.ru/film/1147693/","Сексуальное просвещение (сериал, 2019 – 2023)","Sex Education","2019","9","9","1"
"tt9561862","2020-02-20","https://www.kinopoisk.ru/film/1228254/","Любовь. Смерть. Роботы (сериал, 2019 – ...)","Love, Death & Robots","2019","8","8","1"
"tt10767426","2020-02-20","https://www.kinopoisk.ru/film/1234848/","Текст (2019)","","2019","6","6","0"
"tt4154664","2020-02-20","https://www.kinopoisk.ru/film/843859/","Капитан Марвел (2019)","Captain Marvel","2019","5","5","0"
"tt6450804","2020-02-16","https://www.kinopoisk.ru/film/1025082/","Терминатор: Тёмные судьбы (2019)","Terminator: Dark Fate","2019","6","6","0"
"tt5606664","2020-02-16","https://www.kinopoisk.ru/film/1048255/","Доктор Сон (2019)","Doctor Sleep","2019","5","5","0"
"tt1340138","2020-02-16","https://www.kinopoisk.ru/film/436225/","Терминатор: Генезис (2015)","Terminator Genisys","2015","9","9","0"
"tt5727208","2020-02-16","https://www.kinopoisk.ru/film/1076152/","Неогранённые алмазы (2019)","Uncut Gems","2019","9","9","0"
"tt2388771","2020-01-11","https://www.kinopoisk.ru/film/680072/","Маугли (2018)","Mowgli","2018","3","3","0"
"tt8106534","2020-01-11","https://www.kinopoisk.ru/film/1128272/","Призрачная шестёрка (2019)","6 Underground","2019","8","8","0"
"tt9495224","2020-01-11","https://www.kinopoisk.ru/film/1224670/","Черное зеркало. Бандерснэтч (2018)","Black Mirror: Bandersnatch","2018","10","10","0"
"tt5844488","2020-01-05","https://www.kinopoisk.ru/film/900052/","Лёд (2017)","","2017","3","3","0"
"tt5840988","2020-01-03","https://www.kinopoisk.ru/film/893500/","Ёлки 5 (2016)","","2016","4","4","0"
"tt9615680","2020-01-03","https://www.kinopoisk.ru/film/1181562/","Ёлки последние (2018)","","2018","5","5","0"
"tt6907804","2020-01-03","https://www.kinopoisk.ru/film/1045310/","Ёлки новые (2017)","","2017","4","4","0"
"tt5083604","2020-01-02","https://www.kinopoisk.ru/film/843784/","Самый лучший день (2015)","","2015","5","5","0"
"tt4574334","2020-01-02","https://www.kinopoisk.ru/film/915196/","Очень странные дела (сериал, 2016 – 2025)","Stranger Things","2016","9","9","1"
"tt1070742","2019-12-21","https://www.kinopoisk.ru/film/416830/","Ведьмак (сериал, 2002)","Wiedzmin","2002","7","7","1"
"tt0300657","2019-12-21","https://www.kinopoisk.ru/film/63704/","Ведьмак (2001)","Wiedzmin","2001","3","3","0"
"tt5180504","2019-12-21","https://www.kinopoisk.ru/film/1044004/","Ведьмак (сериал, 2019 – ...)","The Witcher","2019","9","9","1"
"tt9378362","2019-12-18","https://www.kinopoisk.ru/film/977755/","Звоните ДиКаприо! (сериал, 2018)","","2018","8","8","1"
"","2019-12-14","https://www.kinopoisk.ru/film/1206892/","Полицейский с Рублёвки. Мы тебя найдём (сериал, 2018)","","2018","6","","1"
"","2019-12-14","https://www.kinopoisk.ru/film/1323572/","Полицейский с Рублёвки 5 (сериал, 2019)","","2019","6","","1"
"tt11095572","2019-12-14","https://www.kinopoisk.ru/film/1235046/","Мылодрама (сериал, 2019)","","2019","7","7","1"
"tt1190634","2019-12-14","https://www.kinopoisk.ru/film/460586/","Пацаны (сериал, 2019 – 2026)","The Boys","2019","8","8","1"
"tt5607976","2019-12-14","https://www.kinopoisk.ru/film/1159922/","Темные начала (сериал, 2019 – 2022)","His Dark Materials","2019","7","7","1"
"","2019-12-14","https://www.kinopoisk.ru/film/1297265/","Мылодрама 2 (сериал, 2019)","","2019","6","","1"
"tt7949218","2019-12-14","https://www.kinopoisk.ru/film/1171911/","Видеть (сериал, 2019 – 2022)","See","2019","9","9","1"
"","2019-12-06","https://www.kinopoisk.ru/film/1212316/","Пароль: Хаус (2018)","H0us3","2018","2","","0"
"tt1950186","2019-12-06","https://www.kinopoisk.ru/film/835086/","Ford против Ferrari (2019)","Ford v Ferrari","2019","9","9","0"
"tt0385887","2019-12-06","https://www.kinopoisk.ru/film/837737/","Сиротский Бруклин (2019)","Motherless Brooklyn","2019","9","9","0"
"tt5966602","2019-10-23","https://www.kinopoisk.ru/film/993591/","Завод (2018)","","2018","5","5","0"
"tt9243946","2019-10-23","https://www.kinopoisk.ru/film/1209193/","El Camino: Во все тяжкие (2019)","El Camino","2019","7","7","0"
"tt6533240","2019-10-23","https://www.kinopoisk.ru/film/1009626/","Игра Ганнибала (2018)","Night Hunter","2018","6","6","0"
"tt8129794","2019-10-20","https://www.kinopoisk.ru/film/1121377/","100 вещей и ничего лишнего (2018)","100 Dinge","2018","7","7","0"
"tt9806304","2019-10-18","https://www.kinopoisk.ru/film/1103873/","Газгольдер. Клубаре (2018)","","2018","6","6","0"
"tt0800325","2019-10-18","https://www.kinopoisk.ru/film/262909/","Компромат (2019)","The Dirt","2019","8","8","0"
"tt7959026","2019-10-18","https://www.kinopoisk.ru/film/1142526/","Наркокурьер (2018)","The Mule","2018","5","5","0"
"tt1618434","2019-10-15","https://www.kinopoisk.ru/film/505995/","Убийство на яхте (2019)","Murder Mystery","2019","6","6","0"
"tt3387520","2019-10-15","https://www.kinopoisk.ru/film/817354/","Страшные истории для рассказа в темноте (2019)","Scary Stories to Tell in the Dark","2019","2","2","0"
"tt7352942","2019-10-15","https://www.kinopoisk.ru/film/1006742/","Юморист (2018)","","2018","8","8","0"
"tt4218572","2019-10-15","https://www.kinopoisk.ru/film/965901/","Вдовы (2018)","Widows","2018","7","7","0"
"tt2119543","2019-10-15","https://www.kinopoisk.ru/film/652531/","Тайна дома с часами (2018)","The House with a Clock in Its Walls","2018","5","5","0"
"tt5951188","2019-10-11","https://www.kinopoisk.ru/film/1000443/","Балканский рубеж (2019)","","2019","9","9","0"
"tt1469304","2019-10-10","https://www.kinopoisk.ru/film/468940/","Спасатели Малибу (2017)","Baywatch","2017","5","5","0"
"tt6292852","2019-10-10","https://www.kinopoisk.ru/film/1067645/","Дитя робота (2018)","I Am Mother","2018","7","7","0"
"tt2283336","2019-10-10","https://www.kinopoisk.ru/film/693730/","Люди в чёрном: Интернэшнл (2019)","Men in Black International","2019","6","6","0"
"tt8772262","2019-10-10","https://www.kinopoisk.ru/film/1178137/","Солнцестояние (2019)","Midsommar","2019","10","10","0"
"tt7349950","2019-10-10","https://www.kinopoisk.ru/film/686898/","Оно 2 (2019)","It Chapter Two","2019","3","3","0"
"tt0116365","2019-10-09","https://www.kinopoisk.ru/film/5909/","Страшилы (1996)","The Frighteners","1996","4","4","0"
"tt1500491","2019-10-09","https://www.kinopoisk.ru/film/471614/","Смертельная гонка 2: Франкенштейн жив (2010)","Death Race 2","2010","3","3","0"
"tt0245674","2019-10-09","https://www.kinopoisk.ru/film/7639/","Тринадцать привидений (2001)","Thir13en Ghosts","2001","5","5","0"
"tt7286456","2019-10-09","https://www.kinopoisk.ru/film/1048334/","Джокер (2019)","Joker","2019","10","10","0"
"tt5700672","2019-09-10","https://www.kinopoisk.ru/film/977288/","Поезд в Пусан (2016)","Busanhaeng","2016","8","8","0"
"tt7668870","2019-09-10","https://www.kinopoisk.ru/film/970196/","Поиск (2018)","Searching","2018","7","7","0"
"tt4954522","2019-09-09","https://www.kinopoisk.ru/film/932063/","Сырое (2016)","Grave","2016","7","7","0"
"tt1270797","2019-09-02","https://www.kinopoisk.ru/film/463634/","Веном (2018)","Venom","2018","8","8","0"
"tt6751668","2019-09-02","https://www.kinopoisk.ru/film/1043758/","Паразиты (2019)","Gisaengchung","2019","8","8","0"
"tt2066051","2019-09-02","https://www.kinopoisk.ru/film/627299/","Рокетмен (2019)","Rocketman","2019","6","6","0"
"tt0448115","2019-09-02","https://www.kinopoisk.ru/film/840372/","Шазам! (2019)","Shazam!","2019","7","7","0"
"tt5848272","2019-09-02","https://www.kinopoisk.ru/film/988782/","Ральф против интернета (2018)","Ralph Breaks the Internet","2018","7","7","0"
"tt5884052","2019-08-18","https://www.kinopoisk.ru/film/994864/","Покемон. Детектив Пикачу (2019)","Pokémon: Detective Pikachu","2019","7","7","0"
"tt7958736","2019-08-18","https://www.kinopoisk.ru/film/1112909/","Ма (2019)","Ma","2019","4","4","0"
"tt7131622","2019-08-18","https://www.kinopoisk.ru/film/1047883/","Однажды в… Голливуде (2019)","Once Upon a Time in... Hollywood","2019","9","9","0"
"tt6806448","2019-08-05","https://www.kinopoisk.ru/film/1044450/","Форсаж: Хоббс и Шоу (2019)","Fast & Furious Presents: Hobbs & Shaw","2019","7","7","0"
"tt6320628","2019-08-05","https://www.kinopoisk.ru/film/1008445/","Человек-паук: Вдали от дома (2019)","Spider‑Man: Far from Home","2019","8","8","0"
"tt7025976","2019-07-31","https://www.kinopoisk.ru/film/1063019/","Видок: Охотник на призраков (2018)","L'Empereur de Paris","2018","6","6","0"
"tt6139732","2019-07-26","https://www.kinopoisk.ru/film/1007049/","Аладдин (2019)","Aladdin","2019","9","9","0"
"tt3513498","2019-07-25","https://www.kinopoisk.ru/film/829407/","ЛЕГО Фильм 2 (2019)","The Lego Movie 2: The Second Part","2019","7","7","0"
"tt7784604","2019-07-25","https://www.kinopoisk.ru/film/1112132/","Реинкарнация (2018)","Hereditary","2018","10","10","0"
"tt7456310","2019-07-25","https://www.kinopoisk.ru/film/1049727/","Анна (2019)","Anna","2019","6","6","0"
"tt4540710","2019-07-25","https://www.kinopoisk.ru/film/933307/","Опасная игра Слоун (2016)","Miss Sloane","2016","7","7","0"
"tt6105098","2019-07-25","https://www.kinopoisk.ru/film/1005878/","Король Лев (2019)","The Lion King","2019","9","9","0"
"tt6522986","2019-07-04","https://www.kinopoisk.ru/film/915992/","Пьяная фирма (мини-сериал, 2016)","","2016","7","7","1"
"","2019-07-04","https://www.kinopoisk.ru/film/1044770/","Полицейский с Рублёвки в Бескудниково (сериал, 2017)","","2017","8","","1"
"","2019-07-04","https://www.kinopoisk.ru/film/1048335/","Полицейский с Рублёвки. Снова дома (сериал, 2018)","","2018","8","","1"
"tt8350360","2019-07-01","https://www.kinopoisk.ru/film/1125423/","Проклятие Аннабель 3 (2019)","Annabelle Comes Home","2019","7","7","0"
"tt6565702","2019-06-13","https://www.kinopoisk.ru/film/1012431/","Люди Икс: Тёмный Феникс (2019)","X‑Men: Dark Phoenix","2019","4","4","0"
"tt1666169","2019-06-12","https://www.kinopoisk.ru/film/446099/","Любовь-морковь 3 (2010)","","2010","5","5","0"
"tt7366338","2019-06-07","https://www.kinopoisk.ru/film/1227803/","Чернобыль (мини-сериал, 2019)","Chernobyl","2019","10","10","1"
"tt2357547","2019-05-29","https://www.kinopoisk.ru/film/817508/","Джессика Джонс (сериал, 2015 – 2019)","Jessica Jones","2015","6","6","1"
"tt4971344","2019-05-29","https://www.kinopoisk.ru/film/968375/","Братья Систерс (2018)","The Sisters Brothers","2018","5","5","0"
"tt0477348","2019-05-17","https://www.kinopoisk.ru/film/195434/","Старикам тут не место (2007)","No Country for Old Men","2007","10","10","0"
"tt0103776","2019-05-17","https://www.kinopoisk.ru/film/898/","Бэтмен возвращается (1992)","Batman Returns","1992","7","7","0"
"tt4633694","2019-05-17","https://www.kinopoisk.ru/film/920265/","Человек-паук: Через вселенные (2018)","Spider‑Man: Into the Spider‑Verse","2018","10","10","0"
"tt0112462","2019-05-17","https://www.kinopoisk.ru/film/1809/","Бэтмен навсегда (1995)","Batman Forever","1995","4","4","0"
"tt0118688","2019-05-17","https://www.kinopoisk.ru/film/3678/","Бэтмен и Робин (1997)","Batman & Robin","1997","2","2","0"
"tt0096895","2019-05-17","https://www.kinopoisk.ru/film/4205/","Бэтмен (1989)","Batman","1989","6","6","0"
"tt2380307","2019-05-17","https://www.kinopoisk.ru/film/679486/","Тайна Коко (2017)","Coco","2017","7","7","0"
"tt4154796","2019-05-17","https://www.kinopoisk.ru/film/843650/","Мстители: Финал (2019)","Avengers: Endgame","2019","9","9","0"
"tt0837563","2019-04-06","https://www.kinopoisk.ru/film/279095/","Кладбище домашних животных (2019)","Pet Sematary","2019","2","2","0"
"tt6857112","2019-03-29","https://www.kinopoisk.ru/film/1122138/","Мы (2019)","Us","2019","7","7","0"
"tt0488120","2019-03-06","https://www.kinopoisk.ru/film/220617/","Перелом (2007)","Fracture","2007","7","7","0"
"tt0329101","2019-03-06","https://www.kinopoisk.ru/film/8005/","Фредди против Джейсона (2003)","Freddy vs. Jason","2003","2","2","0"
"tt2053463","2019-03-03","https://www.kinopoisk.ru/film/623744/","Побочный эффект (2013)","Side Effects","2013","4","4","0"
"tt4419196","2019-03-01","https://www.kinopoisk.ru/film/705382/","Матильда (2017)","","2017","3","3","0"
"tt3766354","2019-03-01","https://www.kinopoisk.ru/film/840294/","Великий уравнитель 2 (2018)","The Equalizer 2","2018","6","6","0"
"tt1817273","2019-02-28","https://www.kinopoisk.ru/film/577673/","Место под соснами (2012)","The Place Beyond the Pines","2012","7","7","0"
"tt9472658","2019-02-28","https://www.kinopoisk.ru/film/1161783/","Полицейский с Рублевки. Новогодний беспредел (2018)","","2018","7","7","0"
"tt4575576","2019-02-28","https://www.kinopoisk.ru/film/1033352/","Кристофер Робин (2018)","Christopher Robin","2018","8","8","0"
"tt1707386","2019-02-28","https://www.kinopoisk.ru/film/566055/","Отверженные (2012)","Les Misérables","2012","7","7","0"
"tt0289992","2019-02-28","https://www.kinopoisk.ru/film/738/","Жизнь Дэвида Гейла (2002)","The Life of David Gale","2002","8","8","0"
"tt2321549","2019-02-27","https://www.kinopoisk.ru/film/675216/","Бабадук (2014)","The Babadook","2014","1","1","0"
"tt0230600","2019-02-27","https://www.kinopoisk.ru/film/494/","Другие (2001)","The Others","2001","7","7","0"
"tt3322940","2019-02-27","https://www.kinopoisk.ru/film/808062/","Проклятие Аннабель (2014)","Annabelle","2014","5","5","0"
"tt0464141","2019-02-27","https://www.kinopoisk.ru/film/119975/","Приют (2007)","El orfanato","2007","7","7","0"
"tt0116629","2019-02-27","https://www.kinopoisk.ru/film/2022/","День независимости (1996)","Independence Day","1996","7","7","0"
"tt0457939","2019-02-27","https://www.kinopoisk.ru/film/104927/","Отпуск по обмену (2006)","The Holiday","2006","6","6","0"
"tt0479997","2019-02-27","https://www.kinopoisk.ru/film/197243/","Время ведьм (2010)","Season of the Witch","2010","4","4","0"
"tt0435705","2019-02-27","https://www.kinopoisk.ru/film/87789/","Пророк (2007)","Next","2007","6","6","0"
"tt1438463","2019-02-27","https://www.kinopoisk.ru/film/417840/","Каникулы строгого режима (2009)","","2009","6","6","0"
"tt1192431","2019-02-27","https://www.kinopoisk.ru/film/260315/","Мы из будущего (2008)","","2008","7","7","0"
"tt0363988","2019-02-27","https://www.kinopoisk.ru/film/4304/","Тайное окно (2004)","Secret Window","2004","6","6","0"
"tt0187078","2019-02-27","https://www.kinopoisk.ru/film/2011/","Угнать за 60 секунд (2000)","Gone in Sixty Seconds","2000","7","7","0"
"tt0217505","2019-02-27","https://www.kinopoisk.ru/film/678/","Банды Нью-Йорка (2002)","Gangs of New York","2002","7","7","0"
"tt1300851","2019-02-26","https://www.kinopoisk.ru/film/427252/","Святые из Бундока 2: День всех святых (2009)","The Boondock Saints II: All Saints Day","2009","7","7","0"
"tt1536537","2019-02-26","https://www.kinopoisk.ru/film/484628/","Тайна 7 сестер (2017)","What Happened to Monday","2017","4","4","0"
"tt1707391","2019-02-26","https://www.kinopoisk.ru/film/565956/","4:44 Последний день на Земле (2011)","4:44 Last Day on Earth","2011","2","2","0"
"tt0277027","2019-02-26","https://www.kinopoisk.ru/film/706/","Я – Сэм (2001)","I Am Sam","2001","6","6","0"
"tt0454876","2019-02-26","https://www.kinopoisk.ru/film/158786/","Жизнь Пи (2012)","Life of Pi","2012","8","8","0"
"tt0033563","2019-02-26","https://www.kinopoisk.ru/film/8225/","Дамбо (1941)","Dumbo","1941","5","5","0"
"tt1646987","2019-02-26","https://www.kinopoisk.ru/film/518128/","Гнев Титанов (2012)","Wrath of the Titans","2012","3","3","0"
"tt0122227","2019-02-26","https://www.kinopoisk.ru/film/573759/","Остров сокровищ (1988)","","1988","5","5","0"
"tt0211653","2019-02-26","https://www.kinopoisk.ru/film/42172/","Тайна третьей планеты (1981)","","1981","5","5","0"
"tt0107688","2019-02-26","https://www.kinopoisk.ru/film/8222/","Кошмар перед Рождеством (1993)","The Nightmare Before Christmas","1993","7","7","0"
"tt0938330","2019-02-26","https://www.kinopoisk.ru/film/276584/","Сайлент Хилл 2 (2012)","Silent Hill: Revelation","2012","2","2","0"
"tt1623205","2019-02-26","https://www.kinopoisk.ru/film/506005/","Оз: Великий и Ужасный (2013)","Oz the Great and Powerful","2013","3","3","0"
"tt1959490","2019-02-25","https://www.kinopoisk.ru/film/596001/","Ной (2014)","Noah","2014","8","8","0"
"tt7040874","2019-02-24","https://www.kinopoisk.ru/film/1068627/","Простая просьба (2018)","A Simple Favor","2018","6","6","0"
"tt2239822","2019-02-24","https://www.kinopoisk.ru/film/689960/","Валериан и город тысячи планет (2017)","Valerian and the City of a Thousand Planets","2017","5","5","0"
"tt5834760","2019-02-24","https://www.kinopoisk.ru/film/1027785/","Тёмное зеркало (2017)","Look Away","2017","6","6","0"
"tt0765429","2019-02-24","https://www.kinopoisk.ru/film/252156/","Гангстер (2007)","American Gangster","2007","7","7","0"
"tt1403865","2019-02-24","https://www.kinopoisk.ru/film/462553/","Железная хватка (2010)","True Grit","2010","3","3","0"
"tt2386490","2019-02-23","https://www.kinopoisk.ru/film/706655/","Как приручить дракона 3 (2019)","How to Train Your Dragon: The Hidden World","2019","9","9","0"
"tt6966692","2019-02-23","https://www.kinopoisk.ru/film/1108577/","Зеленая книга (2018)","Green Book","2018","10","10","0"
"tt7349662","2019-02-22","https://www.kinopoisk.ru/film/1093170/","Чёрный клановец (2018)","BlacKkKlansman","2018","3","3","0"
"tt5164432","2019-02-21","https://www.kinopoisk.ru/film/1008770/","С любовью, Саймон (2018)","Love, Simon","2018","5","5","0"
"tt1605783","2019-02-21","https://www.kinopoisk.ru/film/504465/","Полночь в Париже (2011)","Midnight in Paris","2011","6","6","0"
"tt2304933","2019-02-21","https://www.kinopoisk.ru/film/673157/","5-я волна (2016)","The 5th Wave","2016","3","3","0"
"tt1188996","2019-02-21","https://www.kinopoisk.ru/film/406340/","Меня зовут Кхан (2010)","My Name Is Khan","2010","8","8","0"
"tt1219827","2019-02-21","https://www.kinopoisk.ru/film/843789/","Призрак в доспехах (2017)","Ghost in the Shell","2017","8","8","0"
"tt0437086","2019-02-21","https://www.kinopoisk.ru/film/88173/","Алита: Боевой ангел (2019)","Alita: Battle Angel","2019","5","5","0"
"tt0870090","2019-02-20","https://www.kinopoisk.ru/film/266717/","Город бога 2 (2007)","Cidade dos Homens","2007","4","4","0"
"tt0081398","2019-02-19","https://www.kinopoisk.ru/film/374/","Бешеный бык (1980)","Raging Bull","1980","6","6","0"
"tt0417791","2019-02-06","https://www.kinopoisk.ru/film/84014/","…А в душе я танцую (2004)","Inside I'm Dancing","2004","7","7","0"
"tt2262315","2019-02-02","https://www.kinopoisk.ru/film/674921/","Хороший сосед (2016)","The Good Neighbor","2016","6","6","0"
"tt0165832","2019-01-28","https://www.kinopoisk.ru/film/3563/","Трасса 60 (2001)","Interstate 60","2001","5","5","0"
"tt2042568","2019-01-28","https://www.kinopoisk.ru/film/615583/","Внутри Льюина Дэвиса (2012)","Inside Llewyn Davis","2012","4","4","0"
"tt4123430","2019-01-28","https://www.kinopoisk.ru/film/843479/","Фантастические твари: Преступления Грин-де-Вальда (2018)","Fantastic Beasts: The Crimes of Grindelwald","2018","6","6","0"
"tt1748122","2019-01-28","https://www.kinopoisk.ru/film/571892/","Королевство полной луны (2012)","Moonrise Kingdom","2012","8","8","0"
"tt6823368","2019-01-28","https://www.kinopoisk.ru/film/1044601/","Стекло (2019)","Glass","2019","6","6","0"
"tt4160708","2019-01-14","https://www.kinopoisk.ru/film/910327/","Не дыши (2015)","Don't Breathe","2015","8","8","0"
"tt4003440","2019-01-06","https://www.kinopoisk.ru/film/942396/","Дом, который построил Джек (2018)","The House That Jack Built","2018","10","10","0"
"tt1014759","2018-12-14","https://www.kinopoisk.ru/film/405609/","Алиса в Стране чудес (2010)","Alice in Wonderland","2010","7","7","0"
"tt2567026","2018-12-14","https://www.kinopoisk.ru/film/723988/","Алиса в Зазеркалье (2016)","Alice Through the Looking Glass","2016","5","5","0"
"tt7394636","2018-12-14","https://www.kinopoisk.ru/film/1045777/","Непрощенный (2018)","","2018","1","1","0"
"tt2980516","2018-12-13","https://www.kinopoisk.ru/film/770973/","Вселенная Стивена Хокинга (2014)","The Theory of Everything","2014","7","7","0"
"tt0099077","2018-12-13","https://www.kinopoisk.ru/film/2950/","Пробуждение (1990)","Awakenings","1990","8","8","0"
"tt0887912","2018-12-13","https://www.kinopoisk.ru/film/281040/","Повелитель бури (2008)","The Hurt Locker","2008","6","6","0"
"tt0780536","2018-12-12","https://www.kinopoisk.ru/film/276295/","Залечь на дно в Брюгге (2007)","In Bruges","2007","8","8","0"
"tt1629757","2018-12-12","https://www.kinopoisk.ru/film/546244/","Покорители волн (2012)","Chasing Mavericks","2012","5","5","0"
"tt4209788","2018-12-12","https://www.kinopoisk.ru/film/976636/","Большая игра (2017)","Molly's Game","2017","7","7","0"
"tt1840417","2018-12-09","https://www.kinopoisk.ru/film/580639/","Слова (2012)","The Words","2012","6","6","0"
"tt0139654","2018-12-09","https://www.kinopoisk.ru/film/863/","Тренировочный день (2001)","Training Day","2001","6","6","0"
"tt0401729","2018-12-07","https://www.kinopoisk.ru/film/77540/","Джон Картер (2012)","John Carter","2012","4","4","0"
"tt2543164","2018-12-07","https://www.kinopoisk.ru/film/718811/","Прибытие (2016)","Arrival","2016","10","10","0"
"tt3783958","2018-12-07","https://www.kinopoisk.ru/film/841081/","Ла-Ла Ленд (2016)","La La Land","2016","6","6","0"
"tt2406566","2018-12-07","https://www.kinopoisk.ru/film/714564/","Взрывная блондинка (2017)","Atomic Blonde","2017","4","4","0"
"tt0399295","2018-12-05","https://www.kinopoisk.ru/film/77439/","Оружейный барон (2005)","Lord of War","2005","7","7","0"
"tt0758758","2018-12-05","https://www.kinopoisk.ru/film/252626/","В диких условиях (2007)","Into the Wild","2007","6","6","0"
"tt3062096","2018-12-05","https://www.kinopoisk.ru/film/780470/","Инферно (2016)","Inferno","2016","9","9","0"
"tt0808151","2018-12-05","https://www.kinopoisk.ru/film/257401/","Ангелы и Демоны (2009)","Angels & Demons","2009","8","8","0"
"tt0382625","2018-12-04","https://www.kinopoisk.ru/film/77711/","Код Да Винчи (2006)","The Da Vinci Code","2006","9","9","0"
"tt6133466","2018-12-04","https://www.kinopoisk.ru/film/1021671/","Судная ночь. Начало (2018)","The First Purge","2018","1","1","0"
"tt1661199","2018-12-04","https://www.kinopoisk.ru/film/533954/","Золушка (2015)","Cinderella","2015","6","6","0"
"tt2316801","2018-12-04","https://www.kinopoisk.ru/film/674218/","Красавица и чудовище (2014)","La belle et la bête","2014","5","5","0"
"tt2771200","2018-12-04","https://www.kinopoisk.ru/film/744987/","Красавица и чудовище (2017)","Beauty and the Beast","2017","7","7","0"
"tt1683526","2018-12-04","https://www.kinopoisk.ru/film/535337/","Учитель на замену (2011)","Detachment","2011","7","7","0"
"tt0087843","2018-12-04","https://www.kinopoisk.ru/film/469/","Однажды в Америке (1983)","Once Upon a Time in America","1983","7","7","0"
"tt1454029","2018-11-24","https://www.kinopoisk.ru/film/470553/","Прислуга (2011)","The Help","2011","9","9","0"
"tt0402874","2018-11-23","https://www.kinopoisk.ru/film/79883/","Бумер: Фильм второй (2006)","","2006","6","6","0"
"tt2140479","2018-11-23","https://www.kinopoisk.ru/film/662359/","Расплата (2016)","The Accountant","2016","8","8","0"
"tt0381936","2018-11-23","https://www.kinopoisk.ru/film/57166/","Бумер (2003)","","2003","6","6","0"
"tt6499752","2018-11-13","https://www.kinopoisk.ru/film/1009784/","Апгрейд (2018)","Upgrade","2018","8","8","0"
"tt1727824","2018-11-08","https://www.kinopoisk.ru/film/568289/","Богемская рапсодия (2018)","Bohemian Rhapsody","2018","9","9","0"
"tt0253474","2018-11-01","https://www.kinopoisk.ru/film/355/","Пианист (2002)","The Pianist","2002","7","7","0"
"tt1588875","2018-11-01","https://www.kinopoisk.ru/film/419453/","Как я провёл этим летом (2010)","","2010","1","1","0"
"tt0913446","2018-11-01","https://www.kinopoisk.ru/film/271732/","ЖАRА (2006)","","2006","2","2","0"
"tt0477349","2018-11-01","https://www.kinopoisk.ru/film/161141/","Охота на пиранью (2006)","","2006","2","2","0"
"tt0460012","2018-11-01","https://www.kinopoisk.ru/film/103414/","Сволочи (2006)","","2006","7","7","0"
"tt0415678","2018-11-01","https://www.kinopoisk.ru/film/81485/","Бой с тенью (2005)","","2005","2","2","0"
"tt1239426","2018-11-01","https://www.kinopoisk.ru/film/395690/","Стиляги (2008)","","2008","5","5","0"
"tt0477327","2018-11-01","https://www.kinopoisk.ru/film/208024/","Поцелуй бабочки (2006)","","2006","2","2","0"
"tt8968158","2018-11-01","https://www.kinopoisk.ru/film/1044487/","Домашний арест (сериал, 2018)","","2018","9","9","1"
"tt0810819","2018-11-01","https://www.kinopoisk.ru/film/431148/","Девушка из Дании (2015)","The Danish Girl","2015","7","7","0"
"tt0081505","2018-10-27","https://www.kinopoisk.ru/film/409/","Сияние (1980)","The Shining","1980","5","5","0"
"tt3606756","2018-10-27","https://www.kinopoisk.ru/film/839650/","Суперсемейка 2 (2018)","Incredibles 2","2018","8","8","0"
"tt2543472","2018-10-27","https://www.kinopoisk.ru/film/722951/","Чудо (2017)","Wonder","2017","7","7","0"
"tt2120120","2018-10-26","https://www.kinopoisk.ru/film/651628/","Пиксели (2015)","Pixels","2015","2","2","0"
"tt0317248","2018-10-26","https://www.kinopoisk.ru/film/439/","Город бога (2002)","Cidade de Deus","2002","9","9","0"
"tt6644200","2018-10-25","https://www.kinopoisk.ru/film/1044906/","Тихое место (2018)","A Quiet Place","2018","6","6","0"
"tt9020894","2018-10-22","https://www.kinopoisk.ru/film/972745/","Временные трудности (2017)","","2017","8","8","0"
"tt5095030","2018-10-11","https://www.kinopoisk.ru/film/935940/","Человек-муравей и Оса (2018)","Ant‑Man and the Wasp","2018","6","6","0"
"tt7000942","2018-10-10","https://www.kinopoisk.ru/film/998805/","На районе (2018)","","2018","6","6","0"
"tt3731562","2018-10-05","https://www.kinopoisk.ru/film/843147/","Конг: Остров черепа (2017)","Kong: Skull Island","2017","2","2","0"
"tt2719848","2018-09-17","https://www.kinopoisk.ru/film/739642/","Эверест (2015)","Everest","2015","6","6","0"
"tt1133985","2018-09-15","https://www.kinopoisk.ru/film/406294/","Зеленый Фонарь (2011)","Green Lantern","2011","2","2","0"
"tt1453405","2018-09-14","https://www.kinopoisk.ru/film/468904/","Университет монстров (2013)","Monsters University","2013","6","6","0"
"tt4912910","2018-09-14","https://www.kinopoisk.ru/film/926540/","Миссия невыполнима: Последствия (2018)","Mission: Impossible – Fallout","2018","8","8","0"
"tt2381249","2018-09-14","https://www.kinopoisk.ru/film/678549/","Миссия невыполнима: Племя изгоев (2015)","Mission: Impossible – Rogue Nation","2015","8","8","0"
"tt1229238","2018-09-13","https://www.kinopoisk.ru/film/472362/","Миссия невыполнима: Протокол Фантом (2011)","Mission: Impossible – Ghost Protocol","2011","8","8","0"
"tt0317919","2018-09-13","https://www.kinopoisk.ru/film/9552/","Миссия: невыполнима 3 (2006)","Mission: Impossible III","2006","8","8","0"
"tt1194607","2018-09-13","https://www.kinopoisk.ru/film/395423/","Домовой (2008)","","2008","8","8","0"
"tt0120755","2018-09-13","https://www.kinopoisk.ru/film/3447/","Миссия: невыполнима 2 (2000)","Mission: Impossible II","2000","4","4","0"
"tt0429493","2018-09-13","https://www.kinopoisk.ru/film/96452/","Команда «А» (2010)","The A‑Team","2010","9","9","0"
"tt0117060","2018-09-13","https://www.kinopoisk.ru/film/3961/","Миссия: невыполнима (1996)","Mission: Impossible","1996","7","7","0"
"tt0217869","2018-09-13","https://www.kinopoisk.ru/film/866/","Неуязвимый (2000)","Unbreakable","2000","7","7","0"
"tt1800302","2018-09-12","https://www.kinopoisk.ru/film/577255/","Золото (2016)","Gold","2016","7","7","0"
"tt6990206","2018-09-12","https://www.kinopoisk.ru/film/984364/","Крым (2017)","","2017","1","1","0"
"tt0368447","2018-09-12","https://www.kinopoisk.ru/film/47018/","Таинственный лес (2004)","The Village","2004","7","7","0"
"tt4550098","2018-09-12","https://www.kinopoisk.ru/film/909898/","Под покровом ночи (2016)","Nocturnal Animals","2016","10","10","0"
"tt0366627","2018-09-12","https://www.kinopoisk.ru/film/47382/","Пиджак (2004)","The Jacket","2004","9","9","0"
"tt4649466","2018-09-11","https://www.kinopoisk.ru/film/906654/","Kingsman: Золотое кольцо (2017)","Kingsman: The Golden Circle","2017","8","8","0"
"tt2802144","2018-09-11","https://www.kinopoisk.ru/film/749540/","Kingsman: Секретная служба (2015)","Kingsman: The Secret Service","2015","9","9","0"
"tt1860357","2018-09-11","https://www.kinopoisk.ru/film/607737/","Глубоководный горизонт (2016)","Deepwater Horizon","2016","8","8","0"
"tt1231583","2018-09-11","https://www.kinopoisk.ru/film/464282/","Впритык (2010)","Due Date","2010","4","4","0"
"tt4520364","2018-09-11","https://www.kinopoisk.ru/film/906340/","Морган (2016)","Morgan","2016","3","3","0"
"tt3489184","2018-09-11","https://www.kinopoisk.ru/film/822704/","Константин (сериал, 2014 – 2015)","Constantine","2014","4","4","1"
"tt2654620","2018-09-11","https://www.kinopoisk.ru/film/737843/","Штамм (сериал, 2014 – 2017)","The Strain","2014","6","6","1"
"tt2039338","2018-09-11","https://www.kinopoisk.ru/film/615834/","Коматозники (2017)","Flatliners","2017","4","4","0"
"tt2377322","2018-09-11","https://www.kinopoisk.ru/film/707483/","Избави нас от лукавого (2014)","Deliver Us from Evil","2014","4","4","0"
"tt0407456","2018-09-11","https://www.kinopoisk.ru/film/89595/","Участок (сериал, 2003)","","2003","7","7","1"
"tt0463872","2018-09-11","https://www.kinopoisk.ru/film/195319/","Астерикс на Олимпийских играх (2008)","Astérix aux jeux olympiques","2008","4","4","0"
"tt5581746","2018-09-11","https://www.kinopoisk.ru/film/913033/","Полицейский с Рублёвки (сериал, 2016)","","2016","8","8","1"
"tt1590193","2018-09-11","https://www.kinopoisk.ru/film/497011/","Пассажир (2018)","The Commuter","2018","7","7","0"
"tt1600195","2018-09-11","https://www.kinopoisk.ru/film/501293/","Погоня (2011)","Abduction","2011","5","5","0"
"tt2085059","2018-09-11","https://www.kinopoisk.ru/film/655800/","Чёрное зеркало (сериал, 2011 – ...)","Black Mirror","2011","10","10","1"
"tt3450958","2018-09-11","https://www.kinopoisk.ru/film/819281/","Планета обезьян: Война (2017)","War for the Planet of the Apes","2017","6","6","0"
"tt5580390","2018-09-11","https://www.kinopoisk.ru/film/977743/","Форма воды (2017)","The Shape of Water","2017","2","2","0"
"tt1386697","2018-09-11","https://www.kinopoisk.ru/film/468522/","Отряд самоубийц (2016)","Suicide Squad","2016","9","9","0"
"tt2119532","2018-09-11","https://www.kinopoisk.ru/film/649917/","По соображениям совести (2016)","Hacksaw Ridge","2016","10","10","0"
"tt6175394","2018-09-10","https://www.kinopoisk.ru/film/976642/","Последний богатырь (2017)","","2017","5","5","0"
"tt1253864","2018-09-10","https://www.kinopoisk.ru/film/418840/","Война Богов: Бессмертные (2011)","Immortals","2011","2","2","0"
"tt0048960","2018-09-10","https://www.kinopoisk.ru/film/2588/","Вокруг Света за 80 дней (1956)","Around the World in Eighty Days","1956","4","4","0"
"tt0338751","2018-09-10","https://www.kinopoisk.ru/film/6374/","Авиатор (2004)","The Aviator","2004","5","5","0"
"tt0173840","2018-09-10","https://www.kinopoisk.ru/film/670/","Последняя фантазия (2001)","Final Fantasy: The Spirits Within","2001","7","7","0"
"tt2267968","2018-09-10","https://www.kinopoisk.ru/film/692865/","Кунг-фу Панда 3 (2016)","Kung Fu Panda 3","2016","5","5","0"
"tt2557478","2018-09-10","https://www.kinopoisk.ru/film/721154/","Тихоокеанский рубеж 2 (2018)","Pacific Rim: Uprising","2018","3","3","0"
"tt0892782","2018-09-10","https://www.kinopoisk.ru/film/280173/","Монстры против пришельцев (2009)","Monsters vs Aliens","2009","4","4","0"
"tt3606752","2018-09-10","https://www.kinopoisk.ru/film/839646/","Тачки 3 (2017)","Cars 3","2017","7","7","0"
"tt0974015","2018-09-10","https://www.kinopoisk.ru/film/424994/","Лига справедливости (2017)","Justice League","2017","4","4","0"
"tt0389722","2018-09-10","https://www.kinopoisk.ru/film/77658/","30 дней ночи (2007)","30 Days of Night","2007","4","4","0"
"tt1343727","2018-09-10","https://www.kinopoisk.ru/film/437678/","Судья Дредд (2012)","Dredd","2012","4","4","0"
"tt0311429","2018-09-10","https://www.kinopoisk.ru/film/7975/","Лига выдающихся джентльменов (2003)","The League of Extraordinary Gentlemen","2003","6","6","0"
"tt0167190","2018-09-10","https://www.kinopoisk.ru/film/5052/","Хеллбой: Герой из пекла (2004)","Hellboy","2004","5","5","0"
"tt0250223","2018-09-10","https://www.kinopoisk.ru/film/595/","Астерикс и Обеликс: Миссия Клеопатра (2002)","Astérix & Obélix: Mission Cléopâtre","2002","4","4","0"
"tt0107048","2018-09-10","https://www.kinopoisk.ru/film/527/","День сурка (1993)","Groundhog Day","1993","6","6","0"
"tt2345759","2018-09-10","https://www.kinopoisk.ru/film/677638/","Мумия (2017)","The Mummy","2017","4","4","0"
"tt4731136","2018-09-10","https://www.kinopoisk.ru/film/915111/","Лекарство от здоровья (2017)","A Cure for Wellness","2017","1","1","0"
"tt4630562","2018-09-10","https://www.kinopoisk.ru/film/894027/","Форсаж 8 (2017)","The Fate of the Furious","2017","5","5","0"
"tt5157456","2018-09-10","https://www.kinopoisk.ru/film/707407/","Викинг (2016)","","2016","7","7","0"
"tt5442430","2018-09-10","https://www.kinopoisk.ru/film/966995/","Живое (2017)","Life","2017","1","1","0"
"tt0451279","2018-09-10","https://www.kinopoisk.ru/film/102383/","Чудо-женщина (2017)","Wonder Woman","2017","7","7","0"
"tt2250912","2018-09-10","https://www.kinopoisk.ru/film/690593/","Человек-паук: Возвращение домой (2017)","Spider‑Man: Homecoming","2017","7","7","0"
"tt5013056","2018-09-10","https://www.kinopoisk.ru/film/931677/","Дюнкерк (2017)","Dunkirk","2017","7","7","0"
"tt5282006","2018-09-10","https://www.kinopoisk.ru/film/840234/","Дуэлянт (2016)","","2016","7","7","0"
"tt4196776","2018-09-10","https://www.kinopoisk.ru/film/854942/","Джейсон Борн (2016)","Jason Bourne","2016","8","8","0"
"tt2709768","2018-09-10","https://www.kinopoisk.ru/film/743088/","Тайная жизнь домашних животных (2016)","The Secret Life of Pets","2016","4","4","0"
"tt4046784","2018-09-10","https://www.kinopoisk.ru/film/842673/","Бегущий в лабиринте: Испытание огнём (2015)","Maze Runner: The Scorch Trials","2015","4","4","0"
"tt0478970","2018-09-10","https://www.kinopoisk.ru/film/195496/","Человек-муравей (2015)","Ant‑Man","2015","6","6","0"
"tt1622979","2018-09-10","https://www.kinopoisk.ru/film/506349/","Пункт назначения 5 (2011)","Final Destination 5","2011","2","2","0"
"tt0432348","2018-09-10","https://www.kinopoisk.ru/film/86206/","Пила 2 (2005)","Saw II","2005","6","6","0"
"tt0489270","2018-09-10","https://www.kinopoisk.ru/film/184417/","Пила 3 (2006)","Saw III","2006","2","2","0"
"tt0890870","2018-09-10","https://www.kinopoisk.ru/film/271728/","Пила 4 (2007)","Saw IV","2007","2","2","0"
"tt1132626","2018-09-10","https://www.kinopoisk.ru/film/400094/","Пила 5 (2008)","Saw V","2008","2","2","0"
"tt1233227","2018-09-10","https://www.kinopoisk.ru/film/414547/","Пила 6 (2009)","Saw VI","2009","2","2","0"
"tt1477076","2018-09-10","https://www.kinopoisk.ru/film/470156/","Пила 3D (2010)","Saw 3D","2010","2","2","0"
"tt3348730","2018-09-10","https://www.kinopoisk.ru/film/810679/","Пила 8 (2017)","Jigsaw","2017","2","2","0"
"tt2333784","2018-09-10","https://www.kinopoisk.ru/film/696813/","Неудержимые 3 (2014)","The Expendables 3","2014","4","4","0"
"tt4731148","2018-09-10","https://www.kinopoisk.ru/film/840250/","Притяжение (2017)","","2017","2","2","0"
"tt2802154","2018-09-10","https://www.kinopoisk.ru/film/705356/","Левиафан (2014)","","2014","1","1","0"
"tt1414840","2018-09-10","https://www.kinopoisk.ru/film/405610/","Любовь-морковь 2 (2008)","","2008","4","4","0"
"tt0976209","2018-09-10","https://www.kinopoisk.ru/film/254776/","Любовь-морковь (2006)","","2006","4","4","0"
"tt0466043","2018-09-10","https://www.kinopoisk.ru/film/161085/","}{отт@бь)ч (2006)","","2006","2","2","0"
"tt5031896","2018-09-10","https://www.kinopoisk.ru/film/839356/","Измены (сериал, 2015)","","2015","8","8","1"
"tt0107362","2018-09-10","https://www.kinopoisk.ru/film/3513/","Последний киногерой (1993)","Last Action Hero","1993","6","6","0"
"tt0111503","2018-09-10","https://www.kinopoisk.ru/film/2219/","Правдивая ложь (1994)","True Lies","1994","7","7","0"
"tt0122768","2018-09-10","https://www.kinopoisk.ru/film/18120/","Няньки (1994)","Twin Sitters","1994","2","2","0"
"tt0133385","2018-09-10","https://www.kinopoisk.ru/film/13845/","Астерикс и Обеликс против Цезаря (1999)","Astérix & Obélix contre César","1999","3","3","0"
"tt1289401","2018-09-10","https://www.kinopoisk.ru/film/425673/","Охотники за привидениями (2016)","Ghostbusters","2016","2","2","0"
"tt0106697","2018-09-10","https://www.kinopoisk.ru/film/4827/","Разрушитель (1993)","Demolition Man","1993","6","6","0"
"tt1023481","2018-09-10","https://www.kinopoisk.ru/film/310960/","Шаг вперед 2: Улицы (2008)","Step Up 2: The Streets","2008","5","5","0"
"tt0398808","2018-09-10","https://www.kinopoisk.ru/film/78753/","Мост в Терабитию (2006)","Bridge to Terabithia","2006","4","4","0"
"tt1082868","2018-09-10","https://www.kinopoisk.ru/film/397229/","Карантин (2008)","Quarantine","2008","5","5","0"
"tt1438176","2018-09-10","https://www.kinopoisk.ru/film/467118/","Ночь страха (2011)","Fright Night","2011","2","2","0"
"tt0433362","2018-09-10","https://www.kinopoisk.ru/film/195718/","Воины света (2009)","Daybreakers","2009","5","5","0"
"tt0187738","2018-09-10","https://www.kinopoisk.ru/film/613/","Блэйд 2 (2002)","Blade II","2002","5","5","0"
"tt0320691","2018-09-10","https://www.kinopoisk.ru/film/8033/","Другой мир (2003)","Underworld","2003","4","4","0"
"tt0120611","2018-09-10","https://www.kinopoisk.ru/film/4554/","Блэйд (1998)","Blade","1998","6","6","0"
"tt2245084","2018-09-10","https://www.kinopoisk.ru/film/693126/","Город героев (2014)","Big Hero 6","2014","5","5","0"
"tt4052882","2018-09-10","https://www.kinopoisk.ru/film/928626/","Отмель (2016)","The Shallows","2016","2","2","0"
"tt4881806","2018-09-09","https://www.kinopoisk.ru/film/924311/","Мир Юрского периода 2 (2018)","Jurassic World: Fallen Kingdom","2018","8","8","0"
"tt6304162","2018-09-09","https://www.kinopoisk.ru/film/963346/","Нелюбовь (2017)","","2017","2","2","0"
"tt2368619","2018-09-09","https://www.kinopoisk.ru/film/678233/","Крутые меры (2016)","Bastille Day","2016","8","8","0"
"tt3707106","2018-09-09","https://www.kinopoisk.ru/film/841272/","Лазурный берег (2015)","By the Sea","2015","7","7","0"
"tt3521164","2018-09-09","https://www.kinopoisk.ru/film/837530/","Моана (2016)","Moana","2016","6","6","0"
"tt3501632","2018-09-09","https://www.kinopoisk.ru/film/822709/","Тор: Рагнарёк (2017)","Thor: Ragnarok","2017","8","8","0"
"tt3315342","2018-09-09","https://www.kinopoisk.ru/film/807682/","Логан (2017)","Logan","2017","9","9","0"
"tt5027774","2018-09-09","https://www.kinopoisk.ru/film/944098/","Три билборда на границе Эббинга, Миссури (2017)","Three Billboards Outside Ebbing, Missouri","2017","10","10","0"
"tt4154756","2018-09-09","https://www.kinopoisk.ru/film/843649/","Мстители: Война бесконечности (2018)","Avengers: Infinity War","2018","9","9","0"
"tt1677720","2018-09-09","https://www.kinopoisk.ru/film/538225/","Первому игроку приготовиться (2018)","Ready Player One","2018","8","8","0"
"tt5164184","2018-09-09","https://www.kinopoisk.ru/film/977435/","Невидимка (2017)","In Darkness","2017","8","8","0"
"tt1216475","2018-09-09","https://www.kinopoisk.ru/film/409013/","Тачки 2 (2011)","Cars 2","2011","7","7","0"
"tt5834262","2018-09-09","https://www.kinopoisk.ru/film/1023331/","Отель «Артемида» (2018)","Hotel Artemis","2018","2","2","0"
"tt5758778","2018-09-09","https://www.kinopoisk.ru/film/1041734/","Небоскреб (2018)","Skyscraper","2018","8","8","0"
"tt2231461","2018-09-09","https://www.kinopoisk.ru/film/666865/","Рэмпейдж (2018)","Rampage","2018","6","6","0"
"tt1365519","2018-09-09","https://www.kinopoisk.ru/film/446136/","Tomb Raider: Лара Крофт (2018)","Tomb Raider","2018","7","7","0"
"tt7632930","2018-07-06","https://www.kinopoisk.ru/film/981230/","Тренер (2018)","","2018","9","9","0"
"tt2873282","2018-06-02","https://www.kinopoisk.ru/film/762500/","Красный воробей (2018)","Red Sparrow","2018","7","7","0"
"tt5463162","2018-05-30","https://www.kinopoisk.ru/film/961715/","Дэдпул 2 (2018)","Deadpool 2","2018","10","10","0"
"tt6952604","2018-05-21","https://www.kinopoisk.ru/film/992605/","Аритмия (2017)","","2017","8","8","0"
"tt5308322","2018-05-18","https://www.kinopoisk.ru/film/1012421/","Счастливого дня смерти (2017)","Happy Death Day","2017","3","3","0"
"tt5322012","2018-05-18","https://www.kinopoisk.ru/film/997334/","Бойся своих желаний (2017)","Wish Upon","2017","1","1","0"
"tt5181852","2018-05-18","https://www.kinopoisk.ru/film/960653/","Сламбер: Лабиринты сна (2017)","Slumber","2017","8","8","0"
"tt5726086","2018-05-18","https://www.kinopoisk.ru/film/982198/","Астрал 4: Последний ключ (2018)","Insidious: The Last Key","2018","2","2","0"
"tt6964554","2018-05-18","https://www.kinopoisk.ru/film/980839/","Купи меня (2017)","","2017","6","6","0"
"tt3371366","2018-05-18","https://www.kinopoisk.ru/film/811609/","Трансформеры: Последний рыцарь (2017)","Transformers: The Last Knight","2017","3","3","0"
"tt1072748","2018-05-18","https://www.kinopoisk.ru/film/1044592/","Винчестер. Дом, который построили призраки (2018)","Winchester: The House that Ghosts Built","2018","5","5","0"
"tt1825683","2018-05-18","https://www.kinopoisk.ru/film/623250/","Чёрная Пантера (2018)","Black Panther","2018","1","1","0"
"tt2620590","2018-05-18","https://www.kinopoisk.ru/film/730709/","Техасская резня бензопилой: Кожаное лицо (2017)","Leatherface","2017","6","6","0"
"tt5837242","2018-05-18","https://www.kinopoisk.ru/film/909700/","Как Витька Чеснок вёз Лёху Штыря в дом инвалидов (2017)","","2017","8","8","0"
"tt2283362","2018-05-18","https://www.kinopoisk.ru/film/695609/","Джуманджи: Зов джунглей (2017)","Jumanji: Welcome to the Jungle","2017","7","7","0"
"tt6260342","2018-02-05","https://www.kinopoisk.ru/film/897888/","Селфи (2017)","","2017","8","8","0"
"tt0230838","2017-12-02","https://www.kinopoisk.ru/film/3795/","Сладкий ноябрь (2001)","Sweet November","2001","10","10","0"
"tt4651520","2017-09-19","https://www.kinopoisk.ru/film/905378/","Очень плохие мамочки (2016)","Bad Moms","2016","5","5","0"
"tt5109784","2017-09-19","https://www.kinopoisk.ru/film/938643/","мама! (2017)","mother!","2017","10","10","0"
"tt0455760","2017-09-17","https://www.kinopoisk.ru/film/143139/","Мертвая тишина (2006)","Dead Silence","2006","5","5","0"
"tt4695012","2017-09-17","https://www.kinopoisk.ru/film/998552/","Оно приходит ночью (2017)","It Comes at Night","2017","4","4","0"
"tt6628228","2017-09-10","https://www.kinopoisk.ru/film/945391/","Гоголь. Начало (2017)","","2017","8","8","0"
"tt2763304","2017-08-23","https://www.kinopoisk.ru/film/744776/","Т2 Трейнспоттинг (На игле 2) (2017)","T2 Trainspotting","2017","9","9","0"
"tt3717490","2017-07-02","https://www.kinopoisk.ru/film/841627/","Могучие рейнджеры (2017)","Power Rangers","2017","6","6","0"
"tt3235888","2017-07-02","https://www.kinopoisk.ru/film/804697/","Оно приходит за тобой (2014)","It Follows","2014","5","5","0"
"tt5161058","2017-07-02","https://www.kinopoisk.ru/film/946883/","Гуляй, Вася! (2016)","","2016","8","8","0"
"tt5052448","2017-07-02","https://www.kinopoisk.ru/film/944708/","Прочь (2017)","Get Out","2017","9","9","0"
"tt6679360","2017-06-05","https://www.kinopoisk.ru/film/1043713/","Он вам не Димон (2017)","","2017","1","1","0"
"tt1972591","2017-05-30","https://www.kinopoisk.ru/film/824437/","Меч короля Артура (2017)","King Arthur: Legend of the Sword","2017","10","10","0"
"tt4501244","2017-05-26","https://www.kinopoisk.ru/film/930000/","Почему он? (2016)","Why Him?","2016","6","6","0"
"tt3289956","2017-05-26","https://www.kinopoisk.ru/film/807313/","Демон внутри (2016)","The Autopsy of Jane Doe","2016","6","6","0"
"tt1790809","2017-05-26","https://www.kinopoisk.ru/film/575180/","Пираты Карибского моря: Мертвецы не рассказывают сказки (2017)","Pirates of the Caribbean: Dead Men Tell No Tales","2017","10","10","0"
"tt4600952","2017-05-12","https://www.kinopoisk.ru/film/841813/","Защитники (2017)","","2017","1","1","0"
"tt0498381","2017-05-12","https://www.kinopoisk.ru/film/252279/","Звонки (2016)","Rings","2016","3","3","0"
"","2017-05-12","https://www.kinopoisk.ru/film/984360/","Невеста (2017)","","2017","6","","0"
"tt1293847","2017-05-11","https://www.kinopoisk.ru/film/428709/","Три икса: Мировое господство (2016)","xXx: Return of Xander Cage","2016","4","4","0"
"tt3896198","2017-05-07","https://www.kinopoisk.ru/film/841263/","Стражи Галактики. Часть 2 (2017)","Guardians of the Galaxy Vol. 2","2017","9","9","0"
"tt3631112","2017-04-03","https://www.kinopoisk.ru/film/928391/","Девушка в поезде (2016)","The Girl on the Train","2016","4","4","0"
"tt1399683","2017-04-03","https://www.kinopoisk.ru/film/455627/","Зимняя кость (2010)","Winter's Bone","2010","6","6","0"
"tt1430607","2017-04-03","https://www.kinopoisk.ru/film/464090/","Секретная служба Санта-Клауса (2011)","Arthur Christmas","2011","3","3","0"
"tt3393786","2017-04-03","https://www.kinopoisk.ru/film/817245/","Джек Ричер 2: Никогда не возвращайся (2016)","Jack Reacher: Never Go Back","2016","5","5","0"
"tt4972582","2017-04-02","https://www.kinopoisk.ru/film/930534/","Сплит (2017)","Split","2017","8","8","0"
"tt2094766","2017-01-06","https://www.kinopoisk.ru/film/690615/","Кредо убийцы (2016)","Assassin's Creed","2016","8","8","0"
"tt1355644","2016-12-26","https://www.kinopoisk.ru/film/470689/","Пассажиры (2016)","Passengers","2016","9","9","0"
"tt0475784","2016-12-17","https://www.kinopoisk.ru/film/195523/","Мир Дикого Запада (сериал, 2016 – 2022)","Westworld","2016","6","6","1"
"tt1211837","2016-12-16","https://www.kinopoisk.ru/film/409600/","Доктор Стрэндж (2016)","Doctor Strange","2016","7","7","0"
"tt2788732","2016-12-16","https://www.kinopoisk.ru/film/756799/","Пит и его дракон (2016)","Pete's Dragon","2016","5","5","0"
"tt5031998","2016-12-16","https://www.kinopoisk.ru/film/932512/","Коллектор (2016)","","2016","9","9","0"
"tt1924396","2016-12-16","https://www.kinopoisk.ru/film/681849/","Лучшее предложение (2012)","La migliore offerta","2012","8","8","0"
"tt2660888","2016-12-12","https://www.kinopoisk.ru/film/734349/","Стартрек: Бесконечность (2016)","Star Trek Beyond","2016","6","6","0"
"tt3531824","2016-12-12","https://www.kinopoisk.ru/film/889091/","Нерв (2016)","Nerve","2016","6","6","0"
"tt6070530","2016-12-12","https://www.kinopoisk.ru/film/948999/","Жених (2016)","","2016","4","4","0"
"tt3522806","2016-12-12","https://www.kinopoisk.ru/film/837525/","Механик: Воскрешение (2016)","Mechanic: Resurrection","2016","7","7","0"
"tt3263904","2016-12-12","https://www.kinopoisk.ru/film/805650/","Чудо на Гудзоне (2016)","Sully","2016","10","10","0"
"tt3183660","2016-12-12","https://www.kinopoisk.ru/film/797840/","Фантастические твари и где они обитают (2016)","Fantastic Beasts and Where to Find Them","2016","9","9","0"
"tt2277860","2016-12-12","https://www.kinopoisk.ru/film/692957/","В поисках Дори (2016)","Finding Dory","2016","6","6","0"
"tt5207204","2016-12-12","https://www.kinopoisk.ru/film/764465/","28 панфиловцев (2016)","","2016","10","10","0"
"tt0272152","2016-10-03","https://www.kinopoisk.ru/film/723/","Планета Ка-Пэкс (2001)","K‑PAX","2001","9","9","0"
"tt0400717","2016-10-02","https://www.kinopoisk.ru/film/77465/","Сезон охоты (2006)","Open Season","2006","6","6","0"
"tt2381991","2016-10-02","https://www.kinopoisk.ru/film/680394/","Белоснежка и Охотник 2 (2016)","The Huntsman: Winter's War","2016","5","5","0"
"tt3464902","2016-10-02","https://www.kinopoisk.ru/film/819846/","Лобстер (2015)","The Lobster","2015","8","8","0"
"tt1850397","2016-10-02","https://www.kinopoisk.ru/film/581952/","Лофт (2013)","The Loft","2013","5","5","0"
"tt3174376","2016-10-02","https://www.kinopoisk.ru/film/798086/","Сомния (2014)","Before I Wake","2014","3","3","0"
"tt0780504","2016-09-29","https://www.kinopoisk.ru/film/276598/","Драйв (2011)","Drive","2011","6","6","0"
"tt1712261","2016-09-29","https://www.kinopoisk.ru/film/565861/","Три девятки (2015)","Triple 9","2015","1","1","0"
"tt3381008","2016-09-29","https://www.kinopoisk.ru/film/817481/","Братья из Гримсби (2016)","Grimsby","2016","4","4","0"
"tt3410834","2016-09-29","https://www.kinopoisk.ru/film/817931/","Дивергент, глава 3: За стеной (2016)","The Divergent Series: Allegiant","2016","2","2","0"
"tt1974419","2016-09-29","https://www.kinopoisk.ru/film/623721/","Неоновый демон (2016)","The Neon Demon","2016","7","7","0"
"tt3385516","2016-09-29","https://www.kinopoisk.ru/film/814016/","Люди Икс: Апокалипсис (2016)","X‑Men: Apocalypse","2016","8","8","0"
"tt3110958","2016-09-29","https://www.kinopoisk.ru/film/786958/","Иллюзия обмана 2 (2016)","Now You See Me 2","2016","4","4","0"
"tt1489889","2016-09-29","https://www.kinopoisk.ru/film/472105/","Полтора шпиона (2016)","Central Intelligence","2016","7","7","0"
"tt6844328","2016-09-29","https://www.kinopoisk.ru/film/974203/","Спарта (2016)","","2016","3","3","0"
"tt4034354","2016-09-29","https://www.kinopoisk.ru/film/918087/","Человек-швейцарский нож (2016)","Swiss Army Man","2016","9","9","0"
"tt4080728","2016-09-15","https://www.kinopoisk.ru/film/848894/","Вторая жизнь Уве (2015)","En man som heter Ove","2015","10","10","0"
"tt5595168","2016-09-14","https://www.kinopoisk.ru/film/970742/","Кингсглейв: Последняя фантазия XV (2016)","Kingsglaive: Final Fantasy XV","2016","8","8","0"
"tt2674426","2016-09-14","https://www.kinopoisk.ru/film/807318/","До встречи с тобой (2016)","Me Before You","2016","6","6","0"
"tt3040964","2016-09-14","https://www.kinopoisk.ru/film/779024/","Книга джунглей (2016)","The Jungle Book","2016","4","4","0"
"tt2005151","2016-09-14","https://www.kinopoisk.ru/film/602749/","Парни со стволами (2016)","War Dogs","2016","8","8","0"
"tt3011894","2016-09-14","https://www.kinopoisk.ru/film/775727/","Дикие истории (2014)","Relatos salvajes","2014","8","8","0"
"tt3949660","2016-09-03","https://www.kinopoisk.ru/film/841518/","Черепашки-ниндзя 2 (2016)","Teenage Mutant Ninja Turtles: Out of the Shadows","2016","9","9","0"
"tt3498820","2016-09-01","https://www.kinopoisk.ru/film/822708/","Первый мститель: Противостояние (2016)","Captain America: Civil War","2016","7","7","0"
"tt1502712","2016-08-27","https://www.kinopoisk.ru/film/471642/","Фантастическая четвёрка (2015)","Fantastic Four","2015","1","1","0"
"tt3799694","2016-08-27","https://www.kinopoisk.ru/film/841152/","Славные парни (2016)","The Nice Guys","2016","9","9","0"
"tt4094724","2016-08-27","https://www.kinopoisk.ru/film/843907/","Судная ночь 3 (2016)","The Purge: Election Year","2016","2","2","0"
"tt0918940","2016-08-27","https://www.kinopoisk.ru/film/462491/","Тарзан. Легенда (2016)","The Legend of Tarzan","2016","4","4","0"
"tt1985949","2016-08-08","https://www.kinopoisk.ru/film/609618/","Angry Birds в кино (2016)","The Angry Birds Movie","2016","7","7","0"
"tt1715336","2016-08-08","https://www.kinopoisk.ru/film/566311/","Экстрасенс 2: Лабиринты разума (2013)","Mindscape","2013","5","5","0"
"tt1567437","2016-08-08","https://www.kinopoisk.ru/film/493390/","Голоса (2014)","The Voices","2014","4","4","0"
"tt4786282","2016-08-08","https://www.kinopoisk.ru/film/919515/","И гаснет свет... (2016)","Lights Out","2016","3","3","0"
"tt2975590","2016-06-30","https://www.kinopoisk.ru/film/770631/","Бэтмен против Супермена: На заре справедливости (2016)","Batman v Superman: Dawn of Justice","2016","4","4","0"
"tt0898367","2016-06-29","https://www.kinopoisk.ru/film/395523/","Дорога (2009)","The Road","2009","5","5","0"
"tt1187064","2016-06-29","https://www.kinopoisk.ru/film/406403/","Треугольник (2009)","Triangle","2009","5","5","0"
"tt0479884","2016-06-27","https://www.kinopoisk.ru/film/180609/","Адреналин (2006)","Crank","2006","6","6","0"
"tt2394140","2016-06-27","https://www.kinopoisk.ru/film/566575/","Закрытая школа (сериал, 2011 – 2012)","","2011","5","5","1"
"tt0988045","2016-06-27","https://www.kinopoisk.ru/film/420923/","Шерлок Холмс (2009)","Sherlock Holmes","2009","9","9","0"
"tt2361509","2016-06-27","https://www.kinopoisk.ru/film/677893/","Стажёр (2015)","The Intern","2015","8","8","0"
"tt1754656","2016-06-27","https://www.kinopoisk.ru/film/572553/","Маленький принц (2015)","Le petit prince","2015","7","7","0"
"tt3567288","2016-06-27","https://www.kinopoisk.ru/film/838043/","Визит (2015)","The Visit","2015","9","9","0"
"tt5644006","2016-06-27","https://www.kinopoisk.ru/film/933852/","Маршрут построен (2016)","","2016","3","3","0"
"tt3520290","2016-06-10","https://www.kinopoisk.ru/film/827938/","Шальное ранение (2015)","Blunt Force Trauma","2015","1","1","0"
"tt3072482","2016-06-09","https://www.kinopoisk.ru/film/778218/","Хардкор (2015)","","2015","8","8","0"
"tt1182345","2016-06-08","https://www.kinopoisk.ru/film/406671/","Луна 2112 (2009)","Moon","2009","6","6","0"
"tt2948356","2016-06-03","https://www.kinopoisk.ru/film/775276/","Зверополис (2016)","Zootopia","2016","9","9","0"
"tt0803096","2016-06-03","https://www.kinopoisk.ru/film/277328/","Варкрафт (2016)","Warcraft","2016","10","10","0"
"tt2554274","2016-05-21","https://www.kinopoisk.ru/film/721153/","Багровый пик (2015)","Crimson Peak","2015","3","3","0"
"tt1798684","2016-05-21","https://www.kinopoisk.ru/film/573990/","Левша (2015)","Southpaw","2015","5","5","0"
"tt1355683","2016-05-21","https://www.kinopoisk.ru/film/736205/","Черная месса (2015)","Black Mass","2015","8","8","0"
"tt0110357","2016-05-21","https://www.kinopoisk.ru/film/2360/","Король Лев (1994)","The Lion King","1994","9","9","0"
"tt0162222","2016-05-21","https://www.kinopoisk.ru/film/627/","Изгой (2000)","Cast Away","2000","8","8","0"
"tt0099088","2016-05-21","https://www.kinopoisk.ru/film/7103/","Назад в будущее 3 (1990)","Back to the Future Part III","1990","7","7","0"
"tt0053291","2016-05-21","https://www.kinopoisk.ru/film/356/","В джазе только девушки (1959)","Some Like It Hot","1959","8","8","0"
"tt0245429","2016-05-21","https://www.kinopoisk.ru/film/370/","Унесённые призраками (2001)","Sen to Chihiro no kamikakushi","2001","8","8","0"
"tt0401792","2016-05-21","https://www.kinopoisk.ru/film/77443/","Город грехов (2005)","Sin City","2005","4","4","0"
"tt0120338","2016-05-21","https://www.kinopoisk.ru/film/2213/","Титаник (1997)","Titanic","1997","7","7","0"
"tt0088763","2016-05-21","https://www.kinopoisk.ru/film/476/","Назад в будущее (1985)","Back to the Future","1985","7","7","0"
"tt1130884","2016-05-21","https://www.kinopoisk.ru/film/397667/","Остров проклятых (2009)","Shutter Island","2009","8","8","0"
"tt0817230","2016-05-21","https://www.kinopoisk.ru/film/313338/","День Святого Валентина (2010)","Valentine's Day","2010","4","4","0"
"tt3322312","2016-05-21","https://www.kinopoisk.ru/film/817509/","Сорвиголова (сериал, 2015 – 2018)","Daredevil","2015","5","5","1"
"tt1121096","2016-05-21","https://www.kinopoisk.ru/film/408396/","Седьмой сын (2014)","Seventh Son","2014","2","2","0"
"tt1727776","2016-05-21","https://www.kinopoisk.ru/film/568789/","Скауты против зомби (2015)","Scouts Guide to the Zombie Apocalypse","2015","7","7","0"
"tt1083452","2016-05-20","https://www.kinopoisk.ru/film/394619/","Эдди «Орёл» (2015)","Eddie the Eagle","2015","8","8","0"
"tt0814685","2016-05-19","https://www.kinopoisk.ru/film/266142/","Граница (2007)","Frontière(s)","2007","5","5","0"
"tt1179933","2016-05-18","https://www.kinopoisk.ru/film/843463/","Кловерфилд, 10 (2016)","10 Cloverfield Lane","2016","9","9","0"
"tt1687901","2016-05-18","https://www.kinopoisk.ru/film/542668/","Экстрасенс (2011)","The Awakening","2011","6","6","0"
"tt1053424","2016-05-18","https://www.kinopoisk.ru/film/391277/","Потрошители (2009)","Repo Men","2009","8","8","0"
"tt2870612","2016-05-17","https://www.kinopoisk.ru/film/762501/","Париж: Город мёртвых (2014)","As Above, So Below","2014","3","3","0"
"tt2025690","2016-05-17","https://www.kinopoisk.ru/film/608559/","И грянул шторм (2016)","The Finest Hours","2016","6","6","0"
"tt5756530","2016-05-15","https://www.kinopoisk.ru/film/705353/","Коробка (2015)","","2015","6","6","0"
"tt1727770","2016-05-15","https://www.kinopoisk.ru/film/568258/","Всё могу (2015)","Absolutely Anything","2015","7","7","0"
"tt2058673","2016-05-15","https://www.kinopoisk.ru/film/623658/","На гребне волны (2015)","Point Break","2015","7","7","0"
"tt1291570","2016-05-13","https://www.kinopoisk.ru/film/463070/","Экстрасенсы (2014)","Solace","2014","9","9","0"
"tt5653294","2016-04-23","https://www.kinopoisk.ru/film/839818/","Экипаж (2016)","","2016","8","8","0"
"tt3170832","2016-04-11","https://www.kinopoisk.ru/film/798068/","Комната (2015)","Room","2015","9","9","0"
"tt2503944","2016-04-08","https://www.kinopoisk.ru/film/716595/","Шеф Адам Джонс (2015)","Burnt","2015","8","8","0"
"tt2446980","2016-04-08","https://www.kinopoisk.ru/film/713051/","Джой (2015)","Joy","2015","10","10","0"
"tt1596363","2016-03-30","https://www.kinopoisk.ru/film/501333/","Игра на понижение (2015)","The Big Short","2015","9","9","0"
"tt0486822","2016-03-27","https://www.kinopoisk.ru/film/252268/","Паранойя (2007)","Disturbia","2007","7","7","0"
"tt1398426","2016-03-24","https://www.kinopoisk.ru/film/462867/","Голос улиц (2015)","Straight Outta Compton","2015","10","10","0"
"tt1663202","2016-03-24","https://www.kinopoisk.ru/film/522941/","Выживший (2015)","The Revenant","2015","9","9","0"
"tt5338588","2016-03-23","https://www.kinopoisk.ru/film/908406/","8 лучших свиданий (2016)","","2016","5","5","0"
"tt1390411","2016-03-23","https://www.kinopoisk.ru/film/463893/","В сердце моря (2015)","In the Heart of the Sea","2015","7","7","0"
"tt1951266","2016-03-23","https://www.kinopoisk.ru/film/663715/","Голодные игры: Сойка-пересмешница. Часть II (2015)","The Hunger Games: Mockingjay – Part 2","2015","7","7","0"
"tt5352802","2016-03-04","https://www.kinopoisk.ru/film/838856/","Статус: Свободен (2015)","","2015","6","6","0"
"tt5311004","2016-03-04","https://www.kinopoisk.ru/film/843821/","Пятница (2016)","","2016","7","7","0"
"tt1976009","2016-03-04","https://www.kinopoisk.ru/film/596985/","Виктор Франкенштейн (2015)","Victor Frankenstein","2015","5","5","0"
"tt4471388","2016-03-04","https://www.kinopoisk.ru/film/839253/","Мафия: Игра на выживание (2016)","","2016","1","1","0"
"tt0387564","2016-02-23","https://www.kinopoisk.ru/film/64187/","Пила: Игра на выживание (2004)","Saw","2004","6","6","0"
"tt1638355","2016-02-17","https://www.kinopoisk.ru/film/518042/","Агенты А.Н.К.Л. (2015)","The Man from U.N.C.L.E.","2015","7","7","0"
"tt2140379","2016-02-17","https://www.kinopoisk.ru/film/655435/","Вне/себя (2015)","Self/less","2015","7","7","0"
"tt1431045","2016-02-17","https://www.kinopoisk.ru/film/462360/","Дэдпул (2016)","Deadpool","2016","10","10","0"
"tt1618442","2016-02-07","https://www.kinopoisk.ru/film/506066/","Последний охотник на ведьм (2015)","The Last Witch Hunter","2015","7","7","0"
"tt1051220","2016-02-07","https://www.kinopoisk.ru/film/841615/","Хроники Шаннары (сериал, 2016 – 2017)","The Shannara Chronicles","2016","7","7","1"
"tt2379713","2016-01-25","https://www.kinopoisk.ru/film/678552/","007: СПЕКТР (2015)","Spectre","2015","7","7","0"
"tt3569230","2016-01-11","https://www.kinopoisk.ru/film/839954/","Легенда (2015)","Legend","2015","7","7","0"
"tt0462590","2016-01-11","https://www.kinopoisk.ru/film/167491/","Шаг вперед (2006)","Step Up","2006","5","5","0"
"tt0172495","2016-01-11","https://www.kinopoisk.ru/film/474/","Гладиатор (2000)","Gladiator","2000","8","8","0"
"tt0369610","2016-01-11","https://www.kinopoisk.ru/film/594554/","Мир Юрского периода (2015)","Jurassic World","2015","6","6","0"
"tt2293640","2016-01-11","https://www.kinopoisk.ru/film/694051/","Миньоны (2015)","Minions","2015","5","5","0"
"tt1528071","2016-01-11","https://www.kinopoisk.ru/film/484425/","Рога (2013)","Horns","2013","9","9","0"
"tt1911658","2016-01-10","https://www.kinopoisk.ru/film/607608/","Пингвины Мадагаскара (2014)","Penguins of Madagascar","2014","6","6","0"
"tt2510894","2016-01-10","https://www.kinopoisk.ru/film/716891/","Монстры на каникулах 2 (2015)","Hotel Transylvania 2","2015","6","6","0"
"tt3488710","2016-01-10","https://www.kinopoisk.ru/film/829368/","Прогулка (2015)","The Walk","2015","7","7","0"
"tt0338466","2016-01-10","https://www.kinopoisk.ru/film/6827/","Застрял в тебе (2003)","Stuck on You","2003","7","7","0"
"tt3659388","2016-01-10","https://www.kinopoisk.ru/film/841700/","Марсианин (2015)","The Martian","2015","9","9","0"
"tt2752772","2016-01-10","https://www.kinopoisk.ru/film/744668/","Синистер 2 (2015)","Sinister 2","2015","8","8","0"
"tt2488496","2016-01-10","https://www.kinopoisk.ru/film/714888/","Звёздные войны: Пробуждение силы (2015)","Star Wars: Episode VII – The Force Awakens","2015","8","8","0"
"tt2582802","2016-01-10","https://www.kinopoisk.ru/film/725190/","Одержимость (2013)","Whiplash","2013","10","10","0"
"tt2164430","2016-01-06","https://www.kinopoisk.ru/film/687812/","Записки юного врача (сериал, 2012 – 2013)","A Young Doctor's Notebook & Other Stories","2012","9","9","1"
"tt2679042","2015-11-01","https://www.kinopoisk.ru/film/737668/","Хитмэн: Агент 47 (2015)","Hitman: Agent 47","2015","2","2","0"
"tt4765708","2015-10-30","https://www.kinopoisk.ru/film/841830/","Парень с нашего кладбища (2015)","","2015","3","3","0"
"tt1809398","2015-10-30","https://www.kinopoisk.ru/film/577211/","Несломленный (2014)","Unbroken","2014","9","9","0"
"tt3413036","2015-10-30","https://www.kinopoisk.ru/film/716029/","Атомный лес (сериал, 2012)","","2012","1","1","1"
"tt3858372","2015-10-30","https://www.kinopoisk.ru/film/842910/","Хранитель Луны (2014)","Mune: Le Gardien de la Lune","2014","1","1","0"
"tt1528100","2015-10-30","https://www.kinopoisk.ru/film/484611/","Исход: Цари и боги (2014)","Exodus: Gods and Kings","2014","3","3","0"
"","2015-10-29","https://www.kinopoisk.ru/film/842565/","Приличные люди (2015)","","2015","4","","0"
"tt2258239","2015-10-29","https://www.kinopoisk.ru/film/615823/","8 первых свиданий (2012)","","2012","7","7","0"
"tt5135336","2015-10-28","https://www.kinopoisk.ru/film/838050/","Метод (сериал, 2015 – ...)","","2015","9","9","1"
"tt4230876","2015-10-26","https://www.kinopoisk.ru/film/751916/","8 новых свиданий (2015)","","2015","7","7","0"
"tt1592525","2015-10-24","https://www.kinopoisk.ru/film/496888/","Напролом (2011)","Lockout","2011","10","10","0"
"tt0463960","2015-10-23","https://www.kinopoisk.ru/film/180812/","Дьявол, которого ты знаешь (2013)","The Devil You Know","2013","6","6","0"
"tt3467412","2015-10-23","https://www.kinopoisk.ru/film/820277/","Вымирание (2015)","Extinction","2015","4","4","0"
"tt2126355","2015-10-23","https://www.kinopoisk.ru/film/652692/","Разлом Сан-Андреас (2015)","San Andreas","2015","4","4","0"
"tt0115319","2015-10-22","https://www.kinopoisk.ru/film/229579/","Могучие рейнджеры: Зео (сериал, 1996)","Power Rangers Zeo","1996","10","10","1"
"tt3079380","2015-10-21","https://www.kinopoisk.ru/film/782792/","Шпион (2015)","Spy","2015","8","8","0"
"tt1189893","2015-10-21","https://www.kinopoisk.ru/film/252022/","Илья Муромец и Соловей Разбойник (2007)","","2007","5","5","0"
"tt0465967","2015-10-21","https://www.kinopoisk.ru/film/147818/","Добрыня Никитич и Змей Горыныч (2006)","","2006","7","7","0"
"tt4544278","2015-10-21","https://www.kinopoisk.ru/film/809087/","Три богатыря: Ход конем (2014)","","2014","6","6","0"
"tt2261719","2015-10-20","https://www.kinopoisk.ru/film/652760/","Джунгли (2012)","","2012","8","8","0"
"tt4422836","2015-10-20","https://www.kinopoisk.ru/film/887610/","Области тьмы (сериал, 2015 – 2016)","Limitless","2015","8","8","1"
"tt2096673","2015-10-20","https://www.kinopoisk.ru/film/645118/","Головоломка (2015)","Inside Out","2015","8","8","0"
"tt2637276","2015-10-20","https://www.kinopoisk.ru/film/731691/","Третий лишний 2 (2015)","Ted 2","2015","7","7","0"
"tt3622592","2015-10-20","https://www.kinopoisk.ru/film/841572/","Бумажные города (2015)","Paper Towns","2015","3","3","0"
"tt1964418","2015-10-20","https://www.kinopoisk.ru/film/596643/","Земля будущего (2015)","Tomorrowland","2015","5","5","0"
"tt3743822","2015-10-05","https://www.kinopoisk.ru/film/846892/","Бойтесь ходячих мертвецов (сериал, 2015 – 2023)","Fear the Walking Dead","2015","7","7","1"
"tt2802850","2015-10-05","https://www.kinopoisk.ru/film/767379/","Фарго (сериал, 2014 – ...)","Fargo","2014","7","7","1"
"tt1617661","2015-09-26","https://www.kinopoisk.ru/film/505966/","Восхождение Юпитер (2015)","Jupiter Ascending","2015","1","1","0"
"tt2268016","2015-09-26","https://www.kinopoisk.ru/film/692859/","Супер Майк XXL (2015)","Magic Mike XXL","2015","4","4","0"
"tt2179136","2015-09-25","https://www.kinopoisk.ru/film/683919/","Снайпер (2014)","American Sniper","2014","9","9","0"
"tt2661044","2015-09-25","https://www.kinopoisk.ru/film/733493/","Сотня (сериал, 2014 – 2020)","The 100","2014","1","1","1"
"tt3501584","2015-09-25","https://www.kinopoisk.ru/film/824275/","Я – зомби (сериал, 2015 – 2019)","iZombie","2015","5","5","1"
"tt2356777","2015-09-25","https://www.kinopoisk.ru/film/681831/","Настоящий детектив (сериал, 2014 – ...)","True Detective","2014","8","8","1"
"tt3316948","2015-09-14","https://www.kinopoisk.ru/film/807399/","Ультраамериканцы (2015)","American Ultra","2015","5","5","0"
"tt4158110","2015-08-31","https://www.kinopoisk.ru/film/859908/","Мистер Робот (сериал, 2015 – 2019)","Mr. Robot","2015","8","8","1"
"tt1029360","2015-08-31","https://www.kinopoisk.ru/film/313523/","Полтергейст (2015)","Poltergeist","2015","3","3","0"
"tt2908446","2015-08-31","https://www.kinopoisk.ru/film/762225/","Дивергент, глава 2: Инсургент (2015)","The Divergent Series: Insurgent","2015","4","4","0"
"tt2180411","2015-08-31","https://www.kinopoisk.ru/film/662996/","Чем дальше в лес... (2014)","Into the Woods","2014","3","3","0"
"tt3045616","2015-08-31","https://www.kinopoisk.ru/film/778963/","Мордекай (2015)","Mortdecai","2015","3","3","0"
"tt3826834","2015-08-31","https://www.kinopoisk.ru/film/705350/","Класс коррекции (2014)","","2014","8","8","0"
"tt3042408","2015-08-31","https://www.kinopoisk.ru/film/779602/","Кто я (2014)","Who Am I – Kein System ist sicher","2014","3","3","0"
"tt2395427","2015-08-31","https://www.kinopoisk.ru/film/679830/","Мстители: Эра Альтрона (2015)","Avengers: Age of Ultron","2015","6","6","0"
"tt2561572","2015-08-31","https://www.kinopoisk.ru/film/722860/","Крепись! (2014)","Get Hard","2014","6","6","0"
"tt0361862","2015-08-08","https://www.kinopoisk.ru/film/5206/","Машинист (2003)","The Machinist","2003","7","7","0"
"tt0397313","2015-08-07","https://www.kinopoisk.ru/film/79204/","Белый плен (2005)","Eight Below","2005","4","4","0"
"tt5180266","2015-08-07","https://www.kinopoisk.ru/film/893962/","Президент (2015)","","2015","6","6","0"
"tt1674771","2015-08-07","https://www.kinopoisk.ru/film/535317/","Антураж (2015)","Entourage","2015","4","4","0"
"tt4559932","2015-08-07","https://www.kinopoisk.ru/film/839960/","Призрак (2015)","","2015","5","5","0"
"tt1823672","2015-08-07","https://www.kinopoisk.ru/film/591485/","Робот по имени Чаппи (2015)","Chappie","2015","2","2","0"
"tt4084744","2015-08-07","https://www.kinopoisk.ru/film/742026/","Битва за Севастополь (2015)","","2015","4","4","0"
"tt2692904","2015-08-07","https://www.kinopoisk.ru/film/736206/","Лок (2013)","Locke","2013","8","8","0"
"tt1213663","2015-08-07","https://www.kinopoisk.ru/film/410299/","Армагеддец (2013)","The World's End","2013","4","4","0"
"tt0365748","2015-08-07","https://www.kinopoisk.ru/film/64021/","Зомби по имени Шон (2004)","Shaun of the Dead","2004","5","5","0"
"tt1247690","2015-08-05","https://www.kinopoisk.ru/film/462525/","Серена (2014)","Serena","2014","9","9","0"
"tt1392190","2015-08-05","https://www.kinopoisk.ru/film/453406/","Безумный Макс: Дорога ярости (2015)","Mad Max: Fury Road","2015","9","9","0"
"tt2193215","2015-08-05","https://www.kinopoisk.ru/film/662834/","Советник (2013)","The Counselor","2013","1","1","0"
"tt1224378","2015-08-05","https://www.kinopoisk.ru/film/229069/","Вий 3D (2014)","","2014","6","6","0"
"tt0425112","2015-08-05","https://www.kinopoisk.ru/film/93377/","Типа крутые легавые (2007)","Hot Fuzz","2007","9","9","0"
"tt3713166","2015-08-05","https://www.kinopoisk.ru/film/839972/","Убрать из друзей (2015)","Unfriended","2015","7","7","0"
"tt2503154","2015-08-05","https://www.kinopoisk.ru/film/715898/","Смерть в сети (2013)","The Den","2013","3","3","0"
"tt2310332","2015-07-25","https://www.kinopoisk.ru/film/694633/","Хоббит: Битва пяти воинств (2014)","The Hobbit: The Battle of the Five Armies","2014","7","7","0"
"tt4032214","2015-07-08","https://www.kinopoisk.ru/film/727157/","Чернобыль: Зона отчуждения (сериал, 2014 – 2017)","","2014","8","8","1"
"tt0470752","2015-06-22","https://www.kinopoisk.ru/film/197532/","Из машины (2014)","Ex Machina","2014","5","5","0"
"tt2039393","2015-06-22","https://www.kinopoisk.ru/film/614227/","Игрок (2014)","The Gambler","2014","4","4","0"
"tt2381941","2015-06-22","https://www.kinopoisk.ru/film/680824/","Фокус (2014)","Focus","2014","8","8","0"
"","2015-06-22","https://www.kinopoisk.ru/film/797709/","Одной левой (2015)","","2015","2","","0"
"tt2300975","2015-06-22","https://www.kinopoisk.ru/film/673077/","Джезабель (2014)","Jessabelle","2014","4","4","0"
"tt3136646","2015-06-14","https://www.kinopoisk.ru/film/765103/","Духless 2 (2015)","","2015","7","7","0"
"tt2322441","2015-06-14","https://www.kinopoisk.ru/film/688832/","Пятьдесят оттенков серого (2015)","Fifty Shades of Grey","2015","1","1","0"
"tt2820852","2015-06-14","https://www.kinopoisk.ru/film/754481/","Форсаж 7 (2015)","Fast & Furious 7","2015","4","4","0"
"tt2436386","2015-06-14","https://www.kinopoisk.ru/film/711454/","Континуум (2014)","Project Almanac","2014","9","9","0"
"tt2306299","2015-05-12","https://www.kinopoisk.ru/film/682255/","Викинги (сериал, 2013 – 2020)","Vikings","2013","7","7","1"
"tt2442560","2015-05-12","https://www.kinopoisk.ru/film/716587/","Острые козырьки (сериал, 2013 – 2022)","Peaky Blinders","2013","9","9","1"
"tt3032476","2015-05-01","https://www.kinopoisk.ru/film/796660/","Лучше звоните Солу (сериал, 2015 – 2022)","Better Call Saul","2015","8","8","1"
"tt0903747","2015-04-11","https://www.kinopoisk.ru/film/404900/","Во все тяжкие (сериал, 2008 – 2013)","Breaking Bad","2008","9","9","1"
"tt4482996","2015-03-27","https://www.kinopoisk.ru/film/694406/","Закон каменных джунглей (сериал, 2015 – 2017)","","2015","10","10","1"
"tt0278504","2015-03-25","https://www.kinopoisk.ru/film/712/","Бессонница (2002)","Insomnia","2002","9","9","0"
"tt0816692","2015-03-25","https://www.kinopoisk.ru/film/258687/","Интерстеллар (2014)","Interstellar","2014","10","10","0"
"tt2562232","2015-03-10","https://www.kinopoisk.ru/film/722827/","Бёрдмэн (2014)","Birdman or (The Unexpected Virtue of Ignorance)","2014","9","9","0"
"tt2084970","2015-03-10","https://www.kinopoisk.ru/film/635772/","Игра в имитацию (2014)","The Imitation Game","2014","6","6","0"
"tt2582846","2015-03-04","https://www.kinopoisk.ru/film/724703/","Виноваты звезды (2014)","The Fault in Our Stars","2014","7","7","0"
"tt1951265","2015-02-22","https://www.kinopoisk.ru/film/661911/","Голодные игры: Сойка-пересмешница. Часть I (2014)","The Hunger Games: Mockingjay – Part 1","2014","8","8","0"
"tt2193021","2015-02-03","https://www.kinopoisk.ru/film/661938/","Стрела (сериал, 2012 – 2020)","Arrow","2012","7","7","1"
"","2015-02-01","https://www.kinopoisk.ru/film/682079/","Тёмный мир: Равновесие (сериал, 2014)","","2014","3","","1"
"tt1790864","2015-01-30","https://www.kinopoisk.ru/film/575613/","Бегущий в лабиринте (2014)","The Maze Runner","2014","8","8","0"
"tt3560686","2015-01-29","https://www.kinopoisk.ru/film/808639/","Дурак (2014)","","2014","8","8","0"
"tt4156700","2015-01-29","https://www.kinopoisk.ru/film/810243/","Горько! 2 (2014)","","2014","1","1","0"
"tt0365907","2015-01-27","https://www.kinopoisk.ru/film/596274/","Прогулка среди могил (2014)","A Walk Among the Tombstones","2014","3","3","0"
"tt1204977","2015-01-27","https://www.kinopoisk.ru/film/462398/","Уиджи: Доска Дьявола (2014)","Ouija","2014","1","1","0"
"tt1727885","2015-01-27","https://www.kinopoisk.ru/film/568197/","Университетский вампир (2011)","Vamp U","2011","1","1","0"
"tt3877844","2015-01-27","https://www.kinopoisk.ru/film/687193/","Ёлки 1914 (2014)","","2014","5","5","0"
"tt2713180","2015-01-04","https://www.kinopoisk.ru/film/740644/","Ярость (2014)","Fury","2014","9","9","0"
"tt1872194","2015-01-04","https://www.kinopoisk.ru/film/588672/","Судья (2014)","The Judge","2014","10","10","0"
"tt0098966","2014-12-24","https://www.kinopoisk.ru/film/7065/","Трое мужчин и маленькая леди (1990)","3 Men and a Little Lady","1990","6","6","0"
"tt0094137","2014-12-24","https://www.kinopoisk.ru/film/2413/","Трое мужчин и младенец (1987)","Three Men and a Baby","1987","6","6","0"
"tt2103281","2014-12-18","https://www.kinopoisk.ru/film/646674/","Планета обезьян: Революция (2014)","Dawn of the Planet of the Apes","2014","8","8","0"
"tt1928340","2014-12-18","https://www.kinopoisk.ru/film/591789/","Философы: Урок выживания (2013)","After the Dark","2013","3","3","0"
"tt0083866","2014-12-18","https://www.kinopoisk.ru/film/544/","Инопланетянин (1982)","E.T. the Extra‑Terrestrial","1982","4","4","0"
"tt0093870","2014-12-18","https://www.kinopoisk.ru/film/7410/","Робокоп (1987)","RoboCop","1987","6","6","0"
"tt0116367","2014-12-18","https://www.kinopoisk.ru/film/4815/","От заката до рассвета (1995)","From Dusk Till Dawn","1995","7","7","0"
"tt1060277","2014-12-18","https://www.kinopoisk.ru/film/374718/","Монстро (2007)","Cloverfield","2007","7","7","0"
"tt0816442","2014-12-18","https://www.kinopoisk.ru/film/757898/","Воровка книг (2013)","The Book Thief","2013","7","7","0"
"","2014-12-18","https://www.kinopoisk.ru/film/798635/","Кориолан (2013)","Coriolanus","2013","7","","0"
"tt2015381","2014-12-18","https://www.kinopoisk.ru/film/689066/","Стражи Галактики (2014)","Guardians of the Galaxy","2014","10","10","0"
"tt2664094","2014-12-18","https://www.kinopoisk.ru/film/573772/","Одноклассники.ru: НаCLICKай удачу (2012)","","2012","5","5","0"
"","2014-12-18","https://www.kinopoisk.ru/film/430442/","Антибумер (2004)","","2004","2","","0"
"tt0106598","2014-12-18","https://www.kinopoisk.ru/film/4192/","Яйцеголовые (1993)","Coneheads","1993","1","1","0"
"tt0424774","2014-12-18","https://www.kinopoisk.ru/film/84201/","Приключения Шаркбоя и Лавы (2005)","The Adventures of Sharkboy and Lavagirl 3‑D","2005","1","1","0"
"tt1666186","2014-12-18","https://www.kinopoisk.ru/film/522094/","Вампирский засос (2010)","Vampires Suck","2010","1","1","0"
"tt1540767","2014-12-18","https://www.kinopoisk.ru/film/581644/","Апартаменты 1303 (2012)","Apartment 1303 3D","2012","1","1","0"
"tt2403029","2014-12-18","https://www.kinopoisk.ru/film/681987/","Очень голодные игры (2013)","The Starving Games","2013","1","1","0"
"tt0870921","2014-12-18","https://www.kinopoisk.ru/film/261319/","Миллион лет до нашей эры 2 (2007)","Sa majesté Minor","2007","1","1","0"
"tt2267998","2014-12-18","https://www.kinopoisk.ru/film/692861/","Исчезнувшая (2014)","Gone Girl","2014","10","10","0"
"tt0455944","2014-12-18","https://www.kinopoisk.ru/film/196707/","Великий уравнитель (2014)","The Equalizer","2014","8","8","0"
"","2014-12-16","https://www.kinopoisk.ru/film/809032/","Газгольдер: Фильм (2014)","","2014","5","","0"
"tt2397535","2014-12-14","https://www.kinopoisk.ru/film/679924/","Патруль времени (2013)","Predestination","2013","8","8","0"
"tt0787474","2014-12-14","https://www.kinopoisk.ru/film/464379/","Семейка монстров (2014)","The Boxtrolls","2014","6","6","0"
"tt0829150","2014-12-12","https://www.kinopoisk.ru/film/395057/","Дракула (2014)","Dracula Untold","2014","6","6","0"
"tt0479767","2014-12-04","https://www.kinopoisk.ru/film/161182/","Азирис нуна (2006)","","2006","2","2","0"
"tt1731141","2014-11-11","https://www.kinopoisk.ru/film/568687/","Игра Эндера (2013)","Ender's Game","2013","6","6","0"
"tt2024432","2014-11-11","https://www.kinopoisk.ru/film/606698/","Поймай толстуху, если сможешь (2013)","Identity Thief","2013","6","6","0"
"tt2192582","2014-11-11","https://www.kinopoisk.ru/film/656093/","Рассказы (2012)","","2012","9","9","0"
"tt1904996","2014-11-07","https://www.kinopoisk.ru/film/586475/","Паркер (2012)","Parker","2012","5","5","0"
"tt2557490","2014-11-07","https://www.kinopoisk.ru/film/722886/","Миллион способов потерять голову (2014)","A Million Ways to Die in the West","2014","7","7","0"
"tt3761706","2014-11-06","https://www.kinopoisk.ru/film/791480/","Корпоратив (2014)","","2014","1","1","0"
"tt1204975","2014-11-06","https://www.kinopoisk.ru/film/468571/","Starперцы (2013)","Last Vegas","2013","5","5","0"
"tt0258153","2014-11-06","https://www.kinopoisk.ru/film/813/","Симона (2002)","S1m0ne","2002","6","6","0"
"tt2872732","2014-11-05","https://www.kinopoisk.ru/film/760326/","Люси (2014)","Lucy","2014","7","7","0"
"tt4168182","2014-11-05","https://www.kinopoisk.ru/film/839200/","Выпускной (2014)","","2014","6","6","0"
"tt1075747","2014-11-05","https://www.kinopoisk.ru/film/418761/","Джона Хекс (2010)","Jonah Hex","2010","4","4","0"
"tt1291150","2014-11-05","https://www.kinopoisk.ru/film/461206/","Черепашки-ниндзя (2014)","Teenage Mutant Ninja Turtles","2014","9","9","0"
"tt1240982","2014-11-03","https://www.kinopoisk.ru/film/455105/","Храбрые перцем (2010)","Your Highness","2010","3","3","0"
"tt0364569","2014-11-03","https://www.kinopoisk.ru/film/75871/","Олдбой (2003)","Oldeuboi","2003","9","9","0"
"tt0971209","2014-11-03","https://www.kinopoisk.ru/film/281409/","Идеальный побег (2009)","A Perfect Getaway","2009","8","8","0"
"tt1772264","2014-11-03","https://www.kinopoisk.ru/film/572035/","Обитель проклятых (2014)","Stonehearst Asylum","2014","7","7","0"
"tt2106361","2014-11-03","https://www.kinopoisk.ru/film/647948/","Навстречу шторму (2014)","Into the Storm","2014","6","6","0"
"tt1267297","2014-11-02","https://www.kinopoisk.ru/film/461958/","Геракл (2014)","Hercules","2014","6","6","0"
"tt1924435","2014-11-01","https://www.kinopoisk.ru/film/760469/","Типа копы (2014)","Let's Be Cops","2014","5","5","0"
"tt2294449","2014-10-12","https://www.kinopoisk.ru/film/672899/","Мачо и ботан 2 (2014)","22 Jump Street","2014","4","4","0"
"tt1956620","2014-10-12","https://www.kinopoisk.ru/film/655618/","Домашнее видео (2014)","Sex Tape","2014","4","4","0"
"tt3749900","2014-09-26","https://www.kinopoisk.ru/film/804748/","Готэм (сериал, 2014 – 2019)","Gotham","2014","9","9","1"
"tt1646971","2014-09-26","https://www.kinopoisk.ru/film/512883/","Как приручить дракона 2 (2014)","How to Train Your Dragon 2","2014","7","7","0"
"tt0465494","2014-09-26","https://www.kinopoisk.ru/film/104901/","Хитмэн (2007)","Hitman","2007","4","4","0"
"tt2975578","2014-09-25","https://www.kinopoisk.ru/film/770805/","Судная ночь 2 (2014)","The Purge: Anarchy","2014","8","8","0"
"tt2184339","2014-09-25","https://www.kinopoisk.ru/film/661022/","Судная ночь (2013)","The Purge","2013","5","5","0"
"tt2109248","2014-09-21","https://www.kinopoisk.ru/film/651857/","Трансформеры: Эпоха истребления (2014)","Transformers: Age of Extinction","2014","5","5","0"
"tt0100814","2014-09-17","https://www.kinopoisk.ru/film/18440/","Дрожь земли (1989)","Tremors","1989","6","6","0"
"tt1742334","2014-09-17","https://www.kinopoisk.ru/film/568378/","Саботаж (2013)","Sabotage","2013","7","7","0"
"tt3805180","2014-09-17","https://www.kinopoisk.ru/film/679554/","Всё и сразу (2013)","","2013","6","6","0"
"tt0420982","2014-09-17","https://www.kinopoisk.ru/film/84830/","Жмурки (2005)","","2005","9","9","0"
"tt1366687","2014-09-17","https://www.kinopoisk.ru/film/430602/","Любовь в большом городе (2009)","","2009","7","7","0"
"tt1510274","2014-09-17","https://www.kinopoisk.ru/film/451127/","Любовь в большом городе 2 (2010)","","2010","6","6","0"
"tt2739884","2014-09-17","https://www.kinopoisk.ru/film/468136/","Любовь в большом городе 3 (2013)","","2013","6","6","0"
"tt1872181","2014-09-17","https://www.kinopoisk.ru/film/602409/","Новый Человек-паук: Высокое напряжение (2014)","The Amazing Spider‑Man 2","2014","8","8","0"
"tt3767246","2014-09-17","https://www.kinopoisk.ru/film/653695/","Поддубный (2012)","","2012","8","8","0"
"tt1837703","2014-09-17","https://www.kinopoisk.ru/film/607152/","Пятая власть (2013)","The Fifth Estate","2013","7","7","0"
"tt1321511","2014-09-17","https://www.kinopoisk.ru/film/431323/","Олдбой (2013)","Oldboy","2013","9","9","0"
"tt2004420","2014-09-15","https://www.kinopoisk.ru/film/602677/","Соседи. На тропе войны (2014)","Neighbors","2014","5","5","0"
"tt1877832","2014-09-15","https://www.kinopoisk.ru/film/597687/","Люди Икс: Дни минувшего будущего (2014)","X‑Men: Days of Future Past","2014","9","9","0"
"tt1587310","2014-09-14","https://www.kinopoisk.ru/film/496849/","Малефисента (2014)","Maleficent","2014","7","7","0"
"tt1631867","2014-09-14","https://www.kinopoisk.ru/film/505851/","Грань будущего (2014)","Edge of Tomorrow","2014","10","10","0"
"tt1086772","2014-09-14","https://www.kinopoisk.ru/film/760565/","Смешанные (2014)","Blended","2014","3","3","0"
"tt1843866","2014-09-07","https://www.kinopoisk.ru/film/676266/","Первый мститель: Другая война (2014)","Captain America: The Winter Soldier","2014","6","6","0"
"tt0901476","2014-08-28","https://www.kinopoisk.ru/film/272225/","Война невест (2009)","Bride Wars","2009","5","5","0"
"tt1798709","2014-08-28","https://www.kinopoisk.ru/film/577488/","Она (2013)","Her","2013","8","8","0"
"tt1206543","2014-08-26","https://www.kinopoisk.ru/film/462240/","Из пекла (2013)","Out of the Furnace","2013","7","7","0"
"tt0790636","2014-08-26","https://www.kinopoisk.ru/film/260162/","Далласский клуб покупателей (2013)","Dallas Buyers Club","2013","9","9","0"
"tt1549920","2014-08-20","https://www.kinopoisk.ru/film/489439/","Возвращение героя (2013)","The Last Stand","2013","7","7","0"
"tt1430612","2014-08-20","https://www.kinopoisk.ru/film/462667/","13-й район: Кирпичные особняки (2013)","Brick Mansions","2013","2","2","0"
"tt0764271","2014-08-16","https://www.kinopoisk.ru/film/160898/","Последний уик-энд (2005)","","2005","7","7","0"
"tt1538403","2014-08-12","https://www.kinopoisk.ru/film/484391/","Орудия смерти: Город костей (2013)","The Mortal Instruments: City of Bones","2013","5","5","0"
"tt0398913","2014-08-05","https://www.kinopoisk.ru/film/81885/","D.O.A.: Живым или мёртвым (2006)","DOA: Dead or Alive","2006","3","3","0"
"tt2404463","2014-07-31","https://www.kinopoisk.ru/film/682716/","Копы в юбках (2013)","The Heat","2013","7","7","0"
"tt2364841","2014-07-31","https://www.kinopoisk.ru/film/677880/","Va-банк (2013)","Runner Runner","2013","5","5","0"
"tt1535109","2014-07-27","https://www.kinopoisk.ru/film/484438/","Капитан Филлипс (2013)","Captain Phillips","2013","5","5","0"
"tt2856896","2014-07-25","https://www.kinopoisk.ru/film/644706/","22 минуты (2014)","","2014","6","6","0"
"tt1211956","2014-07-25","https://www.kinopoisk.ru/film/463686/","План побега (2013)","Escape Plan","2013","5","5","0"
"tt2209764","2014-07-24","https://www.kinopoisk.ru/film/687670/","Превосходство (2014)","Transcendence","2014","9","9","0"
"tt1636826","2014-07-23","https://www.kinopoisk.ru/film/507440/","Проект X: Дорвались (2012)","Project X","2012","9","9","0"
"tt1800246","2014-07-23","https://www.kinopoisk.ru/film/577529/","Этот неловкий момент (2014)","That Awkward Moment","2014","5","5","0"
"tt1840309","2014-07-23","https://www.kinopoisk.ru/film/582101/","Дивергент (2014)","Divergent","2014","7","7","0"
"tt2369135","2014-07-23","https://www.kinopoisk.ru/film/678975/","Need for Speed: Жажда скорости (2014)","Need for Speed","2014","6","6","0"
"tt1418377","2014-07-23","https://www.kinopoisk.ru/film/461934/","Я, Франкенштейн (2013)","I, Frankenstein","2013","5","5","0"
"tt1714915","2014-07-21","https://www.kinopoisk.ru/film/565819/","Выживут только любовники (2013)","Only Lovers Left Alive","2013","6","6","0"
"tt2463288","2014-07-21","https://www.kinopoisk.ru/film/714408/","Блондинка в эфире (2014)","Walk of Shame","2014","7","7","0"
"tt2382009","2014-07-02","https://www.kinopoisk.ru/film/813476/","Нимфоманка: Часть 2 (2013)","Nymphomaniac: Vol. II","2013","5","5","0"
"tt1937390","2014-07-02","https://www.kinopoisk.ru/film/669260/","Нимфоманка: Часть 1 (2013)","Nymphomaniac: Vol. I","2013","5","5","0"
"tt3148834","2014-07-02","https://www.kinopoisk.ru/film/751952/","Кот Гром и заколдованный дом (2013)","The House of Magic","2013","4","4","0"
"tt1821658","2014-07-02","https://www.kinopoisk.ru/film/579689/","Реальная белка (2013)","The Nut Job","2013","5","5","0"
"tt1899353","2014-06-30","https://www.kinopoisk.ru/film/591792/","Рейд (2011)","Serbuan maut","2011","7","7","0"
"tt0120804","2014-06-30","https://www.kinopoisk.ru/film/801/","Обитель зла (2002)","Resident Evil","2002","7","7","0"
"tt0318627","2014-06-30","https://www.kinopoisk.ru/film/24186/","Обитель зла 2: Апокалипсис (2004)","Resident Evil: Apocalypse","2004","6","6","0"
"tt0432021","2014-06-30","https://www.kinopoisk.ru/film/88172/","Обитель зла 3 (2007)","Resident Evil: Extinction","2007","7","7","0"
"tt2024469","2014-06-29","https://www.kinopoisk.ru/film/606826/","Воздушный маршал (2014)","Non‑Stop","2014","8","8","0"
"tt1490017","2014-06-29","https://www.kinopoisk.ru/film/471644/","ЛЕГО Фильм (2014)","The Lego Movie","2014","9","9","0"
"tt1323045","2014-06-29","https://www.kinopoisk.ru/film/432713/","Замёрзшие (2010)","Frozen","2010","4","4","0"
"tt0443649","2014-06-29","https://www.kinopoisk.ru/film/102611/","10 000 лет до н. э. (2008)","10,000 BC","2008","8","8","0"
"tt1629374","2014-06-29","https://www.kinopoisk.ru/film/549198/","Ронал-варвар (2011)","Ronal Barbaren","2011","6","6","0"
"tt1104123","2014-06-29","https://www.kinopoisk.ru/film/395705/","Царь скорпионов 2: Восхождение воина (2008)","The Scorpion King 2: Rise of a Warrior","2008","3","3","0"
"tt0277296","2014-06-29","https://www.kinopoisk.ru/film/3665/","Царь скорпионов (2002)","The Scorpion King","2002","6","6","0"
"tt1854564","2014-06-29","https://www.kinopoisk.ru/film/581932/","Перси Джексон и Море чудовищ (2013)","Percy Jackson: Sea of Monsters","2013","4","4","0"
"tt0816462","2014-06-29","https://www.kinopoisk.ru/film/261271/","Конан-варвар (2011)","Conan the Barbarian","2011","4","4","0"
"tt0164961","2014-06-28","https://www.kinopoisk.ru/film/872/","Видок (2001)","Vidocq","2001","7","7","0"
"tt1486192","2014-06-28","https://www.kinopoisk.ru/film/470268/","Ворон (2011)","The Raven","2011","7","7","0"
"tt1825157","2014-06-28","https://www.kinopoisk.ru/film/602694/","Двойник (2013)","The Double","2013","8","8","0"
"tt0384806","2014-06-27","https://www.kinopoisk.ru/film/63732/","Ужас Амитивилля (2005)","The Amityville Horror","2005","7","7","0"
"tt0406759","2014-06-25","https://www.kinopoisk.ru/film/81965/","Глаз (2008)","The Eye","2008","6","6","0"
"tt2388715","2014-06-25","https://www.kinopoisk.ru/film/680499/","Окулус (2013)","Oculus","2013","7","7","0"
"tt0268380","2014-06-16","https://www.kinopoisk.ru/film/707/","Ледниковый период (2002)","Ice Age","2002","7","7","0"
"tt0119528","2014-06-08","https://www.kinopoisk.ru/film/1721/","Лжец, лжец (1997)","Liar Liar","1997","8","8","0"
"tt0050083","2014-06-08","https://www.kinopoisk.ru/film/346/","12 разгневанных мужчин (1956)","12 Angry Men","1956","8","8","0"
"tt0102070","2014-06-07","https://www.kinopoisk.ru/film/9105/","Гудзонский ястреб (1991)","Hudson Hawk","1991","7","7","0"
"tt0443536","2014-06-06","https://www.kinopoisk.ru/film/88737/","Правдивая история Красной Шапки (2005)","Hoodwinked!","2005","7","7","0"
"tt1253863","2014-06-06","https://www.kinopoisk.ru/film/418839/","300 спартанцев: Расцвет империи (2013)","300: Rise of an Empire","2013","8","8","0"
"tt0289765","2014-06-05","https://www.kinopoisk.ru/film/798/","Красный Дракон (2002)","Red Dragon","2002","7","7","0"
"tt1735198","2014-06-05","https://www.kinopoisk.ru/film/395049/","Кука (2007)","","2007","8","8","0"
"tt1530509","2014-06-05","https://www.kinopoisk.ru/film/507910/","Человеческая многоножка 2 (2011)","The Human Centipede II (Full Sequence)","2011","1","1","0"
"tt1467304","2014-06-05","https://www.kinopoisk.ru/film/471410/","Человеческая многоножка (2009)","The Human Centipede (First Sequence)","2009","1","1","0"
"tt1234435","2014-06-05","https://www.kinopoisk.ru/film/408403/","Новая Земля (2008)","","2008","9","9","0"
"tt3764164","2014-06-03","https://www.kinopoisk.ru/film/839711/","Сладкая жизнь (сериал, 2014 – 2016)","","2014","8","8","1"
"tt3677366","2014-06-02","https://www.kinopoisk.ru/film/705436/","Скорый «Москва-Россия» (2014)","","2014","6","6","0"
"tt1705952","2014-06-02","https://www.kinopoisk.ru/film/566083/","Тарзан (2013)","Tarzan","2013","6","6","0"
"tt0359950","2014-06-02","https://www.kinopoisk.ru/film/6034/","Невероятная жизнь Уолтера Митти (2013)","The Secret Life of Walter Mitty","2013","9","9","0"
"tt2024544","2014-06-01","https://www.kinopoisk.ru/film/606646/","12 лет рабства (2013)","12 Years a Slave","2013","10","10","0"
"tt1661382","2014-06-01","https://www.kinopoisk.ru/film/543838/","Забойный реванш (2013)","Grudge Match","2013","8","8","0"
"tt0458525","2014-06-01","https://www.kinopoisk.ru/film/104904/","Люди Икс: Начало. Росомаха (2009)","X‑Men Origins: Wolverine","2009","9","9","0"
"tt0120903","2014-06-01","https://www.kinopoisk.ru/film/886/","Люди Икс (2000)","X‑Men","2000","8","8","0"
"tt1921064","2014-06-01","https://www.kinopoisk.ru/film/588839/","Помпеи (2014)","Pompeii","2014","6","6","0"
"tt1663662","2014-06-01","https://www.kinopoisk.ru/film/546915/","Тихоокеанский рубеж (2013)","Pacific Rim","2013","6","6","0"
"tt1170358","2014-05-31","https://www.kinopoisk.ru/film/408876/","Хоббит: Пустошь Смауга (2013)","The Hobbit: The Desolation of Smaug","2013","9","9","0"
"tt1800241","2014-05-27","https://www.kinopoisk.ru/film/635177/","Афера по-американски (2013)","American Hustle","2013","9","9","0"
"tt1815862","2014-05-27","https://www.kinopoisk.ru/film/577285/","После нашей эры (2013)","After Earth","2013","1","1","0"
"tt1250777","2014-05-27","https://www.kinopoisk.ru/film/419200/","Пипец (2010)","Kick‑Ass","2010","10","10","0"
"tt0831387","2014-05-26","https://www.kinopoisk.ru/film/260991/","Годзилла (2014)","Godzilla","2014","8","8","0"
"tt2093100","2014-05-14","https://www.kinopoisk.ru/film/542484/","Дом (2011)","","2011","5","5","0"
"tt3507676","2014-05-14","https://www.kinopoisk.ru/film/763746/","Чемпионы (2014)","","2014","6","6","0"
"tt2194499","2014-05-13","https://www.kinopoisk.ru/film/662596/","Бойфренд из будущего (2013)","About Time","2013","9","9","0"
"tt1234721","2014-05-12","https://www.kinopoisk.ru/film/416183/","РобоКоп (2014)","RoboCop","2014","8","8","0"
"tt1981115","2014-05-03","https://www.kinopoisk.ru/film/595938/","Тор 2: Царство тьмы (2013)","Thor: The Dark World","2013","7","7","0"
"tt1844624","2014-05-03","https://www.kinopoisk.ru/film/589167/","Американская история ужасов (сериал, 2011 – ...)","American Horror Story","2011","9","9","1"
"tt3621288","2014-05-03","https://www.kinopoisk.ru/film/761690/","Легок на помине (2014)","","2014","6","6","0"
"tt3656076","2014-05-03","https://www.kinopoisk.ru/film/789914/","Физрук (сериал, 2014 – 2017)","","2014","10","10","1"
"tt0993846","2014-02-28","https://www.kinopoisk.ru/film/462682/","Волк с Уолл-стрит (2013)","The Wolf of Wall Street","2013","10","10","0"
"tt1826660","2014-02-18","https://www.kinopoisk.ru/film/395372/","Духless (2011)","","2011","10","10","0"
"tt0454921","2014-01-28","https://www.kinopoisk.ru/film/104938/","В погоне за счастьем (2006)","The Pursuit of Happyness","2006","9","9","0"
"tt3386042","2014-01-26","https://www.kinopoisk.ru/film/742027/","Друзья друзей (2013)","","2013","3","3","0"
"tt1475582","2014-01-24","https://www.kinopoisk.ru/film/502838/","Шерлок (сериал, 2010 – 2017)","Sherlock","2010","10","10","1"
"tt2294629","2014-01-24","https://www.kinopoisk.ru/film/493208/","Холодное сердце (2013)","Frozen","2013","7","7","0"
"tt1951264","2014-01-24","https://www.kinopoisk.ru/film/602373/","Голодные игры: И вспыхнет пламя (2013)","The Hunger Games: Catching Fire","2013","10","10","0"
"tt0234215","2014-01-21","https://www.kinopoisk.ru/film/299/","Матрица: Перезагрузка (2003)","The Matrix Reloaded","2003","7","7","0"
"tt0133093","2014-01-21","https://www.kinopoisk.ru/film/301/","Матрица (1999)","The Matrix","1999","9","9","0"
"tt0796366","2014-01-21","https://www.kinopoisk.ru/film/255129/","Звездный путь (2009)","Star Trek","2009","7","7","0"
"tt1408101","2014-01-19","https://www.kinopoisk.ru/film/455165/","Стартрек: Возмездие (2013)","Star Trek Into Darkness","2013","8","8","0"
"tt1756799","2014-01-14","https://www.kinopoisk.ru/film/570076/","Судный день (2011)","The Day","2011","4","4","0"
"tt0384537","2014-01-14","https://www.kinopoisk.ru/film/78871/","Сайлент Хилл (2006)","Silent Hill","2006","6","6","0"
"tt0241527","2014-01-14","https://www.kinopoisk.ru/film/689/","Гарри Поттер и философский камень (2001)","Harry Potter and the Sorcerer's Stone","2001","10","10","0"
"tt0295297","2014-01-14","https://www.kinopoisk.ru/film/688/","Гарри Поттер и Тайная комната (2002)","Harry Potter and the Chamber of Secrets","2002","10","10","0"
"tt0472033","2014-01-13","https://www.kinopoisk.ru/film/180577/","Девять (2009)","9","2009","7","7","0"
"tt0964517","2014-01-13","https://www.kinopoisk.ru/film/279580/","Боец (2010)","The Fighter","2010","10","10","0"
"tt1939659","2014-01-13","https://www.kinopoisk.ru/film/675631/","Телекинез (2013)","Carrie","2013","5","5","0"
"tt0119472","2014-01-12","https://www.kinopoisk.ru/film/32898/","Достучаться до небес (1997)","Knockin' on Heaven's Door","1997","9","9","0"
"tt1979320","2014-01-12","https://www.kinopoisk.ru/film/596125/","Гонка (2013)","Rush","2013","9","9","0"
"tt0144117","2014-01-09","https://www.kinopoisk.ru/film/4917/","Святые из Бундока (1999)","The Boondock Saints","1999","9","9","0"
"tt1423995","2014-01-09","https://www.kinopoisk.ru/film/463567/","Стоун (2010)","Stone","2010","8","8","0"
"tt1520211","2014-01-09","https://www.kinopoisk.ru/film/508161/","Ходячие мертвецы (сериал, 2010 – 2022)","The Walking Dead","2010","9","9","1"
"tt1568338","2014-01-09","https://www.kinopoisk.ru/film/493222/","На грани (2012)","Man on a Ledge","2012","9","9","0"
"tt0433035","2014-01-09","https://www.kinopoisk.ru/film/88198/","Живая сталь (2011)","Real Steel","2011","9","9","0"
"tt1448755","2014-01-09","https://www.kinopoisk.ru/film/467166/","Профессионал (2011)","Killer Elite","2011","8","8","0"
"tt0458339","2014-01-09","https://www.kinopoisk.ru/film/160946/","Первый мститель (2011)","Captain America: The First Avenger","2011","7","7","0"
"tt1855417","2014-01-09","https://www.kinopoisk.ru/film/573661/","Вдребезги (2011)","","2011","4","4","0"
"tt0462538","2014-01-09","https://www.kinopoisk.ru/film/195332/","Симпсоны в кино (2007)","The Simpsons Movie","2007","9","9","0"
"tt0416449","2014-01-09","https://www.kinopoisk.ru/film/81924/","300 спартанцев (2007)","300","2007","9","9","0"
"tt1127180","2014-01-08","https://www.kinopoisk.ru/film/405514/","Затащи меня в Ад (2009)","Drag Me to Hell","2009","1","1","0"
"tt3155604","2014-01-07","https://www.kinopoisk.ru/film/653696/","Географ глобус пропил (2013)","","2013","10","10","0"
"tt1456635","2014-01-07","https://www.kinopoisk.ru/film/468937/","Вышибала (2011)","Goon","2011","7","7","0"
"tt1411250","2014-01-07","https://www.kinopoisk.ru/film/455767/","Риддик (2013)","Riddick","2013","5","5","0"
"tt2106476","2014-01-06","https://www.kinopoisk.ru/film/647671/","Охота (2012)","Jagten","2012","10","10","0"
"tt1245492","2014-01-05","https://www.kinopoisk.ru/film/462514/","Конец света 2013: Апокалипсис по-голливудски (2013)","This Is the End","2013","8","8","0"
"tt1966566","2014-01-05","https://www.kinopoisk.ru/film/468196/","Сталинград (2013)","","2013","5","5","0"
"tt1045658","2014-01-05","https://www.kinopoisk.ru/film/462938/","Мой парень – псих (2012)","Silver Linings Playbook","2012","10","10","0"
"tt1067106","2014-01-05","https://www.kinopoisk.ru/film/391755/","Рождественская история (2009)","A Christmas Carol","2009","7","7","0"
"tt3338268","2014-01-04","https://www.kinopoisk.ru/film/682080/","Тёмный мир: Равновесие (2013)","","2013","5","5","0"
"tt1454468","2014-01-04","https://www.kinopoisk.ru/film/468466/","Гравитация (2013)","Gravity","2013","10","10","0"
"tt1335975","2014-01-04","https://www.kinopoisk.ru/film/461314/","47 ронинов (2013)","47 Ronin","2013","7","7","0"
"tt3121434","2013-12-29","https://www.kinopoisk.ru/film/652659/","Ёлки 3 (2013)","","2013","9","9","0"
"tt2190483","2013-12-21","https://www.kinopoisk.ru/film/645910/","Жить (2011)","","2011","10","10","0"
"","2013-12-21","https://www.kinopoisk.ru/film/668352/","Нюрка (2011)","","2011","9","","0"
"tt1430132","2013-12-20","https://www.kinopoisk.ru/film/462754/","Росомаха: Бессмертный (2013)","The Wolverine","2013","7","7","0"
"tt1746246","2013-12-20","https://www.kinopoisk.ru/film/447653/","Темный мир в 3D (2010)","","2010","9","9","0"
"tt2321449","2013-12-14","https://www.kinopoisk.ru/film/607084/","Няньки (2012)","","2012","4","4","0"
"tt1477014","2013-12-14","https://www.kinopoisk.ru/film/432394/","ЛОпуХИ: Эпизод первый (2009)","","2009","1","1","0"
"tt1837341","2013-12-14","https://www.kinopoisk.ru/film/568082/","Реальные пацаны (сериал, 2010 – 2023)","","2010","8","8","1"
"","2013-12-14","https://www.kinopoisk.ru/film/586204/","Митрич. Russian Depression (мини-сериал, 2010)","","2010","6","","1"
"tt1569465","2013-12-14","https://www.kinopoisk.ru/film/416090/","Наша Russia: Яйца судьбы (2010)","","2010","3","3","0"
"tt0978764","2013-12-14","https://www.kinopoisk.ru/film/429827/","Запрещенный прием (2011)","Sucker Punch","2011","9","9","0"
"tt3194532","2013-12-07","https://www.kinopoisk.ru/film/718558/","Горько! (2013)","","2013","8","8","0"
"tt1450321","2013-12-07","https://www.kinopoisk.ru/film/467293/","Грязь (2013)","Filth","2013","8","8","0"
"tt1392214","2013-11-23","https://www.kinopoisk.ru/film/455194/","Пленницы (2013)","Prisoners","2013","9","9","0"
"tt1670345","2013-11-20","https://www.kinopoisk.ru/film/522892/","Иллюзия обмана (2013)","Now You See Me","2013","8","8","0"
"tt1369706","2013-11-20","https://www.kinopoisk.ru/film/445148/","Палата (2010)","The Ward","2010","4","4","0"
"tt0397101","2013-11-20","https://www.kinopoisk.ru/film/77673/","Ключ от всех дверей (2005)","The Skeleton Key","2005","9","9","0"
"tt0482599","2013-11-20","https://www.kinopoisk.ru/film/221750/","Фантомы (2008)","Shutter","2008","8","8","0"
"tt1576699","2013-11-20","https://www.kinopoisk.ru/film/494058/","Зеркала 2 (2010)","Mirrors 2","2010","5","5","0"
"tt1139668","2013-11-20","https://www.kinopoisk.ru/film/407312/","Нерожденный (2009)","The Unborn","2009","3","3","0"
"tt0790686","2013-11-20","https://www.kinopoisk.ru/film/263447/","Зеркала (2008)","Mirrors","2008","8","8","0"
"tt1457767","2013-11-19","https://www.kinopoisk.ru/film/468994/","Заклятие (2013)","The Conjuring","2013","9","9","0"
"tt1351685","2013-11-16","https://www.kinopoisk.ru/film/462453/","Джек – покоритель великанов (2013)","Jack the Giant Slayer","2013","6","6","0"
"tt0363547","2013-11-12","https://www.kinopoisk.ru/film/36544/","Рассвет мертвецов (2004)","Dawn of the Dead","2004","3","3","0"
"tt1712170","2013-11-12","https://www.kinopoisk.ru/film/566232/","Я, Алекс Кросс (2012)","Alex Cross","2012","6","6","0"
"tt0443274","2013-11-12","https://www.kinopoisk.ru/film/171922/","Точка обстрела (2008)","Vantage Point","2008","8","8","0"
"tt1272878","2013-11-12","https://www.kinopoisk.ru/film/464290/","Два ствола (2013)","2 Guns","2013","10","10","0"
"tt1535108","2013-11-12","https://www.kinopoisk.ru/film/487409/","Элизиум: Рай не на Земле (2013)","Elysium","2013","7","7","0"
"tt2404738","2013-11-12","https://www.kinopoisk.ru/film/707261/","Ведьмы из Сугаррамурди (2013)","Las brujas de Zugarramurdi","2013","7","7","0"
"tt1321870","2013-11-11","https://www.kinopoisk.ru/film/468564/","Охотники на гангстеров (2013)","Gangster Squad","2013","6","6","0"
"tt0446029","2013-11-11","https://www.kinopoisk.ru/film/105948/","Скотт Пилигрим против всех (2010)","Scott Pilgrim vs. the World","2010","4","4","0"
"tt0800369","2013-11-11","https://www.kinopoisk.ru/film/258941/","Тор (2011)","Thor","2011","9","9","0"
"tt0970452","2013-11-11","https://www.kinopoisk.ru/film/279791/","Соломон Кейн (2009)","Solomon Kane","2009","4","4","0"
"tt0471041","2013-11-11","https://www.kinopoisk.ru/film/276600/","Турнир на выживание (2009)","The Tournament","2009","3","3","0"
"tt1243957","2013-11-11","https://www.kinopoisk.ru/film/428715/","Турист (2010)","The Tourist","2010","8","8","0"
"tt1723121","2013-11-09","https://www.kinopoisk.ru/film/582170/","Мы — Миллеры (2013)","We're the Millers","2013","7","7","0"
"tt2112281","2013-11-02","https://www.kinopoisk.ru/film/648419/","Рапунцель: Счастлива навсегда (2012)","Tangled Ever After","2012","7","7","0"
"tt0398286","2013-11-02","https://www.kinopoisk.ru/film/84049/","Рапунцель: Запутанная история (2010)","Tangled","2010","7","7","0"
"tt0339291","2013-11-02","https://www.kinopoisk.ru/film/6035/","Лемони Сникет: 33 несчастья (2004)","A Series of Unfortunate Events","2004","6","6","0"
"tt0449010","2013-11-02","https://www.kinopoisk.ru/film/103644/","Эрагон (2006)","Eragon","2006","3","3","0"
"tt0765010","2013-11-01","https://www.kinopoisk.ru/film/253761/","Братья (2009)","Brothers","2009","9","9","0"
"tt0425210","2013-11-01","https://www.kinopoisk.ru/film/86326/","Счастливое число Слевина (2005)","Lucky Number Slevin","2005","8","8","0"
"tt1135084","2013-11-01","https://www.kinopoisk.ru/film/420986/","Мальчики-налетчики (2010)","Takers","2010","3","3","0"
"tt1893256","2013-11-01","https://www.kinopoisk.ru/film/607288/","Эффект колибри (2012)","Hummingbird","2012","6","6","0"
"tt0453556","2013-11-01","https://www.kinopoisk.ru/film/103224/","Черепашки-ниндзя (2007)","TMNT","2007","6","6","0"
"tt0795351","2013-11-01","https://www.kinopoisk.ru/film/255576/","Дело №39 (2007)","Case 39","2007","8","8","0"
"tt1372747","2013-11-01","https://www.kinopoisk.ru/film/416132/","Юленька (2008)","","2008","1","1","0"
"tt0466909","2013-11-01","https://www.kinopoisk.ru/film/103787/","Омен (2006)","The Omen","2006","10","10","0"
"tt0100403","2013-11-01","https://www.kinopoisk.ru/film/2230/","Хищник 2 (1990)","Predator 2","1990","4","4","0"
"tt0093773","2013-11-01","https://www.kinopoisk.ru/film/6303/","Хищник (1987)","Predator","1987","8","8","0"
"tt0905372","2013-11-01","https://www.kinopoisk.ru/film/399977/","Нечто (2011)","The Thing","2011","5","5","0"
"tt0999913","2013-11-01","https://www.kinopoisk.ru/film/426001/","Соломенные псы (2011)","Straw Dogs","2011","4","4","0"
"tt0420294","2013-11-01","https://www.kinopoisk.ru/film/81697/","Техасская резня бензопилой: Начало (2006)","The Texas Chainsaw Massacre: The Beginning","2006","4","4","0"
"tt0324216","2013-11-01","https://www.kinopoisk.ru/film/8094/","Техасская резня бензопилой (2003)","The Texas Chainsaw Massacre","2003","7","7","0"
"tt0397065","2013-11-01","https://www.kinopoisk.ru/film/64212/","Дом восковых фигур (2005)","House of Wax","2005","1","1","0"
"tt0435625","2013-11-01","https://www.kinopoisk.ru/film/103412/","Спуск (2005)","The Descent","2005","3","3","0"
"tt0120399","2013-11-01","https://www.kinopoisk.ru/film/3958/","Поворот (1997)","U Turn","1997","7","7","0"
"tt0800069","2013-11-01","https://www.kinopoisk.ru/film/257413/","У холмов есть глаза 2 (2007)","The Hills Have Eyes II","2007","1","1","0"
"tt0454841","2013-11-01","https://www.kinopoisk.ru/film/160931/","У холмов есть глаза (2006)","The Hills Have Eyes","2006","1","1","0"
"tt0295700","2013-11-01","https://www.kinopoisk.ru/film/4901/","Поворот не туда (2003)","Wrong Turn","2003","5","5","0"
"tt1234541","2013-11-01","https://www.kinopoisk.ru/film/416537/","Эффект бабочки 3 (2008)","The Butterfly Effect 3: Revelations","2008","7","7","0"
"tt1119191","2013-11-01","https://www.kinopoisk.ru/film/397689/","Комната смерти (2008)","The Killing Room","2008","7","7","0"
"tt0133751","2013-11-01","https://www.kinopoisk.ru/film/3547/","Факультет (1998)","The Faculty","1998","5","5","0"
"tt1189073","2013-11-01","https://www.kinopoisk.ru/film/462737/","Кожа, в которой я живу (2011)","La piel que habito","2011","3","3","0"
"tt0438488","2013-10-31","https://www.kinopoisk.ru/film/160932/","Терминатор: Да придёт спаситель (2009)","Terminator Salvation","2009","9","9","0"
"tt0181852","2013-10-31","https://www.kinopoisk.ru/film/319/","Терминатор 3: Восстание машин (2003)","Terminator 3: Rise of the Machines","2003","9","9","0"
"tt0103064","2013-10-31","https://www.kinopoisk.ru/film/444/","Терминатор 2: Судный день (1991)","Terminator 2: Judgment Day","1991","9","9","0"
"tt0088247","2013-10-31","https://www.kinopoisk.ru/film/507/","Терминатор (1984)","The Terminator","1984","8","8","0"
"tt0450385","2013-10-31","https://www.kinopoisk.ru/film/195563/","1408 (2007)","1408","2007","10","10","0"
"tt0884328","2013-10-31","https://www.kinopoisk.ru/film/273302/","Мгла (2007)","The Mist","2007","7","7","0"
"tt1690953","2013-10-30","https://www.kinopoisk.ru/film/550910/","Гадкий я 2 (2013)","Despicable Me 2","2013","8","8","0"
"tt1193631","2013-10-30","https://www.kinopoisk.ru/film/409185/","Шаг вперед 3D (2010)","Step Up 3D","2010","7","7","0"
"tt1800741","2013-10-30","https://www.kinopoisk.ru/film/576451/","Шаг вперед 4 (2012)","Step Up Revolution","2012","4","4","0"
"tt1796657","2013-10-30","https://www.kinopoisk.ru/film/432650/","Три богатыря и Шамаханская царица (2010)","","2010","7","7","0"
"tt1446714","2013-10-30","https://www.kinopoisk.ru/film/467099/","Прометей (2012)","Prometheus","2012","9","9","0"
"tt0211915","2013-10-30","https://www.kinopoisk.ru/film/341/","Амели (2001)","Le Fabuleux destin d'Amélie Poulain","2001","6","6","0"
"tt0379786","2013-10-30","https://www.kinopoisk.ru/film/61455/","Миссия «Серенити» (2005)","Serenity","2005","6","6","0"
"tt1235124","2013-10-30","https://www.kinopoisk.ru/film/415663/","Дориан Грей (2009)","Dorian Gray","2009","5","5","0"
"tt0455960","2013-10-30","https://www.kinopoisk.ru/film/106228/","Попутчик (2007)","The Hitcher","2007","7","7","0"
"tt1489253","2013-10-30","https://www.kinopoisk.ru/film/413490/","Фобос. Клуб страха (2010)","","2010","1","1","0"
"tt1796603","2013-10-30","https://www.kinopoisk.ru/film/468189/","Самый лучший фильм 3-ДЭ (2011)","","2011","5","5","0"
"tt1179067","2013-10-30","https://www.kinopoisk.ru/film/277385/","Самый лучший фильм (2007)","","2007","5","5","0"
"tt1333125","2013-10-30","https://www.kinopoisk.ru/film/432725/","Муви 43 (2013)","Movie 43","2013","5","5","0"
"tt0770828","2013-10-29","https://www.kinopoisk.ru/film/252667/","Человек из стали (2013)","Man of Steel","2013","8","8","0"
"tt0455824","2013-10-29","https://www.kinopoisk.ru/film/198009/","Австралия (2008)","Australia","2008","7","7","0"
"tt0380510","2013-10-29","https://www.kinopoisk.ru/film/51319/","Милые кости (2009)","The Lovely Bones","2009","7","7","0"
"tt1371111","2013-10-29","https://www.kinopoisk.ru/film/464484/","Облачный атлас (2012)","Cloud Atlas","2012","9","9","0"
"tt0882977","2013-10-28","https://www.kinopoisk.ru/film/586297/","Стукач (2012)","Snitch","2012","8","8","0"
"tt1049413","2013-10-28","https://www.kinopoisk.ru/film/325381/","Вверх (2009)","Up","2009","9","9","0"
"tt0298130","2013-10-28","https://www.kinopoisk.ru/film/804/","Звонок (2002)","The Ring","2002","8","8","0"
"tt1860353","2013-10-28","https://www.kinopoisk.ru/film/581651/","Турбо (2013)","Turbo","2013","1","1","0"
"tt2345567","2013-10-28","https://www.kinopoisk.ru/film/676823/","Лимб (2013)","Haunter","2013","8","8","0"
"tt0494238","2013-10-18","https://www.kinopoisk.ru/film/261097/","Чернильное сердце (2007)","Inkheart","2007","7","7","0"
"tt1650554","2013-10-18","https://www.kinopoisk.ru/film/520648/","Пипец 2 (2013)","Kick‑Ass 2","2013","6","6","0"
"tt2357129","2013-10-17","https://www.kinopoisk.ru/film/677798/","Джобс: Империя соблазна (2013)","Jobs","2013","7","7","0"
"tt0403783","2013-10-17","https://www.kinopoisk.ru/film/79429/","Мастер и Маргарита (мини-сериал, 2005)","","2005","8","8","1"
"tt1647423","2013-10-17","https://www.kinopoisk.ru/film/501998/","Интерны (сериал, 2010 – 2016)","","2010","8","8","1"
"tt0207275","2013-10-17","https://www.kinopoisk.ru/film/77217/","Десятое королевство (сериал, 1999)","The 10th Kingdom","1999","8","8","1"
"tt0096697","2013-10-17","https://www.kinopoisk.ru/film/77164/","Симпсоны (сериал, 1989 – ...)","The Simpsons","1989","7","7","1"
"tt1048097","2013-10-17","https://www.kinopoisk.ru/film/378244/","Ликвидация (сериал, 2007)","","2007","7","7","1"
"tt0337898","2013-10-17","https://www.kinopoisk.ru/film/77039/","Бригада (сериал, 2002)","","2002","9","9","1"
"tt1620549","2013-10-17","https://www.kinopoisk.ru/film/451258/","На игре 2. Новый уровень (2010)","","2010","7","7","0"
"tt1532382","2013-10-17","https://www.kinopoisk.ru/film/424516/","На игре (2009)","","2009","8","8","0"
"tt4216630","2013-10-17","https://www.kinopoisk.ru/film/571334/","Геймеры (сериал, 2012)","","2012","3","3","1"
"tt1374992","2013-10-17","https://www.kinopoisk.ru/film/481086/","Параллельные миры (2011)","Upside Down","2011","7","7","0"
"tt1022603","2013-10-16","https://www.kinopoisk.ru/film/409372/","500 дней лета (2009)","(500) Days of Summer","2009","10","10","0"
"tt1343092","2013-10-16","https://www.kinopoisk.ru/film/463724/","Великий Гэтсби (2013)","The Great Gatsby","2013","7","7","0"
"tt0093058","2013-10-15","https://www.kinopoisk.ru/film/418/","Цельнометаллическая оболочка (1987)","Full Metal Jacket","1987","8","8","0"
"tt0180093","2013-10-15","https://www.kinopoisk.ru/film/367/","Реквием по мечте (2000)","Requiem for a Dream","2000","7","7","0"
"tt1087832","2013-10-15","https://www.kinopoisk.ru/film/257772/","Код апокалипсиса (2007)","","2007","4","4","0"
"tt2643308","2013-10-14","https://www.kinopoisk.ru/film/705162/","Околофутбола (2013)","","2013","9","9","0"
"tt1988781","2013-10-07","https://www.kinopoisk.ru/film/602707/","Семь футов (2012)","Se7en Below","2012","1","1","0"
"tt1486185","2013-10-06","https://www.kinopoisk.ru/film/470179/","Красная Шапочка (2011)","Red Riding Hood","2011","7","7","0"
"tt1210819","2013-10-06","https://www.kinopoisk.ru/film/461981/","Одинокий рейнджер (2013)","The Lone Ranger","2013","8","8","0"
"tt1614989","2013-10-06","https://www.kinopoisk.ru/film/526812/","Охотники за головами (2011)","Hodejegerne","2011","10","10","0"
"tt1951261","2013-10-04","https://www.kinopoisk.ru/film/600847/","Мальчишник: Часть III (2013)","The Hangover Part III","2013","6","6","0"
"tt0816711","2013-10-03","https://www.kinopoisk.ru/film/261636/","Война миров Z (2013)","World War Z","2013","10","10","0"
"tt0095953","2013-10-01","https://www.kinopoisk.ru/film/519/","Человек дождя (1988)","Rain Man","1988","9","9","0"
"tt1077258","2013-09-30","https://www.kinopoisk.ru/film/273063/","Планета страха (2007)","Planet Terror","2007","1","1","0"
"tt0120591","2013-09-30","https://www.kinopoisk.ru/film/2941/","Армагеддон (1998)","Armageddon","1998","9","9","0"
"tt1403981","2013-09-18","https://www.kinopoisk.ru/film/461782/","Помни меня (2010)","Remember Me","2010","8","8","0"
"tt0848537","2013-09-11","https://www.kinopoisk.ru/film/463868/","Эпик (2013)","Epic","2013","7","7","0"
"tt1583421","2013-09-11","https://www.kinopoisk.ru/film/494839/","G.I. Joe: Бросок кобры 2 (2013)","G.I. Joe: Retaliation","2013","6","6","0"
"tt0167404","2013-09-10","https://www.kinopoisk.ru/film/395/","Шестое чувство (1999)","The Sixth Sense","1999","8","8","0"
"tt0983193","2013-09-10","https://www.kinopoisk.ru/film/406186/","Приключения Тинтина: Тайна единорога (2011)","The Adventures of Tintin","2011","9","9","0"
"tt1623288","2013-09-10","https://www.kinopoisk.ru/film/535390/","Паранорман, или Как приручить зомби (2012)","ParaNorman","2012","5","5","0"
"tt1946347","2013-09-08","https://www.kinopoisk.ru/film/597580/","Гладиаторы Рима (2012)","Gladiatori di Roma","2012","3","3","0"
"tt0121164","2013-09-08","https://www.kinopoisk.ru/film/77548/","Труп невесты (2005)","Corpse Bride","2005","8","8","0"
"tt1980209","2013-09-07","https://www.kinopoisk.ru/film/596227/","Кровью и потом: Анаболики (2013)","Pain & Gain","2013","3","3","0"
"tt1899142","2013-09-07","https://www.kinopoisk.ru/film/624231/","На полной скорости (2013)","Combustión","2013","7","7","0"
"tt0790736","2013-09-07","https://www.kinopoisk.ru/film/462454/","Призрачный патруль (2013)","R.I.P.D.","2013","8","8","0"
"tt0120689","2013-09-06","https://www.kinopoisk.ru/film/435/","Зеленая миля (1999)","The Green Mile","1999","10","10","0"
"tt0407304","2013-09-06","https://www.kinopoisk.ru/film/81289/","Война миров (2005)","War of the Worlds","2005","6","6","0"
"tt0463854","2013-09-06","https://www.kinopoisk.ru/film/197615/","28 недель спустя (2007)","28 Weeks Later","2007","6","6","0"
"tt1020530","2013-09-06","https://www.kinopoisk.ru/film/373158/","Райское озеро (2008)","Eden Lake","2008","8","8","0"
"tt2105044","2013-09-06","https://www.kinopoisk.ru/film/647201/","З/Л/О (2012)","V/H/S","2012","4","4","0"
"tt0116136","2013-09-06","https://www.kinopoisk.ru/film/6508/","Сердце дракона (1996)","Dragonheart","1996","8","8","0"
"tt1300854","2013-09-06","https://www.kinopoisk.ru/film/462762/","Железный человек 3 (2013)","Iron Man Three","2013","9","9","0"
"tt0835007","2013-09-05","https://www.kinopoisk.ru/film/260901/","Диверсант 2: Конец войны (сериал, 2007)","","2007","7","7","1"
"tt0439358","2013-09-05","https://www.kinopoisk.ru/film/89607/","Диверсант (мини-сериал, 2004)","","2004","7","7","1"
"tt0284595","2013-09-05","https://www.kinopoisk.ru/film/41381/","В августе 44-го (2001)","","2001","8","8","0"
"tt1185446","2013-09-05","https://www.kinopoisk.ru/film/405627/","Апостол (сериал, 2008)","","2008","8","8","1"
"tt0312004","2013-09-04","https://www.kinopoisk.ru/film/22399/","Уоллес и Громит: Проклятие кролика-оборотня (2005)","The Curse of the Were‑Rabbit","2005","3","3","0"
"tt0361089","2013-09-04","https://www.kinopoisk.ru/film/61425/","Вэлиант: Пернатый спецназ (2005)","Valiant","2005","6","6","0"
"tt0424095","2013-09-04","https://www.kinopoisk.ru/film/83792/","Смывайся (2006)","Flushed Away","2006","9","9","0"
"tt0120630","2013-09-04","https://www.kinopoisk.ru/film/635/","Побег из курятника (2000)","Chicken Run","2000","3","3","0"
"tt0096320","2013-09-04","https://www.kinopoisk.ru/film/4456/","Близнецы (1988)","Twins","1988","6","6","0"
"tt0119094","2013-09-04","https://www.kinopoisk.ru/film/4606/","Без лица (1997)","Face/Off","1997","8","8","0"
"tt0227538","2013-09-04","https://www.kinopoisk.ru/film/841/","Дети шпионов (2001)","Spy Kids","2001","6","6","0"
"tt0101272","2013-09-04","https://www.kinopoisk.ru/film/5293/","Семейка Аддамс (1991)","The Addams Family","1991","6","6","0"
"tt0120891","2013-09-04","https://www.kinopoisk.ru/film/2762/","Дикий, дикий Запад (1999)","Wild Wild West","1999","7","7","0"
"tt0427327","2013-09-04","https://www.kinopoisk.ru/film/87710/","Лак для волос (2007)","Hairspray","2007","3","3","0"
"tt0463985","2013-09-04","https://www.kinopoisk.ru/film/106079/","Тройной форсаж: Токийский дрифт (2006)","The Fast and the Furious: Tokyo Drift","2006","8","8","0"
"tt0358082","2013-09-04","https://www.kinopoisk.ru/film/40666/","Роботы (2005)","Robots","2005","9","9","0"
"tt0110475","2013-09-04","https://www.kinopoisk.ru/film/6039/","Маска (1994)","The Mask","1994","6","6","0"
"tt0338526","2013-09-04","https://www.kinopoisk.ru/film/3491/","Ван Хельсинг (2004)","Van Helsing","2004","6","6","0"
"tt0322259","2013-09-04","https://www.kinopoisk.ru/film/323/","Двойной форсаж (2003)","2 Fast 2 Furious","2003","5","5","0"
"tt0094898","2013-09-04","https://www.kinopoisk.ru/film/5281/","Поездка в Америку (1988)","Coming to America","1988","5","5","0"
"tt0100758","2013-09-04","https://www.kinopoisk.ru/film/8137/","Черепашки-ниндзя (1990)","Teenage Mutant Ninja Turtles","1990","8","8","0"
"tt0120685","2013-09-04","https://www.kinopoisk.ru/film/4012/","Годзилла (1998)","Godzilla","1998","7","7","0"
"tt0120812","2013-09-04","https://www.kinopoisk.ru/film/6345/","Час пик (1998)","Rush Hour","1998","5","5","0"
"tt0118998","2013-09-04","https://www.kinopoisk.ru/film/1961/","Доктор Дулиттл (1998)","Doctor Dolittle","1998","4","4","0"
"tt1046173","2013-09-04","https://www.kinopoisk.ru/film/397496/","Бросок кобры (2009)","G.I. Joe: The Rise of Cobra","2009","5","5","0"
"tt0087363","2013-09-04","https://www.kinopoisk.ru/film/7114/","Гремлины (1984)","Gremlins","1984","4","4","0"
"tt0267913","2013-09-04","https://www.kinopoisk.ru/film/5091/","Скуби-Ду (2002)","Scooby‑Doo","2002","4","4","0"
"tt0327084","2013-09-04","https://www.kinopoisk.ru/film/6036/","Лесная братва (2006)","Over the Hedge","2006","5","5","0"
"tt1302011","2013-09-04","https://www.kinopoisk.ru/film/427878/","Кунг-фу Панда 2 (2011)","Kung Fu Panda 2","2011","7","7","0"
"tt0120855","2013-09-04","https://www.kinopoisk.ru/film/2260/","Тарзан (1999)","Tarzan","1999","6","6","0"
"tt0368891","2013-09-04","https://www.kinopoisk.ru/film/61333/","Сокровище нации (2004)","National Treasure","2004","6","6","0"
"tt0479952","2013-09-04","https://www.kinopoisk.ru/film/161066/","Мадагаскар 2 (2008)","Madagascar: Escape 2 Africa","2008","5","5","0"
"tt0163025","2013-09-04","https://www.kinopoisk.ru/film/2982/","Парк Юрского периода 3 (2001)","Jurassic Park III","2001","6","6","0"
"tt0338348","2013-09-04","https://www.kinopoisk.ru/film/3755/","Полярный экспресс (2004)","The Polar Express","2004","6","6","0"
"tt0120912","2013-09-04","https://www.kinopoisk.ru/film/6379/","Люди в чёрном 2 (2002)","Men in Black II","2002","5","5","0"
"tt0366548","2013-09-04","https://www.kinopoisk.ru/film/61359/","Делай ноги (2006)","Happy Feet","2006","9","9","0"
"tt0213149","2013-09-04","https://www.kinopoisk.ru/film/1957/","Перл-Харбор (2001)","Pearl Harbor","2001","9","9","0"
"tt0952640","2013-09-04","https://www.kinopoisk.ru/film/278361/","Элвин и бурундуки (2007)","Alvin and the Chipmunks","2007","8","8","0"
"tt0101414","2013-09-04","https://www.kinopoisk.ru/film/540/","Красавица и чудовище (1991)","Beauty and the Beast","1991","7","7","0"
"tt1725156","2013-09-04","https://www.kinopoisk.ru/film/570085/","Шрэк: Хэллоуин (2010)","Scared Shrekless","2010","6","6","0"
"tt0119654","2013-09-04","https://www.kinopoisk.ru/film/1091/","Люди в чёрном (1997)","Men in Black","1997","5","5","0"
"tt0477347","2013-09-04","https://www.kinopoisk.ru/film/178580/","Ночь в музее (2006)","Night at the Museum","2006","6","6","0"
"tt0170016","2013-09-04","https://www.kinopoisk.ru/film/5056/","Гринч – похититель Рождества (2000)","How the Grinch Stole Christmas","2000","3","3","0"
"tt0107290","2013-09-04","https://www.kinopoisk.ru/film/7121/","Парк Юрского периода (1993)","Jurassic Park","1993","7","7","0"
"tt0298148","2013-09-04","https://www.kinopoisk.ru/film/5273/","Шрэк 2 (2004)","Shrek 2","2004","8","8","0"
"tt0119567","2013-09-04","https://www.kinopoisk.ru/film/1060/","Парк Юрского периода 2: Затерянный мир (1997)","The Lost World: Jurassic Park","1997","6","6","0"
"tt0438097","2013-09-04","https://www.kinopoisk.ru/film/86204/","Ледниковый период 2: Глобальное потепление (2006)","Ice Age: The Meltdown","2006","7","7","0"
"tt0486576","2013-09-04","https://www.kinopoisk.ru/film/178557/","Фантастическая четверка: Вторжение Серебряного серфера (2007)","4: Rise of the Silver Surfer","2007","4","4","0"
"tt0319262","2013-09-04","https://www.kinopoisk.ru/film/2053/","Послезавтра (2004)","The Day After Tomorrow","2004","8","8","0"
"tt0286716","2013-09-04","https://www.kinopoisk.ru/film/7962/","Халк (2003)","Hulk","2003","6","6","0"
"tt0413267","2013-09-04","https://www.kinopoisk.ru/film/84020/","Шрэк Третий (2007)","Shrek the Third","2007","7","7","0"
"tt0415481","2013-09-04","https://www.kinopoisk.ru/film/81041/","Алеша Попович и Тугарин Змей (2004)","","2004","8","8","0"
"tt0133240","2013-09-04","https://www.kinopoisk.ru/film/864/","Планета сокровищ (2002)","Treasure Planet","2002","8","8","0"
"tt0266543","2013-09-04","https://www.kinopoisk.ru/film/7908/","В поисках Немо (2003)","Finding Nemo","2003","9","9","0"
"tt0351283","2013-09-04","https://www.kinopoisk.ru/film/6006/","Мадагаскар (2005)","Madagascar","2005","8","8","0"
"tt0120762","2013-09-04","https://www.kinopoisk.ru/film/5277/","Мулан (1998)","Mulan","1998","8","8","0"
"tt0448011","2013-09-04","https://www.kinopoisk.ru/film/102510/","Знамение (2009)","Knowing","2009","7","7","0"
"tt1034032","2013-09-04","https://www.kinopoisk.ru/film/325393/","Геймер (2009)","Gamer","2009","6","6","0"
"tt1080016","2013-09-04","https://www.kinopoisk.ru/film/392930/","Ледниковый период 3: Эра динозавров (2009)","Ice Age: Dawn of the Dinosaurs","2009","6","6","0"
"tt1220634","2013-09-04","https://www.kinopoisk.ru/film/409208/","Обитель зла 4: Жизнь после смерти 3D (2010)","Resident Evil: Afterlife","2010","4","4","0"
"tt1217613","2013-09-04","https://www.kinopoisk.ru/film/427542/","Инопланетное вторжение: Битва за Лос-Анджелес (2011)","Battle: Los Angeles","2011","6","6","0"
"tt0822847","2013-09-04","https://www.kinopoisk.ru/film/258759/","Пастырь (2011)","Priest","2011","7","7","0"
"tt1217209","2013-09-04","https://www.kinopoisk.ru/film/409118/","Храбрая сердцем (2012)","Brave","2012","8","8","0"
"tt1667889","2013-09-04","https://www.kinopoisk.ru/film/522180/","Ледниковый период 4: Континентальный дрейф (2012)","Ice Age: Continental Drift","2012","6","6","0"
"tt1596365","2013-09-04","https://www.kinopoisk.ru/film/498707/","Женщина в черном (2012)","The Woman in Black","2012","9","9","0"
"tt1645170","2013-09-04","https://www.kinopoisk.ru/film/518040/","Диктатор (2012)","The Dictator","2012","6","6","0"
"tt1259521","2013-09-04","https://www.kinopoisk.ru/film/419209/","Хижина в лесу (2011)","The Cabin in the Woods","2011","7","7","0"
"tt1232829","2013-09-04","https://www.kinopoisk.ru/film/413080/","Мачо и ботан (2012)","21 Jump Street","2012","5","5","0"
"tt1440129","2013-09-04","https://www.kinopoisk.ru/film/466844/","Морской бой (2012)","Battleship","2012","8","8","0"
"tt1409024","2013-09-04","https://www.kinopoisk.ru/film/455773/","Люди в чёрном 3 (2012)","Men in Black³","2012","7","7","0"
"tt1673434","2013-09-04","https://www.kinopoisk.ru/film/527662/","Сумерки. Сага. Рассвет: Часть 2 (2012)","The Twilight Saga: Breaking Dawn – Part 2","2012","7","7","0"
"tt2243973","2013-09-04","https://www.kinopoisk.ru/film/682468/","Ганнибал (сериал, 2013 – 2015)","Hannibal","2013","10","10","1"
"tt0108778","2013-09-04","https://www.kinopoisk.ru/film/77044/","Друзья (сериал, 1994 – 2004)","Friends","1994","7","7","1"
"tt0119715","2013-09-04","https://www.kinopoisk.ru/film/6898/","Мышиная охота (1997)","Mouse Hunt","1997","9","9","0"
"tt0910970","2013-09-04","https://www.kinopoisk.ru/film/279102/","ВАЛЛ·И (2008)","WALL·E","2008","7","7","0"
"tt0317219","2013-09-04","https://www.kinopoisk.ru/film/61249/","Тачки (2006)","Cars","2006","8","8","0"
"tt0317705","2013-09-04","https://www.kinopoisk.ru/film/38903/","Суперсемейка (2004)","The Incredibles","2004","7","7","0"
"tt0198781","2013-09-04","https://www.kinopoisk.ru/film/458/","Корпорация монстров (2001)","Monsters, Inc.","2001","8","8","0"
"tt1772341","2013-09-04","https://www.kinopoisk.ru/film/586260/","Ральф (2012)","Wreck‑It Ralph","2012","8","8","0"
"tt1288558","2013-09-01","https://www.kinopoisk.ru/film/428707/","Зловещие мертвецы: Черная книга (2013)","Evil Dead","2013","10","10","0"
"tt0385880","2013-09-01","https://www.kinopoisk.ru/film/77601/","Дом-монстр (2006)","Monster House","2006","10","10","0"
"tt0892769","2013-08-28","https://www.kinopoisk.ru/film/280172/","Как приручить дракона (2010)","How to Train Your Dragon","2010","9","9","0"
"tt1446192","2013-08-28","https://www.kinopoisk.ru/film/466581/","Хранители снов (2012)","Rise of the Guardians","2012","9","9","0"
"tt1483013","2013-08-16","https://www.kinopoisk.ru/film/470185/","Обливион (2013)","Oblivion","2013","9","9","0"
"","2013-08-16","https://www.kinopoisk.ru/film/198116/","Семейка Крудс (2013)","The Croods","2013","9","","0"
"tt1071358","2013-08-02","https://www.kinopoisk.ru/film/397493/","Еще одна история о Золушке (2008)","Another Cinderella Story","2008","6","6","0"
"tt0365686","2013-08-02","https://www.kinopoisk.ru/film/18973/","Револьвер (2005)","Revolver","2005","6","6","0"
"tt0367959","2013-08-02","https://www.kinopoisk.ru/film/50948/","Ганнибал: Восхождение (2006)","Hannibal Rising","2006","8","8","0"
"tt0385700","2013-07-28","https://www.kinopoisk.ru/film/84987/","Последняя фантазия VII: Дети пришествия (2005)","Fainaru fantajî sebun adobento chirudoren","2005","9","9","0"
"tt1334585","2013-07-27","https://www.kinopoisk.ru/film/433709/","БЕРН·И (2008)","BURN·E","2008","9","9","0"
"tt1245104","2013-07-27","https://www.kinopoisk.ru/film/416841/","Престо (2008)","Presto","2008","8","8","0"
"tt0479113","2013-07-27","https://www.kinopoisk.ru/film/161160/","Человек-оркестр (2005)","One Man Band","2005","10","10","0"
"tt1425244","2013-07-27","https://www.kinopoisk.ru/film/462582/","Облачно с прояснениями (2009)","Partly Cloudy","2009","10","10","0"
"tt0216434","2013-07-27","https://www.kinopoisk.ru/film/45319/","Жил-был пёс (1982)","","1982","9","9","0"
"tt0110912","2013-07-27","https://www.kinopoisk.ru/film/342/","Криминальное чтиво (1994)","Pulp Fiction","1994","10","10","0"
"tt0360717","2013-07-26","https://www.kinopoisk.ru/film/5908/","Кинг Конг (2005)","King Kong","2005","8","8","0"
"tt1032755","2013-07-26","https://www.kinopoisk.ru/film/378140/","Рок-н-рольщик (2008)","RocknRolla","2008","10","10","0"
"tt0887883","2013-07-26","https://www.kinopoisk.ru/film/309423/","После прочтения сжечь (2008)","Burn After Reading","2008","8","8","0"
"tt0212985","2013-07-26","https://www.kinopoisk.ru/film/686/","Ганнибал (2001)","Hannibal","2001","7","7","0"
"tt0457430","2013-07-25","https://www.kinopoisk.ru/film/103733/","Лабиринт Фавна (2006)","El laberinto del fauno","2006","3","3","0"
"tt0102926","2013-07-25","https://www.kinopoisk.ru/film/345/","Молчание ягнят (1990)","The Silence of the Lambs","1990","9","9","0"
"tt1582507","2013-07-24","https://www.kinopoisk.ru/film/496826/","Дом в конце улицы (2011)","House at the End of the Street","2011","7","7","0"
"tt1907668","2013-07-24","https://www.kinopoisk.ru/film/592203/","Экипаж (2012)","Flight","2012","9","9","0"
"tt1179069","2013-07-23","https://www.kinopoisk.ru/film/403783/","Убежище (2010)","6 Souls","2010","10","10","0"
"tt1588173","2013-07-22","https://www.kinopoisk.ru/film/497077/","Тепло наших тел (2013)","Warm Bodies","2013","9","9","0"
"tt1924429","2013-07-22","https://www.kinopoisk.ru/film/586399/","Транс (2013)","Trance","2013","9","9","0"
"tt0362478","2013-07-21","https://www.kinopoisk.ru/film/1762/","Посылка (2009)","The Box","2009","1","1","0"
"tt1509767","2013-07-21","https://www.kinopoisk.ru/film/474752/","Мушкетёры (2011)","The Three Musketeers","2011","2","2","0"
"tt0990407","2013-07-21","https://www.kinopoisk.ru/film/290751/","Зелёный Шершень (2011)","The Green Hornet","2011","6","6","0"
"tt0453467","2013-07-20","https://www.kinopoisk.ru/film/102328/","Дежавю (2006)","Deja Vu","2006","8","8","0"
"tt1111422","2013-07-20","https://www.kinopoisk.ru/film/400582/","Опасные пассажиры поезда 123 (2009)","The Taking of Pelham 123","2009","8","8","0"
"tt0477080","2013-07-20","https://www.kinopoisk.ru/film/195460/","Неуправляемый (2010)","Unstoppable","2010","8","8","0"
"tt0361748","2013-07-19","https://www.kinopoisk.ru/film/9691/","Бесславные ублюдки (2009)","Inglourious Basterds","2009","9","9","0"
"tt1937264","2013-07-18","https://www.kinopoisk.ru/film/594778/","Сейчас самое время (2012)","Now Is Good","2012","10","10","0"
"tt0117951","2013-07-15","https://www.kinopoisk.ru/film/515/","На игле (1995)","Trainspotting","1995","7","7","0"
"tt0295701","2013-07-15","https://www.kinopoisk.ru/film/6032/","Три икса (2002)","xXx","2002","8","8","0"
"tt0364970","2013-07-15","https://www.kinopoisk.ru/film/9458/","Вавилон Н.Э. (2008)","Babylon A.D.","2008","7","7","0"
"tt0395699","2013-07-15","https://www.kinopoisk.ru/film/77450/","Лысый нянька: Спецзадание (2005)","The Pacifier","2005","6","6","0"
"tt0296572","2013-07-15","https://www.kinopoisk.ru/film/5900/","Хроники Риддика (2004)","The Chronicles of Riddick","2004","6","6","0"
"tt0232500","2013-07-15","https://www.kinopoisk.ru/film/666/","Форсаж (2001)","The Fast and the Furious","2001","7","7","0"
"tt1013752","2013-07-15","https://www.kinopoisk.ru/film/395978/","Форсаж 4 (2009)","Fast & Furious","2009","5","5","0"
"tt1596343","2013-07-15","https://www.kinopoisk.ru/film/496943/","Форсаж 5 (2011)","Fast Five","2011","8","8","0"
"tt1305591","2013-07-15","https://www.kinopoisk.ru/film/441432/","Тайна красной планеты (2011)","Mars Needs Moms","2011","8","8","0"
"tt1905041","2013-07-15","https://www.kinopoisk.ru/film/594736/","Форсаж 6 (2013)","Furious 6","2013","8","8","0"
"tt0367594","2013-07-02","https://www.kinopoisk.ru/film/38905/","Чарли и шоколадная фабрика (2005)","Charlie and the Chocolate Factory","2005","6","6","0"
"tt0408236","2013-07-02","https://www.kinopoisk.ru/film/81845/","Суини Тодд, демон-парикмахер с Флит-стрит (2007)","Sweeney Todd: The Demon Barber of Fleet Street","2007","5","5","0"
"tt1797504","2013-06-26","https://www.kinopoisk.ru/film/603616/","Три метра над уровнем неба: Я тебя хочу (2012)","Tengo ganas de ti","2012","9","9","0"
"tt0385988","2013-06-17","https://www.kinopoisk.ru/film/78257/","Красная Шапочка (2006)","Red Riding Hood","2006","7","7","0"
"tt1748227","2013-06-17","https://www.kinopoisk.ru/film/571252/","Коллекционер 2 (2012)","The Collection","2012","1","1","0"
"tt1242432","2013-06-17","https://www.kinopoisk.ru/film/417892/","Я плюю на ваши могилы (2010)","I Spit on Your Grave","2010","9","9","0"
"tt1922777","2013-06-13","https://www.kinopoisk.ru/film/590022/","Синистер (2012)","Sinister","2012","9","9","0"
"tt0134084","2013-06-13","https://www.kinopoisk.ru/film/2259/","Крик 3 (2000)","Scream 3","2000","4","4","0"
"tt0120082","2013-06-13","https://www.kinopoisk.ru/film/3784/","Крик 2 (1997)","Scream 2","1997","6","6","0"
"tt0117571","2013-06-13","https://www.kinopoisk.ru/film/1807/","Крик (1996)","Scream","1996","7","7","0"
"tt0398017","2013-06-13","https://www.kinopoisk.ru/film/81516/","Цена измены (2005)","Derailed","2005","7","7","0"
"tt0292506","2013-06-13","https://www.kinopoisk.ru/film/306/","Рекрут (2003)","The Recruit","2003","8","8","0"
"tt0800240","2013-06-13","https://www.kinopoisk.ru/film/258275/","Список контактов (2008)","Deception","2008","9","9","0"
"tt0385002","2013-06-13","https://www.kinopoisk.ru/film/77444/","Хулиганы (2005)","Green Street","2005","8","8","0"
"tt0758774","2013-06-13","https://www.kinopoisk.ru/film/281449/","Совокупность лжи (2008)","Body of Lies","2008","9","9","0"
"tt2103217","2013-06-12","https://www.kinopoisk.ru/film/647451/","Маньяк (2012)","Maniac","2012","8","8","0"
"tt2167970","2013-06-12","https://www.kinopoisk.ru/film/669351/","Билет на Vegas (2012)","","2012","7","7","0"
"tt0129167","2013-06-11","https://www.kinopoisk.ru/film/538/","Стальной гигант (1999)","The Iron Giant","1999","7","7","0"
"tt0099653","2013-06-11","https://www.kinopoisk.ru/film/1991/","Привидение (1990)","Ghost","1990","8","8","0"
"tt0096874","2013-06-11","https://www.kinopoisk.ru/film/5502/","Назад в будущее 2 (1989)","Back to the Future Part II","1989","7","7","0"
"tt1111890","2013-06-09","https://www.kinopoisk.ru/film/428816/","Дневники нимфоманки (2008)","Diario de una ninfómana","2008","6","6","0"
"tt0499556","2013-06-08","https://www.kinopoisk.ru/film/261106/","Война (2007)","War","2007","6","6","0"
"tt0200465","2013-06-08","https://www.kinopoisk.ru/film/77649/","Ограбление на Бейкер-Стрит (2008)","The Bank Job","2008","7","7","0"
"tt1121931","2013-06-08","https://www.kinopoisk.ru/film/397541/","Адреналин: Высокое напряжение (2009)","Crank: High Voltage","2009","5","5","0"
"tt0798817","2013-06-08","https://www.kinopoisk.ru/film/255394/","13 (2009)","13","2009","9","9","0"
"tt0472399","2013-06-08","https://www.kinopoisk.ru/film/195615/","Механик (2010)","The Mechanic","2010","8","8","0"
"tt1297919","2013-06-08","https://www.kinopoisk.ru/film/464020/","Без компромиссов (2011)","Blitz","2011","8","8","0"
"tt1656190","2013-06-08","https://www.kinopoisk.ru/film/523057/","Защитник (2012)","Safe","2012","7","7","0"
"tt1428538","2013-06-05","https://www.kinopoisk.ru/film/462465/","Охотники на ведьм (2012)","Hansel & Gretel: Witch Hunters","2012","8","8","0"
"tt1564585","2013-06-05","https://www.kinopoisk.ru/film/493223/","Скайлайн (2010)","Skyline","2010","7","7","0"
"tt1606378","2013-06-04","https://www.kinopoisk.ru/film/500617/","Крепкий орешек: Хороший день, чтобы умереть (2013)","A Good Day to Die Hard","2013","6","6","0"
"tt1855325","2013-06-04","https://www.kinopoisk.ru/film/581493/","Обитель зла: Возмездие (2012)","Resident Evil: Retribution","2012","1","1","0"
"tt1386703","2013-06-04","https://www.kinopoisk.ru/film/453374/","Вспомнить всё (2012)","Total Recall","2012","7","7","0"
"tt2182001","2013-06-04","https://www.kinopoisk.ru/film/601564/","Легенда №17 (2012)","","2012","9","9","0"
"tt1227189","2013-06-01","https://www.kinopoisk.ru/film/412248/","Все умрут, а я останусь (2008)","","2008","7","7","0"
"tt0790724","2013-06-01","https://www.kinopoisk.ru/film/417583/","Джек Ричер (2012)","Jack Reacher","2012","9","9","0"
"tt2023587","2013-06-01","https://www.kinopoisk.ru/film/605269/","Мама (2013)","Mama","2013","9","9","0"
"tt0120382","2013-04-25","https://www.kinopoisk.ru/film/4541/","Шоу Трумана (1998)","The Truman Show","1998","10","10","0"
"tt0315327","2013-04-25","https://www.kinopoisk.ru/film/39577/","Брюс Всемогущий (2003)","Bruce Almighty","2003","7","7","0"
"tt1396218","2013-04-25","https://www.kinopoisk.ru/film/463577/","Пингвины мистера Поппера (2011)","Mr. Popper's Penguins","2011","7","7","0"
"tt0481369","2013-04-25","https://www.kinopoisk.ru/film/178579/","Роковое число 23 (2006)","The Number 23","2006","9","9","0"
"tt1068680","2013-04-25","https://www.kinopoisk.ru/film/391772/","Всегда говори «ДА» (2008)","Yes Man","2008","8","8","0"
"tt1228987","2013-04-25","https://www.kinopoisk.ru/film/427795/","Впусти меня. Сага (2010)","Let Me In","2010","9","9","0"
"tt0119116","2013-04-25","https://www.kinopoisk.ru/film/2656/","Пятый элемент (1997)","The Fifth Element","1997","9","9","0"
"tt0073486","2013-04-25","https://www.kinopoisk.ru/film/336/","Пролетая над гнездом кукушки (1975)","One Flew Over the Cuckoo's Nest","1975","8","8","0"
"tt1024648","2013-04-25","https://www.kinopoisk.ru/film/462487/","Операция «Арго» (2012)","Argo","2012","8","8","0"
"tt0298203","2013-04-20","https://www.kinopoisk.ru/film/581/","8 миля (2002)","8 Mile","2002","9","9","0"
"tt1748197","2013-04-19","https://www.kinopoisk.ru/film/572122/","Подстава (2011)","Setup","2011","5","5","0"
"tt1276104","2013-04-19","https://www.kinopoisk.ru/film/463354/","Петля времени (2012)","Looper","2012","7","7","0"
"tt0112864","2013-04-19","https://www.kinopoisk.ru/film/8162/","Крепкий орешек 3: Возмездие (1995)","Die Hard with a Vengeance","1995","9","9","0"
"tt0099423","2013-04-19","https://www.kinopoisk.ru/film/7374/","Крепкий орешек 2 (1990)","Die Hard 2","1990","8","8","0"
"tt0104070","2013-04-19","https://www.kinopoisk.ru/film/1889/","Смерть ей к лицу (1992)","Death Becomes Her","1992","7","7","0"
"tt0337978","2013-04-19","https://www.kinopoisk.ru/film/9544/","Крепкий орешек 4.0 (2007)","Live Free or Die Hard","2007","8","8","0"
"tt0114746","2013-04-19","https://www.kinopoisk.ru/film/502/","12 обезьян (1995)","Twelve Monkeys","1995","10","10","0"
"tt1402488","2013-04-19","https://www.kinopoisk.ru/film/464851/","Делай ноги 2 (2011)","Happy Feet Two","2011","7","7","0"
"tt1853728","2013-04-18","https://www.kinopoisk.ru/film/586397/","Джанго освобожденный (2012)","Django Unchained","2012","8","8","0"
"tt1321860","2013-04-17","https://www.kinopoisk.ru/film/474521/","Бобер (2010)","The Beaver","2010","8","8","0"
"tt0126029","2013-04-05","https://www.kinopoisk.ru/film/430/","Шрэк (2001)","Shrek","2001","8","8","0"
"tt1214962","2013-04-05","https://www.kinopoisk.ru/film/461946/","Голодный кролик атакует (2011)","Seeking Justice","2011","9","9","0"
"tt1024715","2013-04-01","https://www.kinopoisk.ru/film/315990/","Удушье (2008)","Choke","2008","6","6","0"
"tt1931533","2013-04-01","https://www.kinopoisk.ru/film/586584/","Семь психопатов (2012)","Seven Psychopaths","2012","9","9","0"
"tt2064728","2013-04-01","https://www.kinopoisk.ru/film/542574/","Бабло (2011)","","2011","9","9","0"
"tt0496806","2013-04-01","https://www.kinopoisk.ru/film/251879/","Тринадцать друзей Оушена (2007)","Ocean's Thirteen","2007","9","9","0"
"tt1648179","2013-04-01","https://www.kinopoisk.ru/film/518063/","Толстяк на ринге (2012)","Here Comes the Boom","2012","7","7","0"
"tt0409904","2013-04-01","https://www.kinopoisk.ru/film/79925/","Дневной дозор (2005)","","2005","8","8","0"
"","2013-04-01","https://www.kinopoisk.ru/film/374715/","Обитаемый остров: Схватка (2009)","","2009","8","","0"
"tt0972558","2013-04-01","https://www.kinopoisk.ru/film/257774/","Обитаемый остров (2008)","","2008","8","8","0"
"tt0403358","2013-04-01","https://www.kinopoisk.ru/film/79850/","Ночной дозор (2004)","","2004","10","10","0"
"tt2094767","2013-04-01","https://www.kinopoisk.ru/film/565158/","Август. Восьмого (2012)","","2012","9","9","0"
"tt1410063","2013-04-01","https://www.kinopoisk.ru/film/464561/","Цветы войны (2011)","Jin ling shi san chai","2011","9","9","0"
"tt2649152","2013-04-01","https://www.kinopoisk.ru/film/715464/","Что творят мужчины! (2013)","","2013","5","5","0"
"tt0762137","2013-03-31","https://www.kinopoisk.ru/film/258952/","Запрещенный прием (2008)","Sucker Punch","2008","7","7","0"
"tt1212450","2013-03-31","https://www.kinopoisk.ru/film/461972/","Самый пьяный округ в мире (2012)","Lawless","2012","10","10","0"
"tt2649128","2013-03-31","https://www.kinopoisk.ru/film/521689/","Метро (2012)","","2012","10","10","0"
"tt1188729","2013-03-28","https://www.kinopoisk.ru/film/422882/","Пандорум (2009)","Pandorum","2009","9","9","0"
"tt0110148","2013-03-22","https://www.kinopoisk.ru/film/8151/","Интервью с вампиром (1994)","Interview with the Vampire: The Vampire Chronicles","1994","8","8","0"
"tt0236493","2013-03-22","https://www.kinopoisk.ru/film/753/","Мексиканец (2001)","The Mexican","2001","8","8","0"
"tt0332452","2013-03-22","https://www.kinopoisk.ru/film/3442/","Троя (2004)","Troy","2004","9","9","0"
"tt1764234","2013-03-22","https://www.kinopoisk.ru/film/572027/","Ограбление казино (2012)","Killing Them Softly","2012","7","7","0"
"tt0388795","2013-03-21","https://www.kinopoisk.ru/film/77647/","Горбатая гора (2005)","Brokeback Mountain","2005","6","6","0"
"tt0988108","2013-03-20","https://www.kinopoisk.ru/film/320230/","Класс (2007)","Klass","2007","8","8","0"
"tt0118715","2013-03-19","https://www.kinopoisk.ru/film/555/","Большой Лебовски (1998)","The Big Lebowski","1998","9","9","0"
"tt1865567","2013-03-18","https://www.kinopoisk.ru/film/586138/","Поворот не туда 4: Кровавое начало (2011)","Wrong Turn 4: Bloody Beginnings","2011","1","1","0"
"tt0837562","2013-03-18","https://www.kinopoisk.ru/film/280174/","Монстры на каникулах (2012)","Hotel Transylvania","2012","9","9","0"
"tt1362118","2013-03-18","https://www.kinopoisk.ru/film/445042/","Россия 88 (2009)","","2009","5","5","0"
"tt1074638","2013-02-28","https://www.kinopoisk.ru/film/408871/","007: Координаты «Скайфолл» (2012)","Skyfall","2012","9","9","0"
"tt1424381","2013-02-28","https://www.kinopoisk.ru/film/460523/","Хищники (2010)","Predators","2010","7","7","0"
"tt1782568","2013-02-27","https://www.kinopoisk.ru/film/493768/","Ёлки (2010)","","2010","10","10","0"
"tt1863347","2013-02-27","https://www.kinopoisk.ru/film/502733/","О чём ещё говорят мужчины (2011)","","2011","7","7","0"
"tt1595366","2013-02-27","https://www.kinopoisk.ru/film/468102/","О чём говорят мужчины (2010)","","2010","8","8","0"
"tt1023114","2013-02-27","https://www.kinopoisk.ru/film/430638/","Путь домой (2010)","The Way Back","2010","7","7","0"
"tt2593290","2013-02-26","https://www.kinopoisk.ru/film/679550/","Дублёр (2012)","","2012","8","8","0"
"tt1632708","2013-02-26","https://www.kinopoisk.ru/film/505811/","Секс по дружбе (2011)","Friends with Benefits","2011","9","9","0"
"tt1540133","2013-02-13","https://www.kinopoisk.ru/film/484474/","Однажды в Ирландии (2011)","The Guard","2011","9","9","0"
"tt0382932","2013-02-12","https://www.kinopoisk.ru/film/89514/","Рататуй (2007)","Ratatouille","2007","5","5","0"
"tt0441773","2013-02-12","https://www.kinopoisk.ru/film/103734/","Кунг-фу Панда (2008)","Kung Fu Panda","2008","6","6","0"
"tt1722450","2013-02-12","https://www.kinopoisk.ru/film/542581/","Неадекватные люди (2010)","","2010","10","10","0"
"tt1343703","2013-02-12","https://www.kinopoisk.ru/film/436263/","Брестская крепость (2010)","","2010","9","9","0"
"tt0435761","2013-02-12","https://www.kinopoisk.ru/film/258328/","История игрушек: Большой побег (2010)","Toy Story 3","2010","5","5","0"
"tt1568911","2013-02-12","https://www.kinopoisk.ru/film/492174/","Боевой конь (2011)","War Horse","2011","9","9","0"
"tt1179056","2013-02-12","https://www.kinopoisk.ru/film/409179/","Кошмар на улице Вязов (2010)","A Nightmare on Elm Street","2010","7","7","0"
"tt1038686","2013-02-12","https://www.kinopoisk.ru/film/426002/","Легион (2010)","Legion","2010","7","7","0"
"tt0814255","2013-02-12","https://www.kinopoisk.ru/film/403986/","Перси Джексон и похититель молний (2010)","Percy Jackson & the Olympians: The Lightning Thief","2010","3","3","0"
"tt1101026","2013-02-12","https://www.kinopoisk.ru/film/280938/","Адмиралъ (2008)","","2008","9","9","0"
"tt1648216","2013-02-12","https://www.kinopoisk.ru/film/523362/","Три метра над уровнем неба (2010)","3 metros sobre el cielo","2010","8","8","0"
"tt1293793","2013-02-12","https://www.kinopoisk.ru/film/425019/","Книга мастеров (2009)","","2009","7","7","0"
"tt0800320","2013-02-12","https://www.kinopoisk.ru/film/260999/","Битва Титанов (2010)","Clash of the Titans","2010","7","7","0"
"tt1324999","2013-02-12","https://www.kinopoisk.ru/film/432424/","Сумерки. Сага. Рассвет: Часть 1 (2011)","The Twilight Saga: Breaking Dawn – Part 1","2011","3","3","0"
"tt1569364","2013-02-12","https://www.kinopoisk.ru/film/439906/","Чёрная Молния (2009)","","2009","7","7","0"
"tt1179904","2013-02-12","https://www.kinopoisk.ru/film/404366/","Паранормальное явление (2007)","Paranormal Activity","2007","6","6","0"
"tt0938283","2013-02-12","https://www.kinopoisk.ru/film/417855/","Повелитель стихий (2010)","The Last Airbender","2010","2","2","0"
"tt1325004","2013-02-12","https://www.kinopoisk.ru/film/432423/","Сумерки. Сага. Затмение (2010)","The Twilight Saga: Eclipse","2010","3","3","0"
"tt1259571","2013-02-12","https://www.kinopoisk.ru/film/420224/","Сумерки. Сага. Новолуние (2009)","The Twilight Saga: New Moon","2009","3","3","0"
"tt0347149","2013-02-12","https://www.kinopoisk.ru/film/49684/","Ходячий замок (2004)","Howl no Ugoku Shiro","2004","7","7","0"
"tt0120667","2013-02-12","https://www.kinopoisk.ru/film/23263/","Фантастическая четверка (2005)","Fantastic Four","2005","4","4","0"
"tt0452608","2013-02-12","https://www.kinopoisk.ru/film/102136/","Смертельная гонка (2008)","Death Race","2008","5","5","0"
"tt0499448","2013-02-12","https://www.kinopoisk.ru/film/243596/","Хроники Нарнии: Принц Каспиан (2008)","The Chronicles of Narnia: Prince Caspian","2008","4","4","0"
"tt1464540","2013-02-12","https://www.kinopoisk.ru/film/468872/","Я – Четвертый (2011)","I Am Number Four","2011","6","6","0"
"tt1764651","2013-02-12","https://www.kinopoisk.ru/film/571288/","Неудержимые 2 (2012)","The Expendables 2","2012","8","8","0"
"tt1192628","2013-02-12","https://www.kinopoisk.ru/film/426053/","Ранго (2011)","Rango","2011","6","6","0"
"tt0355295","2013-02-12","https://www.kinopoisk.ru/film/13469/","Братья Гримм (2005)","The Brothers Grimm","2005","7","7","0"
"tt0372183","2013-02-12","https://www.kinopoisk.ru/film/41947/","Превосходство Борна (2004)","The Bourne Supremacy","2004","8","8","0"
"tt1318514","2013-02-12","https://www.kinopoisk.ru/film/463738/","Восстание планеты обезьян (2011)","Rise of the Planet of the Apes","2011","8","8","0"
"tt1077368","2013-02-12","https://www.kinopoisk.ru/film/395060/","Мрачные тени (2012)","Dark Shadows","2012","6","6","0"
"tt0181689","2013-02-12","https://www.kinopoisk.ru/film/496/","Особое мнение (2002)","Minority Report","2002","9","9","0"
"tt1013743","2013-02-12","https://www.kinopoisk.ru/film/455188/","Рыцарь дня (2010)","Knight and Day","2010","9","9","0"
"tt1462758","2013-02-12","https://www.kinopoisk.ru/film/470656/","Погребенный заживо (2009)","Buried","2009","9","9","0"
"tt1465522","2013-02-12","https://www.kinopoisk.ru/film/485261/","Убойные каникулы (2010)","Tucker and Dale vs Evil","2010","9","9","0"
"tt1596350","2013-02-12","https://www.kinopoisk.ru/film/497233/","Значит, война (2012)","This Means War","2012","7","7","0"
"tt0293662","2013-02-12","https://www.kinopoisk.ru/film/6206/","Перевозчик (2002)","The Transporter","2002","6","6","0"
"tt1323594","2013-02-12","https://www.kinopoisk.ru/film/432724/","Гадкий я (2010)","Despicable Me","2010","6","6","0"
"tt0478087","2013-02-12","https://www.kinopoisk.ru/film/195847/","Двадцать одно (2008)","21","2008","6","6","0"
"tt0413300","2013-02-12","https://www.kinopoisk.ru/film/82441/","Человек-паук 3: Враг в отражении (2007)","Spider‑Man 3","2007","7","7","0"
"tt0316654","2013-02-12","https://www.kinopoisk.ru/film/2898/","Человек-паук 2 (2004)","Spider‑Man 2","2004","7","7","0"
"tt0376994","2013-02-12","https://www.kinopoisk.ru/film/61361/","Люди Икс: Последняя битва (2006)","X‑Men: The Last Stand","2006","8","8","0"
"tt0948470","2013-02-12","https://www.kinopoisk.ru/film/278217/","Новый Человек-паук (2012)","The Amazing Spider‑Man","2012","7","7","0"
"tt0489099","2013-02-12","https://www.kinopoisk.ru/film/220589/","Телепорт (2008)","Jumper","2008","9","9","0"
"tt0963966","2013-02-12","https://www.kinopoisk.ru/film/429739/","Ученик чародея (2010)","The Sorcerer's Apprentice","2010","6","6","0"
"tt0290334","2013-02-12","https://www.kinopoisk.ru/film/298/","Люди Икс 2 (2003)","X2","2003","7","7","0"
"tt0363771","2013-02-12","https://www.kinopoisk.ru/film/48162/","Хроники Нарнии: Лев, колдунья и волшебный шкаф (2005)","The Chronicles of Narnia: The Lion, the Witch and the Wardrobe","2005","5","5","0"
"tt0986263","2013-02-12","https://www.kinopoisk.ru/film/397671/","Суррогаты (2009)","Surrogates","2009","9","9","0"
"tt0212720","2013-02-12","https://www.kinopoisk.ru/film/594/","Искусственный разум (2001)","Artificial Intelligence: AI","2001","8","8","0"
"tt0373889","2013-02-12","https://www.kinopoisk.ru/film/48356/","Гарри Поттер и Орден Феникса (2007)","Harry Potter and the Order of the Phoenix","2007","8","8","0"
"tt1542344","2013-02-12","https://www.kinopoisk.ru/film/484878/","127 часов (2010)","127 Hours","2010","9","9","0"
"tt1104001","2013-02-12","https://www.kinopoisk.ru/film/399959/","Трон: Наследие (2010)","Tron: Legacy","2010","7","7","0"
"tt1385826","2013-02-12","https://www.kinopoisk.ru/film/450765/","Меняющие реальность (2011)","The Adjustment Bureau","2011","7","7","0"
"tt1320253","2013-02-12","https://www.kinopoisk.ru/film/432550/","Неудержимые (2010)","The Expendables","2010","7","7","0"
"tt0145487","2013-02-12","https://www.kinopoisk.ru/film/838/","Человек-паук (2002)","Spider‑Man","2002","7","7","0"
"tt1156398","2013-02-12","https://www.kinopoisk.ru/film/427122/","Добро пожаловать в Zомбилэнд (2009)","Zombieland","2009","9","9","0"
"tt0330373","2013-02-12","https://www.kinopoisk.ru/film/8408/","Гарри Поттер и Кубок огня (2005)","Harry Potter and the Goblet of Fire","2005","8","8","0"
"tt0480249","2013-02-12","https://www.kinopoisk.ru/film/195524/","Я – легенда (2007)","I Am Legend","2007","7","7","0"
"tt0448157","2013-02-12","https://www.kinopoisk.ru/film/102151/","Хэнкок (2008)","Hancock","2008","7","7","0"
"tt1010048","2013-02-12","https://www.kinopoisk.ru/film/413362/","Миллионер из трущоб (2008)","Slumdog Millionaire","2008","8","8","0"
"tt1136608","2013-02-12","https://www.kinopoisk.ru/film/397494/","Район №9 (2009)","District 9","2009","4","4","0"
"tt1099212","2013-02-12","https://www.kinopoisk.ru/film/401177/","Сумерки (2008)","Twilight","2008","3","3","0"
"tt1442449","2013-02-12","https://www.kinopoisk.ru/film/469619/","Спартак: Кровь и песок (сериал, 2010 – 2013)","Spartacus","2010","5","5","1"
"tt0460681","2013-02-12","https://www.kinopoisk.ru/film/178707/","Сверхъестественное (сериал, 2005 – 2020)","Supernatural","2005","8","8","1"
"tt39020004","2013-02-12","https://www.kinopoisk.ru/film/573245/","Спартак: Боги арены (мини-сериал, 2010)","Spartacus: Gods of the Arena","2010","6","6","1"
"tt2258465","2013-02-11","https://www.kinopoisk.ru/film/584084/","Мамы (2012)","","2012","8","8","0"
"tt0307453","2013-02-11","https://www.kinopoisk.ru/film/7464/","Подводная братва (2004)","Shark Tale","2004","8","8","0"
"tt0290002","2013-02-11","https://www.kinopoisk.ru/film/61439/","Знакомство с Факерами (2004)","Meet the Fockers","2004","1","1","0"
"tt0985694","2013-02-11","https://www.kinopoisk.ru/film/467553/","Мачете (2010)","Machete","2010","1","1","0"
"tt0970866","2013-02-11","https://www.kinopoisk.ru/film/409146/","Знакомство с Факерами 2 (2010)","Little Fockers","2010","1","1","0"
"tt1092026","2013-02-11","https://www.kinopoisk.ru/film/427855/","Пол: Секретный материальчик (2011)","Paul","2011","8","8","0"
"tt0289043","2013-02-11","https://www.kinopoisk.ru/film/577/","28 дней спустя (2002)","28 Days Later...","2002","7","7","0"
"tt1748179","2013-02-11","https://www.kinopoisk.ru/film/570134/","Красные огни (2011)","Red Lights","2011","9","9","0"
"","2013-02-03","https://www.kinopoisk.ru/film/732763/","Без смысла (2012)","","2012","9","","0"
"","2013-02-03","https://www.kinopoisk.ru/film/688828/","Сумерки насущного (2011)","","2011","7","","0"
"","2013-02-03","https://www.kinopoisk.ru/film/732761/","Мертвые деньги (2010)","","2010","7","","0"
"tt1129442","2013-01-11","https://www.kinopoisk.ru/film/409159/","Перевозчик 3 (2008)","Transporter 3","2008","5","5","0"
"tt0804540","2013-01-11","https://www.kinopoisk.ru/film/258478/","Такси 4 (2007)","Taxi 4","2007","2","2","0"
"tt0344854","2013-01-11","https://www.kinopoisk.ru/film/14328/","Артур и минипуты (2006)","Arthur et les Minimoys","2006","6","6","0"
"tt0388482","2013-01-11","https://www.kinopoisk.ru/film/77588/","Перевозчик 2 (2005)","Le Transporteur II","2005","6","6","0"
"tt0295721","2013-01-11","https://www.kinopoisk.ru/film/14339/","Такси 3 (2003)","Taxi 3","2003","4","4","0"
"tt0183869","2013-01-11","https://www.kinopoisk.ru/film/854/","Такси 2 (2000)","Taxi 2","2000","5","5","0"
"tt0152930","2013-01-11","https://www.kinopoisk.ru/film/14349/","Такси (1998)","Taxi","1998","6","6","0"
"tt0281364","2013-01-11","https://www.kinopoisk.ru/film/14288/","Васаби (2001)","Wasabi","2001","8","8","0"
"tt0337103","2013-01-11","https://www.kinopoisk.ru/film/5621/","Багровые реки 2: Ангелы апокалипсиса (2003)","Les rivières pourpres 2 – Les anges de l'apocalypse","2003","9","9","0"
"tt0414852","2013-01-11","https://www.kinopoisk.ru/film/81522/","13-й район (2004)","Banlieue 13","2004","7","7","0"
"tt0416496","2013-01-11","https://www.kinopoisk.ru/film/81102/","Бандитки (2006)","Bandidas","2006","6","6","0"
"tt1045772","2013-01-11","https://www.kinopoisk.ru/film/402550/","Я люблю тебя, Филлип Моррис (2008)","I Love You Phillip Morris","2008","1","1","0"
"tt1247640","2013-01-11","https://www.kinopoisk.ru/film/418794/","13-й район: Ультиматум (2009)","Banlieue 13 Ultimatum","2009","6","6","0"
"tt1179034","2013-01-11","https://www.kinopoisk.ru/film/427202/","Из Парижа с любовью (2009)","From Paris with Love","2009","8","8","0"
"tt1228705","2013-01-09","https://www.kinopoisk.ru/film/411924/","Железный человек 2 (2010)","Iron Man 2","2010","9","9","0"
"tt0371746","2013-01-09","https://www.kinopoisk.ru/film/61237/","Железный человек (2008)","Iron Man","2008","9","9","0"
"tt0360486","2013-01-09","https://www.kinopoisk.ru/film/3793/","Константин: Повелитель тьмы (2005)","Constantine","2005","9","9","0"
"tt0418279","2013-01-09","https://www.kinopoisk.ru/film/81288/","Трансформеры (2007)","Transformers","2007","6","6","0"
"tt1399103","2013-01-09","https://www.kinopoisk.ru/film/452899/","Трансформеры 3: Тёмная сторона Луны (2011)","Transformers: Dark of the Moon","2011","3","3","0"
"tt1568346","2013-01-09","https://www.kinopoisk.ru/film/491724/","Девушка с татуировкой дракона (2011)","The Girl with the Dragon Tattoo","2011","10","10","0"
"tt0381061","2013-01-09","https://www.kinopoisk.ru/film/49844/","Казино Рояль (2006)","Casino Royale","2006","9","9","0"
"tt0385752","2013-01-09","https://www.kinopoisk.ru/film/91843/","Золотой компас (2007)","The Golden Compass","2007","7","7","0"
"tt0830515","2013-01-09","https://www.kinopoisk.ru/film/258475/","Квант милосердия (2008)","Quantum of Solace","2008","8","8","0"
"tt1462041","2013-01-09","https://www.kinopoisk.ru/film/468444/","Дом грёз (2011)","Dream House","2011","8","8","0"
"tt0409847","2013-01-09","https://www.kinopoisk.ru/film/81961/","Ковбои против пришельцев (2011)","Cowboys & Aliens","2011","7","7","0"
"tt1210166","2013-01-08","https://www.kinopoisk.ru/film/432791/","Человек, который изменил всё (2011)","Moneyball","2011","8","8","0"
"tt0426883","2013-01-07","https://www.kinopoisk.ru/film/84451/","Альфа Дог (2005)","Alpha Dog","2005","9","9","0"
"tt0457024","2013-01-02","https://www.kinopoisk.ru/film/103370/","Князь Владимир (2006)","","2006","8","8","0"
"tt1392170","2012-12-27","https://www.kinopoisk.ru/film/468581/","Голодные игры (2012)","The Hunger Games","2012","10","10","0"
"tt1194173","2012-12-27","https://www.kinopoisk.ru/film/409194/","Эволюция Борна (2012)","The Bourne Legacy","2012","9","9","0"
"tt1765729","2012-12-23","https://www.kinopoisk.ru/film/408915/","Бригада: Наследник (2012)","","2012","1","1","0"
"tt1197624","2012-12-21","https://www.kinopoisk.ru/film/406408/","Законопослушный гражданин (2009)","Law Abiding Citizen","2009","9","9","0"
"tt1291584","2012-12-21","https://www.kinopoisk.ru/film/442568/","Воин (2011)","Warrior","2011","6","6","0"
"tt0258463","2012-12-21","https://www.kinopoisk.ru/film/619/","Идентификация Борна (2002)","The Bourne Identity","2002","9","9","0"
"tt1119646","2012-12-21","https://www.kinopoisk.ru/film/426004/","Мальчишник в Вегасе (2009)","The Hangover","2009","8","8","0"
"tt0105236","2012-12-21","https://www.kinopoisk.ru/film/394/","Бешеные псы (1991)","Reservoir Dogs","1991","9","9","0"
"tt0209144","2012-12-21","https://www.kinopoisk.ru/film/335/","Мементо (2000)","Memento","2000","10","10","0"
"tt0099785","2012-12-21","https://www.kinopoisk.ru/film/8124/","Один дома (1990)","Home Alone","1990","5","5","0"
"tt0936501","2012-12-21","https://www.kinopoisk.ru/film/276376/","Заложница (2007)","Taken","2007","8","8","0"
"tt0362227","2012-12-21","https://www.kinopoisk.ru/film/6877/","Терминал (2004)","The Terminal","2004","8","8","0"
"tt0109830","2012-12-21","https://www.kinopoisk.ru/film/448/","Форрест Гамп (1994)","Forrest Gump","1994","9","9","0"
"tt0848228","2012-12-21","https://www.kinopoisk.ru/film/263531/","Мстители (2012)","The Avengers","2012","6","6","0"
"tt0903624","2012-12-20","https://www.kinopoisk.ru/film/278522/","Хоббит: Нежданное путешествие (2012)","The Hobbit: An Unexpected Journey","2012","10","10","0"
"tt0944947","2012-09-13","https://www.kinopoisk.ru/film/464963/","Игра престолов (сериал, 2011 – 2019)","Game of Thrones","2011","10","10","1"
"tt0268978","2012-09-06","https://www.kinopoisk.ru/film/530/","Игры разума (2001)","A Beautiful Mind","2001","8","8","0"
"tt1675434","2012-09-06","https://www.kinopoisk.ru/film/535341/","1+1 (2011)","Intouchables","2011","8","8","0"
"tt0944835","2012-09-06","https://www.kinopoisk.ru/film/447284/","Солт (2010)","Salt","2010","8","8","0"
"tt1637725","2012-08-12","https://www.kinopoisk.ru/film/507817/","Третий лишний (2012)","Ted","2012","8","8","0"
"tt0119643","2012-08-04","https://www.kinopoisk.ru/film/5059/","Знакомьтесь, Джо Блэк (1998)","Meet Joe Black","1998","7","7","0"
"tt0208092","2012-08-04","https://www.kinopoisk.ru/film/526/","Большой куш (2000)","Snatch","2000","10","10","0"
"tt0349903","2012-08-04","https://www.kinopoisk.ru/film/18294/","Двенадцать друзей Оушена (2004)","Ocean's Twelve","2004","10","10","0"
"tt0356910","2012-08-04","https://www.kinopoisk.ru/film/12090/","Мистер и миссис Смит (2005)","Mr. & Mrs. Smith","2005","10","10","0"
"tt0443680","2012-08-04","https://www.kinopoisk.ru/film/102127/","Как трусливый Роберт Форд убил Джесси Джеймса (2007)","The Assassination of Jesse James by the Coward Robert Ford","2007","5","5","0"
"tt1001526","2012-08-04","https://www.kinopoisk.ru/film/405608/","Мегамозг (2010)","Megamind","2010","9","9","0"
"tt0317740","2012-08-04","https://www.kinopoisk.ru/film/318/","Ограбление по-итальянски (2003)","The Italian Job","2003","8","8","0"
"tt0800080","2012-08-04","https://www.kinopoisk.ru/film/255380/","Невероятный Халк (2008)","The Incredible Hulk","2008","8","8","0"
"tt1151359","2012-08-04","https://www.kinopoisk.ru/film/402554/","Травка (2009)","Leaves of Grass","2009","6","6","0"
"tt1611224","2012-08-02","https://www.kinopoisk.ru/film/502302/","Президент Линкольн: Охотник на вампиров (2012)","Abraham Lincoln: Vampire Hunter","2012","5","5","0"
"tt0417741","2012-08-01","https://www.kinopoisk.ru/film/89515/","Гарри Поттер и Принц-полукровка (2009)","Harry Potter and the Half‑Blood Prince","2009","10","10","0"
"tt1735898","2012-08-01","https://www.kinopoisk.ru/film/568550/","Белоснежка и охотник (2012)","Snow White and the Huntsman","2012","9","9","0"
"tt0881320","2012-08-01","https://www.kinopoisk.ru/film/462669/","Санктум (2010)","Sanctum","2010","9","9","0"
"tt1411697","2012-08-01","https://www.kinopoisk.ru/film/455338/","Мальчишник 2: Из Вегаса в Бангкок (2011)","The Hangover Part II","2011","5","5","0"
"tt0947798","2012-08-01","https://www.kinopoisk.ru/film/278273/","Чёрный лебедь (2010)","Black Swan","2010","9","9","0"
"tt1838544","2012-08-01","https://www.kinopoisk.ru/film/580679/","Игра на выживание (2012)","Gone","2012","8","8","0"
"tt1372686","2012-08-01","https://www.kinopoisk.ru/film/462250/","Кориолан (2010)","Coriolanus","2010","7","7","0"
"tt0993842","2012-08-01","https://www.kinopoisk.ru/film/468551/","Ханна. Совершенное оружие (2010)","Hanna","2010","8","8","0"
"tt1458175","2012-08-01","https://www.kinopoisk.ru/film/468958/","Три дня на побег (2010)","The Next Three Days","2010","10","10","0"
"tt1270798","2012-08-01","https://www.kinopoisk.ru/film/462358/","Люди Икс: Первый класс (2011)","X‑Men: First Class","2011","9","9","0"
"tt1190080","2012-08-01","https://www.kinopoisk.ru/film/413447/","2012 (2009)","2012","2009","8","8","0"
"tt0448694","2012-08-01","https://www.kinopoisk.ru/film/102146/","Кот в сапогах (2011)","Puss in Boots","2011","8","8","0"
"tt1622547","2012-08-01","https://www.kinopoisk.ru/film/506133/","Успеть за 30 минут (2011)","30 Minutes or Less","2011","7","7","0"
"tt1219289","2012-08-01","https://www.kinopoisk.ru/film/462606/","Области тьмы (2011)","Limitless","2011","10","10","0"
"tt0376136","2012-08-01","https://www.kinopoisk.ru/film/47093/","Ромовый дневник (2010)","The Rum Diary","2010","7","7","0"
"tt0970179","2012-08-01","https://www.kinopoisk.ru/film/462247/","Хранитель времени (2011)","Hugo","2011","8","8","0"
"tt1284575","2012-08-01","https://www.kinopoisk.ru/film/465673/","Очень плохая училка (2011)","Bad Teacher","2011","8","8","0"
"tt1375666","2012-08-01","https://www.kinopoisk.ru/film/447301/","Начало (2010)","Inception","2010","10","10","0"
"tt0478304","2012-08-01","https://www.kinopoisk.ru/film/256408/","Древо жизни (2010)","The Tree of Life","2010","5","5","0"
"tt1055369","2012-08-01","https://www.kinopoisk.ru/film/373391/","Трансформеры: Месть падших (2009)","Transformers: Revenge of the Fallen","2009","3","3","0"
"tt1054606","2012-08-01","https://www.kinopoisk.ru/film/395058/","Воображариум доктора Парнаса (2009)","The Imaginarium of Doctor Parnassus","2009","1","1","0"
"tt1515091","2012-08-01","https://www.kinopoisk.ru/film/474953/","Шерлок Холмс: Игра теней (2011)","Sherlock Holmes: A Game of Shadows","2011","8","8","0"
"tt1706593","2012-08-01","https://www.kinopoisk.ru/film/559242/","Хроника (2012)","Chronicle","2012","3","3","0"
"tt1345836","2012-08-01","https://www.kinopoisk.ru/film/437410/","Темный рыцарь: Возрождение легенды (2012)","The Dark Knight Rises","2012","10","10","0"
"tt0945513","2012-08-01","https://www.kinopoisk.ru/film/409295/","Исходный код (2011)","Source Code","2011","10","10","0"
"tt1152836","2012-08-01","https://www.kinopoisk.ru/film/400599/","Джонни Д. (2009)","Public Enemies","2009","8","8","0"
"tt1637688","2012-08-01","https://www.kinopoisk.ru/film/517988/","Время (2011)","In Time","2011","10","10","0"
"tt1601913","2012-08-01","https://www.kinopoisk.ru/film/503853/","Схватка (2011)","The Grey","2011","3","3","0"
"tt2116974","2012-08-01","https://www.kinopoisk.ru/film/522036/","Высоцкий. Спасибо, что живой (2011)","","2011","8","8","0"
"tt0238380","2012-08-01","https://www.kinopoisk.ru/film/309/","Эквилибриум (2002)","Equilibrium","2002","10","10","0"
"tt0372784","2012-08-01","https://www.kinopoisk.ru/film/47237/","Бэтмен: Начало (2005)","Batman Begins","2005","10","10","0"
"tt0063522","2012-08-01","https://www.kinopoisk.ru/film/8425/","Ребенок Розмари (1968)","Rosemary's Baby","1968","1","1","0"
"tt0482571","2012-08-01","https://www.kinopoisk.ru/film/195334/","Престиж (2006)","The Prestige","2006","10","10","0"
"tt0264464","2012-07-31","https://www.kinopoisk.ru/film/324/","Поймай меня, если сможешь (2002)","Catch Me If You Can","2002","10","10","0"
"tt0449088","2012-05-02","https://www.kinopoisk.ru/film/102124/","Пираты Карибского моря: На краю света (2007)","Pirates of the Caribbean: At World's End","2007","10","10","0"
"tt0095016","2012-05-02","https://www.kinopoisk.ru/film/471/","Крепкий орешек (1988)","Die Hard","1988","10","10","0"
"tt0472043","2012-05-02","https://www.kinopoisk.ru/film/160977/","Апокалипсис (2006)","Apocalypto","2006","10","10","0"
"tt0824747","2012-05-02","https://www.kinopoisk.ru/film/279880/","Подмена (2008)","Changeling","2008","10","10","0"
"tt0338013","2012-05-02","https://www.kinopoisk.ru/film/5492/","Вечное сияние чистого разума (2004)","Eternal Sunshine of the Spotless Mind","2004","10","10","0"
"tt0814314","2012-05-02","https://www.kinopoisk.ru/film/395787/","Семь жизней (2008)","Seven Pounds","2008","10","10","0"
"tt0086250","2012-05-02","https://www.kinopoisk.ru/film/4695/","Лицо со шрамом (1983)","Scarface","1983","10","10","0"
"tt1205489","2012-05-02","https://www.kinopoisk.ru/film/408410/","Гран Торино (2008)","Gran Torino","2008","10","10","0"
"tt1655442","2012-05-02","https://www.kinopoisk.ru/film/539550/","Артист (2011)","The Artist","2011","10","10","0"
"tt0118971","2012-03-26","https://www.kinopoisk.ru/film/3797/","Адвокат дьявола (1997)","The Devil's Advocate","1997","10","10","0"
"tt1285016","2012-02-24","https://www.kinopoisk.ru/film/427198/","Социальная сеть (2010)","The Social Network","2010","10","10","0"
"tt0421715","2012-02-24","https://www.kinopoisk.ru/film/81555/","Загадочная история Бенджамина Баттона (2008)","The Curious Case of Benjamin Button","2008","10","10","0"
"tt0443706","2012-02-24","https://www.kinopoisk.ru/film/102838/","Зодиак (2007)","Zodiac","2007","10","10","0"
"tt0258000","2012-02-24","https://www.kinopoisk.ru/film/780/","Комната страха (2002)","Panic Room","2002","10","10","0"
"tt0162661","2011-10-27","https://www.kinopoisk.ru/film/5622/","Сонная Лощина (1999)","Sleepy Hollow","1999","10","10","0"
"tt0221027","2011-10-27","https://www.kinopoisk.ru/film/616/","Кокаин (2001)","Blow","2001","10","10","0"
"tt0289879","2011-10-26","https://www.kinopoisk.ru/film/5167/","Эффект бабочки (2003)","The Butterfly Effect","2003","10","10","0"
"tt1343097","2011-10-26","https://www.kinopoisk.ru/film/436265/","Девушка, которая взрывала воздушные замки (2009)","Luftslottet som sprängdes","2009","10","10","0"
"tt1132620","2011-10-26","https://www.kinopoisk.ru/film/402099/","Девушка с татуировкой дракона (2009)","Män som hatar kvinnor","2009","10","10","0"
"tt0228786","2011-10-26","https://www.kinopoisk.ru/film/805/","Багровые реки (2000)","Les rivières pourpres","2000","10","10","0"
"tt1216487","2011-10-26","https://www.kinopoisk.ru/film/409226/","Девушка, которая играла с огнем (2009)","Flickan som lekte med elden","2009","10","10","0"
"tt0325980","2011-10-26","https://www.kinopoisk.ru/film/4374/","Пираты Карибского моря: Проклятие Черной жемчужины (2003)","Pirates of the Caribbean: The Curse of the Black Pearl","2003","10","10","0"
"tt1298650","2011-10-26","https://www.kinopoisk.ru/film/427076/","Пираты Карибского моря: На странных берегах (2011)","Pirates of the Caribbean: On Stranger Tides","2011","10","10","0"
"tt0926084","2011-10-16","https://www.kinopoisk.ru/film/276762/","Гарри Поттер и Дары Смерти: Часть I (2010)","Harry Potter and the Deathly Hallows – Part 1","2010","10","10","0"
"tt0443543","2011-10-11","https://www.kinopoisk.ru/film/102198/","Иллюзионист (2005)","The Illusionist","2005","10","10","0"
"tt0493464","2011-10-11","https://www.kinopoisk.ru/film/259876/","Особо опасен (2008)","Wanted","2008","10","10","0"
"tt0120737","2011-10-07","https://www.kinopoisk.ru/film/328/","Властелин колец: Братство кольца (2001)","The Lord of the Rings: The Fellowship of the Ring","2001","9","9","0"
"tt0114369","2011-10-07","https://www.kinopoisk.ru/film/377/","Семь (1995)","Se7en","1995","10","10","0"
"tt1912518","2011-10-07","https://www.kinopoisk.ru/film/481101/","Утомленные солнцем 2: Цитадель (2011)","","2011","1","1","0"
"","2011-10-07","https://www.kinopoisk.ru/film/276314/","Параграф 78: Фильм второй (2007)","","2007","1","","0"
"tt1070829","2011-10-07","https://www.kinopoisk.ru/film/391720/","Ночной базар (2005)","","2005","1","1","0"
"tt0459924","2011-10-07","https://www.kinopoisk.ru/film/104984/","Параграф 78: Фильм первый (2007)","","2007","1","1","0"
"tt0457297","2011-10-07","https://www.kinopoisk.ru/film/197258/","Эффект бабочки 2 (2006)","The Butterfly Effect 2","2006","10","10","0"
"tt0486640","2011-10-07","https://www.kinopoisk.ru/film/197146/","Постал (2007)","Postal","2007","1","1","0"
"tt0416316","2011-10-07","https://www.kinopoisk.ru/film/81371/","Волкодав из рода Серых Псов (2006)","","2006","1","1","0"
"tt0400426","2011-10-07","https://www.kinopoisk.ru/film/197147/","Фар Край (2007)","Far Cry","2007","1","1","0"
"tt1432916","2011-10-07","https://www.kinopoisk.ru/film/378245/","День Д (2008)","","2008","1","1","0"
"tt0421482","2011-10-07","https://www.kinopoisk.ru/film/320024/","Клуб Винкс – Школа волшебниц (сериал, 2004 – 2019)","Winx Club","2004","1","1","1"
"tt0844029","2011-10-07","https://www.kinopoisk.ru/film/260988/","Эйс Вентура младший (2009)","Ace Ventura: Pet Detective Jr.","2009","1","1","0"
"tt0383222","2011-10-07","https://www.kinopoisk.ru/film/81342/","Бладрейн (2005)","BloodRayne","2005","1","1","0"
"tt0799949","2011-10-07","https://www.kinopoisk.ru/film/260526/","Очень эпическое кино (2007)","Epic Movie","2007","1","1","0"
"tt1364289","2011-10-07","https://www.kinopoisk.ru/film/416089/","Самый лучший фильм 2 (2009)","","2009","1","1","0"
"tt0896036","2011-10-07","https://www.kinopoisk.ru/film/271798/","Бладрейн 2: Освобождение (2007)","BloodRayne II: Deliverance","2007","1","1","0"
"tt1124396","2011-10-07","https://www.kinopoisk.ru/film/396473/","Гитлер капут! (2008)","","2008","1","1","0"
"tt0120735","2011-10-07","https://www.kinopoisk.ru/film/522/","Карты, деньги, два ствола (1998)","Lock, Stock and Two Smoking Barrels","1998","10","10","0"
"tt0499549","2011-10-07","https://www.kinopoisk.ru/film/251733/","Аватар (2009)","Avatar","2009","10","10","0"
"tt0405159","2011-10-07","https://www.kinopoisk.ru/film/81297/","Малышка на миллион (2004)","Million Dollar Baby","2004","10","10","0"
"tt0383574","2011-10-07","https://www.kinopoisk.ru/film/63991/","Пираты Карибского моря: Сундук мертвеца (2006)","Pirates of the Caribbean: Dead Man's Chest","2006","10","10","0"
"tt1504320","2011-10-07","https://www.kinopoisk.ru/film/485311/","Король говорит! (2010)","The King's Speech","2010","10","10","0"
"tt0240772","2011-10-07","https://www.kinopoisk.ru/film/770/","Одиннадцать друзей Оушена (2001)","Ocean's Eleven","2001","10","10","0"
"tt1201607","2011-10-07","https://www.kinopoisk.ru/film/407636/","Гарри Поттер и Дары Смерти: Часть II (2011)","Harry Potter and the Deathly Hallows – Part 2","2011","10","10","0"
"tt0352248","2011-10-07","https://www.kinopoisk.ru/film/12244/","Нокдаун (2005)","Cinderella Man","2005","10","10","0"
"tt0167261","2011-10-07","https://www.kinopoisk.ru/film/312/","Властелин колец: Две крепости (2002)","The Lord of the Rings: The Two Towers","2002","10","10","0"
"tt0167260","2011-10-07","https://www.kinopoisk.ru/film/3498/","Властелин колец: Возвращение короля (2003)","The Lord of the Rings: The Return of the King","2003","10","10","0"
"tt1028532","2011-10-07","https://www.kinopoisk.ru/film/387556/","Хатико: Самый верный друг (2008)","Hachi: A Dog's Tale","2008","10","10","0"
"tt0111161","2011-10-07","https://www.kinopoisk.ru/film/326/","Побег из Шоушенка (1994)","The Shawshank Redemption","1994","10","10","0"
"tt0110413","2011-10-07","https://www.kinopoisk.ru/film/389/","Леон (1994)","Léon","1994","10","10","0"
"tt0468569","2011-10-07","https://www.kinopoisk.ru/film/111543/","Темный рыцарь (2008)","The Dark Knight","2008","10","10","0"
"tt0304141","2011-10-07","https://www.kinopoisk.ru/film/322/","Гарри Поттер и узник Азкабана (2004)","Harry Potter and the Prisoner of Azkaban","2004","10","10","0"
"tt0407887","2011-10-05","https://www.kinopoisk.ru/film/81314/","Отступники (2006)","The Departed","2006","9","9","0"
"tt0137523","2011-04-23","https://www.kinopoisk.ru/film/361/","Бойцовский клуб (1999)","Fight Club","1999","10","10","0"
"tt0120586","2011-04-23","https://www.kinopoisk.ru/film/382/","Американская история X (1998)","American History X","1998","10","10","0"
"tt0119174","2011-04-23","https://www.kinopoisk.ru/film/12198/","Игра (1997)","The Game","1997","10","10","0"