"№","Название","Скидка/Список","ID игры","Платформа","Предзаказ","Обычная цена","Скидка %","Новая цена","Дата окончания","Цены изданий","Рус. озвучка","Рус. текст","Подписки","Ссылка","Дата релиза","Жанр","PEGI"
"7951","LET IT DIE: INFERNO","TOKYO GAME SHOW","PPSA19053","PS5","Нет","1.079,00 TL","50%","539,50 TL","2026-09-24","Standard Edition: 1.079,00 TL; Deluxe Edition: 1.949,00 TL; Ultimate Edition: 2.579,00 TL","Нет","Нет","","https://store.playstation.com/en-tr/concept/10009386","2025-12-04","Action","PEGI_16"
"2024","ENDER LILIES: Quietus of the Knights","TOKYO GAME SHOW","CUSA26116","PS4","Нет","1.049,00 TL","60%","419,60 TL","2026-09-24","","Нет","Да","","https://store.playstation.com/en-tr/concept/10001655","2021-08-10","Action","PEGI_12"
"229","Taxi Life: A City Driving Simulator","TOKYO GAME SHOW","PPSA14175","PS5","Нет","1.399,00 TL","60%","559,60 TL","2026-09-24","Standard Edition: 1.399,00 TL; Supporter Edition: 1.599,00 TL; Complete Edition: 2.579,00 TL","Нет","Да","","https://store.playstation.com/en-tr/concept/10007412","2024-03-07","Simulation","PEGI_3"
"166","I Am Cat","TOKYO GAME SHOW","PPSA25041","PS5","Нет","649,00 TL","15%","551,65 TL","2026-09-24","","Нет","Нет","","https://store.playstation.com/en-tr/concept/10012021","2026-05-06","Unique","PEGI_12"
"186","Hellblade II: Senua’s Saga","TOKYO GAME SHOW","PPSA25991","PS5","Нет","1.749,00 TL","50%","874,50 TL","2026-09-24","Hellblade II: Senua’s Saga: 1.749,00 TL; Deluxe Edition: 1.999,00 TL","Нет","Да","","https://store.playstation.com/en-tr/concept/10012536","2025-08-12","Action","PEGI_18"
"1159","FATAL FRAME II: Crimson Butterfly REMAKE","TOKYO GAME SHOW","PPSA32802","PS5","Нет","2.149,00 TL","35%","1.396,85 TL","2026-09-24","Standard Edition: 2.149,00 TL; Digital Deluxe Edition: 2.799,00 TL","Нет","Нет","","https://store.playstation.com/en-tr/concept/10016680","2026-03-11","Horror","PEGI_16"
"261","NARUTO SHIPPUDEN: Ultimate Ninja STORM 4","TOKYO GAME SHOW","CUSA02854","PS4","Нет","699,00 TL","25%","524,25 TL","2026-09-24","NARUTO SHIPPUDEN: Ultimate Ninja STORM 4 Road to Boruto: 1.749,00 TL; NARUTO SHIPPUDEN: Ultimate Ninja STORM 4: 699,00 TL","Нет","Да","","https://store.playstation.com/en-tr/concept/212870","2016-02-04","Fighting","PEGI_12"
"427","The Outer Worlds 2","TOKYO GAME SHOW","PPSA24588","PS5","Нет","2.999,00 TL","40%","1.799,40 TL","2026-09-24","The Outer Worlds 2: 2.999,00 TL; Premium: 3.999,00 TL","Нет","Да","","https://store.playstation.com/en-tr/concept/10011796","2025-10-29","Role Playing Games","PEGI_18"
"485","CarX Drift Racing Online","TOKYO GAME SHOW","CUSA15633","PS4","Нет","1.031,00 TL","80%","206,20 TL","2026-09-24","","Нет","Да","","https://store.playstation.com/en-tr/concept/10000161","2019-12-11","Driving/Racing","PEGI_3"
"595","Aces of Thunder","TOKYO GAME SHOW","PPSA13699","PS5","Нет","1.299,00 TL","40%","779,40 TL","2026-09-24","Aces of Thunder: 1.299,00 TL; Deluxe Edition: 2.149,00 TL","Нет","Нет","","https://store.playstation.com/en-tr/concept/10007306","2026-02-03","Simulation","PEGI_12"
"398","NieR: Automata Game of the","TOKYO GAME SHOW","CUSA04480","PS4","Нет","1.399,00 TL","60%","559,60 TL","2026-09-24","NieR: Automata™ Game of the YoRHa Edition: 1.399,00 TL","Нет","Нет","","https://store.playstation.com/en-tr/concept/217551","2019-02-25","Role Playing Games","PEGI_18"
"407","Warhammer 40,000: Rogue Trader","TOKYO GAME SHOW","PPSA15678","PS5","Нет","1.749,00 TL","65%","612,15 TL","2026-09-24","Warhammer 40,000: Rogue Trader: 1.749,00 TL; Voidfarer Edition: 3.499,00 TL; Deluxe Edition: 2.275,00 TL","Нет","Да","","https://store.playstation.com/en-tr/concept/10008102","2023-12-07","Role Playing Games","PEGI_18"
"1167","DYNASTY WARRIORS: ORIGINS","TOKYO GAME SHOW","PPSA15972","PS5","Нет","2.799,00 TL","30%","1.959,30 TL","2026-09-24","Standard Version: 2.799,00 TL; Digital Deluxe Edition: 3.399,00 TL","Нет","Нет","","https://store.playstation.com/en-tr/concept/10008191","2025-01-16","Action","PEGI_16"
"1756","A Plague Tale: Innocence","TOKYO GAME SHOW","PPSA02387","PS4, PS5","Нет","1.399,00 TL","80%","279,80 TL","2026-09-24","A Plague Tale: Innocence: 1.399,00 TL","Нет","Да","","https://store.playstation.com/en-tr/concept/231037","2021-07-05","Adventure","PEGI_18"
"471","A Plague Tale: Requiem","TOKYO GAME SHOW","PPSA02785","PS5","Нет","2.799,00 TL","70%","839,70 TL","2026-09-24","A Plague Tale Bundle: 3.149,00 TL","Нет","Да","","https://store.playstation.com/en-tr/concept/10002255","2022-10-17","Adventure","PEGI_18"
"670","KINGDOM HEARTS III","TOKYO GAME SHOW","CUSA12025","PS4","Нет","2.499,00 TL","60%","999,60 TL","2026-09-24","KINGDOM HEARTS All-In-One Package: 3.899,00 TL; KINGDOM HEARTS III: 2.499,00 TL","Нет","Нет","","https://store.playstation.com/en-tr/concept/208810","2019-01-28","Role Playing Games","PEGI_12"
"1463","DARK SOULS","TOKYO GAME SHOW","CUSA08495","PS4","Нет","2.579,00 TL","50%","1.289,50 TL","2026-09-24","","Нет","Да","","https://store.playstation.com/en-tr/concept/229482","2018-05-24","Role Playing Games","PEGI_16"
"1158","Bendy and the Ink Machine","TOKYO GAME SHOW","CUSA13635","PS4","Нет","699,00 TL","70%","209,70 TL","2026-09-24","Bendy: Studio Collection: 1.225,00 TL; Bendy and the Ink Machine: 699,00 TL","Нет","Нет","","https://store.playstation.com/en-tr/concept/232792","2018-11-19","Action","PEGI_12"
"1211","Labyrinthine","TOKYO GAME SHOW","PPSA28709","PS5","Нет","649,00 TL","20%","519,20 TL","2026-09-24","Standard Edition: 649,00 TL; Supporter Edition: 580,50 TL","Нет","Да","","https://store.playstation.com/en-tr/concept/10014325","2025-09-18","Horror","PEGI_18"
"1387","Sunset Motel","TOKYO GAME SHOW","PPSA33105","PS5","Нет","816,00 TL","20%","652,80 TL","2026-09-24","Sunset Motel: 816,00 TL; Sunset Motel: 816,00 TL","Да","Да","","https://store.playstation.com/en-tr/concept/10016807","2026-05-07","Simulator","PEGI_18"
"1387","Sunset Motel","TOKYO GAME SHOW","PPSA33105","PS5","Нет","816,00 TL","20%","652,80 TL","2026-09-24","Sunset Motel: 816,00 TL; Sunset Motel: 816,00 TL","Да","Да","","https://store.playstation.com/en-tr/concept/10016807","2026-05-07","Simulator","PEGI_18"
"1093","Drug Dealer Simulator","TOKYO GAME SHOW","PPSA29618","PS4, PS5","Нет","1.079,00 TL","35%","701,35 TL","2026-09-24","Drug Dealer Simulator: 1.079,00 TL; Contraband Police x Drug Dealer Simulator: 2.149,00 TL","Нет","Да","","https://store.playstation.com/en-tr/concept/10014685","2025-06-20","Simulation","PEGI_18"
"2801","ULTIMATE MARVEL VS. CAPCOM 3","TOKYO GAME SHOW","CUSA04543","PS4","Нет","875,00 TL","80%","175,00 TL","2026-09-24","","Нет","Нет","","https://store.playstation.com/en-tr/concept/227750","2016-12-03","Fighting","PEGI_12"
"502","PAC-MAN WORLD 2 Re-PAC","TOKYO GAME SHOW","PPSA18188","PS4, PS5","Нет","1.749,00 TL","40%","1.049,40 TL","2026-09-24","Standard Edition: 1.749,00 TL; Deluxe Edition: 2.149,00 TL","Нет","Да","","https://store.playstation.com/en-tr/concept/10009073","2025-09-25","Arcade","PEGI_7"
"940","Demeo x Dungeons & Dragons: Battlemarked","TOKYO GAME SHOW","PPSA28721","PS5","Нет","1.299,00 TL","35%","844,35 TL","2026-09-24","","Нет","Нет","","https://store.playstation.com/en-tr/concept/10014283","2025-11-20","Role Playing Games","PEGI_7"
"2239","Autopsy Simulator","TOKYO GAME SHOW","PPSA23605","PS5","Нет","1.015,00 TL","50%","507,50 TL","2026-09-24","","Нет","Да","","https://store.playstation.com/en-tr/concept/10011271","2025-04-02","Simulation","PEGI_16"
"674","Marvel vs. Capcom: Infinite","TOKYO GAME SHOW","CUSA06380","PS4","Нет","1.399,00 TL","88%","167,88 TL","2026-09-24","Marvel vs. Capcom: Infinite - Standard Edition: 1.399,00 TL; Marvel vs. Capcom: Infinite - Deluxe Edition: 2.099,00 TL","Нет","Да","","https://store.playstation.com/en-tr/concept/224890","2017-09-18","Action","PEGI_12"
"674","Marvel vs. Capcom: Infinite","TOKYO GAME SHOW","CUSA06380","PS4","Нет","1.399,00 TL","88%","167,88 TL","2026-09-24","Marvel vs. Capcom: Infinite - Standard Edition: 1.399,00 TL; Marvel vs. Capcom: Infinite - Deluxe Edition: 2.099,00 TL","Нет","Да","","https://store.playstation.com/en-tr/concept/224890","2017-09-18","Action","PEGI_12"
"635","CATAN","TOKYO GAME SHOW","PPSA07226","PS4, PS5","Нет","529,00 TL","80%","105,80 TL","2026-09-24","Deluxe: 169,80 TL; Super Deluxe: 1.299,00 TL; Complete Collection: 1.399,00 TL","Нет","Нет","","https://store.playstation.com/en-tr/concept/10004791","2023-02-23","Casual","PEGI_3"
"3409","Castaway","TOKYO GAME SHOW","PPSA24323","PS5","Нет","279,00 TL","70%","83,70 TL","2026-09-24","Castaway: 279,00 TL; Castaway: 279,00 TL","Нет","Да","","https://store.playstation.com/en-tr/concept/10011669","2024-08-16","Action","PEGI_3"
"3409","Castaway","TOKYO GAME SHOW","PPSA24323","PS5","Нет","279,00 TL","70%","83,70 TL","2026-09-24","Castaway: 279,00 TL; Castaway: 279,00 TL","Нет","Да","","https://store.playstation.com/en-tr/concept/10011669","2024-08-16","Action","PEGI_3"
"5043","Blightbound","TOKYO GAME SHOW","CUSA27669","PS4","Нет","849,00 TL","80%","169,80 TL","2026-09-24","","Нет","Да","","https://store.playstation.com/en-tr/concept/10000557","2021-07-27","Action","PEGI_16"
"5900","DATE A LIVE: Rio Reincarnation","TOKYO GAME SHOW","CUSA15766","PS4","Нет","1.299,00 TL","70%","389,70 TL","2026-09-24","","Нет","Нет","","https://store.playstation.com/en-tr/concept/228713","2019-07-25","Adventure","PEGI_12"
"2622","Offroad Rally Racing","TOKYO GAME SHOW","PPSA35122","PS5","Нет","215,00 TL","30%","150,50 TL","2026-09-24","Offroad Rally Racing: 215,00 TL; Offroad Rally Racing: 215,00 TL","Нет","Нет","","https://store.playstation.com/en-tr/concept/10018018","2025-12-19","Driving/Racing","PEGI_3"
"2622","Offroad Rally Racing","TOKYO GAME SHOW","PPSA35122","PS5","Нет","215,00 TL","30%","150,50 TL","2026-09-24","Offroad Rally Racing: 215,00 TL; Offroad Rally Racing: 215,00 TL","Нет","Нет","","https://store.playstation.com/en-tr/concept/10018018","2025-12-19","Driving/Racing","PEGI_3"
"207","THE FINALS","TOKYO GAME SHOW","PPSA12405","PS5","Нет","2.090,00 TL","75%","131,25 TL","2026-09-24","Year 1 Deluxe Edition: 2.090,00 TL","Нет","Да","","https://store.playstation.com/en-tr/concept/10006873","2023-12-08","Shooter","PEGI_12"
"3690","Stroke The Hamster","TOKYO GAME SHOW","PPSA09767","PS5","Нет","85,00 TL","20%","68,00 TL","2026-09-24","Stroke The Hamster: 85,00 TL; Stroke The Hamster: 85,00 TL","Нет","Нет","","https://store.playstation.com/en-tr/concept/10005984","2022-10-22","Casual","PEGI_3"
"3690","Stroke The Hamster","TOKYO GAME SHOW","PPSA09767","PS5","Нет","85,00 TL","20%","68,00 TL","2026-09-24","Stroke The Hamster: 85,00 TL; Stroke The Hamster: 85,00 TL","Нет","Нет","","https://store.playstation.com/en-tr/concept/10005984","2022-10-22","Casual","PEGI_3"
"7270","Hell Pie","TOKYO GAME SHOW","PPSA07508","PS4, PS5","Нет","875,00 TL","80%","175,00 TL","2026-09-24","","Нет","Да","","https://store.playstation.com/en-tr/concept/10004873","2022-07-21","Action","PEGI_16"
"7328","Hidden Through Time 2: Discovery","TOKYO GAME SHOW","PPSA22832","PS5","Нет","389,00 TL","50%","194,50 TL","2026-09-24","","Нет","Да","","https://store.playstation.com/en-tr/concept/10010909","2024-08-12","Puzzle","PEGI_7"
"4674","Armikrog","TOKYO GAME SHOW","CUSA04559","PS4","Нет","349,00 TL","75%","87,25 TL","2026-09-24","","Нет","Да","","https://store.playstation.com/en-tr/concept/216067","2016-08-22","Adventure","PEGI_7"
"3348","Minute Of Islands","TOKYO GAME SHOW","CUSA17192","PS4","Нет","699,00 TL","90%","69,90 TL","2026-09-24","","Нет","Нет","","https://store.playstation.com/en-tr/concept/234861","2021-06-12","Unique","PEGI_12"
"4822","BAD END THEATER","TOKYO GAME SHOW","PPSA24380","PS5","Нет","429,00 TL","35%","278,85 TL","2026-09-24","BAD END THEATER: 429,00 TL; BAD END THEATER: 429,00 TL","Нет","Да","","https://store.playstation.com/en-tr/concept/10011688","2025-07-10","Adventure","PEGI_16"
"4822","BAD END THEATER","TOKYO GAME SHOW","PPSA24380","PS5","Нет","429,00 TL","35%","278,85 TL","2026-09-24","BAD END THEATER: 429,00 TL; BAD END THEATER: 429,00 TL","Нет","Да","","https://store.playstation.com/en-tr/concept/10011688","2025-07-10","Adventure","PEGI_16"
"2691","Relicta","TOKYO GAME SHOW","CUSA17918","PS4","Нет","699,00 TL","90%","69,90 TL","2026-09-24","","Нет","Да","","https://store.playstation.com/en-tr/concept/235001","2020-08-04","Puzzle","PEGI_16"
"6094","Discolored","TOKYO GAME SHOW","PPSA36158","PS5","Нет","429,00 TL","55%","157,05 TL","2026-09-24","Discolored: 429,00 TL; Discolored: 349,00 TL","Нет","Да","","https://store.playstation.com/en-tr/concept/10013871","2026-02-24","Puzzle","PEGI_3"
"6094","Discolored","TOKYO GAME SHOW","PPSA36158","PS5","Нет","429,00 TL","55%","157,05 TL","2026-09-24","Discolored: 429,00 TL; Discolored: 349,00 TL","Нет","Да","","https://store.playstation.com/en-tr/concept/10013871","2026-02-24","Puzzle","PEGI_3"
"3474","Hidden Kittens: Kingdom of Cats","TOKYO GAME SHOW","PPSA29166","PS5","Нет","105,00 TL","50%","52,50 TL","2026-09-24","Hidden Kittens: Kingdom of Cats: 105,00 TL; Hidden Kittens: Kingdom of Cats: 105,00 TL","Нет","Нет","","https://store.playstation.com/en-tr/concept/10014614","2025-05-14","Puzzle","PEGI_3"
"3474","Hidden Kittens: Kingdom of Cats","TOKYO GAME SHOW","PPSA29166","PS5","Нет","105,00 TL","50%","52,50 TL","2026-09-24","Hidden Kittens: Kingdom of Cats: 105,00 TL; Hidden Kittens: Kingdom of Cats: 105,00 TL","Нет","Нет","","https://store.playstation.com/en-tr/concept/10014614","2025-05-14","Puzzle","PEGI_3"
"2267","Ultra Foodmess","TOKYO GAME SHOW","PPSA05576","PS5","Нет","139,00 TL","70%","41,70 TL","2026-09-24","Ultra Foodmess: 139,00 TL; Ultra Foodmess: 139,00 TL","Нет","Нет","","https://store.playstation.com/en-tr/concept/10003348","2022-02-23","Action","PEGI_3"
"2267","Ultra Foodmess","TOKYO GAME SHOW","PPSA05576","PS5","Нет","139,00 TL","70%","41,70 TL","2026-09-24","Ultra Foodmess: 139,00 TL; Ultra Foodmess: 139,00 TL","Нет","Нет","","https://store.playstation.com/en-tr/concept/10003348","2022-02-23","Action","PEGI_3"
"3475","Stroke The Horse","TOKYO GAME SHOW","PPSA11118","PS5","Нет","85,00 TL","20%","68,00 TL","2026-09-24","Stroke The Horse: 85,00 TL; Stroke The Horse: 85,00 TL","Нет","Нет","","https://store.playstation.com/en-tr/concept/10006479","2023-01-19","Casual","PEGI_3"
"3475","Stroke The Horse","TOKYO GAME SHOW","PPSA11118","PS5","Нет","85,00 TL","20%","68,00 TL","2026-09-24","Stroke The Horse: 85,00 TL; Stroke The Horse: 85,00 TL","Нет","Нет","","https://store.playstation.com/en-tr/concept/10006479","2023-01-19","Casual","PEGI_3"
"5086","Bocce","TOKYO GAME SHOW","CUSA34593","PS4","Нет","343,00 TL","30%","240,10 TL","2026-09-24","","Нет","Нет","","https://store.playstation.com/en-tr/concept/10005428","2022-06-25","Sport","PEGI_3"
"29","The Lord of the Rings: War in the North","TOKYO GAME SHOW","PPSA22721","PS5","Нет","927,90 TL","60%","139,60 TL","2026-09-24","","Нет","Да","","https://store.playstation.com/en-tr/concept/10010865","2026-08-11","Role Playing Games","PEGI_18"
"3594","Battle Engine Aquila","TOKYO GAME SHOW","PPSA27019","PS4, PS5","Нет","429,00 TL","55%","193,05 TL","2026-09-24","","Нет","Нет","","https://store.playstation.com/en-tr/concept/10013168","2025-05-20","Action","PEGI_12"
"5763","Crowns and Pawns: Kingdom of Deceit","TOKYO GAME SHOW","PPSA25784","PS4, PS5","Нет","699,00 TL","50%","349,50 TL","2026-09-24","","Нет","Да","","https://store.playstation.com/en-tr/concept/10012415","2025-02-27","Adventure","PEGI_12"
"7432","Hyper-5","TOKYO GAME SHOW","PPSA08305","PS4, PS5","Нет","429,00 TL","65%","150,15 TL","2026-09-24","","Нет","Нет","","https://store.playstation.com/en-tr/concept/10005349","2023-04-11","Action","PEGI_12"
"3995","Adam Wolfe","TOKYO GAME SHOW","PPSA19684","PS5","Нет","849,00 TL","20%","679,20 TL","2026-09-24","Adam Wolfe: 849,00 TL; Adam Wolfe: 849,00 TL","Нет","Да","","https://store.playstation.com/en-tr/concept/10009545","2024-04-09","Adventure","PEGI_16"
"3995","Adam Wolfe","TOKYO GAME SHOW","PPSA19684","PS5","Нет","849,00 TL","20%","679,20 TL","2026-09-24","Adam Wolfe: 849,00 TL; Adam Wolfe: 849,00 TL","Нет","Да","","https://store.playstation.com/en-tr/concept/10009545","2024-04-09","Adventure","PEGI_16"
"3694","Stroke The Fish","TOKYO GAME SHOW","PPSA10316","PS5","Нет","85,00 TL","20%","68,00 TL","2026-09-24","Stroke The Fish: 85,00 TL; Stroke The Fish: 85,00 TL","Нет","Нет","","https://store.playstation.com/en-tr/concept/10006145","2022-11-06","Casual","PEGI_3"
"3694","Stroke The Fish","TOKYO GAME SHOW","PPSA10316","PS5","Нет","85,00 TL","20%","68,00 TL","2026-09-24","Stroke The Fish: 85,00 TL; Stroke The Fish: 85,00 TL","Нет","Нет","","https://store.playstation.com/en-tr/concept/10006145","2022-11-06","Casual","PEGI_3"
"7995","Lifeless Moon","TOKYO GAME SHOW","PPSA21899","PS4, PS5","Нет","549,00 TL","50%","274,50 TL","2026-09-24","","Нет","Да","","https://store.playstation.com/en-tr/concept/10010085","2024-07-09","Action","PEGI_12"
"3674","Stroke The Beaver","TOKYO GAME SHOW","PPSA12234","PS5","Нет","85,00 TL","20%","68,00 TL","2026-09-24","Stroke The Beaver: 85,00 TL; Stroke The Beaver: 85,00 TL","Нет","Нет","","https://store.playstation.com/en-tr/concept/10006802","2023-04-30","Casual","PEGI_3"
"3674","Stroke The Beaver","TOKYO GAME SHOW","PPSA12234","PS5","Нет","85,00 TL","20%","68,00 TL","2026-09-24","Stroke The Beaver: 85,00 TL; Stroke The Beaver: 85,00 TL","Нет","Нет","","https://store.playstation.com/en-tr/concept/10006802","2023-04-30","Casual","PEGI_3"
"5674","Cooking Companions","TOKYO GAME SHOW","PPSA27180","PS5","Нет","649,00 TL","40%","389,40 TL","2026-09-24","Cooking Companions: 649,00 TL; Cooking Companions: 649,00 TL","Нет","Нет","","https://store.playstation.com/en-tr/concept/10013262","2025-04-29","Adventure","PEGI_16"
"5674","Cooking Companions","TOKYO GAME SHOW","PPSA27180","PS5","Нет","649,00 TL","40%","389,40 TL","2026-09-24","Cooking Companions: 649,00 TL; Cooking Companions: 649,00 TL","Нет","Нет","","https://store.playstation.com/en-tr/concept/10013262","2025-04-29","Adventure","PEGI_16"
"6859","Fuga: Melodies of Steel 3","TOKYO GAME SHOW","PPSA25219","PS4, PS5","Нет","1.749,00 TL","40%","1.049,40 TL","2026-09-24","Standard Edition: 1.749,00 TL; Deluxe Edition: 2.579,00 TL; Ultimate Edition: 2.999,00 TL","Нет","Нет","","https://store.playstation.com/en-tr/concept/10012099","2025-05-29","Role Playing Games","PEGI_12"
"7508","INAYAH – Life After Gods","TOKYO GAME SHOW","PPSA31250","PS5","Нет","774,00 TL","50%","387,00 TL","2026-09-24","","Нет","Да","","https://store.playstation.com/en-tr/concept/10015780","2025-08-18","Action","PEGI_16"
"3159","Gods Will Fall","TOKYO GAME SHOW","CUSA19024","PS4","Нет","525,00 TL","85%","78,75 TL","2026-09-24","Standard Edition: 525,00 TL; Valiant Edition: 104,85 TL","Нет","Да","","https://store.playstation.com/en-tr/concept/10000242","2021-02-12","Action","PEGI_16"
"6411","Elevator Action -Returns- S-Tribute","TOKYO GAME SHOW","CUSA30068","PS4","Нет","649,00 TL","50%","324,50 TL","2026-09-24","","Нет","Нет","","https://store.playstation.com/en-tr/concept/10003681","2022-11-30","Action","PEGI_12"
"6013","Dentist Bling","TOKYO GAME SHOW","CUSA58765","PS4","Нет","215,00 TL","50%","107,50 TL","2026-09-24","Standard Edition: 215,00 TL; Dentist Bling & Dessert DIY: 343,00 TL; Complete Edition: 300,00 TL","Нет","Нет","","https://store.playstation.com/en-tr/concept/10018937","2026-05-07","Simulation","PEGI_3"
"7088","Grand Slam Tennis","TOKYO GAME SHOW","CUSA34343","PS4","Нет","139,00 TL","30%","97,30 TL","2026-09-24","","Нет","Нет","","https://store.playstation.com/en-tr/concept/10005331","2022-06-23","Sport","PEGI_3"
"3450","Stroke The Tortoise","TOKYO GAME SHOW","PPSA10331","PS5","Нет","85,00 TL","20%","68,00 TL","2026-09-24","Stroke The Tortoise: 85,00 TL; Stroke The Tortoise: 85,00 TL","Нет","Нет","","https://store.playstation.com/en-tr/concept/10006146","2022-11-09","Casual","PEGI_3"
"3450","Stroke The Tortoise","TOKYO GAME SHOW","PPSA10331","PS5","Нет","85,00 TL","20%","68,00 TL","2026-09-24","Stroke The Tortoise: 85,00 TL; Stroke The Tortoise: 85,00 TL","Нет","Нет","","https://store.playstation.com/en-tr/concept/10006146","2022-11-09","Casual","PEGI_3"
"3625","Stroke The Rabbit","TOKYO GAME SHOW","CUSA36788","PS4","Нет","85,00 TL","20%","68,00 TL","2026-09-24","Stroke The Rabbit: 85,00 TL; Stroke The Rabbit: 85,00 TL","Нет","Нет","","https://store.playstation.com/en-tr/concept/10006144","2022-10-04","Casual","PEGI_3"
"3625","Stroke The Rabbit","TOKYO GAME SHOW","CUSA36788","PS4","Нет","85,00 TL","20%","68,00 TL","2026-09-24","Stroke The Rabbit: 85,00 TL; Stroke The Rabbit: 85,00 TL","Нет","Нет","","https://store.playstation.com/en-tr/concept/10006144","2022-10-04","Casual","PEGI_3"
"2440","Fishing Sim World: Pro Tour","TOKYO GAME SHOW","CUSA12376","PS4","Нет","139,80 TL","80%","175,80 TL","2026-09-24","Fishing Sim World: Pro Tour + The Catch: Carp & Coarse: 299,80 TL; Fishing Sim World®: Pro Tour Collector's Edition: 1.949,00 TL; Fishing Sim World®: Pro Tour - Lough Kerr + Talon Fishery: 109,80 TL; Fishing Sim World: Pro Tour Deluxe Edition: 879,00 TL; Fishing Sim World: Pro Tour + Quad Lake Pass: 1.749,00 TL; Fishing Sim World: Pro Tour: 139,80 TL","Нет","Да","","https://store.playstation.com/en-tr/concept/232285","2018-09-18","Simulation","PEGI_3"
"6830","Freedom Planet","TOKYO GAME SHOW","CUSA08821","PS4","Нет","629,00 TL","50%","314,50 TL","2026-09-24","","Нет","Нет","","https://store.playstation.com/en-tr/concept/223023","2017-09-10","Action","PEGI_12"
"5011","Black Skylands","TOKYO GAME SHOW","PPSA13858","PS4, PS5","Нет","699,00 TL","75%","174,75 TL","2026-09-24","","Нет","Да","","https://store.playstation.com/en-tr/concept/10007383","2023-08-14","Action","PEGI_16"
"2835","3 on 3 Soccer","TOKYO GAME SHOW","PPSA31178","PS5","Нет","171,00 TL","30%","119,70 TL","2026-09-24","3 on 3 Soccer: 171,00 TL; 3 on 3 Soccer: 171,00 TL","Нет","Нет","","https://store.playstation.com/en-tr/concept/10015738","2025-06-27","Sport","PEGI_3"
"2835","3 on 3 Soccer","TOKYO GAME SHOW","PPSA31178","PS5","Нет","171,00 TL","30%","119,70 TL","2026-09-24","3 on 3 Soccer: 171,00 TL; 3 on 3 Soccer: 171,00 TL","Нет","Нет","","https://store.playstation.com/en-tr/concept/10015738","2025-06-27","Sport","PEGI_3"
"3684","Stroke The Cow","TOKYO GAME SHOW","PPSA11112","PS5","Нет","85,00 TL","20%","68,00 TL","2026-09-24","Stroke The Cow: 85,00 TL; Stroke The Cow: 85,00 TL","Нет","Нет","","https://store.playstation.com/en-tr/concept/10006477","2023-01-06","Casual","PEGI_3"
"70","Resident Evil Requiem","TOKYO GAME SHOW","PPSA31246","PS5","Нет","3.449,00 TL","38%","2.138,38 TL","2026-09-24","Standard Edition: 3.449,00 TL; Deluxe Edition: 3.849,00 TL","Да","Да","","https://store.playstation.com/en-tr/concept/10015533","2026-02-26","Action","PEGI_18"
"136","PRAGMATA","TOKYO GAME SHOW","PPSA02530","PS5","Нет","2.579,00 TL","20%","2.063,20 TL","2026-09-24","Standard Edition: 2.579,00 TL; Deluxe Edition: 2.999,00 TL","Да","Да","","https://store.playstation.com/en-tr/concept/10002075","2026-04-16","Action","PEGI_16"
"82","Call of Duty: Black Ops","TOKYO GAME SHOW","PPSA34501","PS4, PS5","Нет","1.600,00 TL","50%","800,00 TL","2026-09-24","","Да","Да","","https://store.playstation.com/en-tr/concept/10017657","2026-07-09","Shooter","PEGI_18"
"69","Call of Duty: Black Ops II","TOKYO GAME SHOW","PPSA34502","PS4, PS5","Нет","1.600,00 TL","50%","800,00 TL","2026-09-24","","Да","Да","","https://store.playstation.com/en-tr/concept/10017658","2026-07-09","Shooter","PEGI_18"
"9","Forza Horizon 5","TOKYO GAME SHOW","PPSA22327","PS5","Нет","1.541,00 TL","60%","616,40 TL","2026-09-24","Standard Edition: 1.541,00 TL; Deluxe Edition: 2.055,00 TL; Premium Edition: 2.570,00 TL","Нет","Да","","https://store.playstation.com/en-tr/concept/10010647","2025-04-28","Driving/Racing","PEGI_3"
"141","Resident Evil 4","TOKYO GAME SHOW","PPSA07412","PS4, PS5","Нет","1.399,00 TL","75%","349,75 TL","2026-09-24","Standard Edition: 1.399,00 TL; Gold Edition: 1.749,00 TL; Remake Trilogy: 2.999,00 TL","Да","Да","","https://store.playstation.com/en-tr/concept/10004473","2023-03-23","Horror","PEGI_18"
"250","DEATH STRANDING 2: ON THE BEACH","TOKYO GAME SHOW","PPSA02015","PS5","Нет","3.449,00 TL","38%","2.138,38 TL","2026-09-24","Digital Deluxe Edition: 3.849,00 TL","Да","Да","","https://store.playstation.com/en-tr/concept/10001538","2025-06-25","Action","PEGI_18"
"137","Rust","TOKYO GAME SHOW","PPSA24616","PS5","Нет","2.149,00 TL","25%","1.611,75 TL","2026-09-24","Ultimate: 3.849,00 TL; Deluxe: 2.579,00 TL","Нет","Да","","https://store.playstation.com/en-tr/concept/233072","2025-06-26","Shooter","PEGI_16"
"35","REANIMAL","TOKYO GAME SHOW","PPSA23372","PS5","Нет","1.749,00 TL","20%","1.399,20 TL","2026-09-24","Digital Deluxe Edition: 2.579,00 TL","Да","Да","","https://store.playstation.com/en-tr/concept/10010999","2026-02-13","Horror","PEGI_18"
"204","No Man's Sky","TOKYO GAME SHOW","PPSA01412","PS4, PS5","Нет","1.249,00 TL","60%","499,60 TL","2026-09-24","","Нет","Да","","https://store.playstation.com/en-tr/concept/216600","2020-11-11","Unique","PEGI_12"
"121","Dying Light: The Beast","TOKYO GAME SHOW","PPSA24003","PS5","Нет","2.799,00 TL","50%","1.399,50 TL","2026-09-24","Dying Light: The Beast: 2.799,00 TL; Deluxe Edition: 3.249,00 TL; Definitive Edition: 3.849,00 TL","Нет","Да","","https://store.playstation.com/en-tr/concept/10011468","2025-09-18","Action","PEGI_18"
"132","Sea of Thieves","TOKYO GAME SHOW","PPSA17668","PS5","Нет","999,00 TL","65%","349,65 TL","2026-09-24","Standard Edition: 999,00 TL; 2026 Deluxe Edition: 1.249,00 TL; 2026 Premium Edition: 1.499,00 TL","Нет","Да","","https://store.playstation.com/en-tr/concept/10008884","2024-04-30","Adventure","PEGI_12"
"382","Directive 8020","TOKYO GAME SHOW","PPSA16384","PS5","Нет","2.149,00 TL","20%","1.719,20 TL","2026-09-24","Digital Deluxe Edition: 2.579,00 TL","Нет","Да","","https://store.playstation.com/en-tr/concept/10008357","2026-05-12","Horror","PEGI_18"
"203","Echoes of Aincrad","TOKYO GAME SHOW","PPSA22969","PS5","Нет","2.999,00 TL","30%","2.099,30 TL","2026-09-24","Standard Edition: 2.999,00 TL; Deluxe Edition: 3.849,00 TL; Ultimate Edition: 4.749,00 TL","Нет","Да","","https://store.playstation.com/en-tr/concept/10010956","2026-07-09","Action","PEGI_12"
"707","DRAGON BALL XENOVERSE 2","TOKYO GAME SHOW","PPSA08586","PS4, PS5","Нет","699,00 TL","65%","489,65 TL","2026-09-24","Standard Edition: 699,00 TL; Dragon Ball Xenoverse 1 and 2 Bundle: 654,33 TL; Special Edition: 1.749,00 TL; Deluxe Edition: 1.399,00 TL","Нет","Да","","https://store.playstation.com/en-tr/concept/217012","2024-05-23","Fighting","PEGI_12"
"419","NARUTO TO BORUTO: SHINOBI STRIKER","TOKYO GAME SHOW","CUSA08767","PS4","Нет","1.049,00 TL","75%","487,25 TL","2026-09-24","Ultimate Edition: 4.949,00 TL; NARUTO TO BORUTO: SHINOBI STRIKER Deluxe Edition: 1.949,00 TL","Нет","Да","","https://store.playstation.com/en-tr/concept/227447","2018-08-30","Action","PEGI_12"
"282","Sonic Racing: CrossWorlds","TOKYO GAME SHOW","PPSA08804","PS4, PS5","Нет","2.499,00 TL","60%","999,60 TL","2026-09-24","Standard Edition: 2.499,00 TL; Digital Deluxe Edition: 3.149,00 TL","Нет","Да","","https://store.playstation.com/en-tr/concept/10005570","2025-09-25","Driving/Racing","PEGI_3"
"832","Dead Island 2","TOKYO GAME SHOW","PPSA03099","PS4, PS5","Нет","1.749,00 TL","80%","349,80 TL","2026-09-24","Ultimate Edition: 2.499,00 TL; Series Bundle: 769,80 TL","Нет","Да","PS Plus Extra","https://store.playstation.com/en-tr/concept/201061","2023-04-20","Adventure","PEGI_18"
"171","Call of Duty: Modern Warfare","TOKYO GAME SHOW","CUSA15277","PS4","Нет","2.159,99 TL","75%","539,99 TL","2026-09-24","","Нет","Нет","","https://store.playstation.com/en-tr/concept/229182","2019-10-24","Shooter","PEGI_18"
"171","Call of Duty: Modern Warfare","TOKYO GAME SHOW","CUSA15277","PS4","Нет","2.159,99 TL","75%","539,99 TL","2026-09-24","","Нет","Нет","","https://store.playstation.com/en-tr/concept/229182","2019-10-24","Shooter","PEGI_18"
"60","Call of Duty: WWII","TOKYO GAME SHOW","CUSA08630","PS4","Нет","254,00 TL","75%","63,50 TL","2026-09-24","Call of Duty®: WWII - Gold Edition: 254,00 TL; Call of Duty®: WWII - Digital Deluxe Edition: 1.102,15 TL","Нет","Нет","","https://store.playstation.com/en-tr/concept/227115","2018-05-07","Shooter","PEGI_18"
"286","Crash Bandicoot N. Sane Trilogy","TOKYO GAME SHOW","CUSA07399","PS4","Нет","1.749,00 TL","70%","524,70 TL","2026-09-24","","Нет","Нет","","https://store.playstation.com/en-tr/concept/227649","2017-06-29","Action","PEGI_7"
"415","Crash Bandicoot 4: It’s About Time","TOKYO GAME SHOW","PPSA02433","PS4, PS5","Нет","2.299,00 TL","70%","689,70 TL","2026-09-24","Crash Bandicoot™ 4: It’s About Time: 2.299,00 TL; Crash Bandicoot™ - Quadrilogy Bundle: 769,00 TL; Crash Bandicoot™ - Crashiversary Bundle: 999,00 TL","Нет","Да","","https://store.playstation.com/en-tr/concept/10000264","2021-03-12","Action","PEGI_12"
"416","RESIDENT EVIL 3","TOKYO GAME SHOW","PPSA03953","PS4, PS5","Нет","1.399,00 TL","80%","279,80 TL","2026-09-24","Standard Edition: 1.399,00 TL; Raccoon City Edition: 2.099,00 TL","Нет","Да","PS Plus","https://store.playstation.com/en-tr/concept/233069","2022-06-13","Adventure","PEGI_18"
"239","RESIDENT EVIL 7 biohazard","TOKYO GAME SHOW","PPSA04401","PS4, PS5","Нет","699,00 TL","60%","279,60 TL","2026-09-24","Standard Edition: 699,00 TL; Gold Edition: 1.399,00 TL","Нет","Да","","https://store.playstation.com/en-tr/concept/220037","2022-06-13","Action","PEGI_18"
"130","Avatar: Frontiers of Pandora","TOKYO GAME SHOW","PPSA07497","PS5","Нет","1.049,00 TL","45%","576,95 TL","2026-09-24","From The Ashes Edition: 1.399,00 TL; Complete Edition: 2.099,00 TL","Нет","Да","PS Plus Extra","https://store.playstation.com/en-tr/concept/235179","2023-12-06","Unique","PEGI_16"
"198","Nioh 3","TOKYO GAME SHOW","PPSA32785","PS5","Нет","3.449,00 TL","43%","1.965,93 TL","2026-09-24","Standard Edition: 3.449,00 TL; Digital Deluxe Edition: 5.149,00 TL","Нет","Да","","https://store.playstation.com/en-tr/concept/10014010","2026-02-05","Role Playing Games","PEGI_18"
"482","Monster Hunter Wilds","TOKYO GAME SHOW","PPSA07862","PS5","Нет","1.749,00 TL","25%","1.311,75 TL","2026-09-24","Standard Edition: 1.749,00 TL; Gold Edition: 3.449,00 TL","Да","Да","","https://store.playstation.com/en-tr/concept/10005176","2025-02-27","Action","PEGI_16"
"583","DARK SOULS III","TOKYO GAME SHOW","CUSA03365","PS4","Нет","3.249,00 TL","50%","2.249,50 TL","2026-09-24","DARK SOULS™ III - Deluxe Edition: 4.499,00 TL; DARK SOULS™ III: 3.249,00 TL","Нет","Да","","https://store.playstation.com/en-tr/concept/201190","2016-04-11","Action","PEGI_16"
"583","DARK SOULS III","TOKYO GAME SHOW","CUSA03365","PS4","Нет","3.249,00 TL","50%","2.249,50 TL","2026-09-24","DARK SOULS™ III - Deluxe Edition: 4.499,00 TL; DARK SOULS™ III: 3.249,00 TL","Нет","Да","","https://store.playstation.com/en-tr/concept/201190","2016-04-11","Action","PEGI_16"
"467","RESIDENT EVIL 5","TOKYO GAME SHOW","CUSA04284","PS4","Нет","699,00 TL","75%","174,75 TL","2026-09-24","","Нет","Нет","","https://store.playstation.com/en-tr/concept/232115","2016-06-27","Horror","PEGI_18"
"431","ONE PIECE: PIRATE WARRIORS 4","TOKYO GAME SHOW","PPSA27502","PS4, PS5","Нет","1.749,00 TL","75%","437,25 TL","2026-09-24","Standard Edition: 1.749,00 TL; Ultimate Edition: 3.849,00 TL; Legendary Edition: 4.749,00 TL","Нет","Да","","https://store.playstation.com/en-tr/concept/234628","2025-11-20","Adventure","PEGI_12"
"586","Tainted Grail: The Fall of Avalon","TOKYO GAME SHOW","PPSA19411","PS5","Нет","1.575,00 TL","40%","945,00 TL","2026-09-24","Standard Edition: 1.575,00 TL; Excalibur Edition: 2.349,00 TL; Adventure Pack: 2.149,00 TL","Нет","Да","","https://store.playstation.com/en-tr/concept/10009530","2025-05-23","Role Playing Games","PEGI_18"
"701","Resident Evil 6","TOKYO GAME SHOW","CUSA03840","PS4","Нет","699,00 TL","75%","174,75 TL","2026-09-24","Resident Evil Triple Pack: 1.749,00 TL; Resident Evil 6: 699,00 TL","Нет","Да","","https://store.playstation.com/en-tr/concept/232116","2016-03-28","Shooter","PEGI_18"
"97","Call of Duty: Black Ops 4","TOKYO GAME SHOW","CUSA12443","PS4","Нет","469,00 TL","75%","117,25 TL","2026-09-24","Call of Duty®: Black Ops 4 - Digital Deluxe: 234,15 TL; Call of Duty®: Black Ops 4: 469,00 TL","Нет","Нет","","https://store.playstation.com/en-tr/concept/232300","2019-05-01","Shooter","PEGI_18"
"192","LEGO Marvel Super Heroes","TOKYO GAME SHOW","CUSA00044","PS4","Нет","1.399,00 TL","87%","181,87 TL","2026-09-24","LEGO® Marvel™ Super Heroes: 1.399,00 TL","Нет","Да","","https://store.playstation.com/en-tr/concept/202493","2013-11-28","Action","PEGI_7"
"366","Cairn","TOKYO GAME SHOW","PPSA28769","PS5","Нет","1.299,00 TL","25%","974,25 TL","2026-09-24","Standard Edition: 1.299,00 TL; Cairn - Deluxe Edition: 1.590,00 TL","Нет","Да","","https://store.playstation.com/en-tr/concept/10014085","2026-01-29","Sport","PEGI_16"
"206","The Walking Dead: The Telltale Definitive Series","TOKYO GAME SHOW","CUSA16506","PS4","Нет","1.749,00 TL","75%","437,25 TL","2026-09-24","","Нет","Да","","https://store.playstation.com/en-tr/concept/234566","2019-09-09","Adventure","PEGI_18"
"193","Metro Exodus","TOKYO GAME SHOW","PPSA01749","PS4, PS5","Нет","1.049,00 TL","85%","209,85 TL","2026-09-24","Standard Edition: 1.049,00 TL; Gold Edition: 1.399,00 TL; Metro Saga Bundle: 2.099,00 TL","Да","Да","","https://store.playstation.com/en-tr/concept/231769","2021-06-17","Shooter","PEGI_18"
"318","BLEACH Rebirth of Souls","TOKYO GAME SHOW","PPSA03579","PS4, PS5","Нет","2.499,00 TL","50%","1.249,50 TL","2026-09-24","Standard Edition: 2.499,00 TL; Deluxe Edition: 3.399,00 TL; Ultimate Edition: 3.899,00 TL","Нет","Да","","https://store.playstation.com/en-tr/concept/10001710","2025-03-20","Fighting","PEGI_12"
"356","Atomfall","TOKYO GAME SHOW","PPSA15493","PS4, PS5","Нет","2.099,00 TL","50%","1.049,50 TL","2026-09-24","Standard: 2.099,00 TL; Atomfall Deluxe Edition: 2.099,25 TL; Atomfall Complete Edition: 3.849,00 TL","Нет","Да","","https://store.playstation.com/en-tr/concept/10007896","2025-03-27","Adventure","PEGI_18"
"1053","Solarpunk","TOKYO GAME SHOW","PPSA27103","PS5","Нет","1.138,81 TL","20%","911,04 TL","2026-09-24","","Нет","Да","","https://store.playstation.com/en-tr/concept/10013019","2026-06-08","Simulation","PEGI_3"
"320","The Alters","TOKYO GAME SHOW","PPSA16033","PS5","Нет","1.499,00 TL","50%","749,50 TL","2026-09-24","Standard Edition: 1.499,00 TL; Deluxe Edition: 1.289,40 TL","Нет","Да","","https://store.playstation.com/en-tr/concept/10008217","2025-06-13","Adventure","PEGI_16"
"682","DRAGON QUEST VII Reimagined","TOKYO GAME SHOW","PPSA17942","PS5","Нет","2.999,00 TL","35%","1.949,35 TL","2026-09-24","DRAGON QUEST VII Reimagined: 2.999,00 TL; Digital Deluxe Edition: 3.649,00 TL","Нет","Нет","","https://store.playstation.com/en-tr/concept/10008842","2026-02-04","Role Playing Games","PEGI_12"
"236","Demon Slayer -Kimetsu no Yaiba- The Hinokami Chronicles 2","TOKYO GAME SHOW","PPSA25427","PS4, PS5","Нет","2.579,00 TL","60%","1.031,60 TL","2026-09-24","Standard Edition: 2.579,00 TL; Deluxe Edition: 2.999,00 TL","Нет","Нет","","https://store.playstation.com/en-tr/concept/10008540","2025-08-05","Action","PEGI_16"
"631","MY HERO ACADEMIA: All’s Justice","TOKYO GAME SHOW","PPSA26174","PS5","Нет","2.999,00 TL","40%","1.799,40 TL","2026-09-24","Standard Edition: 2.999,00 TL; Deluxe Edition: 3.849,00 TL; Ultimate Edition: 4.749,00 TL","Нет","Нет","","https://store.playstation.com/en-tr/concept/10012661","2026-02-05","Action","PEGI_12"
"363","Yakuza Kiwami 3 & Dark Ties","TOKYO GAME SHOW","PPSA30223","PS4, PS5","Нет","2.579,00 TL","50%","1.289,50 TL","2026-09-24","Standard Edition: 2.579,00 TL; Deluxe Edition: 2.111,85 TL","Нет","Да","","https://store.playstation.com/en-tr/concept/10015219","2026-02-11","Adventure","PEGI_18"
"334","Hello Neighbor","TOKYO GAME SHOW","PPSA35154","PS4, PS5","Нет","1.299,00 TL","75%","524,75 TL","2026-09-24","","Нет","Да","PS Plus Extra","https://store.playstation.com/en-tr/concept/231096","2026-03-26","Horror","PEGI_7"
"935","Hello Neighbor Hide and Seek","TOKYO GAME SHOW","CUSA13970","PS4","Нет","1.199,00 TL","75%","299,75 TL","2026-09-24","Hello Neighbor Hide and Seek: 1.199,00 TL; Hello Neighbor Bundle: 2.099,00 TL","Нет","Да","","https://store.playstation.com/en-tr/concept/232953","2018-12-06","Horror","PEGI_12"
"341","JoJo's Bizarre Adventure: All-Star Battle R","TOKYO GAME SHOW","PPSA04323","PS4, PS5","Нет","1.749,00 TL","80%","349,80 TL","2026-09-24","Standard Edition: 1.749,00 TL; Deluxe Edition: 2.499,00 TL; Ultimate Edition: 3.249,00 TL","Нет","Нет","","https://store.playstation.com/en-tr/concept/10001302","2022-09-01","Action","PEGI_12"
"272","Mafia II","TOKYO GAME SHOW","CUSA17761","PS4","Нет","1.159,00 TL","80%","231,80 TL","2026-09-24","","Да","Да","","https://store.playstation.com/en-tr/concept/234770","2020-05-18","Adventure","PEGI_18"
"330","Far Cry Primal","TOKYO GAME SHOW","CUSA03309","PS4","Нет","1.399,00 TL","75%","299,75 TL","2026-09-24","Apex Edition: 1.199,00 TL","Нет","Нет","PS Plus Extra","https://store.playstation.com/en-tr/concept/201634","2016-02-22","Adventure","PEGI_18"
"330","Far Cry Primal","TOKYO GAME SHOW","CUSA03309","PS4","Нет","1.399,00 TL","75%","299,75 TL","2026-09-24","Apex Edition: 1.199,00 TL","Нет","Нет","PS Plus Extra","https://store.playstation.com/en-tr/concept/201634","2016-02-22","Adventure","PEGI_18"
"633","Risk of Rain 2","TOKYO GAME SHOW","PPSA06517","PS4, PS5","Нет","879,00 TL","75%","219,75 TL","2026-09-24","Risk of Rain 2: 879,00 TL; ROR2 + SOTV + SOTS + AC: 1.074,50 TL","Нет","Да","","https://store.playstation.com/en-tr/concept/234386","2024-08-27","Action","PEGI_12"
"749","NEW MONOPOLY","TOKYO GAME SHOW","PPSA17419","PS4, PS5","Нет","1.049,00 TL","60%","419,60 TL","2026-09-24","","Нет","Да","PS Plus Extra","https://store.playstation.com/en-tr/concept/10008585","2024-09-25","Party","PEGI_3"
"2574","Vampire Crawlers: The Turbo Wildcard from Vampire Survivors","TOKYO GAME SHOW","PPSA30703","PS5","Нет","193,00 TL","10%","173,70 TL","2026-09-24","","Нет","Да","","https://store.playstation.com/en-tr/concept/10015481","2026-04-21","Strategy","PEGI_7"
"625","Sniper Ghost Warrior Contracts 2","TOKYO GAME SHOW","PPSA03131","PS4, PS5","Нет","1.399,00 TL","90%","139,90 TL","2026-09-24","Standard Edition: 1.399,00 TL; SGWC1 & SGWC2 Double Pack: 2.099,00 TL; Premium Edition: 1.749,00 TL; SGWC1 & SGWC2 Double Pack: 2.099,00 TL; Complete Edition: 2.099,00 TL","Нет","Да","","https://store.playstation.com/en-tr/concept/10000888","2021-06-03","Shooter","PEGI_18"
"388","DRAGON BALL FighterZ","TOKYO GAME SHOW","PPSA09789","PS4, PS5","Нет","2.499,00 TL","84%","559,84 TL","2026-09-24","DRAGON BALL FighterZ PS4 & PS5: 2.499,00 TL; Legendary Edition: 1.287,25 TL; FighterZ Edition: 3.499,00 TL","Нет","Нет","","https://store.playstation.com/en-tr/concept/228726","2024-02-28","Fighting","PEGI_12"
"240","Moving Out 2","TOKYO GAME SHOW","PPSA08206","PS4, PS5","Нет","1.049,00 TL","75%","262,25 TL","2026-09-24","Moving Out 2: 1.049,00 TL; Moving Out + Moving Out 2 Bundle: 1.575,00 TL; Moving Out 2 - Deluxe Edition: 1.149,00 TL","Нет","Да","","https://store.playstation.com/en-tr/concept/10005309","2023-08-14","Strategy","PEGI_3"
"1553","Life is Strange","TOKYO GAME SHOW","CUSA23981","PS4","Нет","284,01 TL","80%","40,79 TL","2026-09-24","","Нет","Да","","https://store.playstation.com/en-tr/concept/10001187","2022-01-31","Adventure","PEGI_16"
"429","Diablo III","TOKYO GAME SHOW","CUSA00433","PS4","Нет","304,07 TL","67%","100,34 TL","2026-09-24","","Нет","Нет","","https://store.playstation.com/en-tr/concept/200914","2017-06-26","Role Playing Games","PEGI_16"
"433","Hellblade: Senua’s Sacrifice","TOKYO GAME SHOW","PPSA27581","PS5","Нет","899,00 TL","30%","629,30 TL","2026-09-24","Standard Edition: 899,00 TL; Hellblade: Senua’s Sacrifice: 1.299,00 TL","Нет","Да","","https://store.playstation.com/en-tr/concept/10013503","2025-08-12","Adventure","PEGI_18"
"581","Undertale","TOKYO GAME SHOW","CUSA09415","PS4","Нет","525,00 TL","34%","346,50 TL","2026-09-24","Undertale: 525,00 TL","Нет","Нет","","https://store.playstation.com/en-tr/concept/228887","2017-08-14","Role Playing Games","PEGI_12"
"376","Just Cause 4: Reloaded","TOKYO GAME SHOW","CUSA09264","PS4","Нет","1.399,00 TL","85%","209,85 TL","2026-09-24","Just Cause 4: Reloaded: 1.399,00 TL; Just Cause 4 - Gold Edition: 2.099,00 TL; Just Cause 4 - Complete Edition: 2.499,00 TL","Нет","Нет","","https://store.playstation.com/en-tr/concept/229133","2019-11-06","Action","PEGI_18"
"376","Just Cause 4: Reloaded","TOKYO GAME SHOW","CUSA09264","PS4","Нет","1.399,00 TL","85%","209,85 TL","2026-09-24","Just Cause 4: Reloaded: 1.399,00 TL; Just Cause 4 - Gold Edition: 2.099,00 TL; Just Cause 4 - Complete Edition: 2.499,00 TL","Нет","Нет","","https://store.playstation.com/en-tr/concept/229133","2019-11-06","Action","PEGI_18"
"2011","MONSTER HUNTER: WORLD","TOKYO GAME SHOW","CUSA07708","PS4","Нет","849,00 TL","60%","339,60 TL","2026-09-24","Monster Hunter: World: 849,00 TL; Master Edition: 1.749,00 TL; Master Edition DDX: 1.749,00 TL","Нет","Да","","https://store.playstation.com/en-tr/concept/228785","2018-01-25","Action","PEGI_16"
"297","Truck Simulator 25: Euro Driver","TOKYO GAME SHOW","CUSA51951","PS4","Нет","525,00 TL","50%","262,50 TL","2026-09-24","","Нет","Нет","","https://store.playstation.com/en-tr/concept/10013081","2025-05-05","Driving/Racing","PEGI_3"
"255","Call of Duty: Infinite Warfare","TOKYO GAME SHOW","CUSA05282","PS4","Да","2.499,00 TL","75%","624,75 TL","2026-09-24","Call of Duty®: Infinite Warfare - Legacy Edition: 1.259,60 TL; Call of Duty®: Infinite Warfare - Digital Deluxe: 1.364,65 TL; Call of Duty®: Infinite Warfare: 2.499,00 TL","Нет","Нет","","https://store.playstation.com/en-tr/concept/221672","2016-11-02","Shooter","PEGI_18"
"1364","FINAL FANTASY XII THE ZODIAC AGE","TOKYO GAME SHOW","CUSA05531","PS4","Нет","1.749,00 TL","70%","524,70 TL","2026-09-24","","Нет","Нет","","https://store.playstation.com/en-tr/concept/228209","2017-07-17","Role Playing Games","PEGI_16"
"2296","Resident Evil Code: Veronica X","TOKYO GAME SHOW","CUSA07343","PS4","Нет","525,00 TL","60%","210,00 TL","2026-09-24","","Нет","Нет","","https://store.playstation.com/en-tr/concept/232117","2017-05-09","Horror","PEGI_16"
"774","DARK SOULS II: Scholar of the First Sin","TOKYO GAME SHOW","CUSA01589","PS4","Нет","1.299,00 TL","50%","649,50 TL","2026-09-24","","Нет","Да","","https://store.playstation.com/en-tr/concept/226237","2015-04-01","Adventure","PEGI_16"
"1532","resident evil 4 (2005)","TOKYO GAME SHOW","CUSA04704","PS4","Нет","699,00 TL","75%","174,75 TL","2026-09-24","","Нет","Нет","","https://store.playstation.com/en-tr/concept/232114","2016-08-29","Horror","PEGI_18"
"417","Arizona Sunshine VR 2","TOKYO GAME SHOW","PPSA17011","PS5","Нет","1.399,00 TL","63%","517,63 TL","2026-09-24","Arizona Sunshine® VR - Freddy's Bundle: 1.749,00 TL; Deluxe Edition: 1.749,00 TL","Нет","Нет","","https://store.playstation.com/en-tr/concept/10008622","2023-12-05","Action","PEGI_18"
"2529","Watch_Dogs","TOKYO GAME SHOW","CUSA00016","PS4","Нет","849,00 TL","80%","259,80 TL","2026-09-24","WATCH_DOGS™ COMPLETE EDITION: 1.299,00 TL","Да","Да","PS Plus Extra","https://store.playstation.com/en-tr/concept/205264","2014-08-26","Adventure","PEGI_18"
"2529","Watch_Dogs","TOKYO GAME SHOW","CUSA00016","PS4","Нет","849,00 TL","80%","259,80 TL","2026-09-24","WATCH_DOGS™ COMPLETE EDITION: 1.299,00 TL","Да","Да","PS Plus Extra","https://store.playstation.com/en-tr/concept/205264","2014-08-26","Adventure","PEGI_18"
"607","Alien: Isolation","TOKYO GAME SHOW","CUSA00362","PS4","Нет","1.199,00 TL","70%","584,70 TL","2026-09-24","Alien: Isolation - The Collection: 1.949,00 TL; Alien: Isolation: 1.199,00 TL","Да","Да","","https://store.playstation.com/en-tr/concept/200213","2014-10-06","Horror","PEGI_18"
"1264","DRAGON QUEST XI S: Echoes of an Elusive Age","TOKYO GAME SHOW","CUSA19120","PS4","Нет","879,00 TL","50%","439,50 TL","2026-09-24","DRAGON QUEST XI S: Echoes of an Elusive Age – Definitive Edition: 879,00 TL","Нет","Нет","","https://store.playstation.com/en-tr/concept/235335","2020-12-03","Role Playing Games","PEGI_12"
"451","The Dark Pictures Anthology: Little Hope","TOKYO GAME SHOW","PPSA06487","PS4, PS5","Нет","699,00 TL","50%","349,50 TL","2026-09-24","","Да","Да","","https://store.playstation.com/en-tr/concept/235232","2022-09-27","Adventure","PEGI_18"
"675","Road 96","TOKYO GAME SHOW","PPSA05592","PS4, PS5","Нет","849,00 TL","65%","297,15 TL","2026-09-24","","Нет","Да","","https://store.playstation.com/en-tr/concept/10003593","2022-04-13","Adventure","PEGI_16"
"2429","RESIDENT EVIL REVELATIONS","TOKYO GAME SHOW","CUSA06212","PS4","Нет","699,00 TL","75%","174,75 TL","2026-09-24","Resident Evil Revelations 1 & 2 Bundle: 1.049,00 TL; RESIDENT EVIL REVELATIONS: 699,00 TL","Нет","Да","","https://store.playstation.com/en-tr/concept/232118","2017-08-28","Horror","PEGI_16"
"604","NieR Replicant ver.1.22474487139…","TOKYO GAME SHOW","CUSA18742","PS4","Нет","398,99 TL","60%","159,59 TL","2026-09-24","","Нет","Нет","","https://store.playstation.com/en-tr/concept/10000272","2021-04-22","Role Playing Games","PEGI_18"
"495","Gas Station Simulator","TOKYO GAME SHOW","PPSA29133","PS5","Нет","949,00 TL","50%","349,50 TL","2026-09-24","Gas Station Simulator, Airstrip DLC and Can Touch This DLC Bundle: 1.160,00 TL; Gas Station Simulator and Party Time DLC Bundle: 949,00 TL; Gas Station Simulator and Junkyard DLC Bundle: 714,45 TL; Gas Station Simulator and Can Touch This DLC Bundle: 1.031,00 TL; Gas Station Simulator and Airstrip DLC Bundle: 593,45 TL; Gas Station Simulator: 949,00 TL; Paradise Pack 4 in 1: 584,55 TL; Gas Station Simulator: Airstrip DLC + Tidal Wave DLC Bundle: 270,45 TL; Gas Station Simulator, Airstrip DLC and Can Touch This DLC Bundle: 875,00 TL; Gas Station Simulator and Party Time DLC Bundle: 314,55 TL; Gas Station Simulator and Junkyard DLC Bundle: 638,00 TL; Gas Station Simulator and Can Touch This DLC Bundle: 294,00 TL; Gas Station Simulator and Airstrip DLC Bundle: 335,60 TL; Gas Station Simulator: 699,00 TL; GSS Ultimate Pack 5 in 1: 1.299,00 TL","Нет","Да","","https://store.playstation.com/en-tr/concept/10004337","2026-04-09","Simulation","PEGI_12"
"506","Just Cause 3","TOKYO GAME SHOW","CUSA02747","PS4","Нет","699,00 TL","75%","174,75 TL","2026-09-24","Just Cause 3: XXL Edition: 27,25 TL; Just Cause 3: 699,00 TL","Нет","Нет","","https://store.playstation.com/en-tr/concept/202209","2015-11-30","Action","PEGI_18"
"1133","Blasphemous","TOKYO GAME SHOW","CUSA16261","PS4","Нет","875,00 TL","75%","218,75 TL","2026-09-24","","Нет","Да","","https://store.playstation.com/en-tr/concept/234422","2019-09-09","Action","PEGI_16"
"751","PAYDAY 2","TOKYO GAME SHOW","CUSA50542","PS4","Нет","699,00 TL","80%","139,80 TL","2026-09-24","","Нет","Нет","","https://store.playstation.com/en-tr/concept/231035","2024-09-30","Shooter","PEGI_18"
"287","Assetto Corsa","TOKYO GAME SHOW","CUSA11487","PS4","Нет","1.399,00 TL","75%","262,25 TL","2026-09-24","Assetto Corsa Ultimate Edition: 1.399,00 TL; Assetto Corsa: 1.049,00 TL","Нет","Да","","https://store.playstation.com/en-tr/concept/205920","2018-04-19","Driving/Racing","PEGI_3"
"2237","FINAL FANTASY VIII","TOKYO GAME SHOW","CUSA08751","PS4","Нет","699,00 TL","60%","279,60 TL","2026-09-24","","Нет","Нет","","https://store.playstation.com/en-tr/concept/229480","2019-09-02","Role Playing Games","PEGI_16"
"698","Outward","TOKYO GAME SHOW","PPSA03797","PS4, PS5","Нет","1.599,00 TL","80%","319,80 TL","2026-09-24","Outward Definitive Edition: 1.599,00 TL; Outward: The Adventurer Bundle: 1.399,00 TL","Нет","Да","","https://store.playstation.com/en-tr/concept/231374","2022-05-17","Role Playing Games","PEGI_12"
"1377","Forever Skies","TOKYO GAME SHOW","PPSA07867","PS5","Нет","1.229,00 TL","45%","675,95 TL","2026-09-24","Standard Edition: 1.229,00 TL; Help The Planet Bundle: 1.590,00 TL; Deluxe Edition: 1.399,00 TL; Enhanced Edition: 817,00 TL","Нет","Да","","https://store.playstation.com/en-tr/concept/10004499","2025-04-14","Simulator","PEGI_12"
"809","South Park: The Fractured but Whole","TOKYO GAME SHOW","CUSA04323","PS4","Нет","1.049,00 TL","70%","524,70 TL","2026-09-24","Bundle: South Park™ : The Stick of Truth™ + The Fractured but Whole™: 2.099,00 TL","Нет","Нет","PS Plus Extra","https://store.playstation.com/en-tr/concept/216489","2018-01-31","Role Playing Games","PEGI_18"
"809","South Park: The Fractured but Whole","TOKYO GAME SHOW","CUSA04323","PS4","Нет","1.049,00 TL","70%","524,70 TL","2026-09-24","Bundle: South Park™ : The Stick of Truth™ + The Fractured but Whole™: 2.099,00 TL","Нет","Нет","PS Plus Extra","https://store.playstation.com/en-tr/concept/216489","2018-01-31","Role Playing Games","PEGI_18"
"269","Plants vs. Zombies: Battle for Neighborville","TOKYO GAME SHOW","CUSA10852","PS4","Нет","720,00 TL","60%","288,00 TL","2026-09-24","Plants vs. Zombies: Battle for Neighborville™ Deluxe Edition: 1.080,00 TL; Plants vs. Zombies: Battle for Neighborville™: 720,00 TL; EA SPEED & SEED BUNDLE: 427,12 TL","Нет","Да","EA Access","https://store.playstation.com/en-tr/concept/234658","2019-10-17","Shooter","PEGI_7"
"1136","Formula Legends","TOKYO GAME SHOW","PPSA26394","PS5","Нет","849,00 TL","50%","424,50 TL","2026-09-24","Formula Legends – Formula E: 949,00 TL; Formula Legends Deluxe: 1.749,00 TL; Formula Legends: 849,00 TL; Formula Legends – Formula E: 949,00 TL; Formula Legends Deluxe: 1.749,00 TL; Formula Legends: 849,00 TL","Нет","Нет","","https://store.playstation.com/en-tr/concept/10012804","2025-09-18","Driving/Racing","PEGI_3"
"1677","Resident Evil 3 Nemesis","TOKYO GAME SHOW","PPSA07815","PS4, PS5","Нет","429,00 TL","50%","214,50 TL","2026-09-24","","Нет","Нет","","https://store.playstation.com/en-tr/concept/10005151","2025-08-19","Horror","PEGI_18"
"2018","MXGP 24: The Official Game","TOKYO GAME SHOW","PPSA22981","PS5","Нет","2.099,00 TL","75%","524,75 TL","2026-09-24","Standard Edition: 2.099,00 TL; Fox Holeshot Edition: 2.499,00 TL","Нет","Да","","https://store.playstation.com/en-tr/concept/10010833","2024-11-28","Driving/Racing","PEGI_3"
"652","LEGO The Incredibles","TOKYO GAME SHOW","CUSA09897","PS4","Нет","2.099,00 TL","91%","188,91 TL","2026-09-24","","Нет","Да","","https://store.playstation.com/en-tr/concept/229812","2018-06-14","Adventure","PEGI_7"
"1863","Bloons TD 6","TOKYO GAME SHOW","CUSA29954","PS4","Нет","749,00 TL","30%","524,30 TL","2026-09-24","","Нет","Да","","https://store.playstation.com/en-tr/concept/10000502","2024-07-31","Strategy","PEGI_3"
"1031","Berserk and the Band of the Hawk","TOKYO GAME SHOW","CUSA07406","PS4","Нет","2.099,00 TL","60%","839,60 TL","2026-09-24","","Нет","Нет","","https://store.playstation.com/en-tr/concept/227092","2017-03-24","Action","PEGI_18"
"515","The Evil Within","TOKYO GAME SHOW","CUSA00375","PS4","Нет","699,00 TL","75%","174,75 TL","2026-09-24","","Нет","Да","","https://store.playstation.com/en-tr/concept/204572","2014-12-16","Horror","PEGI_18"
"989","FAIRY TAIL 2","TOKYO GAME SHOW","PPSA24062","PS4, PS5","Нет","2.499,00 TL","50%","1.249,50 TL","2026-09-24","FAIRY TAIL 2 (PS4 & PS5): 2.499,00 TL; Digital Deluxe: 2.999,00 TL; Ultimate Edition: 4.599,00 TL","Нет","Нет","","https://store.playstation.com/en-tr/concept/10011532","2024-12-12","Role Playing Games","PEGI_12"
"740","Moving Out","TOKYO GAME SHOW","CUSA17675","PS4","Нет","879,00 TL","80%","175,80 TL","2026-09-24","Moving Out: 879,00 TL; Deluxe Edition: 1.049,00 TL","Нет","Да","","https://store.playstation.com/en-tr/concept/235065","2020-05-11","Unique","PEGI_3"
"455","Atelier Yumia: The Alchemist of Memories & the Envisioned Land","TOKYO GAME SHOW","PPSA25468","PS4, PS5","Нет","2.499,00 TL","50%","1.049,50 TL","2026-09-24","Standard Edition PS4/PS5: 2.499,00 TL; Standard Edition PS4: 2.099,00 TL; Digital Deluxe PS4/PS5: 2.799,00 TL; Digital Deluxe PS4: 2.499,00 TL; Ultimate Edition PS4/PS5: 4.199,00 TL; Ultimate Edition PS4: 3.899,00 TL","Нет","Да","","https://store.playstation.com/en-tr/concept/10012240","2025-03-20","Role Playing Games","PEGI_12"
"455","Atelier Yumia: The Alchemist of Memories & the Envisioned Land","TOKYO GAME SHOW","PPSA25468","PS4, PS5","Нет","2.499,00 TL","50%","1.049,50 TL","2026-09-24","Standard Edition PS4/PS5: 2.499,00 TL; Standard Edition PS4: 2.099,00 TL; Digital Deluxe PS4/PS5: 2.799,00 TL; Digital Deluxe PS4: 2.499,00 TL; Ultimate Edition PS4/PS5: 4.199,00 TL; Ultimate Edition PS4: 3.899,00 TL","Нет","Да","","https://store.playstation.com/en-tr/concept/10012240","2025-03-20","Role Playing Games","PEGI_12"
"618","Goat Simulator","TOKYO GAME SHOW","CUSA02779","PS4","Нет","349,00 TL","75%","209,75 TL","2026-09-24","Goat Simulator: The GOATY: 839,00 TL; Goat Simulator: 349,00 TL","Нет","Да","","https://store.playstation.com/en-tr/concept/201723","2015-08-11","Simulation","PEGI_12"
"618","Goat Simulator","TOKYO GAME SHOW","CUSA02779","PS4","Нет","349,00 TL","75%","209,75 TL","2026-09-24","Goat Simulator: The GOATY: 839,00 TL; Goat Simulator: 349,00 TL","Нет","Да","","https://store.playstation.com/en-tr/concept/201723","2015-08-11","Simulation","PEGI_12"
"2347","TT Isle Of Man: Ride on the Edge 3","TOKYO GAME SHOW","PPSA08810","PS4, PS5","Нет","2.099,00 TL","80%","419,80 TL","2026-09-24","TT Isle Of Man 3 - Racing Fan Edition: 2.499,00 TL","Нет","Да","","https://store.playstation.com/en-tr/concept/10005573","2023-05-11","Driving/Racing","PEGI_3"
"1383","TUNIC","TOKYO GAME SHOW","PPSA03055","PS4, PS5","Нет","1.299,00 TL","50%","649,50 TL","2026-09-24","","Нет","Да","","https://store.playstation.com/en-tr/concept/10002475","2022-09-27","Action","PEGI_7"
"736","Evil West","TOKYO GAME SHOW","PPSA02371","PS4, PS5","Нет","2.799,00 TL","75%","699,75 TL","2026-09-24","","Нет","Да","","https://store.playstation.com/en-tr/concept/10001902","2022-11-21","Shooter","PEGI_18"
"7567","inKONBINI: One Store. Many Stories","TOKYO GAME SHOW","PPSA24262","PS4, PS5","Нет","1.079,00 TL","20%","863,20 TL","2026-09-24","Digital Deluxe Edition: 1.160,00 TL","Нет","Да","","https://store.playstation.com/en-tr/concept/10011644","2026-04-30","Casual","PEGI_3"
"1037","MARVEL vs. CAPCOM Fighting Collection: Arcade Classics","TOKYO GAME SHOW","CUSA46747","PS4","Нет","1.749,00 TL","60%","699,60 TL","2026-09-24","","Нет","Да","","https://store.playstation.com/en-tr/concept/10009938","2024-09-11","Action","PEGI_16"
"1010","Smalland: Survive the Wilds","TOKYO GAME SHOW","PPSA17372","PS5","Нет","1.199,00 TL","80%","239,80 TL","2026-09-24","","Нет","Да","","https://store.playstation.com/en-tr/concept/10008767","2024-02-15","Adventure","PEGI_12"
"505","Metro 2033 Redux","TOKYO GAME SHOW","CUSA00591","PS4","Нет","699,00 TL","85%","104,85 TL","2026-09-24","","Да","Да","","https://store.playstation.com/en-tr/concept/202807","2015-06-01","Shooter","PEGI_18"
"369","Far Cry 4","TOKYO GAME SHOW","CUSA00462","PS4","Нет","1.399,00 TL","75%","537,25 TL","2026-09-24","Gold Edition: 1.749,00 TL; FAR CRY 4 + FAR CRY PRIMAL BUNDLE: 2.149,00 TL","Да","Да","PS Plus Extra","https://store.playstation.com/en-tr/concept/201624","2014-11-17","Shooter","PEGI_18"
"5954","Dead Rising Deluxe Remaster","TOKYO GAME SHOW","PPSA18301","PS5","Нет","2.149,00 TL","50%","1.074,50 TL","2026-09-24","Standard: 2.149,00 TL; Digital Deluxe: 2.099,00 TL","Да","Да","","https://store.playstation.com/en-tr/concept/10009074","2024-09-18","Action","PEGI_18"
"4951","Beyond Good & Evil 20th","TOKYO GAME SHOW","PPSA08706","PS4, PS5","Нет","699,00 TL","40%","419,40 TL","2026-09-24","","Нет","Да","","https://store.playstation.com/en-tr/concept/10004727","2024-06-24","Adventure","PEGI_12"
"1543","Doki Doki Literature Club Plus!","TOKYO GAME SHOW","PPSA03733","PS4, PS5","Нет","537,00 TL","33%","359,79 TL","2026-09-24","","Нет","Да","","https://store.playstation.com/en-tr/concept/10002895","2021-06-30","Adventure","PEGI_18"
"708","Dishonored","TOKYO GAME SHOW","CUSA02230","PS4","Нет","699,00 TL","75%","174,75 TL","2026-09-24","","Нет","Да","","https://store.playstation.com/en-tr/concept/228538","2015-08-26","Action","PEGI_18"
"1263","South Park: The Stick of Truth","TOKYO GAME SHOW","CUSA04695","PS4","Нет","1.399,00 TL","75%","349,75 TL","2026-09-24","","Нет","Да","PS Plus Extra","https://store.playstation.com/en-tr/concept/204162","2018-02-12","Role Playing Games","PEGI_18"
"1204","The Jackbox Party Pack 3","TOKYO GAME SHOW","CUSA06236","PS4","Нет","945,00 TL","45%","519,75 TL","2026-09-24","","Нет","Нет","","https://store.playstation.com/en-tr/concept/222886","2016-10-18","Party","PEGI_12"
"1147","Generation Zero","TOKYO GAME SHOW","CUSA14212","PS4","Нет","1.049,00 TL","80%","209,80 TL","2026-09-24","Generation Zero® - Ultimate Bundle: 3.149,00 TL; Generation Zero® - Story Bundle: 1.229,00 TL; Generation Zero®: 1.049,00 TL","Нет","Да","","https://store.playstation.com/en-tr/concept/231068","2019-03-25","Action","PEGI_12"
"327","Far Cry 5","TOKYO GAME SHOW","CUSA05847","PS4","Нет","344,85 TL","85%","117,30 TL","2026-09-24","Far Cry® 5 Gold Edition: 584,85 TL","Нет","Нет","PS Plus Extra","https://store.playstation.com/en-tr/concept/221692","2018-03-26","Action","PEGI_18"
"327","Far Cry 5","TOKYO GAME SHOW","CUSA05847","PS4","Нет","344,85 TL","85%","117,30 TL","2026-09-24","Far Cry® 5 Gold Edition: 584,85 TL","Нет","Нет","PS Plus Extra","https://store.playstation.com/en-tr/concept/221692","2018-03-26","Action","PEGI_18"
"714","Like a Dragon: Ishin!","TOKYO GAME SHOW","PPSA06455","PS4, PS5","Нет","3.149,00 TL","80%","629,80 TL","2026-09-24","Standard: 3.149,00 TL; Digital Deluxe: 779,80 TL","Нет","Нет","","https://store.playstation.com/en-tr/concept/10004480","2023-02-21","Action","PEGI_18"
"1173","Tetris Effect: Connected","TOKYO GAME SHOW","PPSA07959","PS5","Нет","1.399,00 TL","50%","699,50 TL","2026-09-24","Tetris® Effect: Connected: 1.399,00 TL","Нет","Нет","","https://store.playstation.com/en-tr/concept/232708","2023-02-21","Puzzle","PEGI_3"
"781","Trepang2","TOKYO GAME SHOW","PPSA15349","PS5","Нет","1.199,00 TL","75%","299,75 TL","2026-09-24","Trepang2: 1.199,00 TL; Digital Deluxe Edition: 179,75 TL","Нет","Да","","https://store.playstation.com/en-tr/concept/10007968","2023-10-01","Shooter","PEGI_18"
"2059","Killing Floor 3","TOKYO GAME SHOW","PPSA08427","PS5","Нет","1.749,00 TL","50%","874,50 TL","2026-09-24","Killing Floor 3: 1.749,00 TL; Deluxe Edition: 2.579,00 TL; Elite Nightfall Edition: 3.449,00 TL","Нет","Да","","https://store.playstation.com/en-tr/concept/10005321","2025-07-24","Shooter","PEGI_18"
"851","Aliens: Fireteam Elite","TOKYO GAME SHOW","PPSA03544","PS4, PS5","Нет","1.049,00 TL","75%","262,25 TL","2026-09-24","Standard: 1.049,00 TL; Ultimate Edition: 2.099,00 TL; Into The Hive Edition: 349,75 TL","Нет","Да","","https://store.playstation.com/en-tr/concept/10002794","2021-08-23","Action","PEGI_16"
"2348","Resident Evil","TOKYO GAME SHOW","CUSA01067","PS4","Нет","699,00 TL","50%","214,50 TL","2026-09-24","","Нет","Нет","","https://store.playstation.com/en-tr/concept/232112","2015-01-19","Horror","PEGI_18"
"2348","Resident Evil","TOKYO GAME SHOW","CUSA01067","PS4","Нет","699,00 TL","50%","214,50 TL","2026-09-24","","Нет","Нет","","https://store.playstation.com/en-tr/concept/232112","2015-01-19","Horror","PEGI_18"
"1161","STAR OCEAN THE SECOND STORY R","TOKYO GAME SHOW","PPSA13716","PS4, PS5","Нет","499,00 TL","50%","249,50 TL","2026-09-24","STAR OCEAN THE SECOND STORY R - PS4 & PS5: 499,00 TL","Нет","Нет","","https://store.playstation.com/en-tr/concept/10007308","2023-11-01","Role Playing Games","PEGI_12"
"1138","Sherlock Holmes The Awakened","TOKYO GAME SHOW","PPSA08069","PS4, PS5","Нет","1.399,00 TL","90%","139,90 TL","2026-09-24","Standard Edition PS5 & PS4: 1.399,00 TL; Sherlock Holmes: The Darkest Mysteries Bundle: 1.399,00 TL; Deluxe Edition PS5 & PS4: 1.749,00 TL","Нет","Нет","","https://store.playstation.com/en-tr/concept/10005262","2023-04-11","Horror","PEGI_16"
"1163","PROJECT ZERO: MAIDEN OF BLACK WATER","TOKYO GAME SHOW","PPSA04333","PS4, PS5","Нет","1.399,00 TL","30%","979,30 TL","2026-09-24","Standard Edition: 1.399,00 TL; Digital Deluxe Edition: 1.925,00 TL","Нет","Нет","","https://store.playstation.com/en-tr/concept/10003261","2021-10-27","Horror","PEGI_18"
"730","Nioh 2 Remastered – The","TOKYO GAME SHOW","PPSA02486","PS4, PS5","Нет","459,00 TL","50%","699,50 TL","2026-09-24","Nioh 2: 1.399,00 TL; The Complete Edition: 459,00 TL; The Nioh Collection: 619,00 TL","Нет","Да","","https://store.playstation.com/en-tr/concept/234389","2021-02-04","Unique","PEGI_18"
"2054","13 Sentinels: Aegis Rim","TOKYO GAME SHOW","CUSA19620","PS4","Нет","456,61 TL","75%","114,15 TL","2026-09-24","","Нет","Нет","","https://store.playstation.com/en-tr/concept/233095","2020-09-21","Adventure","PEGI_12"
"2751","Gravity Rush","TOKYO GAME SHOW","CUSA01113","PS4","Нет","1.299,00 TL","50%","649,50 TL","2026-09-24","","Нет","Да","","https://store.playstation.com/en-tr/concept/226357","2016-02-02","Action","PEGI_12"
"1556","MY HERO ONE'S JUSTICE 2","TOKYO GAME SHOW","CUSA16171","PS4","Нет","1.749,00 TL","75%","437,25 TL","2026-09-24","Ultimate Edition: 3.449,00 TL; MY HERO ONE'S JUSTICE 2 Deluxe Edition: 2.099,00 TL; MY HERO ONE'S JUSTICE 2: 1.749,00 TL","Нет","Нет","","https://store.playstation.com/en-tr/concept/234276","2020-04-16","Fighting","PEGI_12"
"2056","Asterigos: Curse of the Stars","TOKYO GAME SHOW","PPSA08194","PS4, PS5","Нет","1.229,00 TL","75%","307,25 TL","2026-09-24","Deluxe Edition: 1.575,00 TL","Нет","Да","","https://store.playstation.com/en-tr/concept/10005233","2022-10-07","Role Playing Games","PEGI_12"
"739","Tales of Gracesf","TOKYO GAME SHOW","PPSA19990","PS4, PS5","Нет","1.399,00 TL","65%","489,65 TL","2026-09-24","Standard Edition: 1.399,00 TL; Deluxe Edition: 2.099,00 TL","Нет","Да","","https://store.playstation.com/en-tr/concept/10009737","2025-01-16","Role Playing Games","PEGI_12"
"1107","PROJECT ZERO: Mask of the Lunar Eclipse","TOKYO GAME SHOW","PPSA10278","PS4, PS5","Нет","1.749,00 TL","40%","1.049,40 TL","2026-09-24","Standard Edition: 1.749,00 TL; Digital Deluxe Edition: 2.275,00 TL","Нет","Нет","","https://store.playstation.com/en-tr/concept/10006174","2023-03-08","Horror","PEGI_16"
"3285","Rugby 22","TOKYO GAME SHOW","PPSA04069","PS5","Нет","849,00 TL","75%","212,25 TL","2026-09-24","Rugby 22: 849,00 TL; Rugby 22: 849,00 TL","Нет","Нет","","https://store.playstation.com/en-tr/concept/10003098","2022-01-27","Sport","PEGI_3"
"2504","Tennis World Tour 2","TOKYO GAME SHOW","PPSA02019","PS5","Нет","1.749,00 TL","85%","262,35 TL","2026-09-24","Ace Edition: 1.749,00 TL","Нет","Да","","https://store.playstation.com/en-tr/concept/10001023","2021-03-25","Sport","PEGI_3"
"1309","Portal Knights","TOKYO GAME SHOW","CUSA06287","PS4","Нет","699,00 TL","70%","209,70 TL","2026-09-24","Portal Knights - Legendary Edition: 629,40 TL","Нет","Да","","https://store.playstation.com/en-tr/concept/224933","2017-06-04","Role Playing Games","PEGI_7"
"1690","Journey To The Savage Planet: Employee Of The Month","TOKYO GAME SHOW","PPSA10022","PS4, PS5","Нет","1.049,00 TL","80%","209,80 TL","2026-09-24","","Нет","Да","","https://store.playstation.com/en-tr/concept/233179","2023-02-14","Action","PEGI_12"
"1267","Spiritfarer","TOKYO GAME SHOW","CUSA20160","PS4","Нет","875,00 TL","85%","131,25 TL","2026-09-24","","Нет","Да","","https://store.playstation.com/en-tr/concept/10000752","2020-08-17","Action","PEGI_12"
"1054","Haven","TOKYO GAME SHOW","PPSA01562","PS4, PS5","Нет","875,00 TL","60%","350,00 TL","2026-09-24","Haven: 875,00 TL; Haven - Deluxe Edition: 378,00 TL","Нет","Да","","https://store.playstation.com/en-tr/concept/10000983","2020-12-03","Role Playing Games","PEGI_12"
"1132","Ghostwire: Tokyo","TOKYO GAME SHOW","PPSA03397","PS5","Нет","609,00 TL","75%","152,25 TL","2026-09-24","Standard Edition: 609,00 TL; Deluxe Edition: 3.149,00 TL","Да","Да","","https://store.playstation.com/en-tr/concept/10000301","2022-03-24","Adventure","PEGI_12"
"1123","The Jackbox Party Pack 7","TOKYO GAME SHOW","PPSA05036","PS4, PS5","Нет","1.049,00 TL","35%","681,85 TL","2026-09-24","","Нет","Нет","","https://store.playstation.com/en-tr/concept/10000457","2021-11-24","Casual","PEGI_12"
"2245","Digimon World: Next Order","TOKYO GAME SHOW","CUSA05392","PS4","Нет","2.099,00 TL","84%","335,84 TL","2026-09-24","","Нет","Нет","","https://store.playstation.com/en-tr/concept/207297","2017-01-26","Adventure","PEGI_7"
"907","Ghostrunner","TOKYO GAME SHOW","PPSA03685","PS4, PS5","Нет","1.049,00 TL","75%","262,25 TL","2026-09-24","Ghostrunner: Complete Edition: 1.399,00 TL; Ghostrunner: 1.049,00 TL; Ghostrunner: 1.049,00 TL","Нет","Да","","https://store.playstation.com/en-tr/concept/10001291","2021-09-28","Action","PEGI_18"
"2231","We Were Here Too","TOKYO GAME SHOW","PPSA31080","PS4, PS5","Нет","429,00 TL","70%","128,70 TL","2026-09-24","","Нет","Да","","https://store.playstation.com/en-tr/concept/10001636","2025-10-06","Unique","PEGI_3"
"1127","NARUTO SHIPPUDEN: Ultimate Ninja STORM 3 Full Burst","TOKYO GAME SHOW","CUSA07161","PS4","Нет","699,00 TL","50%","349,50 TL","2026-09-24","","Нет","Да","","https://store.playstation.com/en-tr/concept/227172","2017-08-24","Fighting","PEGI_12"
"2017","Enter the Gungeon","TOKYO GAME SHOW","CUSA01659","PS4","Нет","649,00 TL","80%","129,80 TL","2026-09-24","Enter x Exit the Gungeon: 174,75 TL; Enter the Gungeon: 649,00 TL","Нет","Да","","https://store.playstation.com/en-tr/concept/216187","2016-04-04","Action","PEGI_12"
"1179","Shop & Stuff: Supermarket Simulator","TOKYO GAME SHOW","PPSA34617","PS5","Нет","601,00 TL","50%","300,50 TL","2026-09-24","","Нет","Нет","","https://store.playstation.com/en-tr/concept/10017733","2026-03-27","Casual","PEGI_12"
"5297","Capcom Fighting Collection 2","TOKYO GAME SHOW","CUSA44576","PS4","Нет","1.749,00 TL","35%","1.136,85 TL","2026-09-24","","Нет","Да","","https://store.playstation.com/en-tr/concept/10008958","2025-05-15","Fighting","PEGI_16"
"2389","Yu-Gi-Oh! Legacy of the Duelist","TOKYO GAME SHOW","CUSA01618","PS4","Нет","849,00 TL","75%","212,25 TL","2026-09-24","","Нет","Нет","","https://store.playstation.com/en-tr/concept/205441","2015-07-30","Puzzle","PEGI_3"
"2389","Yu-Gi-Oh! Legacy of the Duelist","TOKYO GAME SHOW","CUSA01618","PS4","Нет","849,00 TL","75%","212,25 TL","2026-09-24","","Нет","Нет","","https://store.playstation.com/en-tr/concept/205441","2015-07-30","Puzzle","PEGI_3"
"1368","Architect Life: A House Design Simulator","TOKYO GAME SHOW","PPSA22273","PS5","Нет","1.749,00 TL","60%","699,60 TL","2026-09-24","Standard Edition: 1.749,00 TL; Life Sim: 4.299,00 TL; Home Deluxe Edition: 2.149,00 TL","Нет","Да","","https://store.playstation.com/en-tr/concept/10010668","2025-06-19","Simulation","PEGI_3"
"1513","Angry Birds VR: Isle of Pigs","TOKYO GAME SHOW","PPSA17162","PS5","Нет","699,00 TL","20%","559,20 TL","2026-09-24","","Нет","Нет","","https://store.playstation.com/en-tr/concept/10008009","2023-10-10","Casual","PEGI_3"
"5953","DEAD RISING 2","TOKYO GAME SHOW","CUSA04672","PS4","Нет","699,00 TL","75%","174,75 TL","2026-09-24","","Нет","Нет","","https://store.playstation.com/en-tr/concept/201112","2016-09-12","Action","PEGI_18"
"2045","Vanquish","TOKYO GAME SHOW","CUSA16161","PS4","Нет","1.229,00 TL","75%","307,25 TL","2026-09-24","","Нет","Нет","","https://store.playstation.com/en-tr/concept/235236","2020-02-17","Action","PEGI_18"
"2356","NARUTO: Ultimate Ninja STORM","TOKYO GAME SHOW","CUSA07160","PS4","Нет","699,00 TL","50%","349,50 TL","2026-09-24","","Нет","Нет","","https://store.playstation.com/en-tr/concept/203150","2017-08-24","Fighting","PEGI_12"
"835","Prey","TOKYO GAME SHOW","CUSA06559","PS4","Нет","1.049,00 TL","80%","279,80 TL","2026-09-24","Deluxe Edition: 1.399,00 TL","Да","Да","PS Plus Extra","https://store.playstation.com/en-tr/concept/224929","2017-05-04","Shooter","PEGI_18"
"2062","SOULCALIBUR Ⅵ","TOKYO GAME SHOW","CUSA09884","PS4","Нет","2.499,00 TL","84%","559,84 TL","2026-09-24","SOULCALIBUR Ⅵ Deluxe Edition: 3.499,00 TL; SOULCALIBUR Ⅵ: 2.499,00 TL","Нет","Да","","https://store.playstation.com/en-tr/concept/230019","2018-10-18","Fighting","PEGI_16"
"4936","Bendy and the Dark Revival","TOKYO GAME SHOW","CUSA38355","PS4","Нет","849,00 TL","70%","254,70 TL","2026-09-24","","Нет","Нет","","https://store.playstation.com/en-tr/concept/10006221","2023-02-28","Horror","PEGI_16"
"1951","MotoGP22","TOKYO GAME SHOW","PPSA05760","PS4, PS5","Нет","1.299,00 TL","85%","194,85 TL","2026-09-24","","Нет","Нет","","https://store.playstation.com/en-tr/concept/10004098","2022-04-20","Driving/Racing","PEGI_3"
"1760","Hollowbody","TOKYO GAME SHOW","PPSA29912","PS5","Нет","687,00 TL","25%","515,25 TL","2026-09-24","","Нет","Да","","https://store.playstation.com/en-tr/concept/10015028","2026-06-05","Horror","PEGI_16"
"2693","FINAL FANTASY TYPE-0 HD","TOKYO GAME SHOW","CUSA00937","PS4","Нет","699,00 TL","70%","209,70 TL","2026-09-24","","Нет","Нет","","https://store.playstation.com/en-tr/concept/221517","2015-05-20","Role Playing Games","PEGI_16"
"2175","Potion Craft: Alchemist Simulator","TOKYO GAME SHOW","PPSA09609","PS4, PS5","Нет","699,00 TL","65%","244,65 TL","2026-09-24","","Нет","Да","","https://store.playstation.com/en-tr/concept/10005918","2023-12-12","Casual","PEGI_3"
"2123","SpeedRunners","TOKYO GAME SHOW","CUSA05560","PS4","Нет","349,00 TL","75%","87,25 TL","2026-09-24","Deluxe Edition: 595,00 TL","Нет","Да","","https://store.playstation.com/en-tr/concept/221759","2017-07-04","Action","PEGI_7"
"5962","Death Howl","TOKYO GAME SHOW","PPSA30896","PS5","Нет","849,00 TL","30%","594,30 TL","2026-09-24","Standard Edition: 849,00 TL; Deluxe Edition: 670,15 TL","Нет","Да","","https://store.playstation.com/en-tr/concept/10015602","2026-02-19","Strategy","PEGI_12"
"2543","Handball 21","TOKYO GAME SHOW","CUSA15460","PS4","Нет","699,00 TL","75%","174,75 TL","2026-09-24","","Нет","Нет","","https://store.playstation.com/en-tr/concept/233683","2020-11-12","Unique","PEGI_3"
"6363","Easy Delivery Co.","TOKYO GAME SHOW","PPSA34058","PS5","Нет","549,00 TL","25%","411,75 TL","2026-09-24","","Нет","Да","","https://store.playstation.com/en-tr/concept/10017365","2026-03-26","Driving/Racing","PEGI_3"
"1009","Miasma Chronicles","TOKYO GAME SHOW","PPSA06217","PS5","Нет","1.199,00 TL","70%","359,70 TL","2026-09-24","","Нет","Да","","https://store.playstation.com/en-tr/concept/10004322","2023-05-23","Strategy","PEGI_16"
"928","LEGO Star Wars: The Force Awakens","TOKYO GAME SHOW","CUSA03397","PS4","Да","209,90 TL","91%","224,91 TL","2026-09-24","LEGO® Star Wars™: The Force Awakens Deluxe Edition: 2.499,00 TL; LEGO® Star Wars™: The Force Awakens: 209,90 TL","Нет","Да","","https://store.playstation.com/en-tr/concept/202448","2016-06-27","Action","PEGI_7"
"594","Remnant: From the Ashes","TOKYO GAME SHOW","CUSA13830","PS4","Нет","1.749,00 TL","70%","524,70 TL","2026-09-24","Remnant: From the Ashes – Complete Edition: 2.149,00 TL; Remnant: From the Ashes: 1.749,00 TL","Да","Да","","https://store.playstation.com/en-tr/concept/231129","2019-12-18","Adventure","PEGI_16"
"4903","Beastro","TOKYO GAME SHOW","PPSA34498","PS5","Нет","849,00 TL","25%","636,75 TL","2026-09-24","","Нет","Нет","","https://store.playstation.com/en-tr/concept/10017655","2026-06-11","Role Playing Games","PEGI_7"
"1840","Car Driving School Simulator","TOKYO GAME SHOW","PPSA31093","PS5","Нет","515,00 TL","30%","360,50 TL","2026-09-24","Car Driving School Simulator: 515,00 TL; Car Driving School Simulator: 515,00 TL","Нет","Нет","","https://store.playstation.com/en-tr/concept/10015684","2025-12-12","Driving/Racing","PEGI_7"
"1017","Homefront: The Revolution","TOKYO GAME SHOW","CUSA00938","PS4","Нет","699,00 TL","90%","69,90 TL","2026-09-24","Homefront®: The Revolution 'Freedom Fighter' Bundle: 139,90 TL","Да","Да","","https://store.playstation.com/en-tr/concept/202024","2016-05-19","Shooter","PEGI_18"
"6976","Ghosts 'n Goblins Resurrection","TOKYO GAME SHOW","CUSA24163","PS4","Нет","1.049,00 TL","67%","346,17 TL","2026-09-24","","Нет","Нет","","https://store.playstation.com/en-tr/concept/10001057","2021-05-31","Action","PEGI_12"
"7717","OKAMI HD","TOKYO GAME SHOW","CUSA08364","PS4","Нет","699,00 TL","50%","349,50 TL","2026-09-24","","Нет","Нет","","https://store.playstation.com/en-tr/concept/216640","2017-12-11","Adventure","PEGI_12"
"1654","STRIDE: Fates","TOKYO GAME SHOW","PPSA21353","PS5","Нет","1.049,00 TL","45%","576,95 TL","2026-09-24","","Нет","Нет","","https://store.playstation.com/en-tr/concept/10010312","2024-05-16","Adventure","PEGI_18"
"1694","ONE PUNCH MAN: A HERO NOBODY KNOWS","TOKYO GAME SHOW","CUSA16264","PS4","Нет","2.499,00 TL","90%","249,90 TL","2026-09-24","ONE PUNCH MAN: A HERO NOBODY KNOWS Deluxe Edition: 2.999,00 TL; ONE PUNCH MAN: A HERO NOBODY KNOWS: 2.499,00 TL","Нет","Да","","https://store.playstation.com/en-tr/concept/234384","2020-02-27","Action","PEGI_12"
"1566","Chorus","TOKYO GAME SHOW","PPSA01592","PS4, PS5","Нет","879,00 TL","80%","175,80 TL","2026-09-24","Chorus: 879,00 TL","Нет","Да","","https://store.playstation.com/en-tr/concept/10000793","2021-12-02","Unique","PEGI_12"
"1006","NEO: The World Ends with You","TOKYO GAME SHOW","CUSA26377","PS4","Нет","2.099,00 TL","70%","629,70 TL","2026-09-24","NEO: The World Ends with You: 2.099,00 TL","Нет","Нет","","https://store.playstation.com/en-tr/concept/10001982","2021-07-26","Action","PEGI_12"
"2108","One Piece: Unlimited World Red","TOKYO GAME SHOW","CUSA08306","PS4","Нет","1.399,00 TL","88%","167,88 TL","2026-09-24","","Нет","Нет","","https://store.playstation.com/en-tr/concept/229543","2017-08-24","Action","PEGI_12"
"2144","DOOM 3","TOKYO GAME SHOW","CUSA16295","PS4","Нет","349,00 TL","60%","139,60 TL","2026-09-24","","Нет","Нет","","https://store.playstation.com/en-tr/concept/234453","2019-07-25","Shooter","PEGI_18"
"6489","Eternal Strands","TOKYO GAME SHOW","PPSA22684","PS5","Нет","1.299,00 TL","70%","389,70 TL","2026-09-24","Eternal Strands: 1.299,00 TL","Нет","Нет","","https://store.playstation.com/en-tr/concept/10010810","2025-01-28","Adventure","PEGI_12"
"7772","KILL IT WITH FIRE! 2","TOKYO GAME SHOW","PPSA15735","PS5","Нет","649,00 TL","50%","324,50 TL","2026-09-24","","Нет","Нет","","https://store.playstation.com/en-tr/concept/10008124","2025-11-25","Horror","PEGI_7"
"1733","Saints Row: Gat out of Hell","TOKYO GAME SHOW","CUSA00939","PS4","Нет","699,00 TL","85%","104,85 TL","2026-09-24","","Нет","Да","","https://store.playstation.com/en-tr/concept/213748","2015-01-22","Action","PEGI_16"
"1899","Police Car Simulator : EVO","TOKYO GAME SHOW","PPSA36581","PS5","Нет","649,00 TL","67%","214,17 TL","2026-09-24","","Нет","Да","","https://store.playstation.com/en-tr/concept/10015761","2026-05-06","Simulator","PEGI_7"
"2690","Scars Above","TOKYO GAME SHOW","PPSA08597","PS4, PS5","Нет","1.049,00 TL","80%","209,80 TL","2026-09-24","","Нет","Да","","https://store.playstation.com/en-tr/concept/10005258","2023-02-27","Shooter","PEGI_12"
"4169","Amnesia: Collection","TOKYO GAME SHOW","CUSA05457","PS4","Нет","999,00 TL","80%","199,80 TL","2026-09-24","","Нет","Да","","https://store.playstation.com/en-tr/concept/221671","2016-11-21","Action","PEGI_16"
"2145","Heretic + Hexen","TOKYO GAME SHOW","PPSA26525","PS4, PS5","Нет","529,00 TL","33%","354,43 TL","2026-09-24","","Нет","Да","","https://store.playstation.com/en-tr/concept/10012903","2025-08-07","Action","PEGI_16"
"1027","Tools Up!","TOKYO GAME SHOW","CUSA17242","PS4","Нет","699,00 TL","80%","139,80 TL","2026-09-24","Tools Up! - The Renovation Spree Bundle: 1.160,00 TL; Tools Up!: 699,00 TL","Нет","Да","","https://store.playstation.com/en-tr/concept/234898","2019-12-02","Casual","PEGI_3"
"2454","NARUTO SHIPPUDEN: Ultimate Ninja STORM 2","TOKYO GAME SHOW","CUSA07162","PS4","Нет","699,00 TL","50%","349,50 TL","2026-09-24","","Нет","Нет","","https://store.playstation.com/en-tr/concept/203143","2017-08-24","Fighting","PEGI_12"
"2151","Builder Simulator","TOKYO GAME SHOW","CUSA44625","PS4","Нет","875,00 TL","55%","393,75 TL","2026-09-24","Frozen Way Tri-Bundle: 1.749,00 TL; Builder Liquidator Bundle: 1.229,00 TL; Builder Simulator: 875,00 TL","Нет","Да","","https://store.playstation.com/en-tr/concept/10008859","2023-10-09","Casual","PEGI_3"
"7474","I Am Future: Cozy Apocalypse Survival","TOKYO GAME SHOW","PPSA28867","PS5","Нет","849,00 TL","60%","339,60 TL","2026-09-24","","Нет","Да","","https://store.playstation.com/en-tr/concept/10014424","2026-01-08","Simulation","PEGI_3"
"3843","40 Sports Games in 1","TOKYO GAME SHOW","PPSA30284","PS4, PS5","Нет","1.299,00 TL","50%","649,50 TL","2026-09-24","","Нет","Нет","","https://store.playstation.com/en-tr/concept/10015240","2025-08-28","Sport","PEGI_7"
"2724","Teenage Mutant Ninja Turtles: The","TOKYO GAME SHOW","PPSA04490","PS4, PS5","Нет","1.399,00 TL","60%","559,60 TL","2026-09-24","","Нет","Нет","","https://store.playstation.com/en-tr/concept/10003357","2022-08-30","Fighting","PEGI_12"
"1595","Far Lands","TOKYO GAME SHOW","PPSA23730","PS5","Нет","649,00 TL","20%","519,20 TL","2026-09-24","","Нет","Нет","","https://store.playstation.com/en-tr/concept/10011344","2026-07-29","Action","PEGI_16"
"2441","Kill It With Fire VR","TOKYO GAME SHOW","PPSA08718","PS4, PS5","Нет","525,00 TL","75%","131,25 TL","2026-09-24","Kill It With Fire VR: 525,00 TL","Нет","Да","","https://store.playstation.com/en-tr/concept/10005532","2023-11-07","Adventure","PEGI_7"
"2065","Dakar 18","TOKYO GAME SHOW","CUSA11741","PS4","Нет","879,00 TL","85%","131,85 TL","2026-09-24","","Нет","Нет","","https://store.playstation.com/en-tr/concept/231860","2018-10-25","Driving/Racing","PEGI_3"
"2380","Digimon Survive","TOKYO GAME SHOW","CUSA18242","PS4","Нет","1.749,00 TL","84%","279,84 TL","2026-09-24","","Нет","Нет","","https://store.playstation.com/en-tr/concept/232350","2022-08-28","Adventure","PEGI_12"
"1582","Welcome to ParadiZe","TOKYO GAME SHOW","PPSA09257","PS5","Нет","1.399,00 TL","65%","489,65 TL","2026-09-24","Standard Edition: 1.399,00 TL; Zombot Edition: 1.749,00 TL","Нет","Да","","https://store.playstation.com/en-tr/concept/10005724","2024-02-29","Action","PEGI_18"
"3084","Bionic Bay","TOKYO GAME SHOW","PPSA23767","PS5","Нет","699,00 TL","75%","174,75 TL","2026-09-24","Bionic Bay: Deluxe Edition: 875,00 TL","Нет","Нет","","https://store.playstation.com/en-tr/concept/10011377","2025-04-17","Puzzle","PEGI_12"
"2116","Worms Rumble","TOKYO GAME SHOW","PPSA01526","PS4, PS5","Нет","529,00 TL","80%","105,80 TL","2026-09-24","Worms Rumble PS4 & PS5: 529,00 TL; Digital Deluxe Edition: 153,80 TL","Нет","Да","","https://store.playstation.com/en-tr/concept/10000898","2020-11-30","Strategy","PEGI_7"
"1807","The Beast Inside","TOKYO GAME SHOW","PPSA10718","PS5","Нет","875,00 TL","80%","175,00 TL","2026-09-24","The Beast Inside: 875,00 TL; The Beast Inside: 875,00 TL","Нет","Да","","https://store.playstation.com/en-tr/concept/10006325","2022-11-29","Action","PEGI_18"
"1134","RIDE","TOKYO GAME SHOW","CUSA01558","PS4","Нет","69,90 TL","90%","129,90 TL","2026-09-24","","Да","Да","","https://store.playstation.com/en-tr/concept/203782","2015-04-09","Driving/Racing","PEGI_3"
"2361","Tinykin","TOKYO GAME SHOW","PPSA05407","PS4, PS5","Нет","875,00 TL","75%","218,75 TL","2026-09-24","","Нет","Да","","https://store.playstation.com/en-tr/concept/10003847","2022-08-30","Adventure","PEGI_3"
"6556","Exoprimal","TOKYO GAME SHOW","PPSA01623","PS4, PS5","Нет","2.099,00 TL","84%","335,84 TL","2026-09-24","Standard Edition: 2.099,00 TL; Deluxe Edition: 2.499,00 TL","Нет","Да","","https://store.playstation.com/en-tr/concept/10001095","2023-07-13","Shooter","PEGI_16"
"2458","Endzone - A World Apart","TOKYO GAME SHOW","PPSA03662","PS5","Нет","1.749,00 TL","90%","174,90 TL","2026-09-24","Survivor Edition: 1.749,00 TL; Complete Edition: 1.925,00 TL; Survivor Edition PS4: 1.749,00 TL","Нет","Да","","https://store.playstation.com/en-tr/concept/10002515","2022-05-18","Strategy","PEGI_12"
"1172","House Flipper VR","TOKYO GAME SHOW","PPSA23487","PS5","Нет","525,00 TL","60%","210,00 TL","2026-09-24","House Flipper VR: 525,00 TL; House Flipper VR: 525,00 TL","Нет","Да","","https://store.playstation.com/en-tr/concept/10003236","2024-10-21","Casual","PEGI_3"
"2169","Vampire: The Masquerade - Justice","TOKYO GAME SHOW","PPSA16432","PS5","Нет","1.049,00 TL","80%","209,80 TL","2026-09-24","","Нет","Нет","","https://store.playstation.com/en-tr/concept/10008364","2023-11-01","Role Playing Games","PEGI_18"
"2109","Guns Gore and Cannoli 2","TOKYO GAME SHOW","CUSA08317","PS4","Нет","455,00 TL","50%","227,50 TL","2026-09-24","","Нет","Да","","https://store.playstation.com/en-tr/concept/228733","2018-08-14","Action","PEGI_16"
"1919","Murdered: Soul Suspect","TOKYO GAME SHOW","CUSA00342","PS4","Нет","699,00 TL","70%","209,70 TL","2026-09-24","","Да","Да","","https://store.playstation.com/en-tr/concept/202950","2014-06-05","Action","PEGI_16"
"7272","Hellpoint","TOKYO GAME SHOW","PPSA05588","PS4, PS5","Нет","1.229,00 TL","75%","262,25 TL","2026-09-24","","Нет","Да","","https://store.playstation.com/en-tr/concept/235113","2022-07-12","Action","PEGI_12"
"2881","Killing Floor 2","TOKYO GAME SHOW","CUSA05179","PS4","Нет","1.049,00 TL","25%","1.049,25 TL","2026-09-24","Ultimate Edition: 2.099,00 TL; Double Feature: 1.399,00 TL","Да","Да","PS Plus Extra","https://store.playstation.com/en-tr/concept/221915","2016-11-17","Action","PEGI_18"
"1868","City of Hunger VR","TOKYO GAME SHOW","PPSA34456","PS5","Нет","537,00 TL","45%","295,35 TL","2026-09-24","","Нет","Нет","","https://store.playstation.com/en-tr/concept/10017609","2026-01-20","Horror","PEGI_18"
"6010","Demeo","TOKYO GAME SHOW","PPSA10635","PS5","Нет","1.399,00 TL","20%","1.119,20 TL","2026-09-24","","Нет","Нет","","https://store.playstation.com/en-tr/concept/10005676","2023-02-21","Role Playing Games","PEGI_7"
"1921","Infinity Strash: DRAGON QUEST The Adventure of Dai","TOKYO GAME SHOW","PPSA09452","PS4, PS5","Нет","1.149,00 TL","60%","459,60 TL","2026-09-24","Standard Edition: 1.149,00 TL; Digital Deluxe Edition: 1.259,00 TL","Нет","Нет","","https://store.playstation.com/en-tr/concept/10005547","2023-09-27","Action","PEGI_12"
"5948","DEAD RISING 2 Off The Record","TOKYO GAME SHOW","CUSA04673","PS4","Нет","699,00 TL","75%","174,75 TL","2026-09-24","","Нет","Нет","","https://store.playstation.com/en-tr/concept/212419","2016-09-12","Action","PEGI_18"
"1321","Flesh Made Fear","TOKYO GAME SHOW","PPSA35689","PS5","Нет","849,00 TL","20%","679,20 TL","2026-09-24","","Нет","Нет","","https://store.playstation.com/en-tr/concept/10018392","2026-06-24","Horror","PEGI_18"
"5529","Cities: VR","TOKYO GAME SHOW","PPSA10723","PS5","Нет","1.049,00 TL","85%","157,35 TL","2026-09-24","","Нет","Нет","","https://store.playstation.com/en-tr/concept/10005974","2023-02-21","Simulation","PEGI_3"
"1859","Supermarket Owner Simulator: Business","TOKYO GAME SHOW","PPSA31125","PS5","Нет","274,50 TL","30%","318,50 TL","2026-09-24","Supermarket Owner Simulator: Business: 274,50 TL; Supermarket Owner Simulator: Business: 455,00 TL","Нет","Нет","","https://store.playstation.com/en-tr/concept/10011190","2025-07-31","Simulation","PEGI_3"
"1099","The Escapists 2","TOKYO GAME SHOW","CUSA06244","PS4","Нет","192,25 TL","80%","189,00 TL","2026-09-24","The Escapists 2 - Game of the Year Edition: 945,00 TL; The Escapists 2: 192,25 TL; The Escapists  + The Escapists 2: 239,80 TL","Нет","Да","","https://store.playstation.com/en-tr/concept/222885","2017-08-22","Role Playing Games","PEGI_7"
"3845","63 Days","TOKYO GAME SHOW","PPSA21022","PS5","Нет","1.499,00 TL","60%","599,60 TL","2026-09-24","63 Days: 1.499,00 TL; 63 Days: 1.299,00 TL","Нет","Да","","https://store.playstation.com/en-tr/concept/10010193","2024-09-26","Strategy","PEGI_18"
"5774","CRYSTAR","TOKYO GAME SHOW","PPSA20766","PS5","Нет","849,00 TL","80%","169,80 TL","2026-09-24","Standard Edition: 849,00 TL; CRYSTAR: 849,00 TL","Нет","Нет","","https://store.playstation.com/en-tr/concept/228691","2024-12-04","Role Playing Games","PEGI_12"
"1803","Spray Paint Simulator","TOKYO GAME SHOW","PPSA27129","PS5","Нет","525,00 TL","25%","393,75 TL","2026-09-24","Spray Paint Simulator: 525,00 TL; Spray Paint Simulator: 525,00 TL","Нет","Нет","","https://store.playstation.com/en-tr/concept/10013245","2025-05-29","Simulation","PEGI_3"
"2353","Tails of Iron","TOKYO GAME SHOW","PPSA03777","PS4, PS5","Нет","879,00 TL","88%","105,48 TL","2026-09-24","","Нет","Да","","https://store.playstation.com/en-tr/concept/10002244","2021-09-17","Action","PEGI_16"
"878","New Super Lucky's Tale","TOKYO GAME SHOW","PPSA34823","PS5","Нет","1.039,20 TL","85%","194,85 TL","2026-09-24","New Super Lucky's Tale: 1.039,20 TL; New Super Lucky's Tale: 1.299,00 TL","Нет","Нет","","https://store.playstation.com/en-tr/concept/10000800","2026-03-26","Family","PEGI_3"
"1406","SAMURAI WARRIORS 4","TOKYO GAME SHOW","CUSA00783","PS4","Нет","879,00 TL","40%","527,40 TL","2026-09-24","","Нет","Нет","","https://store.playstation.com/en-tr/concept/204492","2014-11-18","Action","PEGI_16"
"5765","Crypt Custodian","TOKYO GAME SHOW","PPSA22452","PS4, PS5","Нет","849,00 TL","35%","551,85 TL","2026-09-24","Full Game: 849,00 TL","Нет","Да","","https://store.playstation.com/en-tr/concept/10010746","2024-08-27","Adventure","PEGI_7"
"1153","Waterpark Simulator 25","TOKYO GAME SHOW","PPSA34388","PS5","Нет","235,95 TL","45%","235,95 TL","2026-09-24","Waterpark Simulator 25: 235,95 TL; Waterpark Simulator 25: 429,00 TL","Нет","Нет","","https://store.playstation.com/en-tr/concept/10016856","2025-11-19","Adventure","PEGI_3"
"1092","Incantation","TOKYO GAME SHOW","PPSA32745","PS5","Нет","1.079,00 TL","25%","809,25 TL","2026-09-24","Incantation: 1.079,00 TL","Нет","Нет","","https://store.playstation.com/en-tr/concept/10016664","2026-04-07","Adventure","PEGI_16"
"4180","Ancestors Legacy","TOKYO GAME SHOW","CUSA14954","PS4","Нет","1.499,00 TL","75%","374,75 TL","2026-09-24","","Нет","Да","","https://store.playstation.com/en-tr/concept/233418","2019-08-12","Strategy","PEGI_18"
"2364","Hellsweeper VR","TOKYO GAME SHOW","PPSA13547","PS5","Нет","849,00 TL","65%","297,15 TL","2026-09-24","Standard Edition: 849,00 TL; Deluxe Edition: 1.079,00 TL","Нет","Нет","","https://store.playstation.com/en-tr/concept/10007254","2023-09-20","Action","PEGI_18"
"2190","Guns, Gore and Cannoli","TOKYO GAME SHOW","CUSA03051","PS4","Нет","349,00 TL","50%","174,50 TL","2026-09-24","","Нет","Да","","https://store.playstation.com/en-tr/concept/201805","2015-12-08","Action","PEGI_16"
"2002","Chicory: A Colorful Tale","TOKYO GAME SHOW","PPSA03040","PS4, PS5","Нет","849,00 TL","50%","424,50 TL","2026-09-24","","Нет","Да","","https://store.playstation.com/en-tr/concept/10002468","2021-06-10","Adventure","PEGI_7"
"3220","Leisure Suit Larry - Wet Dreams Don't Dry Happy","TOKYO GAME SHOW","CUSA14458","PS4","Нет","1.399,00 TL","90%","139,90 TL","2026-09-24","","Нет","Да","","https://store.playstation.com/en-tr/concept/232684","2019-06-12","Adventure","PEGI_18"
"3651","Blood Omen: Legacy of Kain","TOKYO GAME SHOW","PPSA24270","PS4, PS5","Нет","349,00 TL","50%","174,50 TL","2026-09-24","","Нет","Нет","","https://store.playstation.com/en-tr/concept/10011076","2024-11-19","Action","PEGI_18"
"2274","The Council - Complete Season","TOKYO GAME SHOW","CUSA10766","PS4","Нет","529,00 TL","70%","158,70 TL","2026-09-24","The Council - Complete Season: 529,00 TL","Нет","Да","","https://store.playstation.com/en-tr/concept/231166","2018-03-12","Role Playing Games","PEGI_16"
"5310","Capcom","TOKYO GAME SHOW","CUSA33213","PS4","Нет","1.299,00 TL","50%","649,50 TL","2026-09-24","Capcom Fighting Collection: 1.299,00 TL; Capcom Fighting Collection 1 + 2 Bundle: 2.579,00 TL","Нет","Да","","https://store.playstation.com/en-tr/concept/10004083","2022-06-23","Fighting","PEGI_16"
"7833","Knowledge, or know Lady","TOKYO GAME SHOW","PPSA30883","PS5","Нет","649,00 TL","30%","454,30 TL","2026-09-24","Knowledge, or know Lady: 649,00 TL; Knowledge, or know Lady: 649,00 TL","Нет","Нет","","https://store.playstation.com/en-tr/concept/10013320","2025-08-08","Simulation","PEGI_16"
"2900","Oxide Room 104","TOKYO GAME SHOW","PPSA07653","PS5","Нет","1.049,00 TL","85%","157,35 TL","2026-09-24","Oxide Room 104: 1.049,00 TL; Oxide Room 104: 879,00 TL","Нет","Да","","https://store.playstation.com/en-tr/concept/10004255","2022-06-16","Horror","PEGI_18"
"2489","Children of Morta","TOKYO GAME SHOW","CUSA10646","PS4","Нет","949,00 TL","25%","949,00 TL","2026-09-24","Complete Edition: 236,25 TL","Нет","Да","PS Plus Extra","https://store.playstation.com/en-tr/concept/231069","2019-10-14","Action","PEGI_12"
"916","Unspottable","TOKYO GAME SHOW","CUSA27632","PS4","Нет","699,00 TL","50%","349,50 TL","2026-09-24","","Нет","Да","","https://store.playstation.com/en-tr/concept/10001076","2021-06-16","Casual","PEGI_3"
"3104","Super Meat Boy Forever","TOKYO GAME SHOW","CUSA27278","PS4","Нет","215,00 TL","90%","21,50 TL","2026-09-24","","Нет","Да","","https://store.playstation.com/en-tr/concept/234606","2021-04-15","Action","PEGI_12"
"757","WHAT THE GOLF?","TOKYO GAME SHOW","PPSA07441","PS4, PS5","Нет","595,00 TL","50%","297,50 TL","2026-09-24","","Нет","Да","","https://store.playstation.com/en-tr/concept/10002260","2024-03-14","Casual","PEGI_3"
"7420","How 2 Escape","TOKYO GAME SHOW","PPSA15229","PS5","Нет","525,00 TL","60%","210,00 TL","2026-09-24","How 2 Escape: 525,00 TL; How 2 Escape: 525,00 TL","Нет","Нет","","https://store.playstation.com/en-tr/concept/10007914","2023-08-30","Adventure","PEGI_7"
"1790","RAGE 2","TOKYO GAME SHOW","CUSA10300","PS4","Нет","279,80 TL","80%","499,80 TL","2026-09-24","Deluxe Edition: 2.499,00 TL","Да","Да","PS Plus Extra","https://store.playstation.com/en-tr/concept/229997","2019-05-13","Action","PEGI_18"
"1222","Atelier Marie Remake: The Alchemist of Salburg","TOKYO GAME SHOW","PPSA10907","PS4, PS5","Нет","1.749,00 TL","60%","699,60 TL","2026-09-24","Standard Edition: 1.749,00 TL; Digital Deluxe Edition: 2.275,00 TL","Нет","Нет","","https://store.playstation.com/en-tr/concept/10006379","2023-07-12","Role Playing Games","PEGI_12"
"887","SAMURAI WARRIORS 4 Empires","TOKYO GAME SHOW","CUSA03984","PS4","Нет","1.749,00 TL","60%","699,60 TL","2026-09-24","","Нет","Нет","","https://store.playstation.com/en-tr/concept/229579","2016-04-07","Action","PEGI_12"
"3627","Valkyria Chronicles","TOKYO GAME SHOW","CUSA03951","PS4","Нет","699,00 TL","75%","624,75 TL","2026-09-24","","Нет","Нет","","https://store.playstation.com/en-tr/concept/226977","2016-05-31","Role Playing Games","PEGI_16"
"4173","Amnesia: Rebirth","TOKYO GAME SHOW","CUSA19272","PS4","Нет","999,00 TL","80%","199,80 TL","2026-09-24","","Нет","Да","","https://store.playstation.com/en-tr/concept/10000474","2020-10-19","Adventure","PEGI_18"
"2796","ClusterTruck","TOKYO GAME SHOW","CUSA06489","PS4","Нет","525,00 TL","75%","131,25 TL","2026-09-24","","Нет","Нет","","https://store.playstation.com/en-tr/concept/224825","2016-09-29","Action","PEGI_3"
"7870","LABYRINTH OF THE DEMON KING","TOKYO GAME SHOW","PPSA12424","PS4, PS5","Нет","699,00 TL","25%","524,25 TL","2026-09-24","LABYRINTH OF THE DEMON KING: 699,00 TL","Нет","Да","","https://store.playstation.com/en-tr/concept/10006880","2025-05-13","Action","PEGI_18"
"1498","MXGP 2019 - The Official Motocross Videogame","TOKYO GAME SHOW","CUSA15295","PS4","Нет","107,90 TL","90%","84,90 TL","2026-09-24","","Нет","Нет","","https://store.playstation.com/en-tr/concept/233530","2019-08-26","Driving/Racing","PEGI_3"
"3216","DOOM 64","TOKYO GAME SHOW","CUSA16296","PS4","Нет","175,00 TL","60%","70,00 TL","2026-09-24","","Нет","Нет","","https://store.playstation.com/en-tr/concept/234454","2020-03-19","Shooter","PEGI_16"
"1079","Furi","TOKYO GAME SHOW","PPSA06146","PS4, PS5","Нет","699,00 TL","70%","209,70 TL","2026-09-24","Furi: 699,00 TL; Modore Edition: 262,50 TL","Нет","Да","","https://store.playstation.com/en-tr/concept/217102","2022-05-17","Action","PEGI_16"
"929","Lost in Random: The Eternal Die","TOKYO GAME SHOW","PPSA24579","PS5","Нет","1.079,00 TL","50%","539,50 TL","2026-09-24","Lost in Random: The Eternal Die: 1.079,00 TL; GODBREAKERS & Lost in Random: The Eternal Die bundle: 1.749,00 TL; Fortune Edition: 1.246,00 TL","Нет","Да","","https://store.playstation.com/en-tr/concept/10011792","2025-06-17","Action","PEGI_7"
"3281","Onee Chanbara Origin","TOKYO GAME SHOW","CUSA20273","PS4","Нет","1.749,00 TL","66%","594,66 TL","2026-09-24","Onee Chanbara Origin Deluxe Edition: 2.099,00 TL","Нет","Нет","PS Plus Extra","https://store.playstation.com/en-tr/concept/10000832","2020-10-13","Action","PEGI_18"
"1301","Bendy: Lone Wolf","TOKYO GAME SHOW","PPSA28609","PS4, PS5","Нет","849,00 TL","35%","551,85 TL","2026-09-24","Bendy: Lone Wolf - PS4 & PS5: 849,00 TL; Bendy: Ink Demon's Collection: 1.634,00 TL","Нет","Да","","https://store.playstation.com/en-tr/concept/10014263","2025-08-15","Action","PEGI_12"
"1344","SILLY POLLY BEAST","TOKYO GAME SHOW","PPSA32694","PS4, PS5","Нет","849,00 TL","20%","679,20 TL","2026-09-24","SILLY POLLY BEAST: 849,00 TL","Нет","Да","","https://store.playstation.com/en-tr/concept/10016634","2025-10-28","Adventure","PEGI_16"
"8002","LISA","TOKYO GAME SHOW","PPSA06124","PS4, PS5","Нет","1.079,00 TL","60%","339,60 TL","2026-09-24","LISA: The Painful - Definitive Edition: 849,00 TL; LISA: The Joyful - Definitive Edition: 429,00 TL; LISA: Definitive Edition: 1.079,00 TL","Нет","Да","","https://store.playstation.com/en-tr/concept/10004276","2023-07-18","Role Playing Games","PEGI_18"
"8002","LISA","TOKYO GAME SHOW","PPSA06124","PS4, PS5","Нет","1.079,00 TL","60%","339,60 TL","2026-09-24","LISA: The Painful - Definitive Edition: 849,00 TL; LISA: The Joyful - Definitive Edition: 429,00 TL; LISA: Definitive Edition: 1.079,00 TL","Нет","Да","","https://store.playstation.com/en-tr/concept/10004276","2023-07-18","Role Playing Games","PEGI_18"
"5969","Death's Gambit: Afterlife","TOKYO GAME SHOW","CUSA05987","PS4","Нет","849,00 TL","50%","424,50 TL","2026-09-24","","Нет","Нет","","https://store.playstation.com/en-tr/concept/222833","2018-08-13","Action","PEGI_16"
"2238","Mayhem Brawler","TOKYO GAME SHOW","PPSA14463","PS4, PS5","Нет","849,00 TL","75%","212,25 TL","2026-09-24","","Нет","Да","","https://store.playstation.com/en-tr/concept/10002637","2023-05-23","Action","PEGI_12"
"2391","GOD EATER 2 Rage Burst","TOKYO GAME SHOW","CUSA03370","PS4","Нет","1.749,00 TL","84%","279,84 TL","2026-09-24","","Нет","Да","","https://store.playstation.com/en-tr/concept/213539","2016-08-29","Role Playing Games","PEGI_12"
"3898","Absolver: Downfall","TOKYO GAME SHOW","CUSA06391","PS4","Нет","1.299,00 TL","80%","259,80 TL","2026-09-24","","Нет","Нет","","https://store.playstation.com/en-tr/concept/222909","2017-08-28","Action","PEGI_12"
"465","Overcooked","TOKYO GAME SHOW","CUSA05399","PS4","Нет","559,00 TL","80%","139,80 TL","2026-09-24","Overcooked: Gourmet Edition: 699,00 TL; Overcooked Holiday Bundle: 699,00 TL; Overcooked: 559,00 TL","Нет","Нет","","https://store.playstation.com/en-tr/concept/221740","2016-08-02","Casual","PEGI_3"
"465","Overcooked","TOKYO GAME SHOW","CUSA05399","PS4","Нет","559,00 TL","80%","139,80 TL","2026-09-24","Overcooked: Gourmet Edition: 699,00 TL; Overcooked Holiday Bundle: 699,00 TL; Overcooked: 559,00 TL","Нет","Нет","","https://store.playstation.com/en-tr/concept/221740","2016-08-02","Casual","PEGI_3"
"1520","Cafe Owner Simulator","TOKYO GAME SHOW","CUSA44661","PS4","Нет","699,00 TL","70%","209,70 TL","2026-09-24","","Нет","Да","","https://store.playstation.com/en-tr/concept/10008941","2024-01-18","Simulation","PEGI_3"
"6280","Dungeon Defenders: Awakened","TOKYO GAME SHOW","CUSA30697","PS4","Нет","1.299,00 TL","50%","649,50 TL","2026-09-24","","Нет","Нет","","https://store.playstation.com/en-tr/concept/10003703","2022-05-24","Strategy","PEGI_7"
"5498","Chornobyl Liquidators","TOKYO GAME SHOW","PPSA25715","PS5","Нет","699,00 TL","40%","419,40 TL","2026-09-24","Liquidator Hairdresser Bundle: 1.149,00 TL; Chornobyl Liquidators: 699,00 TL","Нет","Да","","https://store.playstation.com/en-tr/concept/10012328","2025-03-11","Adventure","PEGI_16"
"3839","30 Sport Games in 1","TOKYO GAME SHOW","PPSA17626","PS5","Нет","879,00 TL","80%","175,80 TL","2026-09-24","30 Sport Games in 1: 879,00 TL; 30 Sport Games in 1: 875,00 TL","Нет","Нет","","https://store.playstation.com/en-tr/concept/10008873","2023-11-05","Sport","PEGI_7"
"2495","Helicopter Flight Simulator","TOKYO GAME SHOW","CUSA49761","PS4","Нет","525,00 TL","60%","210,00 TL","2026-09-24","Helicopter Flight Simulator: 356,95 TL; Helicopter Flight Simulator: 525,00 TL","Нет","Нет","","https://store.playstation.com/en-tr/concept/10011639","2024-10-14","Adventure","PEGI_3"
"1640","Warzone Chronicles: Virtual Warfare Shooter","TOKYO GAME SHOW","CUSA52852","PS4","Нет","525,00 TL","55%","236,25 TL","2026-09-24","","Нет","Нет","","https://store.playstation.com/en-tr/concept/10013665","2025-02-10","Shooter","PEGI_16"
"2297","Top Gun Air Combat","TOKYO GAME SHOW","CUSA31973","PS4","Нет","315,00 TL","30%","220,50 TL","2026-09-24","","Нет","Нет","","https://store.playstation.com/en-tr/concept/10004353","2022-01-21","Shooter","PEGI_7"
"2523","Guacamelee! Super Turbo Championship Edition - PS4 Upgrade","TOKYO GAME SHOW","CUSA00319","PS4","Нет","349,00 TL","75%","87,25 TL","2026-09-24","Guacamelee! Super Turbo Championship Edition: 349,00 TL","Нет","Нет","","https://store.playstation.com/en-tr/concept/201687","2014-07-02","Adventure","PEGI_12"
"5066","Bloodshed","TOKYO GAME SHOW","PPSA30792","PS4, PS5","Нет","549,00 TL","50%","274,50 TL","2026-09-24","","Нет","Да","","https://store.playstation.com/en-tr/concept/10015521","2025-10-23","Action","PEGI_16"
"5072","Bloons TD 5","TOKYO GAME SHOW","CUSA08065","PS4","Нет","559,00 TL","30%","391,30 TL","2026-09-24","","Нет","Нет","","https://store.playstation.com/en-tr/concept/227087","2017-10-19","Strategy","PEGI_3"
"2035","Vagrus - The Riven Realms","TOKYO GAME SHOW","PPSA25220","PS5","Нет","1.259,00 TL","50%","629,50 TL","2026-09-24","Extended Edition: 1.259,00 TL; Praetor Edition: 4.299,00 TL; Centurion Edition: 939,60 TL; Extended Edition: 1.259,00 TL; Praetor Edition: 3.899,00 TL; Centurion Edition: 939,60 TL","Нет","Нет","","https://store.playstation.com/en-tr/concept/10012079","2025-03-31","Role Playing Games","PEGI_16"
"2176","Unplugged - Air Guitar","TOKYO GAME SHOW","PPSA11149","PS5","Нет","699,00 TL","75%","174,75 TL","2026-09-24","","Нет","Да","","https://store.playstation.com/en-tr/concept/10006490","2023-02-21","Music/Rhythm","PEGI_12"
"7309","Hidden Cats in Christmas","TOKYO GAME SHOW","PPSA34913","PS5","Нет","171,00 TL","30%","119,70 TL","2026-09-24","Hidden Cats in Christmas: 171,00 TL; Hidden Cats in Christmas: 171,00 TL","Нет","Нет","","https://store.playstation.com/en-tr/concept/10017901","2026-02-04","Puzzle","PEGI_3"
"1853","Grand Rush: Highway Car Traffic Racing Simulator","TOKYO GAME SHOW","CUSA48927","PS4","Нет","455,00 TL","35%","295,75 TL","2026-09-24","","Нет","Нет","","https://store.playstation.com/en-tr/concept/10011053","2024-08-01","Casual","PEGI_3"
"6174","DORAEMON STORY OF SEASONS","TOKYO GAME SHOW","CUSA18501","PS4","Нет","1.749,00 TL","70%","524,70 TL","2026-09-24","","Нет","Нет","","https://store.playstation.com/en-tr/concept/235336","2020-09-03","Adventure","PEGI_3"
"1705","SAMURAI WARRIORS 4-II","TOKYO GAME SHOW","CUSA02855","PS4","Нет","1.749,00 TL","70%","524,70 TL","2026-09-24","","Нет","Нет","","https://store.playstation.com/en-tr/concept/229580","2015-10-30","Action","PEGI_16"
"2431","Hairdresser Simulator","TOKYO GAME SHOW","PPSA23595","PS5","Нет","499,00 TL","45%","274,45 TL","2026-09-24","Hairdresser Simulator: 499,00 TL; Hairdresser Builder Bundle: 1.229,00 TL","Нет","Да","","https://store.playstation.com/en-tr/concept/10010160","2024-07-25","Simulator","PEGI_3"
"1776","I Was a Teenage Exocolonist","TOKYO GAME SHOW","PPSA08519","PS4, PS5","Нет","1.079,00 TL","50%","539,50 TL","2026-09-24","","Нет","Нет","","https://store.playstation.com/en-tr/concept/10005431","2022-08-25","Role Playing Games","PEGI_12"
"1380","The Coma 3: Bloodlines","TOKYO GAME SHOW","PPSA36381","PS4, PS5","Нет","649,00 TL","20%","519,20 TL","2026-09-24","","Нет","Да","","https://store.playstation.com/en-tr/concept/10018797","2026-04-30","Adventure","PEGI_12"
"2524","Kona","TOKYO GAME SHOW","PPSA05383","PS4, PS5","Нет","525,00 TL","85%","78,75 TL","2026-09-24","Kona VR Bundle: 139,80 TL; Kona: 525,00 TL","Нет","Нет","","https://store.playstation.com/en-tr/concept/227161","2021-12-07","Adventure","PEGI_16"
"6394","Egypt City Builder","TOKYO GAME SHOW","CUSA55861","PS4","Нет","649,00 TL","45%","356,95 TL","2026-09-24","","Нет","Нет","","https://store.playstation.com/en-tr/concept/10016167","2025-08-28","Casual","PEGI_12"
"3507","Ultros","TOKYO GAME SHOW","PPSA14348","PS4, PS5","Нет","879,00 TL","75%","219,75 TL","2026-09-24","Ultros (PS4 & PS5): 879,00 TL; Deluxe Edition: 1.199,00 TL","Нет","Нет","","https://store.playstation.com/en-tr/concept/10003373","2024-02-12","Adventure","PEGI_16"
"6500","Eternal Exodus","TOKYO GAME SHOW","PPSA37008","PS4, PS5","Нет","849,00 TL","25%","636,75 TL","2026-09-24","","Нет","Нет","","https://store.playstation.com/en-tr/concept/234280","2026-04-11","Role Playing Games","PEGI_7"
"2263","The Legacy of Griselda","TOKYO GAME SHOW","PPSA35248","PS5","Нет","649,00 TL","25%","486,75 TL","2026-09-24","","Нет","Нет","","https://store.playstation.com/en-tr/concept/10018001","2026-02-19","Role Playing Games","PEGI_7"
"1367","WARRIORS ALL-STARS","TOKYO GAME SHOW","CUSA07903","PS4","Нет","2.099,00 TL","80%","419,80 TL","2026-09-24","","Нет","Нет","","https://store.playstation.com/en-tr/concept/227168","2017-09-29","Action","PEGI_12"
"1738","TCG Card Market Simulator","TOKYO GAME SHOW","PPSA31410","PS5","Нет","274,50 TL","60%","182,00 TL","2026-09-24","TCG Card Market Simulator: 274,50 TL; TCG Card Market Simulator: 455,00 TL","Нет","Нет","","https://store.playstation.com/en-tr/concept/10012498","2025-08-21","Strategy","PEGI_3"
"7056","Goodnight Universe","TOKYO GAME SHOW","PPSA29727","PS5","Нет","849,00 TL","30%","594,30 TL","2026-09-24","","Нет","Нет","","https://store.playstation.com/en-tr/concept/10014923","2025-11-11","Adventure","PEGI_12"
"2186","Masters Bowling HD","TOKYO GAME SHOW","PPSA29514","PS5","Нет","349,00 TL","30%","244,30 TL","2026-09-24","Masters Bowling HD: 349,00 TL; Masters Bowling HD: 349,00 TL","Нет","Нет","","https://store.playstation.com/en-tr/concept/10014826","2025-04-04","Sport","PEGI_3"
"2268","Scott Pilgrim vs. The World: The Game","TOKYO GAME SHOW","CUSA20078","PS4","Нет","649,00 TL","60%","259,60 TL","2026-09-24","","Нет","Нет","","https://store.playstation.com/en-tr/concept/10000698","2021-01-13","Unique","PEGI_12"
"2505","World Cup Soccer 2026","TOKYO GAME SHOW","PPSA29718","PS5","Нет","245,00 TL","30%","171,50 TL","2026-09-24","World Cup Soccer 2026: 245,00 TL; World Cup Soccer 2026: 245,00 TL","Нет","Нет","","https://store.playstation.com/en-tr/concept/10014906","2025-04-11","Sport","PEGI_3"
"1358","Top Gun Global War","TOKYO GAME SHOW","PPSA34573","PS5","Нет","849,00 TL","30%","594,30 TL","2026-09-24","Top Gun Global War: 849,00 TL; Top Gun Global War: 849,00 TL","Нет","Нет","","https://store.playstation.com/en-tr/concept/10017701","2025-11-28","Simulation","PEGI_12"
"2472","TOSS!","TOKYO GAME SHOW","PPSA16099","PS5","Нет","429,00 TL","70%","128,70 TL","2026-09-24","","Нет","Нет","","https://store.playstation.com/en-tr/concept/10008232","2023-09-07","Action","PEGI_3"
"6818","Fossilfuel 2","TOKYO GAME SHOW","PPSA26091","PS5","Нет","699,00 TL","30%","489,30 TL","2026-09-24","","Нет","Нет","","https://store.playstation.com/en-tr/concept/10012556","2024-11-29","Horror","PEGI_18"
"7879","Laika: Aged Through Blood","TOKYO GAME SHOW","PPSA17775","PS4, PS5","Нет","699,00 TL","75%","174,75 TL","2026-09-24","","Нет","Да","","https://store.playstation.com/en-tr/concept/10008824","2023-12-05","Adventure","PEGI_16"
"5981","DEATH NOTE Killer Within","TOKYO GAME SHOW","PPSA18709","PS4, PS5","Нет","429,00 TL","50%","214,50 TL","2026-09-24","DEATH NOTE Killer Within: 429,00 TL; Special Edition: 849,00 TL","Нет","Нет","","https://store.playstation.com/en-tr/concept/10009279","2024-11-05","Strategy","PEGI_12"
"3346","Gangs of Sherwood","TOKYO GAME SHOW","PPSA09255","PS5","Нет","1.049,00 TL","80%","209,80 TL","2026-09-24","Lionheart Edition: 1.399,00 TL","Нет","Нет","","https://store.playstation.com/en-tr/concept/10005683","2023-11-30","Action","PEGI_16"
"3176","Mouse Trap - The Board Game","TOKYO GAME SHOW","CUSA44632","PS4","Нет","489,00 TL","70%","146,70 TL","2026-09-24","","Нет","Нет","","https://store.playstation.com/en-tr/concept/10008969","2023-10-23","Family","PEGI_3"
"1750","SAMURAI SHODOWN","TOKYO GAME SHOW","CUSA15963","PS4","Нет","2.099,00 TL","85%","262,35 TL","2026-09-24","SAMURAI SHODOWN: 2.099,00 TL; SAMURAI SHODOWN DELUXE EDITION: 2.999,00 TL","Нет","Нет","","https://store.playstation.com/en-tr/concept/234055","2019-06-30","Action","PEGI_16"
"1538","Rookie Boxing","TOKYO GAME SHOW","PPSA26544","PS5","Нет","349,00 TL","30%","244,30 TL","2026-09-24","Rookie Boxing: 349,00 TL; Rookie Boxing: 349,00 TL","Нет","Нет","","https://store.playstation.com/en-tr/concept/10012918","2024-10-25","Sport","PEGI_12"
"2224","THE KING OF FIGHTERS '98 ULTIMATE MATCH","TOKYO GAME SHOW","CUSA04159","PS4","Нет","649,00 TL","85%","97,35 TL","2026-09-24","","Нет","Нет","","https://store.playstation.com/en-tr/concept/219727","2018-03-20","Fighting","PEGI_12"
"1546","BlazeRush","TOKYO GAME SHOW","CUSA01813","PS4","Нет","349,00 TL","60%","139,60 TL","2026-09-24","","Нет","Да","","https://store.playstation.com/en-tr/concept/200518","2015-12-14","Arcade","PEGI_7"
"1980","Easy Flight Simulator 2","TOKYO GAME SHOW","PPSA33796","PS5","Нет","429,00 TL","30%","300,30 TL","2026-09-24","Easy Flight Simulator 2: 429,00 TL; Easy Flight Simulator 2: 429,00 TL","Нет","Нет","","https://store.playstation.com/en-tr/concept/10017217","2025-10-31","Simulation","PEGI_3"
"3092","Grass Cutting Simulator: Lawn Mowing Care","TOKYO GAME SHOW","CUSA49413","PS4","Нет","455,00 TL","70%","136,50 TL","2026-09-24","","Нет","Нет","","https://store.playstation.com/en-tr/concept/10011416","2024-08-08","Family","PEGI_3"
"4067","A Gummy's Life","TOKYO GAME SHOW","PPSA04347","PS4, PS5","Нет","699,00 TL","70%","209,70 TL","2026-09-24","","Нет","Да","","https://store.playstation.com/en-tr/concept/232894","2021-09-23","Fighting","PEGI_7"
"2244","Enclave HD","TOKYO GAME SHOW","PPSA06844","PS4, PS5","Нет","849,00 TL","60%","339,60 TL","2026-09-24","","Нет","Да","","https://store.playstation.com/en-tr/concept/10003459","2023-12-05","Adventure","PEGI_18"
"997","SAMURAI MAIDEN","TOKYO GAME SHOW","PPSA08900","PS4, PS5","Нет","2.099,00 TL","55%","944,55 TL","2026-09-24","Standard Edition: 2.099,00 TL; Deluxe Edition: 2.619,00 TL","Нет","Нет","","https://store.playstation.com/en-tr/concept/10001987","2022-12-07","Action","PEGI_12"
"7794","Kingdom's Return: Time-Eating Fruit and the Ancient Monster","TOKYO GAME SHOW","PPSA34247","PS5","Нет","549,00 TL","25%","411,75 TL","2026-09-24","","Нет","Нет","","https://store.playstation.com/en-tr/concept/10017494","2026-04-22","Action","PEGI_3"
"1662","Defense Grid 2","TOKYO GAME SHOW","CUSA00565","PS4","Нет","629,00 TL","60%","251,60 TL","2026-09-24","","Нет","Да","","https://store.playstation.com/en-tr/concept/200917","2014-09-30","Strategy","PEGI_12"
"3869","9 Monkeys of Shaolin","TOKYO GAME SHOW","CUSA16644","PS4","Нет","849,00 TL","75%","212,25 TL","2026-09-24","9 Monkeys of Shaolin: 849,00 TL","Да","Да","","https://store.playstation.com/en-tr/concept/232395","2020-10-16","Action","PEGI_12"
"5296","Card-en-Ciel","TOKYO GAME SHOW","PPSA22748","PS5","Нет","769,00 TL","50%","384,50 TL","2026-09-24","Card-en-Ciel: 769,00 TL; Card-en-Ciel: 769,00 TL","Нет","Нет","","https://store.playstation.com/en-tr/concept/10010876","2024-10-23","Role Playing Games","PEGI_12"
"2483","BloodRayne Betrayal: Fresh Bites","TOKYO GAME SHOW","PPSA03365","PS4, PS5","Нет","849,00 TL","60%","339,60 TL","2026-09-24","","Нет","Нет","","https://store.playstation.com/en-tr/concept/10002331","2021-09-09","Fighting","PEGI_16"
"2743","Emily Wants to Play","TOKYO GAME SHOW","CUSA06672","PS4","Нет","257,00 TL","50%","128,50 TL","2026-09-24","","Нет","Нет","","https://store.playstation.com/en-tr/concept/217065","2016-10-25","Action","PEGI_12"
"2247","Five Dates","TOKYO GAME SHOW","PPSA15899","PS4, PS5","Нет","529,00 TL","60%","211,60 TL","2026-09-24","Love FMV: 350,00 TL; Five Dates: 529,00 TL; FMV Comedy Bundle: 1.031,00 TL","Нет","Да","","https://store.playstation.com/en-tr/concept/10001740","2023-05-29","Adventure","PEGI_16"
"7981","Lil' Guardsman","TOKYO GAME SHOW","PPSA15881","PS4, PS5","Нет","699,00 TL","75%","174,75 TL","2026-09-24","","Нет","Нет","","https://store.playstation.com/en-tr/concept/10004939","2024-01-23","Unique","PEGI_12"
"4959","Bibi & Tina – New adventures with horses","TOKYO GAME SHOW","PPSA04955","PS5","Нет","699,00 TL","40%","419,40 TL","2026-09-24","Bibi & Tina – New adventures with horses: 699,00 TL; Bibi & Tina – New adventures with horses: 699,00 TL","Нет","Нет","","https://store.playstation.com/en-tr/concept/10003639","2022-04-14","Family","PEGI_3"
"2822","Punch Club","TOKYO GAME SHOW","CUSA05472","PS4","Нет","349,00 TL","75%","87,25 TL","2026-09-24","","Нет","Да","","https://store.playstation.com/en-tr/concept/221770","2017-03-30","Strategy","PEGI_12"
"4877","Baseball Dreams VR","TOKYO GAME SHOW","PPSA25024","PS5","Нет","1.079,00 TL","40%","647,40 TL","2026-09-24","","Нет","Нет","","https://store.playstation.com/en-tr/concept/10012013","2025-10-28","Sport","PEGI_3"
"1097","The Last Camp","TOKYO GAME SHOW","PPSA26287","PS5","Нет","1.079,00 TL","30%","755,30 TL","2026-09-24","The Last Camp: 1.079,00 TL; Ultimate Edition: 1.299,00 TL","Нет","Нет","","https://store.playstation.com/en-tr/concept/10012732","2025-07-11","Shooter","PEGI_16"
"2932","Windbound","TOKYO GAME SHOW","CUSA17774","PS4","Нет","699,00 TL","85%","104,85 TL","2026-09-24","","Нет","Да","","https://store.playstation.com/en-tr/concept/235103","2020-09-10","Adventure","PEGI_12"
"3231","Easy Flight Simulator","TOKYO GAME SHOW","CUSA45118","PS4","Нет","175,00 TL","30%","122,50 TL","2026-09-24","","Нет","Нет","","https://store.playstation.com/en-tr/concept/10009168","2023-08-18","Simulation","PEGI_3"
"2971","Treasure Hunter Simulator","TOKYO GAME SHOW","CUSA26876","PS4","Нет","349,00 TL","65%","122,15 TL","2026-09-24","","Нет","Да","","https://store.playstation.com/en-tr/concept/10002433","2021-07-01","Simulator","PEGI_3"
"1260","Not For Broadcast","TOKYO GAME SHOW","CUSA30757","PS4","Нет","875,00 TL","75%","218,75 TL","2026-09-24","Standard Edition: 875,00 TL; Complete Edition: 1.399,00 TL","Да","Да","","https://store.playstation.com/en-tr/concept/10003940","2023-03-23","Simulation","PEGI_18"
"1260","Not For Broadcast","TOKYO GAME SHOW","CUSA30757","PS4","Нет","875,00 TL","75%","218,75 TL","2026-09-24","Standard Edition: 875,00 TL; Complete Edition: 1.399,00 TL","Да","Да","","https://store.playstation.com/en-tr/concept/10003940","2023-03-23","Simulation","PEGI_18"
"6057","Desert Storm War FPS","TOKYO GAME SHOW","PPSA36261","PS5","Нет","687,00 TL","30%","480,90 TL","2026-09-24","Desert Storm War FPS: 687,00 TL; Desert Storm War FPS: 687,00 TL","Нет","Нет","","https://store.playstation.com/en-tr/concept/10018716","2026-02-27","Action","PEGI_16"
"4865","Barista Simulator","TOKYO GAME SHOW","PPSA24296","PS5","Нет","849,00 TL","70%","254,70 TL","2026-09-24","","Нет","Да","","https://store.playstation.com/en-tr/concept/10011654","2025-03-19","Simulation","PEGI_12"
"3836","34 Sports Games","TOKYO GAME SHOW","PPSA21712","PS4, PS5","Нет","1.299,00 TL","70%","389,70 TL","2026-09-24","","Нет","Нет","","https://store.playstation.com/en-tr/concept/10010460","2024-06-28","Sport","PEGI_7"
"1252","Felix the Cat","TOKYO GAME SHOW","PPSA19226","PS4, PS5","Нет","879,00 TL","50%","439,50 TL","2026-09-24","","Нет","Нет","","https://store.playstation.com/en-tr/concept/10009450","2024-03-27","Action","PEGI_3"
"5980","Deathsmiles I･II","TOKYO GAME SHOW","CUSA30026","PS4","Нет","1.749,00 TL","40%","1.049,40 TL","2026-09-24","","Нет","Нет","","https://store.playstation.com/en-tr/concept/10000616","2021-12-15","Shooter","PEGI_12"
"1843","Bridge Constructor Studio","TOKYO GAME SHOW","PPSA28582","PS4, PS5","Нет","515,00 TL","50%","257,50 TL","2026-09-24","","Нет","Да","","https://store.playstation.com/en-tr/concept/10014245","2025-07-17","Puzzle","PEGI_3"
"7862","Labyrinth","TOKYO GAME SHOW","PPSA15298","PS5","Нет","699,00 TL","50%","349,50 TL","2026-09-24","Labyrinth: 699,00 TL; Junior Labyrinth: 429,00 TL; Labyrinth: 699,00 TL; Junior Labyrinth: 429,00 TL","Нет","Да","","https://store.playstation.com/en-tr/concept/10007938","2023-09-13","Casual","PEGI_3"
"6070","Devil Jam","TOKYO GAME SHOW","PPSA33636","PS5","Нет","343,00 TL","40%","205,80 TL","2026-09-24","","Нет","Да","","https://store.playstation.com/en-tr/concept/10017129","2026-03-25","Action","PEGI_12"
"4906","Beat Hazard Arcade","TOKYO GAME SHOW","PPSA26613","PS5","Нет","649,00 TL","60%","259,60 TL","2026-09-24","Standard: 649,00 TL; Standard: 649,00 TL","Нет","Да","","https://store.playstation.com/en-tr/concept/10011890","2025-09-23","Shooter","PEGI_7"
"3188","PAC-MAN CHAMPIONSHIP EDITION 2","TOKYO GAME SHOW","CUSA04944","PS4","Нет","549,00 TL","65%","192,15 TL","2026-09-24","","Нет","Нет","","https://store.playstation.com/en-tr/concept/222879","2016-09-12","Arcade","PEGI_3"
"2194","Rookie Table Tennis","TOKYO GAME SHOW","PPSA27972","PS5","Нет","349,00 TL","30%","244,30 TL","2026-09-24","Rookie Table Tennis: 349,00 TL; Rookie Table Tennis: 349,00 TL","Нет","Нет","","https://store.playstation.com/en-tr/concept/10013825","2025-01-17","Sport","PEGI_3"
"4820","Backrooms: Partygoers","TOKYO GAME SHOW","PPSA24592","PS4, PS5","Нет","419,00 TL","60%","167,60 TL","2026-09-24","","Нет","Нет","","https://store.playstation.com/en-tr/concept/10011798","2024-10-28","Horror","PEGI_16"
"6432","Emily Wants to Play Too","TOKYO GAME SHOW","CUSA11528","PS4","Нет","343,00 TL","50%","171,50 TL","2026-09-24","","Нет","Нет","","https://store.playstation.com/en-tr/concept/231838","2018-04-23","Action","PEGI_12"
"5312","C.A.R.D.S. RPG: The Misty Battlefield","TOKYO GAME SHOW","PPSA19031","PS4, PS5","Нет","1.399,00 TL","60%","559,60 TL","2026-09-24","C.A.R.D.S. RPG: The Misty Battlefield PS4 & PS5: 1.399,00 TL; Deluxe Edition: 1.749,00 TL","Нет","Нет","","https://store.playstation.com/en-tr/concept/10009379","2024-05-23","Strategy","PEGI_7"
"4630","ARCADE GAME SERIES: GALAGA","TOKYO GAME SHOW","CUSA03865","PS4","Нет","139,00 TL","50%","69,50 TL","2026-09-24","","Нет","Нет","","https://store.playstation.com/en-tr/concept/218739","2016-04-20","Arcade","PEGI_3"
"2701","Valkyria Revolution","TOKYO GAME SHOW","CUSA06995","PS4","Нет","699,00 TL","80%","139,80 TL","2026-09-24","","Нет","Нет","","https://store.playstation.com/en-tr/concept/217720","2017-06-29","Action","PEGI_16"
"2785","Masters Pool HD","TOKYO GAME SHOW","PPSA30486","PS5","Нет","175,00 TL","30%","122,50 TL","2026-09-24","Masters Pool HD: 175,00 TL; Masters Pool HD: 175,00 TL","Нет","Нет","","https://store.playstation.com/en-tr/concept/10015353","2025-05-23","Simulation","PEGI_3"
"4628","Arcade Classics","TOKYO GAME SHOW","CUSA15189","PS4","Нет","699,00 TL","60%","279,60 TL","2026-09-24","","Нет","Нет","","https://store.playstation.com/en-tr/concept/234006","2019-04-17","Shooter","PEGI_7"
"2047","Summer Games Beach Volley","TOKYO GAME SHOW","PPSA23212","PS5","Нет","279,00 TL","30%","195,30 TL","2026-09-24","Summer Games Beach Volley: 279,00 TL; Summer Games Beach Volley: 279,00 TL","Нет","Нет","","https://store.playstation.com/en-tr/concept/10011004","2024-07-05","Sport","PEGI_3"
"4942","Best Served Cold","TOKYO GAME SHOW","PPSA29064","PS5","Нет","774,00 TL","40%","464,40 TL","2026-09-24","Best Served Cold: 774,00 TL; Best Served Cold: 774,00 TL","Нет","Нет","","https://store.playstation.com/en-tr/concept/10014537","2025-07-09","Adventure","PEGI_16"
"6862","Fuga: Melodies of Steel","TOKYO GAME SHOW","PPSA03703","PS4, PS5","Нет","1.749,00 TL","50%","874,50 TL","2026-09-24","Standard Edition: 1.749,00 TL; Fuga: Melodies of Steel 1 & 2 - Double Pack: 3.249,00 TL; Ultimate Edition: 2.999,00 TL; Deluxe Edition: 2.579,00 TL","Нет","Да","","https://store.playstation.com/en-tr/concept/10001520","2021-09-22","Role Playing Games","PEGI_16"
"7287","Heroine Anthem Zero 2 : Scalescars Oath","TOKYO GAME SHOW","PPSA14192","PS5","Нет","1.949,00 TL","40%","1.005,60 TL","2026-09-24","Heroine Anthem Zero 2 : Scalescars Oath: 1.949,00 TL; Heroine Anthem Zero 2 : Scalescars Oath: 1.676,00 TL","Нет","Нет","","https://store.playstation.com/en-tr/concept/10001779","2024-02-22","Role Playing Games","PEGI_12"
"7416","House","TOKYO GAME SHOW","PPSA18827","PS5","Нет","601,00 TL","50%","300,50 TL","2026-09-24","House: 601,00 TL; House: 601,00 TL","Нет","Да","","https://store.playstation.com/en-tr/concept/10009303","2024-03-28","Horror","PEGI_16"
"3313","Before We Leave","TOKYO GAME SHOW","PPSA05367","PS4, PS5","Нет","629,00 TL","75%","157,25 TL","2026-09-24","","Нет","Да","","https://store.playstation.com/en-tr/concept/10003780","2022-04-04","Simulation","PEGI_7"
"5685","Cozy Gardener Simulator","TOKYO GAME SHOW","CUSA57136","PS4","Нет","649,00 TL","40%","389,40 TL","2026-09-24","","Нет","Нет","","https://store.playstation.com/en-tr/concept/10017288","2026-01-21","Adventure","PEGI_3"
"1916","Crosak","TOKYO GAME SHOW","PPSA34484","PS5","Нет","774,00 TL","40%","464,40 TL","2026-09-24","Crosak: 774,00 TL; Crosak: 649,00 TL","Нет","Да","","https://store.playstation.com/en-tr/concept/10017637","2025-11-28","Family","PEGI_3"
"6621","Fantasy General II: Invasion","TOKYO GAME SHOW","CUSA18256","PS4","Нет","1.149,00 TL","70%","344,70 TL","2026-09-24","","Нет","Нет","","https://store.playstation.com/en-tr/concept/235365","2020-07-29","Strategy","PEGI_12"
"2684","SENRAN KAGURA Peach Beach Splash","TOKYO GAME SHOW","CUSA08343","PS4","Нет","157,35 TL","85%","209,85 TL","2026-09-24","SENRAN KAGURA Peach Beach Splash Sexy Soaker Edition: 1.399,00 TL; SENRAN KAGURA Peach Beach Splash: 157,35 TL","Нет","Нет","","https://store.playstation.com/en-tr/concept/222006","2017-09-21","Shooter","PEGI_16"
"6247","Dreamscapes - Nightmare's Heir","TOKYO GAME SHOW","PPSA24217","PS5","Нет","849,00 TL","20%","679,20 TL","2026-09-24","Dreamscapes - Nightmare's Heir: 849,00 TL; Dreamscapes - Nightmare's Heir: 649,00 TL","Нет","Нет","","https://store.playstation.com/en-tr/concept/10011608","2026-01-15","Adventure","PEGI_12"
"1977","Formula Uno Racing","TOKYO GAME SHOW","PPSA34014","PS5","Нет","429,00 TL","30%","300,30 TL","2026-09-24","Formula Uno Racing: 429,00 TL; Formula Uno Racing: 429,00 TL","Нет","Нет","","https://store.playstation.com/en-tr/concept/10017333","2025-10-24","Driving/Racing","PEGI_3"
"3187","KUUKIYOMI: Consider It!","TOKYO GAME SHOW","CUSA20629","PS4","Нет","193,00 TL","50%","96,50 TL","2026-09-24","","Нет","Нет","","https://store.playstation.com/en-tr/concept/10001438","2020-09-27","Party","PEGI_12"
"1817","Mega Man","TOKYO GAME SHOW","CUSA02521","PS4","Нет","525,00 TL","68%","559,68 TL","2026-09-24","","Нет","Да","","https://store.playstation.com/en-tr/concept/202697","2015-08-24","Action","PEGI_7"
"1817","Mega Man","TOKYO GAME SHOW","CUSA02521","PS4","Нет","525,00 TL","68%","559,68 TL","2026-09-24","","Нет","Да","","https://store.playstation.com/en-tr/concept/202697","2015-08-24","Action","PEGI_7"
"5460","Chasm: The Rift","TOKYO GAME SHOW","PPSA13990","PS4, PS5","Нет","849,00 TL","75%","212,25 TL","2026-09-24","","Нет","Да","","https://store.playstation.com/en-tr/concept/10007462","2023-05-18","Action","PEGI_16"
"2609","Highway Roads Racer","TOKYO GAME SHOW","PPSA35979","PS5","Нет","215,00 TL","30%","150,50 TL","2026-09-24","Highway Roads Racer: 215,00 TL; Highway Roads Racer: 215,00 TL","Нет","Нет","","https://store.playstation.com/en-tr/concept/10018550","2026-02-06","Driving/Racing","PEGI_12"
"2317","Wilmot's Warehouse","TOKYO GAME SHOW","CUSA25303","PS4","Нет","601,00 TL","50%","300,50 TL","2026-09-24","","Нет","Нет","","https://store.playstation.com/en-tr/concept/10001208","2021-02-09","Family","PEGI_3"
"6129","Dolmen","TOKYO GAME SHOW","PPSA03418","PS4, PS5","Нет","699,00 TL","80%","139,80 TL","2026-09-24","","Нет","Да","","https://store.playstation.com/en-tr/concept/10002698","2022-05-19","Action","PEGI_16"
"5450","Centum","TOKYO GAME SHOW","PPSA26477","PS5","Нет","649,00 TL","40%","389,40 TL","2026-09-24","Centum: 649,00 TL; Centum: 649,00 TL","Нет","Да","","https://store.playstation.com/en-tr/concept/10012850","2025-03-11","Role Playing Games","PEGI_16"
"6848","Fruits Slot Machine","TOKYO GAME SHOW","PPSA38263","PS5","Нет","171,00 TL","30%","119,70 TL","2026-09-24","","Нет","Нет","","https://store.playstation.com/en-tr/concept/10019865","2026-06-05","Casual","PEGI_18"
"3525","Stroke The Cat","TOKYO GAME SHOW","CUSA36654","PS4","Нет","85,00 TL","20%","68,00 TL","2026-09-24","Stroke The Cat: 85,00 TL; Stroke The Cat: 85,00 TL","Нет","Нет","","https://store.playstation.com/en-tr/concept/10006121","2022-09-19","Casual","PEGI_3"
"2254","Super Neptunia RPG","TOKYO GAME SHOW","CUSA12063","PS4","Нет","1.299,00 TL","75%","324,75 TL","2026-09-24","","Нет","Нет","","https://store.playstation.com/en-tr/concept/232167","2019-06-27","Role Playing Games","PEGI_12"
"5816","Cyanide & Happiness - Freakpocalypse (Episode 1)","TOKYO GAME SHOW","CUSA20215","PS4","Нет","849,00 TL","75%","212,25 TL","2026-09-24","","Нет","Нет","","https://store.playstation.com/en-tr/concept/10000780","2021-10-26","Adventure","PEGI_16"
"2001","Sakura Succubus 9","TOKYO GAME SHOW","PPSA37878","PS4, PS5","Нет","429,00 TL","50%","174,50 TL","2026-09-24","","Нет","Нет","","https://store.playstation.com/en-tr/concept/10019651","2026-07-02","Adventure","PEGI_16"
"6960","Ghost Signal: A Stellaris Game","TOKYO GAME SHOW","PPSA17013","PS5","Нет","349,00 TL","85%","52,35 TL","2026-09-24","","Нет","Нет","","https://store.playstation.com/en-tr/concept/10008624","2023-10-05","Action","PEGI_7"
"5444","Chained Survive Together","TOKYO GAME SHOW","CUSA50631","PS4","Нет","209,00 TL","35%","135,85 TL","2026-09-24","","Нет","Нет","","https://store.playstation.com/en-tr/concept/10012174","2024-10-10","Adventure","PEGI_3"
"2788","International Boxing","TOKYO GAME SHOW","CUSA35665","PS4","Нет","175,00 TL","30%","122,50 TL","2026-09-24","","Нет","Нет","","https://store.playstation.com/en-tr/concept/10005796","2022-08-07","Sport","PEGI_16"
"1953","LOST SPHEAR","TOKYO GAME SHOW","CUSA09346","PS4","Нет","1.749,00 TL","75%","437,25 TL","2026-09-24","LOST SPHEAR: 1.749,00 TL","Нет","Нет","","https://store.playstation.com/en-tr/concept/229958","2018-01-23","Role Playing Games","PEGI_7"
"5725","Creepy Tale 2","TOKYO GAME SHOW","CUSA30096","PS4","Нет","525,00 TL","60%","210,00 TL","2026-09-24","","Да","Да","","https://store.playstation.com/en-tr/concept/10003676","2023-04-26","Adventure","PEGI_16"
"5379","Cats Around Us: Giant Cat","TOKYO GAME SHOW","PPSA33753","PS5","Нет","129,00 TL","30%","90,30 TL","2026-09-24","Cats Around Us: Giant Cat: 129,00 TL; Cats Around Us: Giant Cat: 129,00 TL","Нет","Нет","","https://store.playstation.com/en-tr/concept/10017179","2026-01-14","Puzzle","PEGI_3"
"1522","Dead Hook","TOKYO GAME SHOW","PPSA19452","PS5","Нет","699,00 TL","45%","384,45 TL","2026-09-24","","Нет","Нет","","https://store.playstation.com/en-tr/concept/10009531","2024-02-08","Shooter","PEGI_12"
"4642","Arcade Game Zone","TOKYO GAME SHOW","PPSA19016","PS5","Нет","879,00 TL","85%","131,85 TL","2026-09-24","Arcade Game Zone: 879,00 TL; Arcade Game Zone: 875,00 TL","Нет","Нет","","https://store.playstation.com/en-tr/concept/10009374","2024-01-15","Party","PEGI_3"
"1614","SkyDrift Infinity","TOKYO GAME SHOW","CUSA13659","PS4","Нет","649,00 TL","50%","324,50 TL","2026-09-24","","Нет","Да","","https://store.playstation.com/en-tr/concept/232809","2021-07-28","Driving/Racing","PEGI_7"
"1636","Overland","TOKYO GAME SHOW","PPSA05491","PS4, PS5","Нет","849,00 TL","65%","297,15 TL","2026-09-24","","Нет","Да","","https://store.playstation.com/en-tr/concept/233197","2022-12-13","Strategy","PEGI_12"
"1524","Hitchhiker - A Mystery Game","TOKYO GAME SHOW","CUSA24043","PS4","Нет","699,00 TL","75%","174,75 TL","2026-09-24","","Нет","Да","","https://store.playstation.com/en-tr/concept/234556","2021-04-15","Unique","PEGI_12"
"3081","Itorah","TOKYO GAME SHOW","CUSA34062","PS4","Нет","699,00 TL","90%","69,90 TL","2026-09-24","","Нет","Да","","https://store.playstation.com/en-tr/concept/10005215","2023-04-20","Action","PEGI_7"
"5905","Dark Town Secrets: Lost Lulu Collector’s Edition","TOKYO GAME SHOW","PPSA38833","PS5","Нет","300,00 TL","10%","270,00 TL","2026-09-24","","Нет","Да","","https://store.playstation.com/en-tr/concept/10020202","2026-07-15","Adventure","PEGI_3"
"3204","The Light of Celestia","TOKYO GAME SHOW","PPSA25236","PS5","Нет","429,00 TL","70%","128,70 TL","2026-09-24","","Нет","Нет","","https://store.playstation.com/en-tr/concept/10012100","2025-10-25","Adventure","PEGI_12"
"2206","Creepy Tale","TOKYO GAME SHOW","CUSA30060","PS4","Нет","349,00 TL","60%","139,60 TL","2026-09-24","","Нет","Да","","https://store.playstation.com/en-tr/concept/10003675","2023-04-26","Adventure","PEGI_16"
"7327","Hidden Through Time 2: Myths & Magic","TOKYO GAME SHOW","PPSA18325","PS5","Нет","439,00 TL","50%","219,50 TL","2026-09-24","","Нет","Да","","https://store.playstation.com/en-tr/concept/10009130","2024-01-24","Puzzle","PEGI_3"
"2744","POSTAL Redux","TOKYO GAME SHOW","PPSA25251","PS5","Нет","419,00 TL","60%","139,60 TL","2026-09-24","POSTAL Redux: 419,00 TL; POSTAL Redux: 349,00 TL","Нет","Нет","","https://store.playstation.com/en-tr/concept/10001898","2024-12-19","Action","PEGI_18"
"2497","What The Dub?!","TOKYO GAME SHOW","CUSA26987","PS4","Нет","245,00 TL","50%","122,50 TL","2026-09-24","","Нет","Нет","","https://store.playstation.com/en-tr/concept/10002481","2021-04-07","Party","PEGI_12"
"421","FINAL FANTASY XV","TOKYO GAME SHOW","CUSA01615","PS4","Нет","769,00 TL","60%","139,60 TL","2026-09-24","FINAL FANTASY XV ROYAL EDITION: 769,00 TL; FINAL FANTASY XV MULTIPLAYER: COMRADES: 349,00 TL","Нет","Да","","https://store.playstation.com/en-tr/concept/201597","2018-03-05","Role Playing Games","PEGI_16"
"2494","Lara Croft and the Temple of Osiris","TOKYO GAME SHOW","CUSA00806","PS4","Нет","104,85 TL","85%","209,85 TL","2026-09-24","Lara Croft and the Temple of Osiris & Season Pass Pack: 1.015,00 TL; Lara Croft and the Temple of Osiris: 104,85 TL","Нет","Да","","https://store.playstation.com/en-tr/concept/202556","2014-12-08","Puzzle","PEGI_12"
"6106","Disintegration","TOKYO GAME SHOW","CUSA15446","PS4","Нет","1.299,00 TL","80%","259,80 TL","2026-09-24","","Нет","Да","","https://store.playstation.com/en-tr/concept/233091","2020-06-15","Shooter","PEGI_12"
"3686","Stroke the Dik-Dik","TOKYO GAME SHOW","CUSA39164","PS4","Нет","85,00 TL","20%","68,00 TL","2026-09-24","","Нет","Нет","","https://store.playstation.com/en-tr/concept/10006803","2023-05-31","Casual","PEGI_3"
"6927","GAROU: MARK OF THE WOLVES","TOKYO GAME SHOW","CUSA05993","PS4","Нет","—","85%","97,35 TL","2026-09-24","","Нет","Нет","","https://store.playstation.com/en-tr/concept/208240","2016-12-02","Action","PEGI_12"
"5324","Carom Billiards","TOKYO GAME SHOW","PPSA36142","PS5","Нет","429,00 TL","30%","300,30 TL","2026-09-24","Carom Billiards: 429,00 TL; Carom Billiards: 429,00 TL","Нет","Нет","","https://store.playstation.com/en-tr/concept/10018637","2026-02-13","Simulation","PEGI_3"
"1445","Mary Skelter Finale","TOKYO GAME SHOW","CUSA26856","PS4","Нет","2.149,00 TL","65%","752,15 TL","2026-09-24","Standard Edition: 2.149,00 TL; Deluxe Edition: 2.579,00 TL","Нет","Нет","","https://store.playstation.com/en-tr/concept/10002429","2021-09-30","Role Playing Games","PEGI_16"
"3232","Virginia - The Game.","TOKYO GAME SHOW","CUSA03145","PS4","Нет","349,00 TL","50%","174,50 TL","2026-09-24","","Нет","Да","","https://store.playstation.com/en-tr/concept/222041","2016-09-21","Adventure","PEGI_12"
"7455","Icebound Secrets: The Frostwood Bane","TOKYO GAME SHOW","PPSA32717","PS5","Нет","549,00 TL","20%","439,20 TL","2026-09-24","","Нет","Нет","","https://store.playstation.com/en-tr/concept/10016650","2025-12-08","Adventure","PEGI_7"
"3144","Lacuna","TOKYO GAME SHOW","CUSA29933","PS4","Нет","699,00 TL","90%","69,90 TL","2026-09-24","","Нет","Да","","https://store.playstation.com/en-tr/concept/10003114","2021-12-20","Adventure","PEGI_16"
"3691","Stroke The Spider","TOKYO GAME SHOW","CUSA36803","PS4","Нет","85,00 TL","20%","68,00 TL","2026-09-24","Stroke The Spider: 85,00 TL; Stroke The Spider: 85,00 TL","Нет","Нет","","https://store.playstation.com/en-tr/concept/10006147","2022-10-13","Casual","PEGI_3"
"894","SUPER","TOKYO GAME SHOW","PPSA30553","PS5","Нет","849,00 TL","75%","174,75 TL","2026-09-24","","Нет","Нет","","https://store.playstation.com/en-tr/concept/10015390","2026-02-05","Party","PEGI_7"
"894","SUPER","TOKYO GAME SHOW","PPSA30553","PS5","Нет","849,00 TL","75%","174,75 TL","2026-09-24","","Нет","Нет","","https://store.playstation.com/en-tr/concept/10015390","2026-02-05","Party","PEGI_7"
"894","SUPER","TOKYO GAME SHOW","PPSA30553","PS5","Нет","849,00 TL","75%","174,75 TL","2026-09-24","","Нет","Нет","","https://store.playstation.com/en-tr/concept/10015390","2026-02-05","Party","PEGI_7"
"1449","Kizuna AI - Touch the Beat!","TOKYO GAME SHOW","PPSA11200","PS5","Нет","1.499,00 TL","50%","749,50 TL","2026-09-24","Kizuna AI - Touch the Beat!: 1.499,00 TL; Kizuna AI - Touch the Beat!: 1.499,00 TL","Нет","Нет","","https://store.playstation.com/en-tr/concept/10004843","2023-02-21","Music/Rhythm","PEGI_3"
"2201","Universal Flight Simulator","TOKYO GAME SHOW","CUSA35425","PS4","Нет","349,00 TL","30%","244,30 TL","2026-09-24","","Нет","Нет","","https://store.playstation.com/en-tr/concept/10005716","2022-08-06","Simulation","PEGI_3"
"7710","Junkster","TOKYO GAME SHOW","PPSA22450","PS5","Нет","429,00 TL","20%","343,20 TL","2026-09-24","","Нет","Да","","https://store.playstation.com/en-tr/concept/10010682","2026-06-16","Family","PEGI_7"
"7824","Knightica","TOKYO GAME SHOW","PPSA31335","PS5","Нет","649,00 TL","35%","421,85 TL","2026-09-24","Knightica: 649,00 TL; Knightica: 649,00 TL","Нет","Да","","https://store.playstation.com/en-tr/concept/10015838","2025-08-21","Strategy","PEGI_7"
"6212","Dragon Marked For Death","TOKYO GAME SHOW","CUSA23495","PS4","Нет","1.399,00 TL","65%","489,65 TL","2026-09-24","","Нет","Нет","","https://store.playstation.com/en-tr/concept/10001034","2020-07-22","Action","PEGI_16"
"2639","Fight For America","TOKYO GAME SHOW","CUSA56654","PS4","Нет","215,00 TL","40%","129,00 TL","2026-09-24","Standard Edition: 215,00 TL; Complete Edition: 429,00 TL","Нет","Нет","","https://store.playstation.com/en-tr/concept/10016857","2025-12-19","Strategy","PEGI_12"
"2891","Fill The Cup 3: Frost","TOKYO GAME SHOW","PPSA35462","PS5","Нет","64,00 TL","50%","32,00 TL","2026-09-24","Fill The Cup 3: Frost: 64,00 TL; Fill The Cup 3: Frost: 64,00 TL","Нет","Нет","","https://store.playstation.com/en-tr/concept/10018229","2026-01-14","Puzzle","PEGI_3"
"2603","Bubble Shooter Piratery","TOKYO GAME SHOW","PPSA37530","PS5","Нет","215,00 TL","30%","150,50 TL","2026-09-24","Bubble Shooter Piratery: 215,00 TL; Bubble Shooter Piratery: 215,00 TL","Нет","Нет","","https://store.playstation.com/en-tr/concept/10019429","2026-05-15","Casual","PEGI_3"
"3179","Golfing in Aether","TOKYO GAME SHOW","PPSA20537","PS5","Нет","315,00 TL","75%","78,75 TL","2026-09-24","Standard: 315,00 TL; Deluxe: 389,00 TL","Нет","Нет","","https://store.playstation.com/en-tr/concept/10009985","2024-10-24","Sport","PEGI_3"
"ghost_1789625902789_tbzzc","Shadow Labyrinth","TOKYO GAME SHOW","—","—","Нет","1.049,00 TL","50%","524,50 TL","2026-09-24","","Нет","Нет","","#","—","—","—"
"ghost_1789625903152_ajqu8","SOULVARS","TOKYO GAME SHOW","—","—","Нет","595,00 TL","90%","59,50 TL","2026-09-24","","Нет","Нет","","#","—","—","—"
"ghost_1789625903885_qkr2i","The Heavy Rain & BEYOND: Two","TOKYO GAME SHOW","—","—","Нет","1.749,00 TL","60%","699,60 TL","2026-09-24","","Нет","Нет","","#","—","—","—"
"ghost_1789625904236_6phti","Ys X: Proud Nordics","TOKYO GAME SHOW","—","—","Нет","2.999,00 TL","10%","2.699,10 TL","2026-09-24","","Нет","Нет","","#","—","—","—"
"ghost_1789625904678_e8pg8","Slay the Princess - The Pristine Cut","TOKYO GAME SHOW","—","—","Нет","649,00 TL","40%","389,40 TL","2026-09-24","","Нет","Нет","","#","—","—","—"
"ghost_1789625905045_srcqt","Slay the Princess - The Pristine Cut","TOKYO GAME SHOW","—","—","Нет","774,00 TL","40%","464,40 TL","2026-09-24","","Нет","Нет","","#","—","—","—"
"ghost_1789625905928_ega1o","Pode","TOKYO GAME SHOW","—","—","Нет","1.031,00 TL","50%","515,50 TL","2026-09-24","","Нет","Нет","","#","—","—","—"
"ghost_1789625906504_rr5m7","ODDBALLERS","TOKYO GAME SHOW","—","—","Нет","699,00 TL","75%","174,75 TL","2026-09-24","","Нет","Нет","","#","—","—","—"
"ghost_1789625906887_zufmy","Robots at Midnight","TOKYO GAME SHOW","—","—","Нет","849,00 TL","50%","424,50 TL","2026-09-24","","Нет","Нет","","#","—","—","—"
"ghost_1789625907503_nsfsx","Silver Chains","TOKYO GAME SHOW","—","—","Нет","879,00 TL","90%","87,90 TL","2026-09-24","","Нет","Нет","","#","—","—","—"
"ghost_1789625908175_ckhrm","Woodturning 3D","TOKYO GAME SHOW","—","—","Нет","215,00 TL","50%","107,50 TL","2026-09-24","","Нет","Нет","","#","—","—","—"
"ghost_1789625908881_r2amz","R-TYPE DX: Music Encore","TOKYO GAME SHOW","—","—","Нет","649,00 TL","20%","519,20 TL","2026-09-24","","Нет","Нет","","#","—","—","—"
"ghost_1789625909232_fo5gi","XEL","TOKYO GAME SHOW","—","—","Нет","665,00 TL","90%","66,50 TL","2026-09-24","","Нет","Нет","","#","—","—","—"
"ghost_1789625909614_lc7x2","XEL","TOKYO GAME SHOW","—","—","Нет","665,00 TL","90%","66,50 TL","2026-09-24","","Нет","Нет","","#","—","—","—"
"ghost_1789625909965_jo26q","Vambrace: Dungeon Monarch","TOKYO GAME SHOW","—","—","Нет","649,00 TL","90%","64,90 TL","2026-09-24","","Нет","Нет","","#","—","—","—"
"ghost_1789625910321_7050n","STRIDER","TOKYO GAME SHOW","—","—","Нет","525,00 TL","65%","183,75 TL","2026-09-24","","Нет","Нет","","#","—","—","—"
"ghost_1789625911022_be071","The Green Light","TOKYO GAME SHOW","—","—","Нет","215,00 TL","20%","172,00 TL","2026-09-24","","Нет","Нет","","#","—","—","—"
"ghost_1789625912144_a5m95","WolfFang SkullFang Saturn Tribute Boosted","TOKYO GAME SHOW","—","—","Нет","849,00 TL","50%","424,50 TL","2026-09-24","","Нет","Нет","","#","—","—","—"
"ghost_1789625914121_flie3","Sundered","TOKYO GAME SHOW","—","—","Нет","699,00 TL","85%","104,85 TL","2026-09-24","","Нет","Нет","","#","—","—","—"
"ghost_1789625915162_uwl1n","System Critical 3","TOKYO GAME SHOW","—","—","Нет","849,00 TL","15%","721,65 TL","2026-09-24","","Нет","Нет","","#","—","—","—"
"ghost_1789625915957_u1ivl","Top Shot Pool","TOKYO GAME SHOW","—","—","Нет","283,00 TL","30%","198,10 TL","2026-09-24","","Нет","Нет","","#","—","—","—"
"ghost_1789625916313_speqd","STRIKERS 1945","TOKYO GAME SHOW","—","—","Нет","387,00 TL","70%","116,10 TL","2026-09-24","","Нет","Нет","","#","—","—","—"
"ghost_1789625917005_ixybn","Neptunia Virtual Stars","TOKYO GAME SHOW","—","—","Нет","1.749,00 TL","70%","524,70 TL","2026-09-24","","Нет","Нет","","#","—","—","—"
"ghost_1789625918461_rdfea","The Adventures of Elliot: The Millennium Tales","TOKYO GAME SHOW","—","—","Нет","2.999,00 TL","25%","2.249,25 TL","2026-09-24","","Нет","Нет","","#","—","—","—"
"ghost_1789625918882_761d7","Trails in the Sky 1st Chapter","TOKYO GAME SHOW","—","—","Нет","2.579,00 TL","50%","1.289,50 TL","2026-09-24","","Нет","Нет","","#","—","—","—"
"ghost_1789625920848_qh8yw","LEGO DC Heroes & Villains Bundle","TOKYO GAME SHOW","—","—","Нет","2.099,00 TL","87%","272,87 TL","2026-09-24","","Нет","Нет","","#","—","—","—"
"ghost_1789625921285_vxooc","OCTOPATH TRAVELER II PS4＆PS5","TOKYO GAME SHOW","—","—","Нет","2.099,00 TL","60%","839,60 TL","2026-09-24","","Нет","Нет","","#","—","—","—"
"ghost_1789625921875_rdecd","Bundle: South Park : The Stick of Truth + The Fractured but Whole","TOKYO GAME SHOW","—","—","Нет","2.099,00 TL","75%","524,75 TL","2026-09-24","","Нет","Нет","","#","—","—","—"
"ghost_1789625922428_8696n","Tales of Berseria","TOKYO GAME SHOW","—","—","Нет","1.749,00 TL","25%","1.311,75 TL","2026-09-24","","Нет","Нет","","#","—","—","—"
"ghost_1789625922842_ipuzk","MOTORSLICE","TOKYO GAME SHOW","—","—","Нет","849,00 TL","15%","721,65 TL","2026-09-24","","Нет","Нет","","#","—","—","—"
"ghost_1789625924528_fc67z","Wreckfest: Drive Hard. Die Last.","TOKYO GAME SHOW","—","—","Нет","1.049,00 TL","65%","367,15 TL","2026-09-24","","Нет","Нет","","#","—","—","—"
"ghost_1789625925784_1avp1","The Jackbox Party Pack 9","TOKYO GAME SHOW","—","—","Нет","1.049,00 TL","35%","681,85 TL","2026-09-24","","Нет","Нет","","#","—","—","—"
"ghost_1789625926605_7kgi4","Wolfenstein II: The New Colossus Deluxe Edition (CUSA07378)","TOKYO GAME SHOW","—","—","Нет","2.099,00 TL","85%","314,85 TL","2026-09-24","","Нет","Нет","","#","—","—","—"
"ghost_1789625927363_9yo13","TRIANGLE STRATEGY","TOKYO GAME SHOW","—","—","Нет","2.579,00 TL","30%","1.805,30 TL","2026-09-24","","Нет","Нет","","#","—","—","—"
"ghost_1789625928527_ck1rh","The Wandering Village","TOKYO GAME SHOW","—","—","Нет","1.049,00 TL","30%","734,30 TL","2026-09-24","","Нет","Нет","","#","—","—","—"
"ghost_1789625929886_1vk8b","Survival: Fountain of Youth","TOKYO GAME SHOW","—","—","Нет","1.049,00 TL","40%","629,40 TL","2026-09-24","","Нет","Нет","","#","—","—","—"
"ghost_1789625930401_6r24u","WRATH: Aeon of Ruin VR","TOKYO GAME SHOW","—","—","Нет","730,00 TL","10%","657,00 TL","2026-09-24","","Нет","Нет","","#","—","—","—"
"ghost_1789625931792_uwmwr","RAIDOU Remastered: The Mystery of the Soulless Army","TOKYO GAME SHOW","—","—","Нет","2.149,00 TL","45%","1.181,95 TL","2026-09-24","","Нет","Нет","","#","—","—","—"
"ghost_1789625932209_eyipo","The Legend of Heroes: Trails into Reverie","TOKYO GAME SHOW","—","—","Нет","2.579,00 TL","50%","1.289,50 TL","2026-09-24","","Нет","Нет","","#","—","—","—"
"ghost_1789625932680_hqq06","Tales from the Borderlands","TOKYO GAME SHOW","—","—","Нет","699,00 TL","25%","524,25 TL","2026-09-24","","Нет","Нет","","#","—","—","—"
"ghost_1789625933343_h6mhq","Lost Ember","TOKYO GAME SHOW","—","—","Нет","1.299,00 TL","50%","649,50 TL","2026-09-24","","Нет","Нет","","#","—","—","—"
"ghost_1789625933850_bwykg","Warhammer Pack: Hack and Slash","TOKYO GAME SHOW","—","—","Нет","1.749,00 TL","80%","349,80 TL","2026-09-24","","Нет","Нет","","#","—","—","—"
"ghost_1789625934587_vael7","Under The Island","TOKYO GAME SHOW","—","—","Нет","849,00 TL","20%","679,20 TL","2026-09-24","","Нет","Нет","","#","—","—","—"
"ghost_1789625935143_dhvpj","The Great Ace Attorney Chronicles","TOKYO GAME SHOW","—","—","Нет","284,01 TL","60%","113,60 TL","2026-09-24","","Нет","Нет","","#","—","—","—"
"ghost_1789625935710_p98gg","Rue Valley","TOKYO GAME SHOW","—","—","Нет","601,00 TL","60%","240,40 TL","2026-09-24","","Нет","Нет","","#","—","—","—"
"ghost_1789625936260_s4car","MX Dirt Bike: Unlimited Bike Experience","TOKYO GAME SHOW","—","—","Нет","525,00 TL","35%","341,25 TL","2026-09-24","","Нет","Нет","","#","—","—","—"
"ghost_1789625937053_3z2jw","Umbrella Corps","TOKYO GAME SHOW","—","—","Нет","525,00 TL","65%","183,75 TL","2026-09-24","","Нет","Нет","","#","—","—","—"
"ghost_1789625937405_dq3sb","Umbrella Corps","TOKYO GAME SHOW","—","—","Нет","629,00 TL","64%","226,44 TL","2026-09-24","","Нет","Нет","","#","—","—","—"
"ghost_1789625938183_ajpdy","Warhammer 40,000: Shootas, Blood & Teef","TOKYO GAME SHOW","—","—","Нет","699,00 TL","50%","349,50 TL","2026-09-24","","Нет","Нет","","#","—","—","—"
"ghost_1789625938525_j3fcx","Pathologic 2","TOKYO GAME SHOW","—","—","Нет","1.229,00 TL","75%","307,25 TL","2026-09-24","","Нет","Нет","","#","—","—","—"
"ghost_1789625939720_pd3ys","Soulslinger: Envoy of Death","TOKYO GAME SHOW","—","—","Нет","849,00 TL","60%","339,60 TL","2026-09-24","","Нет","Нет","","#","—","—","—"
"ghost_1789625940089_k8qj6","Xuan Yuan Sword 7","TOKYO GAME SHOW","—","—","Нет","1.749,00 TL","60%","699,60 TL","2026-09-24","","Нет","Нет","","#","—","—","—"
"ghost_1789625940890_nk5vr","River City Girls 2","TOKYO GAME SHOW","—","—","Нет","1.399,00 TL","50%","699,50 TL","2026-09-24","","Нет","Нет","","#","—","—","—"
"ghost_1789625941338_wrqoc","UnMetal","TOKYO GAME SHOW","—","—","Нет","595,00 TL","75%","148,75 TL","2026-09-24","","Нет","Нет","","#","—","—","—"
"ghost_1789625941709_4agmm","SNK VS. CAPCOM SVC CHAOS","TOKYO GAME SHOW","—","—","Нет","699,00 TL","50%","349,50 TL","2026-09-24","","Нет","Нет","","#","—","—","—"
"ghost_1789625942536_rn7tn","RAIDEN FIGHTERS","TOKYO GAME SHOW","—","—","Нет","1.299,00 TL","20%","1.039,20 TL","2026-09-24","","Нет","Нет","","#","—","—","—"
"ghost_1789625942911_yf0ev","UnderMine","TOKYO GAME SHOW","—","—","Нет","730,00 TL","60%","292,00 TL","2026-09-24","","Нет","Нет","","#","—","—","—"
"ghost_1789625943392_stm65","Urbek City Builder","TOKYO GAME SHOW","—","—","Нет","1.049,00 TL","75%","262,25 TL","2026-09-24","","Нет","Нет","","#","—","—","—"
"ghost_1789625944365_1jy3s","Royal Revolt Survivors","TOKYO GAME SHOW","—","—","Нет","429,00 TL","30%","300,30 TL","2026-09-24","","Нет","Нет","","#","—","—","—"
"ghost_1789625945442_7x613","NOBUNAGA'S AMBITION: Awakening","TOKYO GAME SHOW","—","—","Нет","2.999,00 TL","25%","2.249,25 TL","2026-09-24","","Нет","Нет","","#","—","—","—"
"ghost_1789625945876_6f2f0","War Mongrels","TOKYO GAME SHOW","—","—","Нет","1.749,00 TL","70%","524,70 TL","2026-09-24","","Нет","Нет","","#","—","—","—"
"ghost_1789625947122_wafbq","Trek to Yomi","TOKYO GAME SHOW","—","—","Нет","849,00 TL","75%","212,25 TL","2026-09-24","","Нет","Нет","","#","—","—","—"
"ghost_1789625947821_4f7ht","Wytchwood","TOKYO GAME SHOW","—","—","Нет","629,00 TL","65%","220,15 TL","2026-09-24","","Нет","Нет","","#","—","—","—"
"ghost_1789625948166_8wuzb","River City Girls","TOKYO GAME SHOW","—","—","Нет","1.049,00 TL","50%","524,50 TL","2026-09-24","","Нет","Нет","","#","—","—","—"
"ghost_1789625948534_melmk","Surviving Mars: Pioneer","TOKYO GAME SHOW","—","—","Нет","1.079,00 TL","15%","917,15 TL","2026-09-24","","Нет","Нет","","#","—","—","—"
"ghost_1789625949592_sp03m","Shantae and the Seven Sirens PS4 and","TOKYO GAME SHOW","—","—","Нет","1.299,00 TL","50%","649,50 TL","2026-09-24","","Нет","Нет","","#","—","—","—"
"ghost_1789625950969_cg7j6","NOBUNAGA'S AMBITION: Awakening","TOKYO GAME SHOW","—","—","Нет","2.579,00 TL","35%","1.676,35 TL","2026-09-24","","Нет","Нет","","#","—","—","—"
"ghost_1789625951757_a84qb","Urban Myth Dissolution Center","TOKYO GAME SHOW","—","—","Нет","849,00 TL","30%","594,30 TL","2026-09-24","","Нет","Нет","","#","—","—","—"
"ghost_1789625952364_t8xzv","Shatterline","TOKYO GAME SHOW","—","—","Нет","849,00 TL","50%","424,50 TL","2026-09-24","","Нет","Нет","","#","—","—","—"
"ghost_1789625952940_lup1t","Love is all around 2","TOKYO GAME SHOW","—","—","Нет","649,00 TL","20%","519,20 TL","2026-09-24","","Нет","Нет","","#","—","—","—"
"ghost_1789625953337_35zks","Ys X: Nordics","TOKYO GAME SHOW","—","—","Нет","2.099,00 TL","30%","1.469,30 TL","2026-09-24","","Нет","Нет","","#","—","—","—"
"ghost_1789625953831_10901","Blizzard","TOKYO GAME SHOW","—","—","Нет","999,00 TL","50%","499,50 TL","2026-09-24","","Нет","Нет","","#","—","—","—"
"ghost_1789625954513_37ojm","Valentino Rossi The Game","TOKYO GAME SHOW","—","—","Нет","649,00 TL","90%","64,90 TL","2026-09-24","","Нет","Нет","","#","—","—","—"
"ghost_1789625954862_rk28f","Pro Formula Racing","TOKYO GAME SHOW","—","—","Нет","349,00 TL","30%","244,30 TL","2026-09-24","","Нет","Нет","","#","—","—","—"
"ghost_1789625955320_kh0at","Oxide Room 208","TOKYO GAME SHOW","—","—","Нет","1.499,00 TL","50%","749,50 TL","2026-09-24","","Нет","Нет","","#","—","—","—"
"ghost_1789625956159_4dtmr","Sweet Surrender","TOKYO GAME SHOW","—","—","Нет","1.079,00 TL","40%","647,40 TL","2026-09-24","","Нет","Нет","","#","—","—","—"
"ghost_1789625956611_pxl1t","Love Too Easily 2: Summer Pocha","TOKYO GAME SHOW","—","—","Нет","849,00 TL","30%","594,30 TL","2026-09-24","","Нет","Нет","","#","—","—","—"
"ghost_1789625957078_78wd5","Neptunia ReVerse","TOKYO GAME SHOW","—","—","Нет","1.749,00 TL","65%","612,15 TL","2026-09-24","","Нет","Нет","","#","—","—","—"
"ghost_1789625957757_na9rm","Samurai Academy: Paws of Fury","TOKYO GAME SHOW","—","—","Нет","1.079,00 TL","35%","701,35 TL","2026-09-24","","Нет","Нет","","#","—","—","—"
"ghost_1789625958108_g6u33","Streets of Rogue","TOKYO GAME SHOW","—","—","Нет","699,00 TL","75%","174,75 TL","2026-09-24","","Нет","Нет","","#","—","—","—"
"ghost_1789625958566_d31ee","My Life: Riding Stables 3","TOKYO GAME SHOW","—","—","Нет","1.049,00 TL","40%","629,40 TL","2026-09-24","","Нет","Нет","","#","—","—","—"
"ghost_1789625959095_qldez","SAMURAI WARRIORS: Spirit of Sanada","TOKYO GAME SHOW","—","—","Нет","1.749,00 TL","60%","699,60 TL","2026-09-24","","Нет","Нет","","#","—","—","—"
"ghost_1789625959777_ymgfc","SaGa Emerald Beyond","TOKYO GAME SHOW","—","—","Нет","1.749,00 TL","60%","699,60 TL","2026-09-24","","Нет","Нет","","#","—","—","—"
"ghost_1789625960122_dyu27","The Wonderful 101","TOKYO GAME SHOW","—","—","Нет","999,00 TL","55%","449,55 TL","2026-09-24","","Нет","Нет","","#","—","—","—"
"ghost_1789625960629_pn97f","Shantae and the Pirate's Curse","TOKYO GAME SHOW","—","—","Нет","849,00 TL","50%","424,50 TL","2026-09-24","","Нет","Нет","","#","—","—","—"
"ghost_1789625961175_b1rn6","The Inheritance of Crimson Manor","TOKYO GAME SHOW","—","—","Нет","629,00 TL","81%","119,51 TL","2026-09-24","","Нет","Нет","","#","—","—","—"
"ghost_1789625961551_0lbmv","Trinity Fusion","TOKYO GAME SHOW","—","—","Нет","849,00 TL","70%","254,70 TL","2026-09-24","","Нет","Нет","","#","—","—","—"
"ghost_1789625961936_w5r1e","Sticky Business","TOKYO GAME SHOW","—","—","Нет","349,00 TL","50%","174,50 TL","2026-09-24","","Нет","Нет","","#","—","—","—"
"ghost_1789625962765_cmryn","Xtreme Drift Racing Simulator","TOKYO GAME SHOW","—","—","Нет","429,00 TL","30%","300,30 TL","2026-09-24","","Нет","Нет","","#","—","—","—"
"ghost_1789625963709_r4809","Noctuary","TOKYO GAME SHOW","—","—","Нет","879,00 TL","40%","527,40 TL","2026-09-24","","Нет","Нет","","#","—","—","—"
"ghost_1789625964932_xe76l","ToeJam & Earl: Back in the Groove!","TOKYO GAME SHOW","—","—","Нет","559,00 TL","35%","363,35 TL","2026-09-24","","Нет","Нет","","#","—","—","—"
"ghost_1789625965482_l9kka","RAGER","TOKYO GAME SHOW","—","—","Нет","730,00 TL","25%","547,50 TL","2026-09-24","","Нет","Нет","","#","—","—","—"
"ghost_1789625965849_44h7m","Titan Souls","TOKYO GAME SHOW","—","—","Нет","649,00 TL","80%","129,80 TL","2026-09-24","","Нет","Нет","","#","—","—","—"
"ghost_1789625966401_l01ef","RollerCoaster Legends II: Thor's Hammer","TOKYO GAME SHOW","—","—","Нет","257,00 TL","10%","231,30 TL","2026-09-24","","Нет","Нет","","#","—","—","—"
"ghost_1789625966825_d4uqn","Stay Still","TOKYO GAME SHOW","—","—","Нет","429,00 TL","40%","257,40 TL","2026-09-24","","Нет","Нет","","#","—","—","—"
"ghost_1789625967192_ab2h6","Nelke & the Legendary Alchemists ~Ateliers of the New World~","TOKYO GAME SHOW","—","—","Нет","2.099,00 TL","77%","482,77 TL","2026-09-24","","Нет","Нет","","#","—","—","—"
"ghost_1789625967809_zwxy3","Symphonia","TOKYO GAME SHOW","—","—","Нет","699,00 TL","60%","279,60 TL","2026-09-24","","Нет","Нет","","#","—","—","—"
"ghost_1789625968265_v2zwq","The Bike - Moto Ride Simulator","TOKYO GAME SHOW","—","—","Нет","525,00 TL","35%","341,25 TL","2026-09-24","","Нет","Нет","","#","—","—","—"
"ghost_1789625968635_9zzq1","South of the Circle","TOKYO GAME SHOW","—","—","Нет","549,00 TL","70%","164,70 TL","2026-09-24","","Нет","Нет","","#","—","—","—"
"ghost_1789625969154_lic5p","The Sinking Forest - 沈んだ森","TOKYO GAME SHOW","—","—","Нет","549,00 TL","60%","219,60 TL","2026-09-24","","Нет","Нет","","#","—","—","—"
"ghost_1789625970169_5wz27","Vanity Fair: The Pursuit","TOKYO GAME SHOW","—","—","Нет","525,00 TL","50%","262,50 TL","2026-09-24","","Нет","Нет","","#","—","—","—"
"ghost_1789625971368_oy9g6","Survivor Mercs","TOKYO GAME SHOW","—","—","Нет","515,00 TL","50%","257,50 TL","2026-09-24","","Нет","Нет","","#","—","—","—"
"ghost_1789625971766_1yg1o","Mercenaries Lament: Requiem of the Silver Wolf","TOKYO GAME SHOW","—","—","Нет","849,00 TL","30%","594,30 TL","2026-09-24","","Нет","Нет","","#","—","—","—"
"ghost_1789625973148_64dky","The Coma 2: Vicious Sisters","TOKYO GAME SHOW","—","—","Нет","529,00 TL","80%","105,80 TL","2026-09-24","","Нет","Нет","","#","—","—","—"
"ghost_1789625973652_ll7r7","YEAH! YOU WANT \THOSE GAMES","TOKYO GAME SHOW","—","—","Нет","30%","\ RIGHT? SO HERE YOU GO! NOW, LET'S SEE YOU CLEAR THEM! 2","249,00 TL","2026-09-24","","Нет","Нет","","#","—","—","—"
"ghost_1789625974632_dwy21","Project 13","TOKYO GAME SHOW","—","—","Нет","209,00 TL","50%","104,50 TL","2026-09-24","","Нет","Нет","","#","—","—","—"
"ghost_1789625975572_v5d5s","Röki","TOKYO GAME SHOW","—","—","Нет","699,00 TL","85%","104,85 TL","2026-09-24","","Нет","Нет","","#","—","—","—"
"ghost_1789625976202_kai4r","The Adventure Pals","TOKYO GAME SHOW","—","—","Нет","649,00 TL","80%","129,80 TL","2026-09-24","","Нет","Нет","","#","—","—","—"
"ghost_1789625976620_glhdt","RollerCoaster Legends","TOKYO GAME SHOW","—","—","Нет","343,00 TL","10%","308,70 TL","2026-09-24","","Нет","Нет","","#","—","—","—"
"ghost_1789625977084_ns51k","Redeemer","TOKYO GAME SHOW","—","—","Нет","649,00 TL","75%","162,25 TL","2026-09-24","","Нет","Нет","","#","—","—","—"
"ghost_1789625977504_1k2lj","Trüberbrook","TOKYO GAME SHOW","—","—","Нет","1.049,00 TL","90%","104,90 TL","2026-09-24","","Нет","Нет","","#","—","—","—"
"ghost_1789625977860_y7eo3","Lucky's Tale","TOKYO GAME SHOW","—","—","Нет","774,00 TL","80%","154,80 TL","2026-09-24","","Нет","Нет","","#","—","—","—"
"ghost_1789625978388_94gr6","Unsolved Case: Above the Law CE","TOKYO GAME SHOW","—","—","Нет","419,00 TL","20%","335,20 TL","2026-09-24","","Нет","Нет","","#","—","—","—"
"ghost_1789625978751_nw4yl","Unsolved Case: Killer Popularity CE","TOKYO GAME SHOW","—","—","Нет","419,00 TL","20%","335,20 TL","2026-09-24","","Нет","Нет","","#","—","—","—"
"ghost_1789625979115_p7mnn","Unsolved Case: Murderous Script CE","TOKYO GAME SHOW","—","—","Нет","419,00 TL","20%","335,20 TL","2026-09-24","","Нет","Нет","","#","—","—","—"
"ghost_1789625979861_hz6hm","Majogami","TOKYO GAME SHOW","—","—","Нет","1.299,00 TL","20%","1.039,20 TL","2026-09-24","","Нет","Нет","","#","—","—","—"
"ghost_1789625980415_1sc6h","Yohane the Parhelion -BLAZE in the DEEPBLUE","TOKYO GAME SHOW","—","—","Нет","1.049,00 TL","60%","419,60 TL","2026-09-24","","Нет","Нет","","#","—","—","—"
"ghost_1789625980774_enw9n","Scar-Lead Salvation","TOKYO GAME SHOW","—","—","Нет","1.299,00 TL","45%","714,45 TL","2026-09-24","","Нет","Нет","","#","—","—","—"
"ghost_1789625981145_j37oq","Sclash","TOKYO GAME SHOW","—","—","Нет","349,00 TL","80%","69,80 TL","2026-09-24","","Нет","Нет","","#","—","—","—"
"ghost_1789625981515_26fua","Megadimension Neptunia VIIR","TOKYO GAME SHOW","—","—","Нет","1.049,00 TL","60%","419,60 TL","2026-09-24","","Нет","Нет","","#","—","—","—"
"ghost_1789625982093_di29k","Sakura Swim Club","TOKYO GAME SHOW","—","—","Нет","349,00 TL","50%","174,50 TL","2026-09-24","","Нет","Нет","","#","—","—","—"
"ghost_1789625983670_lah4a","The Black Within","TOKYO GAME SHOW","—","—","Нет","279,00 TL","40%","167,40 TL","2026-09-24","","Нет","Нет","","#","—","—","—"
"ghost_1789625984065_4euiz","The Bookwalker: Thief of Tales","TOKYO GAME SHOW","—","—","Нет","525,00 TL","75%","131,25 TL","2026-09-24","","Нет","Нет","","#","—","—","—"
"ghost_1789625984479_6g1s7","Love Too Easily","TOKYO GAME SHOW","—","—","Нет","769,00 TL","50%","384,50 TL","2026-09-24","","Нет","Нет","","#","—","—","—"