"№","Название","ID игры","Платформа","Предзаказ","Обычная цена","Цены изданий","Рус. озвучка","Рус. текст","Подписки","Ссылка","Дата релиза","Жанр","PEGI"
"4295","Arcade Archives 2 MOON SHUTTLE","PPSA33352","PS5","Нет","387,00 TL","","Нет","Нет","","https://store.playstation.com/en-tr/concept/10016980","2026-06-24","Shooter","PEGI_3"
"4296","Arcade Archives 2 MOUSER","PPSA37589","PS5","Нет","387,00 TL","","Нет","Нет","","https://store.playstation.com/en-tr/concept/10019475","2026-07-22","Action","PEGI_3"
"4297","Arcade Archives 2 KONAMI GT","PPSA35466","PS5","Нет","387,00 TL","Arcade Archives 2 KONAMI GT: 387,00 TL; Arcade Archives KONAMI GT: 300,00 TL","Нет","Нет","","https://store.playstation.com/en-tr/concept/10018241","2026-04-15","Driving/Racing","PEGI_3"
"4298","Arcade Archives 2 PINBALL ACTION","PPSA38277","PS5","Нет","387,00 TL","","Нет","Нет","","https://store.playstation.com/en-tr/concept/10019871","2026-08-12","Action","PEGI_3"
"4299","Arcade Archives 2 Rave Racer","PPSA34621","PS5","Нет","730,00 TL","Arcade Archives 2 Rave Racer: 730,00 TL; Arcade Archives Rave Racer: 649,00 TL","Нет","Нет","","https://store.playstation.com/en-tr/concept/10017737","2026-02-25","Driving/Racing","PEGI_3"
"4300","Arcade Archives 2 QUESTER","PPSA34263","PS5","Нет","387,00 TL","Arcade Archives 2 QUESTER: 387,00 TL; Arcade Archives QUESTER: 300,00 TL","Нет","Нет","","https://store.playstation.com/en-tr/concept/10017501","2026-01-28","Action","PEGI_3"
"4301","Arcade Archives 2 POLARIS","PPSA35674","PS5","Нет","387,00 TL","Arcade Archives 2 POLARIS: 387,00 TL; Arcade Archives POLARIS: 300,00 TL","Нет","Нет","","https://store.playstation.com/en-tr/concept/10018385","2026-04-08","Shooter","PEGI_3"
"4302","Arcade Archives 2 ROC'N ROPE","PPSA33535","PS5","Нет","387,00 TL","Arcade Archives 2 ROC'N ROPE: 387,00 TL; Arcade Archives ROC'N ROPE: 300,00 TL","Нет","Нет","","https://store.playstation.com/en-tr/concept/10017050","2025-12-10","Action","PEGI_3"
"4303","Arcade Archives 2 MIDNIGHT LANDING","PPSA33058","PS5","Нет","387,00 TL","Arcade Archives 2 MIDNIGHT LANDING: 387,00 TL; Arcade Archives MIDNIGHT LANDING: 300,00 TL","Нет","Нет","","https://store.playstation.com/en-tr/concept/10016818","2025-10-22","Simulation","PEGI_3"
"4304","Arcade Archives 2 MEGA ZONE","PPSA34954","PS5","Нет","387,00 TL","Arcade Archives 2 MEGA ZONE: 387,00 TL; Arcade Archives MEGA ZONE: 300,00 TL","Нет","Нет","","https://store.playstation.com/en-tr/concept/10017929","2026-02-11","Shooter","PEGI_3"
"4305","Arcade Archives 2 SCION","PPSA32270","PS5","Нет","387,00 TL","Arcade Archives 2 SCION: 387,00 TL; Arcade Archives SCION: 300,00 TL","Нет","Нет","","https://store.playstation.com/en-tr/concept/10016402","2025-10-29","Shooter","PEGI_3"
"4306","Arcade Archives 2 RACK'EM UP","PPSA36708","PS5","Нет","387,00 TL","Arcade Archives 2 RACK'EM UP: 387,00 TL; Arcade Archives RACK'EM UP: 300,00 TL","Нет","Нет","","https://store.playstation.com/en-tr/concept/10018981","2026-06-10","Casual","PEGI_3"
"4307","Arcade Archives 2 LABYRINTH RUNNER","PPSA34240","PS5","Нет","387,00 TL","Arcade Archives 2 LABYRINTH RUNNER: 387,00 TL; Arcade Archives LABYRINTH RUNNER: 300,00 TL","Нет","Нет","","https://store.playstation.com/en-tr/concept/10017492","2026-01-21","Action","PEGI_3"
"4308","Arcade Archives 2 PLUMP POP","PPSA35151","PS5","Нет","387,00 TL","Arcade Archives 2 PLUMP POP: 387,00 TL; Arcade Archives PLUMP POP: 300,00 TL","Нет","Нет","","https://store.playstation.com/en-tr/concept/10018042","2026-03-04","Action","PEGI_3"
"4309","Arcade Archives 2 SCRAMBLED EGG","PPSA30857","PS5","Нет","387,00 TL","","Нет","Нет","","https://store.playstation.com/en-tr/concept/10015578","2025-08-27","Action","PEGI_3"
"4310","Arcade Archives 2 SPACE INVADERS","PPSA33411","PS5","Нет","387,00 TL","Arcade Archives 2 SPACE INVADERS: 387,00 TL; Arcade Archives SPACE INVADERS: 300,00 TL","Нет","Нет","","https://store.playstation.com/en-tr/concept/10016982","2025-12-24","Shooter","PEGI_3"
"4311","Arcade Archives 2 STREET SMART","PPSA35866","PS5","Нет","387,00 TL","Arcade Archives 2 STREET SMART: 387,00 TL; Arcade Archives STREET SMART: 300,00 TL","Нет","Нет","","https://store.playstation.com/en-tr/concept/10018488","2026-04-22","Fighting","PEGI_12"
"4312","Arcade Archives 2 SPACE CYCLONE","PPSA36206","PS5","Нет","387,00 TL","Arcade Archives 2 SPACE CYCLONE: 387,00 TL; Arcade Archives SPACE CYCLONE: 300,00 TL","Нет","Нет","","https://store.playstation.com/en-tr/concept/10018690","2026-06-17","Shooter","PEGI_3"
"4313","Arcade Archives 2 STEEL WORKER","PPSA31074","PS5","Нет","387,00 TL","","Нет","Нет","","https://store.playstation.com/en-tr/concept/10015671","2025-09-17","Action","PEGI_3"
"4314","Arcade Archives 2 SYVALION","PPSA33534","PS5","Нет","387,00 TL","Arcade Archives 2 SYVALION: 387,00 TL; Arcade Archives SYVALION: 300,00 TL","Нет","Нет","","https://store.playstation.com/en-tr/concept/10017052","2026-07-15","Shooter","PEGI_3"
"4315","Arcade Archives 2 TAG TEAM WRESTLING","PPSA36438","PS5","Нет","387,00 TL","Arcade Archives 2 TAG TEAM WRESTLING: 387,00 TL; Arcade Archives TAG TEAM WRESTLING: 300,00 TL","Нет","Нет","","https://store.playstation.com/en-tr/concept/10018822","2026-05-20","Sport","PEGI_12"
"4316","Arcade Archives 2 TEKKEN","PPSA18945","PS5","Нет","730,00 TL","","Нет","Нет","","https://store.playstation.com/en-tr/concept/10009345","2026-06-24","Fighting","PEGI_12"
"4317","Arcade Archives ASSAULT","CUSA34871","PS4","Нет","300,00 TL","","Нет","Нет","","https://store.playstation.com/en-tr/concept/10005520","2022-09-28","Shooter","PEGI_7"
"4318","Arcade Archives 2 TOP SPEED","PPSA33095","PS5","Нет","387,00 TL","Arcade Archives 2 TOP SPEED: 387,00 TL; Arcade Archives TOP SPEED: 300,00 TL","Нет","Нет","","https://store.playstation.com/en-tr/concept/10016843","2026-02-04","Driving/Racing","PEGI_3"
"4319","Arcade Archives Armed F","CUSA05579","PS4","Нет","300,00 TL","","Нет","Нет","","https://store.playstation.com/en-tr/concept/216833","2017-01-30","Arcade","PEGI_7"
"4320","Arcade Archives ARKANOID","CUSA56783","PS4","Нет","300,00 TL","","Нет","Нет","","https://store.playstation.com/en-tr/concept/10016967","2026-05-06","Action","PEGI_3"
"4321","Arcade Archives 2 Tatakae! Big Fighter","PPSA32856","PS5","Нет","387,00 TL","","Нет","Нет","","https://store.playstation.com/en-tr/concept/10016710","2026-05-27","Shooter","PEGI_3"
"4322","Arcade Archives ACE DRIVER","CUSA54896","PS4","Нет","649,00 TL","","Нет","Нет","","https://store.playstation.com/en-tr/concept/10015388","2026-05-27","Driving/Racing","PEGI_3"
"4323","Arcade Archives 2 VIDEO HUSTLER","PPSA31566","PS5","Нет","387,00 TL","","Нет","Нет","","https://store.playstation.com/en-tr/concept/10015976","2025-09-10","Sport","PEGI_3"
"4324","Arcade Archives 2 THE OUTFOXIES","PPSA33532","PS5","Нет","730,00 TL","Arcade Archives 2 THE OUTFOXIES: 730,00 TL; Arcade Archives THE OUTFOXIES: 649,00 TL","Нет","Нет","","https://store.playstation.com/en-tr/concept/10017048","2025-12-17","Action","PEGI_16"
"4325","Arcade Archives 2 TOUCHDOWN FEVER","PPSA34239","PS5","Нет","387,00 TL","Arcade Archives 2 TOUCHDOWN FEVER: 387,00 TL; Arcade Archives TOUCHDOWN FEVER: 300,00 TL","Нет","Нет","","https://store.playstation.com/en-tr/concept/10017491","2026-01-12","Sport","PEGI_3"
"4326","Arcade Archives AERO FIGHTERS","CUSA45711","PS4","Нет","300,00 TL","","Нет","Нет","","https://store.playstation.com/en-tr/concept/10009452","2023-12-13","Shooter","PEGI_7"
"4327","Arcade Archives AQUA JET","CUSA55591","PS4","Нет","649,00 TL","","Нет","Нет","","https://store.playstation.com/en-tr/concept/10015673","2025-08-13","Sport","PEGI_3"
"4328","Arcade Archives ARABIAN","CUSA24913","PS4","Нет","300,00 TL","","Нет","Нет","","https://store.playstation.com/en-tr/concept/10001626","2020-10-14","Action","PEGI_3"
"4329","Arcade Archives 2 TOKYO WARS","PPSA31589","PS5","Нет","730,00 TL","","Нет","Нет","","https://store.playstation.com/en-tr/concept/10015982","2025-11-05","Shooter","PEGI_7"
"4330","Arcade Archives ASSAULT PLUS","CUSA52194","PS4","Нет","300,00 TL","","Нет","Нет","","https://store.playstation.com/en-tr/concept/10013288","2025-04-02","Shooter","PEGI_7"
"4331","Arcade Archives ATHENA","CUSA14207","PS4","Нет","300,00 TL","","Нет","Нет","","https://store.playstation.com/en-tr/concept/233025","2019-12-18","Action","PEGI_7"
"4332","Arcade Archives BARADUKE","CUSA36017","PS4","Нет","300,00 TL","","Нет","Нет","","https://store.playstation.com/en-tr/concept/10005898","2022-11-09","Action","PEGI_7"
"4333","Arcade Archives Bells & Whistles","CUSA18295","PS4","Нет","300,00 TL","","Нет","Нет","","https://store.playstation.com/en-tr/concept/235142","2020-01-14","Arcade","PEGI_3"
"4334","Arcade Archives BIO-SHIP PALADIN","CUSA28063","PS4","Нет","300,00 TL","","Нет","Нет","","https://store.playstation.com/en-tr/concept/10002930","2021-08-04","Shooter","PEGI_3"
"4335","Arcade Archives BLACK HEART","CUSA28872","PS4","Нет","300,00 TL","","Нет","Нет","","https://store.playstation.com/en-tr/concept/10003212","2021-11-03","Shooter","PEGI_7"
"4336","Arcade Archives AIR COMBAT 22","CUSA54689","PS4","Нет","649,00 TL","","Нет","Нет","","https://store.playstation.com/en-tr/concept/10015191","2025-07-02","Shooter","PEGI_7"
"4337","Arcade Archives BARADUKE 2","CUSA42638","PS4","Нет","300,00 TL","","Нет","Нет","","https://store.playstation.com/en-tr/concept/10008087","2023-08-02","Action","PEGI_7"
"4338","Arcade Archives BLANDIA","CUSA44681","PS4","Нет","300,00 TL","","Нет","Нет","","https://store.playstation.com/en-tr/concept/10009002","2023-10-18","Fighting","PEGI_12"
"4339","Arcade Archives BEN BERO BEH","CUSA24180","PS4","Нет","300,00 TL","","Нет","Нет","","https://store.playstation.com/en-tr/concept/10001303","2020-10-07","Action","PEGI_3"
"4340","Arcade Archives BLAST OFF","CUSA49531","PS4","Нет","300,00 TL","","Нет","Нет","","https://store.playstation.com/en-tr/concept/10011474","2024-09-25","Shooter","PEGI_3"
"4341","Arcade Archives CONTRA","CUSA05911","PS4","Нет","300,00 TL","","Нет","Нет","","https://store.playstation.com/en-tr/concept/216044","2016-11-14","Action","PEGI_7"
"4342","Arcade Archives Burger Time","CUSA23771","PS4","Нет","300,00 TL","","Нет","Нет","","https://store.playstation.com/en-tr/concept/10001117","2020-08-14","Action","PEGI_3"
"4343","Arcade Archives CADASH","CUSA44023","PS4","Нет","300,00 TL","","Нет","Нет","","https://store.playstation.com/en-tr/concept/10008693","2023-08-30","Action","PEGI_7"
"4344","Arcade Archives CIRCUS CHARLIE","CUSA23382","PS4","Нет","300,00 TL","","Нет","Нет","","https://store.playstation.com/en-tr/concept/10000982","2020-08-05","Action","PEGI_3"
"4345","Arcade Archives CASTLE OF DRAGON","CUSA48496","PS4","Нет","300,00 TL","","Нет","Нет","","https://store.playstation.com/en-tr/concept/10010813","2025-01-01","Action","PEGI_16"
"4346","Arcade Archives Chack'n Pop","CUSA31244","PS4","Нет","300,00 TL","","Нет","Нет","","https://store.playstation.com/en-tr/concept/10004105","2022-07-20","Action","PEGI_3"
"4347","Arcade Archives BUBBLE BOBBLE","CUSA03943","PS4","Нет","300,00 TL","","Нет","Нет","","https://store.playstation.com/en-tr/concept/216026","2016-03-31","Action","PEGI_3"
"4348","Arcade Archives CHOPPER 1","CUSA55172","PS4","Нет","300,00 TL","","Нет","Нет","","https://store.playstation.com/en-tr/concept/10015618","2025-08-20","Shooter","PEGI_7"
"4349","Arcade Archives BLOCK HOLE","CUSA26267","PS4","Нет","300,00 TL","","Нет","Нет","","https://store.playstation.com/en-tr/concept/10002188","2021-01-21","Shooter","PEGI_3"
"4350","Arcade Archives City CONNECTION","CUSA02666","PS4","Нет","300,00 TL","","Нет","Нет","","https://store.playstation.com/en-tr/concept/200303","2015-09-07","Action","PEGI_3"
"4351","Arcade Archives CHAMPION WRESTLER","CUSA35124","PS4","Нет","300,00 TL","","Нет","Нет","","https://store.playstation.com/en-tr/concept/10005609","2022-09-07","Action","PEGI_12"
"4352","Arcade Archives Buta san","CUSA02660","PS4","Нет","300,00 TL","","Нет","Нет","","https://store.playstation.com/en-tr/concept/214673","2015-10-05","Action","PEGI_3"
"4353","Arcade Archives City Bomber","CUSA51020","PS4","Нет","300,00 TL","","Нет","Нет","","https://store.playstation.com/en-tr/concept/10012398","2024-12-04","Action","PEGI_7"
"4354","Arcade Archives BONZE ADVENTURE","CUSA41200","PS4","Нет","300,00 TL","","Нет","Нет","","https://store.playstation.com/en-tr/concept/10007572","2023-03-22","Action","PEGI_7"
"4355","Arcade Archives BRAVOMAN","CUSA40960","PS4","Нет","300,00 TL","","Нет","Нет","","https://store.playstation.com/en-tr/concept/10007431","2023-06-07","Action","PEGI_7"
"4356","Arcade Archives COSMO GANG THE PUZZLE","CUSA44765","PS4","Нет","300,00 TL","","Нет","Нет","","https://store.playstation.com/en-tr/concept/10009031","2024-01-10","Puzzle","PEGI_3"
"4357","Arcade Archives BURNING FORCE","CUSA36394","PS4","Нет","300,00 TL","","Нет","Нет","","https://store.playstation.com/en-tr/concept/10006049","2023-10-25","Shooter","PEGI_7"
"4358","Arcade Archives Cosmo Police Galivan","CUSA03383","PS4","Нет","300,00 TL","","Нет","Нет","","https://store.playstation.com/en-tr/concept/216832","2016-02-08","Action","PEGI_7"
"4359","Arcade Archives CRAZY CLIMBER","CUSA02489","PS4","Нет","300,00 TL","","Нет","Нет","","https://store.playstation.com/en-tr/concept/200295","2015-06-18","Action","PEGI_3"
"4360","Arcade Archives COP 01","CUSA42892","PS4","Нет","300,00 TL","","Нет","Нет","","https://store.playstation.com/en-tr/concept/10008194","2023-06-28","Action","PEGI_7"
"4361","Arcade Archives CRAZY BALLOON","CUSA53441","PS4","Нет","300,00 TL","","Нет","Нет","","https://store.playstation.com/en-tr/concept/10014153","2025-06-25","Action","PEGI_3"
"4362","Arcade Archives CRAZY CLIMBER2","CUSA02971","PS4","Нет","300,00 TL","","Нет","Нет","","https://store.playstation.com/en-tr/concept/200316","2016-01-18","Action","PEGI_12"
"4363","Arcade Archives COSMO GANG THE VIDEO","CUSA40956","PS4","Нет","300,00 TL","","Нет","Нет","","https://store.playstation.com/en-tr/concept/10007430","2023-04-19","Action","PEGI_3"
"4364","Arcade Archives CRIME CITY","CUSA49563","PS4","Нет","300,00 TL","","Нет","Нет","","https://store.playstation.com/en-tr/concept/10011498","2024-09-18","Action","PEGI_12"
"4365","Arcade Archives CRIME FIGHTERS","CUSA26783","PS4","Нет","300,00 TL","","Нет","Нет","","https://store.playstation.com/en-tr/concept/10002394","2021-03-17","Action","PEGI_12"
"4366","Arcade Archives CUE BRICK","CUSA47181","PS4","Нет","300,00 TL","","Нет","Нет","","https://store.playstation.com/en-tr/concept/10010166","2024-05-29","Puzzle","PEGI_3"
"4367","Arcade Archives DARIUS II","CUSA43466","PS4","Нет","300,00 TL","","Нет","Нет","","https://store.playstation.com/en-tr/concept/206117","2023-10-04","Shooter","PEGI_7"
"4368","Arcade Archives Dinorex","CUSA39277","PS4","Нет","300,00 TL","","Нет","Нет","","https://store.playstation.com/en-tr/concept/10006841","2023-11-15","Fighting","PEGI_7"
"4369","Arcade Archives DOUBLE DRAGON","CUSA02667","PS4","Нет","300,00 TL","","Нет","Нет","","https://store.playstation.com/en-tr/concept/200289","2015-07-13","Arcade","PEGI_12"
"4370","Arcade Archives DARIUS","CUSA09490","PS4","Нет","300,00 TL","","Нет","Нет","","https://store.playstation.com/en-tr/concept/214795","2022-10-15","Shooter","PEGI_7"
"4371","Arcade Archives CYBATTLER","CUSA26470","PS4","Нет","300,00 TL","","Нет","Нет","","https://store.playstation.com/en-tr/concept/10002275","2021-02-17","Shooter","PEGI_3"
"4372","Arcade Archives DIG DUG","CUSA34025","PS4","Нет","300,00 TL","","Нет","Нет","","https://store.playstation.com/en-tr/concept/10005206","2022-08-03","Action","PEGI_3"
"4373","Arcade Archives DARWIN 4078","CUSA27958","PS4","Нет","300,00 TL","","Нет","Нет","","https://store.playstation.com/en-tr/concept/10002888","2021-07-14","Shooter","PEGI_7"
"4374","Arcade Archives DAIOH","CUSA44762","PS4","Нет","300,00 TL","","Нет","Нет","","https://store.playstation.com/en-tr/concept/10009030","2023-11-01","Shooter","PEGI_7"
"4375","Arcade Archives DANGEROUS SEED","CUSA31888","PS4","Нет","300,00 TL","","Нет","Нет","","https://store.playstation.com/en-tr/concept/10004366","2022-02-16","Shooter","PEGI_7"
"4376","Arcade Archives D-DAY","CUSA53549","PS4","Нет","300,00 TL","","Нет","Нет","","https://store.playstation.com/en-tr/concept/10014236","2025-08-06","Shooter","PEGI_7"
"4377","Arcade Archives DOUBLE DRAGON II The Revenge","CUSA03938","PS4","Нет","300,00 TL","","Нет","Нет","","https://store.playstation.com/en-tr/concept/216045","2016-02-26","Action","PEGI_12"
"4378","Arcade Archives DON DOKO DON","CUSA40991","PS4","Нет","300,00 TL","","Нет","Нет","","https://store.playstation.com/en-tr/concept/10007450","2023-02-23","Action","PEGI_3"
"4379","Arcade Archives DARK ADVENTURE","CUSA43780","PS4","Нет","300,00 TL","","Нет","Нет","","https://store.playstation.com/en-tr/concept/10008574","2023-08-16","Action","PEGI_7"
"4380","Arcade Archives DACHOLER","CUSA46250","PS4","Нет","300,00 TL","","Нет","Нет","","https://store.playstation.com/en-tr/concept/10009697","2025-09-24","Action","PEGI_3"
"4381","Arcade Archives DRAGON BUSTER","CUSA29634","PS4","Нет","300,00 TL","","Нет","Нет","","https://store.playstation.com/en-tr/concept/10003508","2021-12-08","Action","PEGI_7"
"4382","Arcade Archives DEAD CONNECTION","CUSA48666","PS4","Нет","300,00 TL","","Нет","Нет","","https://store.playstation.com/en-tr/concept/10010895","2025-02-26","Action","PEGI_12"
"4383","Arcade Archives EARTH DEFENSE FORCE","CUSA24763","PS4","Нет","300,00 TL","","Нет","Нет","","https://store.playstation.com/en-tr/concept/10001537","2021-07-14","Shooter","PEGI_7"
"4384","Arcade Archives DIG DUG II","CUSA40617","PS4","Нет","300,00 TL","","Нет","Нет","","https://store.playstation.com/en-tr/concept/10007298","2023-04-12","Action","PEGI_3"
"4385","Arcade Archives ELEVATOR ACTION","CUSA03941","PS4","Нет","300,00 TL","","Нет","Нет","","https://store.playstation.com/en-tr/concept/216027","2017-11-22","Action","PEGI_3"
"4386","Arcade Archives DRAGON SPIRIT","CUSA31719","PS4","Нет","300,00 TL","","Нет","Нет","","https://store.playstation.com/en-tr/concept/10004288","2022-03-02","Shooter","PEGI_7"
"4387","Arcade Archives EMERALDIA","CUSA46943","PS4","Нет","300,00 TL","","Нет","Нет","","https://store.playstation.com/en-tr/concept/10010050","2024-04-17","Puzzle","PEGI_3"
"4388","Arcade Archives EMPIRE CITY:1931","CUSA31892","PS4","Нет","300,00 TL","","Нет","Нет","","https://store.playstation.com/en-tr/concept/10004367","2022-03-23","Shooter","PEGI_12"
"4389","Arcade Archives FLIPULL","CUSA32451","PS4","Нет","300,00 TL","","Нет","Нет","","https://store.playstation.com/en-tr/concept/10004593","2022-05-25","Puzzle","PEGI_3"
"4390","Arcade Archives FINAL STAR FORCE","CUSA46741","PS4","Нет","300,00 TL","","Нет","Нет","","https://store.playstation.com/en-tr/concept/10009933","2025-01-22","Shooter","PEGI_7"
"4391","Arcade Archives EXERION","CUSA02659","PS4","Нет","300,00 TL","","Нет","Нет","","https://store.playstation.com/en-tr/concept/200315","2015-07-21","Action","PEGI_3"
"4392","Arcade Archives FIGHTING HAWK","CUSA32445","PS4","Нет","300,00 TL","","Нет","Нет","","https://store.playstation.com/en-tr/concept/10004591","2022-05-05","Shooter","PEGI_7"
"4393","Arcade Archives FRONT LINE","CUSA03936","PS4","Нет","300,00 TL","","Нет","Нет","","https://store.playstation.com/en-tr/concept/216028","2018-01-16","Arcade","PEGI_3"
"4394","Arcade Archives GALAGA '88","CUSA40951","PS4","Нет","300,00 TL","","Нет","Нет","","https://store.playstation.com/en-tr/concept/10007428","2023-04-26","Shooter","PEGI_3"
"4395","Arcade Archives FINALIZER SUPER TRANSFORMATION","CUSA49273","PS4","Нет","300,00 TL","","Нет","Нет","","https://store.playstation.com/en-tr/concept/10011280","2024-08-28","Shooter","PEGI_7"
"4396","Arcade Archives ESCAPE KIDS","CUSA51257","PS4","Нет","300,00 TL","","Нет","Нет","","https://store.playstation.com/en-tr/concept/10012561","2025-01-15","Action","PEGI_3"
"4397","Arcade Archives GALACTIC WARRIORS","CUSA56724","PS4","Нет","300,00 TL","","Нет","Нет","","https://store.playstation.com/en-tr/concept/10016906","2025-11-12","Action","PEGI_7"
"4398","Arcade Archives FANTASTIC NIGHT DREAMS COTTOn","CUSA51141","PS4","Нет","300,00 TL","","Нет","Нет","","https://store.playstation.com/en-tr/concept/10012491","2024-11-27","Shooter","PEGI_7"
"4399","Arcade Archives Arcade FLAK ATTACK","CUSA05910","PS4","Нет","300,00 TL","","Нет","Нет","","https://store.playstation.com/en-tr/concept/216831","2016-07-25","Arcade","PEGI_7"
"4400","Arcade Archives FIELD DAY","CUSA53670","PS4","Нет","300,00 TL","","Нет","Нет","","https://store.playstation.com/en-tr/concept/10014342","2025-07-30","Sport","PEGI_3"
"4401","Arcade Archives Exvania","CUSA46940","PS4","Нет","300,00 TL","","Нет","Нет","","https://store.playstation.com/en-tr/concept/10010049","2024-04-03","Action","PEGI_7"
"4402","Arcade Archives FINAL BLOW","CUSA51014","PS4","Нет","300,00 TL","","Нет","Нет","","https://store.playstation.com/en-tr/concept/10012395","2024-11-20","Sport","PEGI_12"
"4403","Arcade Archives FORMATION Z","CUSA18769","PS4","Нет","300,00 TL","","Нет","Нет","","https://store.playstation.com/en-tr/concept/10000536","2020-03-18","Arcade","PEGI_7"
"4404","Arcade Archives Frisky Tom","CUSA27136","PS4","Нет","300,00 TL","","Нет","Нет","","https://store.playstation.com/en-tr/concept/10002542","2021-04-14","Action","PEGI_3"
"4405","Arcade Archives FINEST HOUR","CUSA36391","PS4","Нет","300,00 TL","","Нет","Нет","","https://store.playstation.com/en-tr/concept/10006047","2023-09-27","Action","PEGI_7"
"4406","Arcade Archives GALAXIAN","CUSA34862","PS4","Нет","300,00 TL","","Нет","Нет","","https://store.playstation.com/en-tr/concept/10005516","2022-11-23","Shooter","PEGI_3"
"4407","Arcade Archives FROGGER","CUSA17735","PS4","Нет","300,00 TL","","Нет","Нет","","https://store.playstation.com/en-tr/concept/235082","2019-12-18","Action","PEGI_3"
"4408","Arcade Archives GANGBUSTERS","CUSA52175","PS4","Нет","300,00 TL","","Нет","Нет","","https://store.playstation.com/en-tr/concept/10013261","2025-04-09","Action","PEGI_7"
"4409","Arcade Archives GRADIUS","CUSA02484","PS4","Нет","300,00 TL","","Нет","Нет","","https://store.playstation.com/en-tr/concept/201869","2015-06-22","Arcade","PEGI_3"
"4410","Arcade Archives Gemini Wing","CUSA23901","PS4","Нет","300,00 TL","","Нет","Нет","","https://store.playstation.com/en-tr/concept/10001154","2020-09-09","Shooter","PEGI_3"
"4411","Arcade Archives GRADIUS III","CUSA24860","PS4","Нет","300,00 TL","","Нет","Нет","","https://store.playstation.com/en-tr/concept/10001614","2020-12-23","Shooter","PEGI_7"
"4412","Arcade Archives Green Beret","CUSA24961","PS4","Нет","300,00 TL","","Нет","Нет","","https://store.playstation.com/en-tr/concept/10001651","2020-11-25","Action","PEGI_7"
"4413","Arcade Archives Ikki","CUSA03380","PS4","Нет","300,00 TL","","Нет","Нет","","https://store.playstation.com/en-tr/concept/214281","2016-04-11","Action","PEGI_3"
"4414","Arcade Archives HAUNTED CASTLE","CUSA09302","PS4","Нет","300,00 TL","","Нет","Нет","","https://store.playstation.com/en-tr/concept/228685","2017-09-13","Adventure","PEGI_7"
"4415","Arcade Archives GUNNAIL","CUSA30962","PS4","Нет","300,00 TL","","Нет","Нет","","https://store.playstation.com/en-tr/concept/10004008","2022-01-12","Shooter","PEGI_7"
"4416","Arcade Archives GUN & FRONTIER","CUSA34262","PS4","Нет","300,00 TL","","Нет","Нет","","https://store.playstation.com/en-tr/concept/10005302","2022-08-11","Action","PEGI_7"
"4417","Arcade Archives GUZZLER","CUSA27184","PS4","Нет","300,00 TL","","Нет","Нет","","https://store.playstation.com/en-tr/concept/10002555","2021-05-13","Action","PEGI_3"
"4418","Arcade Archives HOPPING MAPPY","CUSA31166","PS4","Нет","300,00 TL","","Нет","Нет","","https://store.playstation.com/en-tr/concept/10004072","2022-01-19","Action","PEGI_3"
"4419","Arcade Archives IKARI III -THE RESCUE","CUSA14423","PS4","Нет","300,00 TL","","Нет","Нет","","https://store.playstation.com/en-tr/concept/233105","2020-03-25","Action","PEGI_12"
"4420","Arcade Archives IKARI WARRIORS","CUSA14422","PS4","Нет","300,00 TL","","Нет","Нет","","https://store.playstation.com/en-tr/concept/233106","2020-02-10","Action","PEGI_7"
"4421","Arcade Archives GUERRILLA WAR","CUSA14420","PS4","Нет","300,00 TL","","Нет","Нет","","https://store.playstation.com/en-tr/concept/233048","2021-02-27","Shooter","PEGI_7"
"4422","Arcade Archives GROWL","CUSA43870","PS4","Нет","300,00 TL","","Нет","Нет","","https://store.playstation.com/en-tr/concept/10008611","2023-07-26","Action","PEGI_12"
"4423","Arcade Archives IMAGE FIGHT","CUSA15342","PS4","Нет","300,00 TL","","Нет","Нет","","https://store.playstation.com/en-tr/concept/233058","2020-03-18","Arcade","PEGI_7"
"4424","Arcade Archives HIGHWAY RACE","CUSA31358","PS4","Нет","300,00 TL","","Нет","Нет","","https://store.playstation.com/en-tr/concept/10004144","2022-02-23","Driving/Racing","PEGI_3"
"4425","Arcade Archives IN THE HUNT","CUSA17325","PS4","Нет","300,00 TL","","Нет","Нет","","https://store.playstation.com/en-tr/concept/234513","2019-11-24","Action","PEGI_7"
"4426","Arcade Archives HALLEY'S COMET","CUSA26149","PS4","Нет","300,00 TL","","Нет","Нет","","https://store.playstation.com/en-tr/concept/10002130","2021-01-27","Shooter","PEGI_3"
"4427","Arcade Archives ITAZURA TENSHI","CUSA36086","PS4","Нет","300,00 TL","","Нет","Нет","","https://store.playstation.com/en-tr/concept/10005941","2022-11-03","Shooter","PEGI_3"
"4428","Arcade Archives GROBDA","CUSA39478","PS4","Нет","300,00 TL","","Нет","Нет","","https://store.playstation.com/en-tr/concept/10006918","2023-02-15","Shooter","PEGI_7"
"4429","Arcade Archives HACHA MECHA FIGHTER","CUSA28082","PS4","Нет","300,00 TL","","Нет","Нет","","https://store.playstation.com/en-tr/concept/10002890","2021-06-02","Shooter","PEGI_3"
"4430","Arcade Archives HYPER SPORTS","CUSA17734","PS4","Нет","300,00 TL","","Нет","Нет","","https://store.playstation.com/en-tr/concept/235084","2019-12-11","Arcade","PEGI_3"
"4431","Arcade Archives GUTTANG GOTTONG","CUSA44152","PS4","Нет","300,00 TL","","Нет","Нет","","https://store.playstation.com/en-tr/concept/10008753","2023-10-11","Action","PEGI_3"
"4432","Arcade Archives JUNGLER","CUSA46308","PS4","Нет","300,00 TL","","Нет","Нет","","https://store.playstation.com/en-tr/concept/10009728","2024-02-21","Action","PEGI_3"
"4433","Arcade Archives JAIL BREAK","CUSA43962","PS4","Нет","300,00 TL","","Нет","Нет","","https://store.playstation.com/en-tr/concept/10008664","2023-09-13","Action","PEGI_16"
"4434","Arcade Archives Juno FIRST","CUSA51927","PS4","Нет","300,00 TL","","Нет","Нет","","https://store.playstation.com/en-tr/concept/10013064","2025-03-12","Shooter","PEGI_3"
"4435","Arcade Archives Kangaroo","CUSA23261","PS4","Нет","300,00 TL","","Нет","Нет","","https://store.playstation.com/en-tr/concept/10000763","2020-07-15","Action","PEGI_3"
"4436","Arcade Archives LEAD ANGLE","CUSA49042","PS4","Нет","300,00 TL","","Нет","Нет","","https://store.playstation.com/en-tr/concept/10011127","2024-09-04","Action","PEGI_12"
"4437","Arcade Archives KING & BALLOON","CUSA40963","PS4","Нет","300,00 TL","","Нет","Нет","","https://store.playstation.com/en-tr/concept/10007432","2023-07-19","Shooter","PEGI_3"
"4438","Arcade Archives MAGICAL SPEED","CUSA40393","PS4","Нет","300,00 TL","","Нет","Нет","","https://store.playstation.com/en-tr/concept/10007209","2023-02-08","Action","PEGI_3"
"4439","Arcade Archives KARATE BLAZERS","CUSA47774","PS4","Нет","300,00 TL","","Нет","Нет","","https://store.playstation.com/en-tr/concept/10010429","2025-11-26","Action","PEGI_7"
"4440","Arcade Archives Kid's Horehore Daisakusen","CUSA05577","PS4","Нет","300,00 TL","","Нет","Нет","","https://store.playstation.com/en-tr/concept/216834","2016-08-29","Action","PEGI_3"
"4441","Arcade Archives KONAMI's TABLE TENNIS","CUSA51017","PS4","Нет","300,00 TL","","Нет","Нет","","https://store.playstation.com/en-tr/concept/10012397","2024-11-13","Sport","PEGI_3"
"4442","Arcade Archives KOUTETSU YOUSAI STRAHL","CUSA23358","PS4","Нет","300,00 TL","","Нет","Нет","","https://store.playstation.com/en-tr/concept/10000919","2020-07-28","Shooter","PEGI_3"
"4443","Arcade Archives Karate Champ","CUSA02970","PS4","Нет","300,00 TL","","Нет","Нет","","https://store.playstation.com/en-tr/concept/200305","2015-07-27","Action","PEGI_7"
"4444","Arcade Archives LEGEND OF MAKAI","CUSA26198","PS4","Нет","300,00 TL","","Нет","Нет","","https://store.playstation.com/en-tr/concept/10002157","2021-03-03","Action","PEGI_7"
"4445","Arcade Archives MACH BREAKERS","CUSA54932","PS4","Нет","649,00 TL","","Нет","Нет","","https://store.playstation.com/en-tr/concept/10015408","2025-09-03","Action","PEGI_7"
"4446","Arcade Archives KURIKINTON","CUSA28823","PS4","Нет","300,00 TL","","Нет","Нет","","https://store.playstation.com/en-tr/concept/10003201","2021-08-12","Action","PEGI_12"
"4447","Arcade Archives MAGMAX","CUSA03165","PS4","Нет","300,00 TL","","Нет","Нет","","https://store.playstation.com/en-tr/concept/214796","2015-12-01","Arcade","PEGI_7"
"4448","Arcade Archives MAD SHARK","CUSA43917","PS4","Нет","300,00 TL","","Нет","Нет","","https://store.playstation.com/en-tr/concept/10008643","2023-08-09","Shooter","PEGI_7"
"4449","Arcade Archives KITTEN KABOODLE","CUSA51376","PS4","Нет","300,00 TL","","Нет","Нет","","https://store.playstation.com/en-tr/concept/10012659","2025-02-12","Action","PEGI_3"
"4450","Arcade Archives Liquid Kids","CUSA26420","PS4","Нет","300,00 TL","","Нет","Нет","","https://store.playstation.com/en-tr/concept/10002252","2021-12-01","Action","PEGI_3"
"4451","Arcade Archives KNUCKLE HEADS","CUSA47648","PS4","Нет","300,00 TL","","Нет","Нет","","https://store.playstation.com/en-tr/concept/10010417","2024-08-14","Action","PEGI_12"
"4452","Arcade Archives MAPPY","CUSA29638","PS4","Нет","300,00 TL","","Нет","Нет","","https://store.playstation.com/en-tr/concept/10003510","2021-10-20","Action","PEGI_3"
"4453","Arcade Archives LIGHTNING FIGHTERS","CUSA24156","PS4","Нет","300,00 TL","","Нет","Нет","","https://store.playstation.com/en-tr/concept/234244","2020-08-19","Shooter","PEGI_7"
"4454","Arcade Archives Land Sea Air Squad","CUSA53354","PS4","Нет","300,00 TL","","Нет","Нет","","https://store.playstation.com/en-tr/concept/10013973","2025-03-26","Shooter","PEGI_7"
"4455","Arcade Archives LEGION","CUSA45784","PS4","Нет","300,00 TL","","Нет","Нет","","https://store.playstation.com/en-tr/concept/10009487","2024-05-22","Shooter","PEGI_3"
"4456","Arcade Archives MARKHAM","CUSA25983","PS4","Нет","300,00 TL","","Нет","Нет","","https://store.playstation.com/en-tr/concept/10002060","2020-12-16","Shooter","PEGI_3"
"4457","Arcade Archives MAT MANIA EXCITING HOUR","CUSA02486","PS4","Нет","300,00 TL","","Нет","Нет","","https://store.playstation.com/en-tr/concept/200299","2015-08-23","Action","PEGI_3"
"4458","Arcade Archives MASTER OF WEAPON","CUSA45669","PS4","Нет","300,00 TL","","Нет","Нет","","https://store.playstation.com/en-tr/concept/10009438","2024-02-14","Shooter","PEGI_7"
"4459","Arcade Archives MAZINGER Z","CUSA42322","PS4","Нет","649,00 TL","","Нет","Нет","","https://store.playstation.com/en-tr/concept/10007942","2023-05-10","Shooter","PEGI_7"
"4460","Arcade Archives MEGABLAST","CUSA43470","PS4","Нет","300,00 TL","","Нет","Нет","","https://store.playstation.com/en-tr/concept/10008422","2023-06-14","Shooter","PEGI_7"
"4461","Arcade Archives NEW RALLY-X","CUSA31395","PS4","Нет","300,00 TL","","Нет","Нет","","https://store.playstation.com/en-tr/concept/10004155","2022-02-02","Action","PEGI_3"
"4462","Arcade Archives MIRAI NINJA","CUSA30807","PS4","Нет","300,00 TL","","Нет","Нет","","https://store.playstation.com/en-tr/concept/10003953","2021-12-15","Action","PEGI_7"
"4463","Arcade Archives NAVARONE","CUSA40948","PS4","Нет","300,00 TL","","Нет","Нет","","https://store.playstation.com/en-tr/concept/10007427","2023-03-29","Shooter","PEGI_3"
"4464","Arcade Archives NAUGHTY BOY","CUSA18294","PS4","Нет","300,00 TL","","Нет","Нет","","https://store.playstation.com/en-tr/concept/235396","2020-06-17","Action","PEGI_3"
"4465","Arcade Archives MOON CRESTA","CUSA02669","PS4","Нет","300,00 TL","","Нет","Нет","","https://store.playstation.com/en-tr/concept/209605","2015-09-28","Shooter","PEGI_3"
"4466","Arcade Archives Ninja-Kid","CUSA02490","PS4","Нет","300,00 TL","","Нет","Нет","","https://store.playstation.com/en-tr/concept/200294","2015-07-06","Action","PEGI_3"
"4467","Arcade Archives METAL BLACK","CUSA34874","PS4","Нет","300,00 TL","","Нет","Нет","","https://store.playstation.com/en-tr/concept/10005521","2022-11-16","Shooter","PEGI_7"
"4468","Arcade Archives MOTOS","CUSA32466","PS4","Нет","300,00 TL","","Нет","Нет","","https://store.playstation.com/en-tr/concept/10004598","2022-06-08","Action","PEGI_3"
"4469","Arcade Archives Ninja-Kid II","CUSA03382","PS4","Нет","300,00 TL","","Нет","Нет","","https://store.playstation.com/en-tr/concept/216837","2016-01-25","Action","PEGI_3"
"4470","Arcade Archives Metal Hawk","CUSA37043","PS4","Нет","300,00 TL","","Нет","Нет","","https://store.playstation.com/en-tr/concept/10006223","2022-12-21","Shooter","PEGI_7"
"4471","Arcade Archives MOON SHUTTLE","CUSA47107","PS4","Нет","300,00 TL","","Нет","Нет","","https://store.playstation.com/en-tr/concept/10010131","2024-10-02","Shooter","PEGI_3"
"4472","Arcade Archives NEBULASRAY","CUSA53689","PS4","Нет","649,00 TL","","Нет","Нет","","https://store.playstation.com/en-tr/concept/10014355","2025-05-14","Shooter","PEGI_7"
"4473","Arcade Archives METAMORPHIC FORCE","CUSA49578","PS4","Нет","300,00 TL","","Нет","Нет","","https://store.playstation.com/en-tr/concept/10011503","2024-10-23","Action","PEGI_12"
"4474","Arcade Archives Mr.GOEMON","CUSA02761","PS4","Нет","300,00 TL","","Нет","Нет","","https://store.playstation.com/en-tr/concept/200314","2015-10-26","Action","PEGI_3"
"4475","Arcade Archives Mutant Night","CUSA25002","PS4","Нет","300,00 TL","","Нет","Нет","","https://store.playstation.com/en-tr/concept/222917","2021-12-29","Action","PEGI_3"
"4476","Arcade Archives MYSTIC WARRIORS","CUSA28114","PS4","Нет","300,00 TL","","Нет","Нет","","https://store.playstation.com/en-tr/concept/10002947","2023-12-20","Action","PEGI_7"
"4477","Arcade Archives NINJA EMAKI","CUSA45570","PS4","Нет","300,00 TL","","Нет","Нет","","https://store.playstation.com/en-tr/concept/10009395","2024-07-03","Shooter","PEGI_7"
"4478","Arcade Archives MOON PATROL","CUSA11013","PS4","Нет","300,00 TL","","Нет","Нет","","https://store.playstation.com/en-tr/concept/231469","2018-06-21","Action","PEGI_3"
"4479","Arcade Archives Othello","CUSA52049","PS4","Нет","300,00 TL","","Нет","Нет","","https://store.playstation.com/en-tr/concept/10013152","2025-02-19","Casual","PEGI_3"
"4480","Arcade Archives MOUSER","CUSA43257","PS4","Нет","300,00 TL","","Нет","Нет","","https://store.playstation.com/en-tr/concept/10008334","2024-03-13","Action","PEGI_3"
"4481","Arcade Archives P-47","CUSA23517","PS4","Нет","300,00 TL","","Нет","Нет","","https://store.playstation.com/en-tr/concept/10000725","2020-07-01","Shooter","PEGI_7"
"4482","Arcade Archives NUMAN ATHLETICS","CUSA47523","PS4","Нет","300,00 TL","","Нет","Нет","","https://store.playstation.com/en-tr/concept/10010342","2024-04-24","Action","PEGI_12"
"4483","Arcade Archives NOVA2001","CUSA03163","PS4","Нет","300,00 TL","","Нет","Нет","","https://store.playstation.com/en-tr/concept/200319","2015-11-02","Arcade","PEGI_3"
"4484","Arcade Archives PAC-LAND","CUSA32437","PS4","Нет","300,00 TL","","Нет","Нет","","https://store.playstation.com/en-tr/concept/10004588","2022-04-06","Action","PEGI_3"
"4485","Arcade Archives Penguin-Kun Wars","CUSA18057","PS4","Нет","300,00 TL","","Нет","Нет","","https://store.playstation.com/en-tr/concept/234920","2020-01-08","Action","PEGI_3"
"4486","Arcade Archives POOYAN","CUSA15904","PS4","Нет","300,00 TL","","Нет","Нет","","https://store.playstation.com/en-tr/concept/234072","2019-07-29","Arcade","PEGI_3"
"4487","Arcade Archives PINBALL ACTION","CUSA53501","PS4","Нет","300,00 TL","","Нет","Нет","","https://store.playstation.com/en-tr/concept/10014199","2025-04-23","Arcade","PEGI_3"
"4488","Arcade Archives PLUS ALPHA","CUSA19274","PS4","Нет","300,00 TL","","Нет","Нет","","https://store.playstation.com/en-tr/concept/10000491","2020-05-23","Shooter","PEGI_3"
"4489","Arcade Archives RABIO LEPUS","CUSA33962","PS4","Нет","300,00 TL","","Нет","Нет","","https://store.playstation.com/en-tr/concept/10005182","2022-07-06","Shooter","PEGI_7"
"4490","Arcade Archives RADICAL RADIAL","CUSA23246","PS4","Нет","300,00 TL","","Нет","Нет","","https://store.playstation.com/en-tr/concept/10000723","2020-05-27","Shooter","PEGI_3"
"4491","Arcade Archives PRO TENNIS WORLD COURT","CUSA32448","PS4","Нет","300,00 TL","","Нет","Нет","","https://store.playstation.com/en-tr/concept/10004592","2022-05-11","Sport","PEGI_3"
"4492","Arcade Archives PHELIOS","CUSA39424","PS4","Нет","300,00 TL","","Нет","Нет","","https://store.playstation.com/en-tr/concept/10006892","2023-02-01","Shooter","PEGI_12"
"4493","Arcade Archives POP FLAMER","CUSA28090","PS4","Нет","300,00 TL","","Нет","Нет","","https://store.playstation.com/en-tr/concept/10002939","2021-09-08","Action","PEGI_3"
"4494","Arcade Archives POWER SPIKES","CUSA50445","PS4","Нет","300,00 TL","","Нет","Нет","","https://store.playstation.com/en-tr/concept/10012084","2024-10-09","Sport","PEGI_3"
"4495","Arcade Archives POLE POSITION","CUSA40969","PS4","Нет","300,00 TL","","Нет","Нет","","https://store.playstation.com/en-tr/concept/10007442","2023-07-05","Arcade","PEGI_3"
"4496","Arcade Archives RAIDEN","CUSA27519","PS4","Нет","300,00 TL","","Нет","Нет","","https://store.playstation.com/en-tr/concept/10002712","2021-06-30","Shooter","PEGI_7"
"4497","Arcade Archives P.O.W. -PRISONERS OF WAR","CUSA14424","PS4","Нет","300,00 TL","","Нет","Нет","","https://store.playstation.com/en-tr/concept/233055","2020-03-09","Action","PEGI_12"
"4498","Arcade Archives PIRATE PETE","CUSA27961","PS4","Нет","300,00 TL","","Нет","Нет","","https://store.playstation.com/en-tr/concept/10002889","2021-06-09","Action","PEGI_7"
"4499","Arcade Archives QIX","CUSA31247","PS4","Нет","300,00 TL","","Нет","Нет","","https://store.playstation.com/en-tr/concept/10004106","2022-03-09","Action","PEGI_3"
"4500","Arcade Archives PHOZON","CUSA30291","PS4","Нет","300,00 TL","","Нет","Нет","","https://store.playstation.com/en-tr/concept/10003766","2021-11-24","Action","PEGI_3"
"4501","Arcade Archives PISTOL DAIMYO NO BOUKEN","CUSA31000","PS4","Нет","300,00 TL","","Нет","Нет","","https://store.playstation.com/en-tr/concept/10004016","2022-01-26","Action","PEGI_7"
"4502","Arcade Archives POLE POSITION II","CUSA43862","PS4","Нет","300,00 TL","","Нет","Нет","","https://store.playstation.com/en-tr/concept/10008608","2023-12-06","Driving/Racing","PEGI_3"
"4503","Arcade Archives PUNK SHOT","CUSA52189","PS4","Нет","300,00 TL","","Нет","Нет","","https://store.playstation.com/en-tr/concept/10013287","2025-05-07","Sport","PEGI_12"
"4504","Arcade Archives RASTAN SAGA","CUSA48447","PS4","Нет","300,00 TL","","Нет","Нет","","https://store.playstation.com/en-tr/concept/10010781","2024-05-01","Action","PEGI_7"
"4505","Arcade Archives RAIMAIS","CUSA29766","PS4","Нет","300,00 TL","","Нет","Нет","","https://store.playstation.com/en-tr/concept/10003573","2021-11-17","Action","PEGI_3"
"4506","Arcade Archives Pettan Pyuu","CUSA25100","PS4","Нет","300,00 TL","","Нет","Нет","","https://store.playstation.com/en-tr/concept/10001712","2020-11-04","Action","PEGI_3"
"4507","Arcade Archives RAINBOW ISLANDS","CUSA46390","PS4","Нет","300,00 TL","","Нет","Нет","","https://store.playstation.com/en-tr/concept/10009757","2024-01-24","Action","PEGI_3"
"4508","Arcade Archives ROAD FIGHTER","CUSA16555","PS4","Нет","300,00 TL","","Нет","Нет","","https://store.playstation.com/en-tr/concept/234512","2019-07-24","Action","PEGI_3"
"4509","Arcade Archives Rod Land","CUSA25985","PS4","Нет","300,00 TL","","Нет","Нет","","https://store.playstation.com/en-tr/concept/10001976","2021-01-06","Action","PEGI_3"
"4510","Arcade Archives Rug Rats","CUSA45013","PS4","Нет","300,00 TL","","Нет","Нет","","https://store.playstation.com/en-tr/concept/10009126","2024-06-05","Action","PEGI_3"
"4511","Arcade Archives RYUKYU","CUSA52346","PS4","Нет","300,00 TL","","Нет","Нет","","https://store.playstation.com/en-tr/concept/10013384","2025-05-21","Puzzle","PEGI_3"
"4512","Arcade Archives ROLLING THUNDER 2","CUSA40966","PS4","Нет","300,00 TL","","Нет","Нет","","https://store.playstation.com/en-tr/concept/10007441","2023-05-24","Action","PEGI_7"
"4513","Arcade Archives Rastan Saga II","CUSA48421","PS4","Нет","300,00 TL","","Нет","Нет","","https://store.playstation.com/en-tr/concept/10010765","2024-06-19","Action","PEGI_12"
"4514","Arcade Archives RIOT","CUSA50605","PS4","Нет","300,00 TL","","Нет","Нет","","https://store.playstation.com/en-tr/concept/10012162","2024-10-30","Action","PEGI_12"
"4515","Arcade Archives ROLLING THUNDER","CUSA32030","PS4","Нет","300,00 TL","","Нет","Нет","","https://store.playstation.com/en-tr/concept/10004419","2022-03-16","Action","PEGI_12"
"4516","Arcade Archives REZON","CUSA41683","PS4","Нет","300,00 TL","","Нет","Нет","","https://store.playstation.com/en-tr/concept/10007741","2023-04-05","Shooter","PEGI_7"
"4517","Arcade Archives SAINT DRAGON","CUSA18213","PS4","Нет","300,00 TL","","Нет","Нет","","https://store.playstation.com/en-tr/concept/235342","2020-02-05","Arcade","PEGI_7"
"4518","Arcade Archives Renegade","CUSA02668","PS4","Нет","300,00 TL","","Нет","Нет","","https://store.playstation.com/en-tr/concept/216838","2015-06-29","Action","PEGI_12"
"4519","Arcade Archives ROMPERS","CUSA34019","PS4","Нет","300,00 TL","","Нет","Нет","","https://store.playstation.com/en-tr/concept/10005203","2022-09-14","Action","PEGI_3"
"4520","Arcade Archives SABOTEN BOMBERS","CUSA27132","PS4","Нет","300,00 TL","","Нет","Нет","","https://store.playstation.com/en-tr/concept/10002541","2021-04-07","Action","PEGI_3"
"4521","Arcade Archives ROLLER JAMMER","CUSA34150","PS4","Нет","300,00 TL","","Нет","Нет","","https://store.playstation.com/en-tr/concept/10005263","2022-07-27","Action","PEGI_7"
"4522","Arcade Archives SASUKE VS COMMANDER","CUSA14077","PS4","Нет","300,00 TL","","Нет","Нет","","https://store.playstation.com/en-tr/concept/232983","2020-02-12","Arcade","PEGI_3"
"4523","Arcade Archives Scramble","CUSA02485","PS4","Нет","300,00 TL","","Нет","Нет","","https://store.playstation.com/en-tr/concept/214657","2015-09-21","Shooter","PEGI_3"
"4524","Arcade Archives SALAMANDER","CUSA03937","PS4","Нет","300,00 TL","","Нет","Нет","","https://store.playstation.com/en-tr/concept/214119","2016-04-25","Arcade","PEGI_7"
"4525","Arcade Archives SCRAMBLED EGG","CUSA55077","PS4","Нет","300,00 TL","","Нет","Нет","","https://store.playstation.com/en-tr/concept/10015536","2025-08-27","Action","PEGI_3"
"4526","Arcade Archives SEA FIGHTER POSEIDON","CUSA28233","PS4","Нет","300,00 TL","","Нет","Нет","","https://store.playstation.com/en-tr/concept/10002988","2021-07-07","Action","PEGI_7"
"4527","Arcade Archives SEICROSS","CUSA28079","PS4","Нет","300,00 TL","","Нет","Нет","","https://store.playstation.com/en-tr/concept/10002938","2021-06-16","Shooter","PEGI_7"
"4528","Arcade Archives SENJYO","CUSA39274","PS4","Нет","300,00 TL","","Нет","Нет","","https://store.playstation.com/en-tr/concept/10006840","2023-01-11","Shooter","PEGI_3"
"4529","Arcade Archives SCRAMBLE FORMATION","CUSA44159","PS4","Нет","300,00 TL","","Нет","Нет","","https://store.playstation.com/en-tr/concept/10008756","2023-11-29","Shooter","PEGI_3"
"4530","Arcade Archives SENKYU","CUSA51930","PS4","Нет","300,00 TL","","Нет","Нет","","https://store.playstation.com/en-tr/concept/10013065","2025-03-20","Puzzle","PEGI_3"
"4531","Arcade Archives Arcade Archives Shanghai III","CUSA03381","PS4","Нет","300,00 TL","","Нет","Нет","","https://store.playstation.com/en-tr/concept/206151","2016-06-01","Arcade","PEGI_3"
"4532","Arcade Archives Sky Kid","CUSA29706","PS4","Нет","300,00 TL","","Нет","Нет","","https://store.playstation.com/en-tr/concept/10003534","2021-10-27","Shooter","PEGI_3"
"4533","Arcade Archives Shusse Ozumo","CUSA03164","PS4","Нет","300,00 TL","","Нет","Нет","","https://store.playstation.com/en-tr/concept/200317","2016-07-18","Arcade","PEGI_7"
"4534","Arcade Archives SHAO-LIN'S ROAD","CUSA45010","PS4","Нет","300,00 TL","","Нет","Нет","","https://store.playstation.com/en-tr/concept/10009123","2023-11-08","Action","PEGI_7"
"4535","Arcade Archives SOLITARY FIGHTER","CUSA39335","PS4","Нет","300,00 TL","","Нет","Нет","","https://store.playstation.com/en-tr/concept/10006859","2023-12-27","Fighting","PEGI_12"
"4536","Arcade Archives SPINAL BREAKERS","CUSA49571","PS4","Нет","300,00 TL","","Нет","Нет","","https://store.playstation.com/en-tr/concept/10011501","2025-06-11","Action","PEGI_12"
"4537","Arcade Archives SILK WORM","CUSA46615","PS4","Нет","300,00 TL","","Нет","Нет","","https://store.playstation.com/en-tr/concept/10009871","2024-01-31","Shooter","PEGI_7"
"4538","Arcade Archives SKY KID DX","CUSA39523","PS4","Нет","300,00 TL","","Нет","Нет","","https://store.playstation.com/en-tr/concept/10006935","2023-03-01","Action","PEGI_3"
"4539","Arcade Archives Strategy X","CUSA53669","PS4","Нет","300,00 TL","","Нет","Нет","","https://store.playstation.com/en-tr/concept/10014340","2025-06-18","Shooter","PEGI_3"
"4540","Arcade Archives SUPER COBRA","CUSA24804","PS4","Нет","300,00 TL","","Нет","Нет","","https://store.playstation.com/en-tr/concept/10001558","2020-10-21","Shooter","PEGI_3"
"4541","Arcade Archives SPACE SEEKER","CUSA31354","PS4","Нет","300,00 TL","","Нет","Нет","","https://store.playstation.com/en-tr/concept/10004143","2022-06-15","Action","PEGI_7"
"4542","Arcade Archives SOLDAM","CUSA29065","PS4","Нет","300,00 TL","","Нет","Нет","","https://store.playstation.com/en-tr/concept/10003288","2021-09-15","Puzzle","PEGI_3"
"4543","Arcade Archives STEEL WORKER","CUSA55299","PS4","Нет","300,00 TL","","Нет","Нет","","https://store.playstation.com/en-tr/concept/10015670","2025-09-17","Action","PEGI_3"
"4544","Arcade Archives STRATO FIGHTER","CUSA43277","PS4","Нет","300,00 TL","","Нет","Нет","","https://store.playstation.com/en-tr/concept/10008343","2023-07-12","Shooter","PEGI_7"
"4545","Arcade Archives SPACE CRUISER","CUSA29060","PS4","Нет","300,00 TL","","Нет","Нет","","https://store.playstation.com/en-tr/concept/10003286","2021-08-25","Shooter","PEGI_3"
"4546","Arcade Archives Soldier Girl Amazon","CUSA05578","PS4","Нет","300,00 TL","","Нет","Нет","","https://store.playstation.com/en-tr/concept/216839","2016-09-19","Shooter","PEGI_7"
"4547","Arcade Archives SPLATTER HOUSE","CUSA40953","PS4","Нет","300,00 TL","","Нет","Нет","","https://store.playstation.com/en-tr/concept/10007429","2023-06-21","Action","PEGI_12"
"4548","Arcade Archives STINGER","CUSA54004","PS4","Нет","300,00 TL","","Нет","Нет","","https://store.playstation.com/en-tr/concept/10014631","2025-07-23","Shooter","PEGI_3"
"4549","Arcade Archives SHINGEN SAMURAI-FIGHTER","CUSA28005","PS4","Нет","300,00 TL","","Нет","Нет","","https://store.playstation.com/en-tr/concept/10002909","2021-06-23","Action","PEGI_12"
"4550","Arcade Archives STRIKE GUNNER","CUSA44149","PS4","Нет","300,00 TL","","Нет","Нет","","https://store.playstation.com/en-tr/concept/10008751","2023-09-20","Shooter","PEGI_7"
"4551","Arcade Archives Super Dodge Ball","CUSA03379","PS4","Нет","300,00 TL","","Нет","Нет","","https://store.playstation.com/en-tr/concept/200298","2016-01-11","Action","PEGI_3"
"4552","Arcade Archives SUPER CONTRA","CUSA45666","PS4","Нет","300,00 TL","","Нет","Нет","","https://store.playstation.com/en-tr/concept/10009437","2024-01-17","Action","PEGI_7"
"4553","Arcade Archives Super Dimension Fortress MACROSS II","CUSA53671","PS4","Нет","649,00 TL","","Нет","Нет","","https://store.playstation.com/en-tr/concept/10014341","2025-07-09","Shooter","PEGI_7"
"4554","Arcade Archives Super Volleyball","CUSA34148","PS4","Нет","300,00 TL","","Нет","Нет","","https://store.playstation.com/en-tr/concept/10005261","2022-08-24","Action","PEGI_3"
"4555","Arcade Archives SUPER BASKETBALL","CUSA54664","PS4","Нет","300,00 TL","","Нет","Нет","","https://store.playstation.com/en-tr/concept/10015165","2025-07-16","Sport","PEGI_3"
"4556","Arcade Archives SUPER WORLD COURT","CUSA53504","PS4","Нет","300,00 TL","","Нет","Нет","","https://store.playstation.com/en-tr/concept/10014200","2025-05-28","Sport","PEGI_3"
"4557","Arcade Archives Tecmo Stackers","CUSA49270","PS4","Нет","300,00 TL","","Нет","Нет","","https://store.playstation.com/en-tr/concept/10011279","2024-08-07","Puzzle","PEGI_3"
"4558","Arcade Archives TECMO BOWL","CUSA14139","PS4","Нет","300,00 TL","","Нет","Нет","","https://store.playstation.com/en-tr/concept/233017","2020-01-29","Arcade","PEGI_3"
"4559","Arcade Archives THE NEWZEALAND STORY","CUSA40386","PS4","Нет","300,00 TL","","Нет","Нет","","https://store.playstation.com/en-tr/concept/10007207","2023-01-25","Action","PEGI_3"
"4560","Arcade Archives THE NINJA KIDS","CUSA49236","PS4","Нет","300,00 TL","","Нет","Нет","","https://store.playstation.com/en-tr/concept/10011242","2024-08-21","Action","PEGI_12"
"4561","Arcade Archives SURPRISE ATTACK","CUSA47144","PS4","Нет","300,00 TL","","Нет","Нет","","https://store.playstation.com/en-tr/concept/10010152","2024-03-20","Action","PEGI_7"
"4562","Arcade Archives TETRIS THE GRAND MASTER","CUSA30946","PS4","Нет","300,00 TL","","Нет","Нет","","https://store.playstation.com/en-tr/concept/10004001","2022-11-30","Puzzle","PEGI_3"
"4563","Arcade Archives SUPER XEVIOUS","CUSA52143","PS4","Нет","300,00 TL","","Нет","Нет","","https://store.playstation.com/en-tr/concept/10013247","2025-04-30","Shooter","PEGI_3"
"4564","Arcade Archives TASK FORCE HARRIER","CUSA27270","PS4","Нет","300,00 TL","","Нет","Нет","","https://store.playstation.com/en-tr/concept/10002597","2021-05-26","Shooter","PEGI_7"
"4565","Arcade Archives Tatakae! Big Fighter","CUSA49346","PS4","Нет","300,00 TL","","Нет","Нет","","https://store.playstation.com/en-tr/concept/10011352","2025-04-19","Shooter","PEGI_7"
"4566","Arcade Archives SWIMMER","CUSA27042","PS4","Нет","300,00 TL","","Нет","Нет","","https://store.playstation.com/en-tr/concept/10002489","2021-03-24","Action","PEGI_3"
"4567","Arcade Archives THE ASTYANAX","CUSA27187","PS4","Нет","300,00 TL","","Нет","Нет","","https://store.playstation.com/en-tr/concept/10002556","2021-05-05","Action","PEGI_12"
"4568","Arcade Archives TECMO KNIGHT","CUSA41680","PS4","Нет","300,00 TL","","Нет","Нет","","https://store.playstation.com/en-tr/concept/10007740","2023-05-01","Action","PEGI_12"
"4569","Arcade Archives THE FINAL ROUND","CUSA48553","PS4","Нет","300,00 TL","","Нет","Нет","","https://store.playstation.com/en-tr/concept/10010836","2024-07-31","Sport","PEGI_12"
"4570","Arcade Archives TERRA CRESTA","CUSA02658","PS4","Нет","300,00 TL","","Нет","Нет","","https://store.playstation.com/en-tr/concept/200297","2015-09-14","Shooter","PEGI_3"
"4571","Arcade Archives THE LEGEND OF KAGE","CUSA03935","PS4","Нет","300,00 TL","","Нет","Нет","","https://store.playstation.com/en-tr/concept/216046","2016-02-15","Action","PEGI_12"
"4572","Arcade Archives THE NINJA WARRIORS","CUSA09273","PS4","Нет","300,00 TL","","Нет","Нет","","https://store.playstation.com/en-tr/concept/206115","2017-09-06","Action","PEGI_12"
"4573","Arcade Archives The Return of ISHTAR","CUSA29508","PS4","Нет","300,00 TL","","Нет","Нет","","https://store.playstation.com/en-tr/concept/10003461","2022-09-21","Action","PEGI_7"
"4574","Arcade Archives The Fairyland Story","CUSA25595","PS4","Нет","300,00 TL","","Нет","Нет","","https://store.playstation.com/en-tr/concept/10001873","2020-12-02","Action","PEGI_3"
"4575","Arcade Archives THE TOWER OF DRUAGA","CUSA32023","PS4","Нет","300,00 TL","","Нет","Нет","","https://store.playstation.com/en-tr/concept/10004417","2022-06-01","Action","PEGI_3"
"4576","Arcade Archives THE TIN STAR","CUSA17320","PS4","Нет","300,00 TL","","Нет","Нет","","https://store.playstation.com/en-tr/concept/234907","2020-04-07","Arcade","PEGI_3"
"4577","Arcade Archives THUNDER CEPTOR","CUSA32455","PS4","Нет","300,00 TL","","Нет","Нет","","https://store.playstation.com/en-tr/concept/10004594","2022-06-29","Shooter","PEGI_7"
"4578","Arcade Archives THUNDER CEPTOR II","CUSA34145","PS4","Нет","300,00 TL","","Нет","Нет","","https://store.playstation.com/en-tr/concept/10005260","2023-03-15","Shooter","PEGI_7"
"4579","Arcade Archives THUNDER CROSS","CUSA04855","PS4","Нет","300,00 TL","","Нет","Нет","","https://store.playstation.com/en-tr/concept/216041","2021-02-25","Shooter","PEGI_3"
"4580","Arcade Archives TOUKI DENSHOU ANGEL EYES","CUSA35600","PS4","Нет","300,00 TL","","Нет","Нет","","https://store.playstation.com/en-tr/concept/10005770","2022-10-20","Fighting","PEGI_12"
"4581","Arcade Archives TIME PILOT","CUSA15783","PS4","Нет","300,00 TL","","Нет","Нет","","https://store.playstation.com/en-tr/concept/233471","2019-09-25","Arcade","PEGI_3"
"4582","Arcade Archives TOY POP","CUSA34868","PS4","Нет","300,00 TL","","Нет","Нет","","https://store.playstation.com/en-tr/concept/10005519","2022-10-12","Action","PEGI_3"
"4583","Arcade Archives T.N.K III","CUSA14552","PS4","Нет","300,00 TL","","Нет","Нет","","https://store.playstation.com/en-tr/concept/233107","2019-11-10","Action","PEGI_7"
"4584","Arcade Archives Traverse USA","CUSA10558","PS4","Нет","300,00 TL","","Нет","Нет","","https://store.playstation.com/en-tr/concept/231059","2017-12-05","Arcade","PEGI_3"
"4585","Arcade Archives TUBE PANIC","CUSA19275","PS4","Нет","300,00 TL","","Нет","Нет","","https://store.playstation.com/en-tr/concept/10000492","2020-06-05","Shooter","PEGI_3"
"4586","Arcade Archives TINKLE PIT","CUSA48452","PS4","Нет","300,00 TL","","Нет","Нет","","https://store.playstation.com/en-tr/concept/10010785","2024-07-10","Action","PEGI_3"
"4587","Arcade Archives TIME TUNNEL","CUSA15901","PS4","Нет","300,00 TL","","Нет","Нет","","https://store.playstation.com/en-tr/concept/234245","2019-10-14","Action","PEGI_3"
"4588","Arcade Archives THUNDER CROSS II","CUSA27503","PS4","Нет","300,00 TL","","Нет","Нет","","https://store.playstation.com/en-tr/concept/10002706","2021-04-27","Shooter","PEGI_7"
"4589","Arcade Archives THUNDER DRAGON 2","CUSA31252","PS4","Нет","300,00 TL","","Нет","Нет","","https://store.playstation.com/en-tr/concept/10004107","2022-02-09","Shooter","PEGI_7"
"4590","Arcade Archives THUNDER DRAGON","CUSA26812","PS4","Нет","300,00 TL","","Нет","Нет","","https://store.playstation.com/en-tr/concept/10002409","2021-03-10","Shooter","PEGI_7"
"4591","Arcade Archives TRACK & FIELD","CUSA17074","PS4","Нет","300,00 TL","","Нет","Нет","","https://store.playstation.com/en-tr/concept/234525","2019-10-02","Arcade","PEGI_3"
"4592","Arcade Archives THUNDER FOX","CUSA48281","PS4","Нет","300,00 TL","","Нет","Нет","","https://store.playstation.com/en-tr/concept/10010709","2025-01-29","Action","PEGI_7"
"4593","Arcade Archives TOKYO WARS","CUSA55661","PS4","Нет","649,00 TL","","Нет","Нет","","https://store.playstation.com/en-tr/concept/10015995","2025-11-05","Shooter","PEGI_7"
"4594","Arcade Archives TIME PILOT '84","CUSA27500","PS4","Нет","300,00 TL","","Нет","Нет","","https://store.playstation.com/en-tr/concept/10002705","2021-05-26","Shooter","PEGI_3"
"4595","Arcade Archives TURBO FORCE","CUSA40390","PS4","Нет","300,00 TL","","Нет","Нет","","https://store.playstation.com/en-tr/concept/10007208","2023-03-08","Shooter","PEGI_7"
"4596","Arcade Archives TwinBee","CUSA03939","PS4","Нет","300,00 TL","","Нет","Нет","","https://store.playstation.com/en-tr/concept/218617","2016-05-09","Arcade","PEGI_3"
"4597","Arcade Archives TYPHOON","CUSA02760","PS4","Нет","300,00 TL","","Нет","Нет","","https://store.playstation.com/en-tr/concept/214280","2015-10-19","Arcade","PEGI_3"
"4598","Arcade Archives Tutankham","CUSA46946","PS4","Нет","300,00 TL","","Нет","Нет","","https://store.playstation.com/en-tr/concept/10010051","2024-05-08","Action","PEGI_7"
"4599","Arcade Archives TYPHOON GAL","CUSA29037","PS4","Нет","300,00 TL","","Нет","Нет","","https://store.playstation.com/en-tr/concept/10003277","2021-09-29","Action","PEGI_7"
"4600","Arcade Archives VENDETTA","CUSA28197","PS4","Нет","300,00 TL","","Нет","Нет","","https://store.playstation.com/en-tr/concept/10002977","2021-07-20","Action","PEGI_12"
"4601","Arcade Archives TRIO THE PUNCH","CUSA30965","PS4","Нет","300,00 TL","","Нет","Нет","","https://store.playstation.com/en-tr/concept/10004009","2022-05-18","Action","PEGI_7"
"4602","Arcade Archives 2 TX-1","PPSA31739","PS5","Нет","387,00 TL","Arcade Archives 2 TX-1: 387,00 TL; Arcade Archives TX-1: 300,00 TL","Нет","Нет","","https://store.playstation.com/en-tr/concept/10016061","2026-07-29","Driving/Racing","PEGI_3"
"4603","Arcade Archives USAAF MUSTANG","CUSA28875","PS4","Нет","300,00 TL","","Нет","Нет","","https://store.playstation.com/en-tr/concept/10003213","2021-09-01","Shooter","PEGI_7"
"4604","Arcade Archives VICTORY ROAD","CUSA14421","PS4","Нет","300,00 TL","","Нет","Нет","","https://store.playstation.com/en-tr/concept/233054","2019-07-31","Action","PEGI_7"
"4605","Arcade Archives VS. CASTLEVANIA","CUSA17232","PS4","Нет","300,00 TL","","Нет","Нет","","https://store.playstation.com/en-tr/concept/234880","2019-10-20","Action","PEGI_7"
"4606","Arcade Archives WAR OF AERO","CUSA46949","PS4","Нет","300,00 TL","","Нет","Нет","","https://store.playstation.com/en-tr/concept/10010052","2024-02-28","Shooter","PEGI_7"
"4607","Arcade Archives VS. MYSTERY TOWER","CUSA51924","PS4","Нет","300,00 TL","","Нет","Нет","","https://store.playstation.com/en-tr/concept/10013062","2025-03-05","Action","PEGI_3"
"4608","Arcade Archives VIOLENCE FIGHT","CUSA49536","PS4","Нет","300,00 TL","","Нет","Нет","","https://store.playstation.com/en-tr/concept/10011475","2024-10-16","Fighting","PEGI_12"
"4609","Arcade Archives VIPER PHASE 1","CUSA52813","PS4","Нет","300,00 TL","","Нет","Нет","","https://store.playstation.com/en-tr/concept/10013635","2025-02-04","Shooter","PEGI_7"
"4610","Arcade Archives VIDEO HUSTLER","CUSA55652","PS4","Нет","300,00 TL","","Нет","Нет","","https://store.playstation.com/en-tr/concept/10015960","2025-09-10","Sport","PEGI_3"
"4611","Arcade Archives Arcade VULCAN VENTURE","CUSA03940","PS4","Нет","300,00 TL","","Нет","Нет","","https://store.playstation.com/en-tr/concept/208485","2016-08-22","Action","PEGI_7"
"4612","Arcade Archives Wiz","CUSA23235","PS4","Нет","300,00 TL","","Нет","Нет","","https://store.playstation.com/en-tr/concept/234511","2020-06-24","Action","PEGI_3"
"4613","Arcade Archives WATER SKI","CUSA15903","PS4","Нет","300,00 TL","","Нет","Нет","","https://store.playstation.com/en-tr/concept/234112","2019-09-09","Action","PEGI_3"
"4614","Arcade Archives VS. The Quest of Ki","CUSA50592","PS4","Нет","300,00 TL","","Нет","Нет","","https://store.playstation.com/en-tr/concept/10012155","2024-11-06","Action","PEGI_3"
"4615","Arcade Archives VIGILANTE","CUSA16552","PS4","Нет","300,00 TL","","Нет","Нет","","https://store.playstation.com/en-tr/concept/234522","2019-12-09","Action","PEGI_12"
"4616","Arcade Archives VS. SUPER XEVIOUS MYSTERY OF GUMP","CUSA33211","PS4","Нет","300,00 TL","","Нет","Нет","","https://store.playstation.com/en-tr/concept/10004885","2024-04-10","Shooter","PEGI_7"
"4617","Arcade Archives VS. STAR LUSTER","CUSA48670","PS4","Нет","300,00 TL","","Нет","Нет","","https://store.playstation.com/en-tr/concept/10010896","2024-06-12","Shooter","PEGI_7"
"4618","Arcade Archives VS. FAMILY TENNIS","CUSA51264","PS4","Нет","300,00 TL","","Нет","Нет","","https://store.playstation.com/en-tr/concept/10012565","2025-01-08","Sport","PEGI_3"
"4619","Arcade Archives WARP & WARP","CUSA36388","PS4","Нет","300,00 TL","","Нет","Нет","","https://store.playstation.com/en-tr/concept/10006045","2023-11-21","Action","PEGI_3"
"4620","Arcade Archives XEVIOUS","CUSA29411","PS4","Нет","300,00 TL","","Нет","Нет","","https://store.playstation.com/en-tr/concept/10003415","2021-10-06","Shooter","PEGI_3"
"4621","Arcade Archives VS. GRADIUS","CUSA16967","PS4","Нет","300,00 TL","","Нет","Нет","","https://store.playstation.com/en-tr/concept/234755","2019-08-29","Arcade","PEGI_3"
"4622","Arcade Archives ZERO TEAM","CUSA25593","PS4","Нет","300,00 TL","","Нет","Нет","","https://store.playstation.com/en-tr/concept/10001918","2020-11-18","Action","PEGI_12"
"4623","Arcade Archives X MULTIPLY","CUSA15605","PS4","Нет","300,00 TL","","Нет","Нет","","https://store.playstation.com/en-tr/concept/233535","2019-08-07","Arcade","PEGI_7"
"4624","Arcade Archives Yie Ar KUNG-FU","CUSA16557","PS4","Нет","300,00 TL","","Нет","Нет","","https://store.playstation.com/en-tr/concept/234576","2019-11-21","Action","PEGI_7"
"4625","Arcade Archives YOUKAI DOUCHUKI","CUSA32443","PS4","Нет","300,00 TL","","Нет","Нет","","https://store.playstation.com/en-tr/concept/10004590","2022-04-27","Action","PEGI_12"
"4626","Arcade Archives XX MISSION","CUSA18277","PS4","Нет","300,00 TL","","Нет","Нет","","https://store.playstation.com/en-tr/concept/235378","2020-02-23","Arcade","PEGI_7"
"4627","Arcade Archives XEXEX","CUSA30637","PS4","Нет","300,00 TL","","Нет","Нет","","https://store.playstation.com/en-tr/concept/10003890","2021-12-22","Shooter","PEGI_12"
"4628","Arcade Classics","CUSA15189","PS4","Нет","699,00 TL","","Нет","Нет","","https://store.playstation.com/en-tr/concept/234006","2019-04-17","Shooter","PEGI_7"
"4629","Arcadia: Find the Difference 3D","PPSA38779","PS5","Нет","387,00 TL","","Нет","Да","","https://store.playstation.com/en-tr/concept/10019842","2026-08-08","Puzzle","PEGI_3"
"4630","ARCADE GAME SERIES: GALAGA","CUSA03865","PS4","Нет","139,00 TL","","Нет","Нет","","https://store.playstation.com/en-tr/concept/218739","2016-04-20","Arcade","PEGI_3"
"4631","Arcade Bundle","CUSA48009","PS4","Нет","245,00 TL","","Нет","Да","","https://store.playstation.com/en-tr/concept/10010582","2024-03-29","Arcade","PEGI_3"
"4632","Arcadian Atlas","PPSA18298","PS4, PS5","Нет","849,00 TL","","Нет","Да","","https://store.playstation.com/en-tr/concept/10009121","2023-11-30","Role Playing Games","PEGI_16"
"4633","Arcadia Fallen II","PPSA31774","PS4, PS5","Нет","1.246,00 TL","","Нет","Нет","","https://store.playstation.com/en-tr/concept/10016137","2026-04-09","Role Playing Games","PEGI_12"
"4634","Arcade Spirits: The New Challengers","PPSA06409","PS5","Нет","174,75 TL","Arcade Spirits: The New Challengers: 174,75 TL; Arcade Spirits: The New Challengers: 174,75 TL","Нет","Нет","","https://store.playstation.com/en-tr/concept/10004297","2022-05-26","Casual","PEGI_12"
"4635","Arcade Spirits","CUSA17452","PS4","Нет","174,75 TL","","Нет","Нет","","https://store.playstation.com/en-tr/concept/234966","2020-04-30","Adventure","PEGI_12"
"4636","Arcade Shoot-em-up Bundle","CUSA51768","PS4","Нет","1.049,00 TL","","Нет","Нет","","https://store.playstation.com/en-tr/concept/10012985","2024-12-12","Shooter","PEGI_16"
"4637","ARCADE GAME SERIES: DIG DUG","CUSA03863","PS4","Нет","139,00 TL","","Нет","Нет","","https://store.playstation.com/en-tr/concept/216042","2016-04-20","Arcade","PEGI_3"
"4638","ArcaniA - The Complete Tale","CUSA01702","PS4","Нет","849,00 TL","","Да","Да","","https://store.playstation.com/en-tr/concept/200267","2015-05-08","Adventure","PEGI_16"
"4639","Arcade Room Simulator 2026","PPSA28946","PS5","Нет","349,00 TL","","Нет","Нет","","https://store.playstation.com/en-tr/concept/10014470","2025-12-13","Simulator","PEGI_7"
"4640","Arcade Archives ZING ZING ZIP","CUSA44155","PS4","Нет","300,00 TL","","Нет","Нет","","https://store.playstation.com/en-tr/concept/10008754","2023-09-06","Action","PEGI_7"
"4641","Arcadia Fallen","PPSA11022","PS4, PS5","Нет","949,00 TL","","Нет","Нет","","https://store.playstation.com/en-tr/concept/10004635","2023-02-09","Adventure","PEGI_12"
"4642","Arcade Game Zone","PPSA19016","PS5","Нет","879,00 TL","Arcade Game Zone: 879,00 TL; Arcade Game Zone: 875,00 TL","Нет","Нет","","https://store.playstation.com/en-tr/concept/10009374","2024-01-15","Party","PEGI_3"
"4643","Arcade Paradise","PPSA03664","PS4, PS5","Нет","849,00 TL","High Score Edition: 1.499,00 TL; Digital Deluxe: 269,75 TL","Нет","Да","PS Plus Extra","https://store.playstation.com/en-tr/concept/10002527","2022-08-10","Simulation","PEGI_12"
"4644","Arca's Path VR","CUSA11646","PS4","Нет","730,00 TL","","Нет","Нет","","https://store.playstation.com/en-tr/concept/231911","2018-12-04","Casual","PEGI_12"
"4645","Archery Blast","PPSA20281","PS5","Нет","215,00 TL","","Нет","Нет","","https://store.playstation.com/en-tr/concept/10005294","2023-12-15","Arcade","PEGI_12"
"4646","ArcRunner","PPSA21406","PS4, PS5","Нет","209,70 TL","","Нет","Да","","https://store.playstation.com/en-tr/concept/10006894","2024-04-17","Action","PEGI_12"
"4647","Archery Legend","PPSA27583","PS5","Нет","175,00 TL","Archery Legend: 175,00 TL; Archery Legend: 139,00 TL","Нет","Нет","","https://store.playstation.com/en-tr/concept/10012749","2024-12-12","Shooter","PEGI_3"
"4648","Archangel","CUSA09220","PS4","Нет","1.547,00 TL","","Нет","Нет","","https://store.playstation.com/en-tr/concept/229452","2017-08-22","Action","PEGI_12"
"4649","Arc of Alchemist","CUSA15767","PS4","Нет","879,00 TL","","Нет","Нет","","https://store.playstation.com/en-tr/concept/233190","2020-01-30","Role Playing Games","PEGI_12"
"4650","Archetype Arcadia","PPSA13422","PS4, PS5","Нет","157,35 TL","","Нет","Нет","","https://store.playstation.com/en-tr/concept/10003186","2023-10-23","Adventure","PEGI_12"
"4651","ARC SEED","PPSA31393","PS5","Нет","466,95 TL","","Нет","Нет","","https://store.playstation.com/en-tr/concept/10015867","2025-11-12","Strategy","PEGI_7"
"4652","Argonauts Agency 6: Missing Daughter","CUSA42260","PS4","Нет","215,00 TL","","Нет","Да","","https://store.playstation.com/en-tr/concept/10007923","2023-05-31","Casual","PEGI_3"
"4653","Arctic Awakening","PPSA27043","PS5","Нет","1.079,00 TL","","Нет","Да","","https://store.playstation.com/en-tr/concept/10013179","2025-09-18","Adventure","PEGI_16"
"4654","Ariko's Enchanted Forest","PPSA18628","PS5","Нет","55,50 TL","Ariko's Enchanted Forest: 55,50 TL; Ariko's Enchanted Forest: 55,50 TL","Нет","Нет","","https://store.playstation.com/en-tr/concept/10009062","2023-11-14","Action","PEGI_7"
"4655","Are You Smarter Than A 5th Grader? |","PPSA03676","PS4, PS5","Нет","1.049,00 TL","","Нет","Нет","","https://store.playstation.com/en-tr/concept/10002864","2022-08-23","Family","PEGI_3"
"4656","Ario","PPSA21279","PS5","Нет","439,00 TL","","Нет","Нет","","https://store.playstation.com/en-tr/concept/10010113","2024-03-28","Adventure","PEGI_16"
"4657","Arkham Horror: Mother's Embrace","CUSA23393","PS4","Нет","699,00 TL","","Нет","Нет","","https://store.playstation.com/en-tr/concept/10000944","2021-03-23","Adventure","PEGI_16"
"4658","Arc the Lad: Twilight of the Spirits","CUSA02279","PS4","Нет","649,00 TL","","Нет","Нет","","https://store.playstation.com/en-tr/concept/200308","2016-01-11","Role Playing Games","PEGI_12"
"4659","Argonauts Agency: Golden Fleece","CUSA40918","PS4","Нет","215,00 TL","Argonauts Agency: Golden Fleece: 215,00 TL; Argonauts Agency Bundle Vol.1: 429,00 TL","Нет","Да","","https://store.playstation.com/en-tr/concept/10007369","2023-04-26","Casual","PEGI_3"
"4660","A Rite from the Stars","PPSA22414","PS5","Нет","515,00 TL","A Rite from the Stars: Remaster Edition: 515,00 TL; A Rite from the Stars: Remaster Edition: 515,00 TL","Нет","Нет","","https://store.playstation.com/en-tr/concept/10010114","2025-01-29","Adventure","PEGI_12"
"4661","Argonauts Agency 4: Glove of Midas","CUSA41461","PS4","Нет","215,00 TL","Argonauts Agency Bundle Vol.2: 429,00 TL; Argonauts Agency 4: Glove of Midas: 215,00 TL","Нет","Да","","https://store.playstation.com/en-tr/concept/10007672","2023-05-17","Casual","PEGI_3"
"4662","A-RED Walking Robot","PPSA26115","PS5","Нет","849,00 TL","A-RED Walking Robot: 849,00 TL; A-RED Walking Robot: 649,00 TL","Нет","Да","","https://store.playstation.com/en-tr/concept/10012585","2025-07-16","Adventure","PEGI_7"
"4663","Argonauts Agency 3: Chair of Hephaestus","CUSA41459","PS4","Нет","215,00 TL","","Нет","Да","","https://store.playstation.com/en-tr/concept/10007671","2023-05-10","Casual","PEGI_3"
"4664","Argonauts Agency: Pandora’s Box","CUSA41322","PS4","Нет","215,00 TL","","Нет","Да","","https://store.playstation.com/en-tr/concept/10007615","2023-05-03","Casual","PEGI_3"
"4665","Argonauts Agency 5: Captive of Circe","CUSA42258","PS4","Нет","215,00 TL","","Нет","Да","","https://store.playstation.com/en-tr/concept/10007922","2023-05-24","Casual","PEGI_3"
"4666","Arisen Force: LifeDevotee","PPSA30746","PS5","Нет","687,00 TL","","Нет","Нет","","https://store.playstation.com/en-tr/concept/10015498","2025-09-12","Arcade","PEGI_12"
"4667","Arena Renovation","PPSA27759","PS5","Нет","699,00 TL","Farmer's Life & Arena Renovation Bundle: 1.547,00 TL; Arena Renovation: 699,00 TL","Нет","Да","","https://store.playstation.com/en-tr/concept/10013644","2025-06-19","Unique","PEGI_3"
"4668","Ariana and the Elder Codex","PPSA33404","PS5","Нет","1.299,00 TL","Standard Edition: 1.299,00 TL; Deluxe Edition: 1.949,00 TL; Standard Edition: 1.299,00 TL; Deluxe Edition: 1.949,00 TL","Нет","Нет","","https://store.playstation.com/en-tr/concept/10013771","2026-03-24","Action","PEGI_12"
"4669","ARK Park","CUSA10936","PS4","Нет","2.149,00 TL","","Нет","Нет","","https://store.playstation.com/en-tr/concept/229885","2018-03-22","Action","PEGI_12"
"4670","Arkan: The Dog Adventurer","PPSA03360","PS5","Нет","35,00 TL","Arkan: The Dog Adventurer: 35,00 TL; Arkan: The Dog Adventurer: 35,00 TL","Нет","Да","","https://store.playstation.com/en-tr/concept/10002657","2021-06-29","Arcade","PEGI_3"
"4671","Armed and Gelatinous","PPSA21858","PS5","Нет","649,00 TL","Armed and Gelatinous: Couch Edition: 649,00 TL; Armed and Gelatinous: Couch Edition: 649,00 TL","Нет","Да","","https://store.playstation.com/en-tr/concept/225060","2024-05-02","Party","PEGI_7"
"4672","ARMORED CORE","PPSA21241","PS4, PS5","Нет","429,00 TL","","Нет","Нет","","https://store.playstation.com/en-tr/concept/10010252","2025-03-18","Action","PEGI_12"
"4673","Armello","CUSA03287","PS4","Нет","323,70 TL","Armello - Complete Edition: 389,80 TL; Armello™: 323,70 TL","Нет","Да","","https://store.playstation.com/en-tr/concept/200332","2015-08-31","Strategy","PEGI_7"
"4674","Armikrog","CUSA04559","PS4","Нет","349,00 TL","","Нет","Да","","https://store.playstation.com/en-tr/concept/216067","2016-08-22","Adventure","PEGI_7"
"4675","ARMORED CORE MASTER OF ARENA","PPSA21312","PS4, PS5","Нет","349,00 TL","","Нет","Нет","","https://store.playstation.com/en-tr/concept/10010298","2025-03-18","Action","PEGI_12"
"4676","ARMORED CORE PROJECT PHANTASMA","PPSA21308","PS4, PS5","Нет","349,00 TL","","Нет","Нет","","https://store.playstation.com/en-tr/concept/10010297","2025-03-18","Action","PEGI_12"
"4677","Arranger: A Role-Puzzling Adventure","PPSA19801","PS5","Нет","774,00 TL","","Нет","Нет","","https://store.playstation.com/en-tr/concept/10009671","2024-07-25","Puzzle","PEGI_7"
"4678","Arrog","CUSA25865","PS4","Нет","129,00 TL","","Нет","Да","","https://store.playstation.com/en-tr/concept/10002016","2021-02-05","Puzzle","PEGI_7"
"4679","art of rally","PPSA03659","PS4, PS5","Нет","849,00 TL","","Нет","Да","PS Plus Extra","https://store.playstation.com/en-tr/concept/10002789","2021-10-08","Driving/Racing","PEGI_3"
"4680","A Robot Named Fight!","CUSA44782","PS4","Нет","774,00 TL","","Нет","Нет","","https://store.playstation.com/en-tr/concept/10009038","2023-09-06","Adventure","PEGI_12"
"4681","ArtPulse","CUSA17075","PS4","Нет","247,05 TL","","Нет","Нет","","https://store.playstation.com/en-tr/concept/234814","2020-01-13","Adventure","PEGI_3"
"4682","Injection π23 'Ars Regia'","CUSA26179","PS4","Нет","1.031,00 TL","","Нет","Да","","https://store.playstation.com/en-tr/concept/10001914","2022-05-23","Horror","PEGI_16"
"4683","Arsene Lupin - Once A Thief","PPSA23294","PS4, PS5","Нет","1.399,00 TL","","Нет","Да","","https://store.playstation.com/en-tr/concept/10011109","2024-10-16","Adventure","PEGI_7"
"4684","Arsonist Heaven","PPSA05418","PS4, PS5","Нет","215,00 TL","","Нет","Да","","https://store.playstation.com/en-tr/concept/10003886","2022-07-26","Action","PEGI_7"
"4685","Asemblance: Oversight","CUSA11708","PS4","Нет","515,00 TL","","Нет","Нет","","https://store.playstation.com/en-tr/concept/231818","2018-05-15","Adventure","PEGI_7"
"4686","Art of Balance","CUSA01464","PS4","Нет","315,00 TL","","Нет","Нет","","https://store.playstation.com/en-tr/concept/206160","2016-06-02","Casual","PEGI_3"
"4687","ASCENDANCE UNBOUND","PPSA32009","PS5","Нет","214,50 TL","","Нет","Нет","","https://store.playstation.com/en-tr/concept/10016266","2025-12-11","Puzzle","PEGI_3"
"4688","Arzette: The Jewel of Faramore","PPSA17888","PS5","Нет","699,00 TL","Arzette: The Jewel of Faramore: 699,00 TL; Arzette: The Jewel of Faramore: 699,00 TL","Нет","Нет","","https://store.playstation.com/en-tr/concept/10008970","2024-02-13","Adventure","PEGI_7"
"4689","Ary and the Secret of Seasons","CUSA13262","PS4","Нет","1.749,00 TL","","Нет","Нет","","https://store.playstation.com/en-tr/concept/235230","2020-08-31","Puzzle","PEGI_12"
"4690","Ascendance","CUSA13364","PS4","Нет","257,50 TL","","Нет","Нет","","https://store.playstation.com/en-tr/concept/233782","2021-01-14","Action","PEGI_3"
"4691","Asemblance","CUSA05463","PS4","Нет","429,00 TL","","Нет","Нет","","https://store.playstation.com/en-tr/concept/221662","2016-08-04","Adventure","PEGI_7"
"4692","ART OF FIGHTING ANTHOLOGY","CUSA04152","PS4","Нет","649,00 TL","","Нет","Нет","","https://store.playstation.com/en-tr/concept/216065","2017-08-28","Fighting","PEGI_12"
"4694","ARSLAN: THE WARRIORS OF LEGEND","CUSA03866","PS4","Нет","2.579,00 TL","ARSLAN: THE WARRIORS OF LEGEND: 2.579,00 TL","Нет","Нет","","https://store.playstation.com/en-tr/concept/206084","2016-03-10","Action","PEGI_16"
"4695","A Room Where Art Conceals","CUSA15606","PS4","Нет","387,00 TL","","Нет","Нет","","https://store.playstation.com/en-tr/concept/233485","2020-04-06","Puzzle","PEGI_7"
"4696","Ashen","CUSA14345","PS4","Нет","1.399,00 TL","","Нет","Да","","https://store.playstation.com/en-tr/concept/233083","2019-12-12","Action","PEGI_12"
"4697","ASHES CRICKET","CUSA09663","PS4","Нет","1.299,00 TL","","Нет","Нет","","https://store.playstation.com/en-tr/concept/229727","2017-11-16","Sport","PEGI_3"
"4698","As Far As The Eye","CUSA34747","PS4","Нет","875,00 TL","Deluxe Edition: 104,90 TL; As Far As The Eye: 875,00 TL","Нет","Да","","https://store.playstation.com/en-tr/concept/10005483","2022-11-17","Strategy","PEGI_3"
"4699","Ashina: The Red Witch","PPSA15465","PS4, PS5","Нет","429,00 TL","","Нет","Да","","https://store.playstation.com/en-tr/concept/10008000","2023-08-24","Horror","PEGI_12"
"4700","Asterix & Obelix Slap Them All!","PPSA08576","PS4, PS5","Нет","879,00 TL","Asterix & Obelix Slap them All!: 879,00 TL; Asterix & Obelix Slap Them All!: 879,00 TL","Нет","Да","","https://store.playstation.com/en-tr/concept/10001110","2023-01-12","Action","PEGI_7"
"4701","Assault Suit Leynos","CUSA04803","PS4","Нет","699,00 TL","","Нет","Нет","","https://store.playstation.com/en-tr/concept/200127","2016-07-13","Action","PEGI_12"
"4702","Aspire Ina's Tale","CUSA34921","PS4","Нет","113,75 TL","Avatar Edition: 649,00 TL; Aspire Ina's Tale: 113,75 TL","Нет","Да","","https://store.playstation.com/en-tr/concept/10005537","2022-10-20","Adventure","PEGI_7"
"4703","Ashland Dossier","CUSA32571","PS4","Нет","472,00 TL","","Нет","Да","","https://store.playstation.com/en-tr/concept/10004633","2022-05-27","Adventure","PEGI_12"
"4704","Astebreed","CUSA02165","PS4","Нет","509,00 TL","","Нет","Нет","","https://store.playstation.com/en-tr/concept/200123","2015-06-25","Action","PEGI_7"
"4705","Astebros","CUSA45480","PS4","Нет","549,00 TL","","Нет","Нет","","https://store.playstation.com/en-tr/concept/10009343","2024-03-13","Action","PEGI_7"
"4706","ASMR Slicing","CUSA47359","PS4","Нет","175,00 TL","Standard Edition: 175,00 TL; Complete Edition: 245,00 TL","Нет","Да","","https://store.playstation.com/en-tr/concept/10010262","2024-05-16","Casual","PEGI_3"
"4707","Discovery Tour: Viking Age","PPSA05261","PS4, PS5","Нет","849,00 TL","","Да","Да","","https://store.playstation.com/en-tr/concept/10003793","2022-06-13","Educational","PEGI_7"
"4708","Astalon: Tears Of The Earth","CUSA25971","PS4","Нет","735,00 TL","","Нет","Да","","https://store.playstation.com/en-tr/concept/10002058","2021-06-02","Adventure","PEGI_12"
"4709","Assassin's Creed Chronicles: China","CUSA01329","PS4","Нет","429,00 TL","","Нет","Да","PS Plus Extra","https://store.playstation.com/en-tr/concept/200102","2015-04-22","Adventure","PEGI_16"
"4710","Ash Pines: The Motel","PPSA30726","PS4, PS5","Нет","215,00 TL","","Нет","Нет","","https://store.playstation.com/en-tr/concept/10015491","2025-08-28","Horror","PEGI_16"
"4711","Assassin’s Creed Chronicles: Russia","CUSA01356","PS4","Нет","429,00 TL","","Да","Да","PS Plus Extra","https://store.playstation.com/en-tr/concept/212280","2016-02-09","Action","PEGI_16"
"4712","A Sketchbook About Her Sun","PPSA06719","PS5","Нет","70,00 TL","A Sketchbook About Her Sun: 70,00 TL; A Sketchbook About Her Sun: 70,00 TL","Нет","Нет","","https://store.playstation.com/en-tr/concept/10004614","2022-04-14","Unique","PEGI_3"
"4713","Asteroids: Recharged","PPSA05552","PS5","Нет","315,00 TL","Atari Recharged Bundle: Asteroids + Breakout: 219,00 TL; Asteroids: Recharged: 315,00 TL; Atari Recharged Bundle: Asteroids + Breakout: 219,00 TL; Asteroids: Recharged: 315,00 TL","Нет","Да","","https://store.playstation.com/en-tr/concept/10003955","2021-12-13","Arcade","PEGI_3"
"4714","Assault Suit Leynos 2 Saturn Tribute","PPSA24282","PS4, PS5","Нет","879,00 TL","","Нет","Нет","","https://store.playstation.com/en-tr/concept/10008894","2025-03-21","Shooter","PEGI_12"
"4715","Assault Android Cactus","CUSA01193","PS4","Нет","623,00 TL","","Нет","Нет","","https://store.playstation.com/en-tr/concept/200129","2016-03-08","Action","PEGI_7"
"4716","Ash of Gods: Redemption","CUSA16018","PS4","Нет","849,00 TL","","Да","Да","","https://store.playstation.com/en-tr/concept/232523","2020-01-30","Strategy","PEGI_16"
"4717","Asterix & Obelix: Heroes","PPSA16709","PS4, PS5","Нет","699,00 TL","","Нет","Да","","https://store.playstation.com/en-tr/concept/10008371","2023-10-05","Strategy","PEGI_7"
"4718","A Space for the Unbound","PPSA12231","PS5","Нет","849,00 TL","","Нет","Да","PS Plus Extra","https://store.playstation.com/en-tr/concept/10005843","2023-01-18","Adventure","PEGI_16"
"4719","A Street Cat's Tale","CUSA27418","PS4","Нет","259,00 TL","","Нет","Нет","","https://store.playstation.com/en-tr/concept/10002509","2022-04-27","Adventure","PEGI_3"
"4720","Astor: Blade of the Monolith","PPSA08742","PS4, PS5","Нет","1.079,00 TL","","Нет","Да","","https://store.playstation.com/en-tr/concept/10005544","2024-05-30","Adventure","PEGI_7"
"4721","Astrea: Six-Sided Oracles","PPSA23951","PS5","Нет","839,00 TL","Astrea: Six-Sided Oracles: 875,00 TL","Нет","Да","","https://store.playstation.com/en-tr/concept/10011469","2024-09-26","Action","PEGI_7"
"4722","Astria Ascending","PPSA03175","PS4, PS5","Нет","1.399,00 TL","","Нет","Нет","","https://store.playstation.com/en-tr/concept/10002550","2021-09-30","Role Playing Games","PEGI_12"
"4723","Atari Mania","PPSA12641","PS5","Нет","218,75 TL","Atari Mania: 218,75 TL; Atari Mania: 218,75 TL","Нет","Нет","","https://store.playstation.com/en-tr/concept/10006959","2023-04-03","Arcade","PEGI_7"
"4724","A Summer with the Shiba Inu","CUSA19567","PS4","Нет","349,00 TL","","Нет","Нет","","https://store.playstation.com/en-tr/concept/10000637","2020-06-23","Adventure","PEGI_7"
"4725","Astrology and Horoscopes Premium","PPSA07222","PS4, PS5","Нет","387,00 TL","","Нет","Нет","","https://store.playstation.com/en-tr/concept/232138","2022-03-30","Party","PEGI_12"
"4726","ASTRO AQUA KITTY Bundle","PPSA06423","PS4, PS5","Нет","549,00 TL","","Нет","Нет","","https://store.playstation.com/en-tr/concept/10001190","2022-06-15","Arcade","PEGI_7"
"4727","Astro & Suzy Go to the Beach","PPSA12428","PS5","Нет","51,00 TL","Astro & Suzy Go to the Beach: 51,00 TL; Astro & Suzy Go to the Beach: 51,00 TL","Нет","Нет","","https://store.playstation.com/en-tr/concept/10006881","2023-01-29","Arcade","PEGI_3"
"4728","A Tale of Paper - Refolded","PPSA07623","PS5","Нет","549,00 TL","","Нет","Да","","https://store.playstation.com/en-tr/concept/10005062","2024-04-17","Puzzle","PEGI_7"
"4729","A Tale For Anna","PPSA14741","PS4, PS5","Нет","472,00 TL","","Нет","Да","","https://store.playstation.com/en-tr/concept/10007774","2023-06-30","Casual","PEGI_7"
"4730","A-Tech Cybernetic VR","CUSA14302","PS4","Нет","849,00 TL","","Нет","Нет","","https://store.playstation.com/en-tr/concept/233078","2020-03-25","Action","PEGI_16"
"4731","Atama","PPSA22658","PS5","Нет","321,75 TL","","Нет","Нет","","https://store.playstation.com/en-tr/concept/10010829","2024-09-19","Horror","PEGI_16"
"4732","Atari 50: The Anniversary Celebration","PPSA08603","PS5","Нет","699,60 TL","Atari 50: The Anniversary Celebration: 699,60 TL; Atari 50: Game + DLC Bundle: 2.349,00 TL; Atari 50: The Anniversary Celebration: 699,60 TL; Atari 50: Game + DLC Bundle: 2.349,00 TL","Нет","Нет","","https://store.playstation.com/en-tr/concept/10004884","2022-11-02","Arcade","PEGI_16"
"4734","Atari Flashback Classics Vol. 2","CUSA07213","PS4","Нет","849,00 TL","","Нет","Нет","","https://store.playstation.com/en-tr/concept/222944","2017-01-18","Arcade","PEGI_12"
"4735","Astronaut Simulator","CUSA54406","PS4","Нет","389,40 TL","","Нет","Нет","","https://store.playstation.com/en-tr/concept/10014970","2026-03-26","Strategy","PEGI_7"
"4736","Atari Flashback Classics Vol. 3","CUSA09460","PS4","Нет","849,00 TL","","Нет","Нет","","https://store.playstation.com/en-tr/concept/228906","2018-09-04","Arcade","PEGI_3"
"4737","Astro & Suzy Go To The Circus","PPSA35663","PS5","Нет","85,00 TL","Astro & Suzy Go To The Circus: 85,00 TL; Astro & Suzy Go To The Circus: 85,00 TL","Нет","Нет","","https://store.playstation.com/en-tr/concept/10018367","2026-03-23","Arcade","PEGI_3"
"4738","Atari Flashback Classics Vol. 1","CUSA07214","PS4","Нет","849,00 TL","","Нет","Нет","","https://store.playstation.com/en-tr/concept/222943","2017-01-17","Arcade","PEGI_12"
"4739","Astronite","PPSA08288","PS4, PS5","Нет","649,00 TL","","Нет","Нет","","https://store.playstation.com/en-tr/concept/10005340","2022-11-30","Adventure","PEGI_12"
"4740","Astro Miner","CUSA46530","PS4","Нет","52,50 TL","Gold Edition: 257,00 TL; Complete Edition: 73,50 TL; Astro Miner: 52,50 TL","Нет","Нет","","https://store.playstation.com/en-tr/concept/10009841","2023-12-21","Action","PEGI_3"
"4741","Atelier Escha & Logy: Alchemists of the Dusk Sky DX","CUSA16896","PS4","Нет","1.399,00 TL","","Нет","Нет","","https://store.playstation.com/en-tr/concept/234727","2020-01-13","Unique","PEGI_12"
"4742","Atelier Ayesha: The Alchemist of Dusk DX","CUSA16897","PS4","Нет","1.399,00 TL","Atelier Ayesha DX: 1.399,00 TL; Dusk Trilogy Deluxe Pack: 3.149,00 TL","Нет","Нет","","https://store.playstation.com/en-tr/concept/234728","2020-01-13","Unique","PEGI_16"
"4743","Atelier Resleriana: The Red Alchemist & the White Guardian","PPSA26792","PS5","Нет","2.579,00 TL","Standard Edition: 2.579,00 TL; Digital Deluxe Edition: 2.999,00 TL; Ultimate Edition: 4.299,00 TL","Нет","Нет","","https://store.playstation.com/en-tr/concept/10012578","2025-09-25","Role Playing Games","PEGI_12"
"4744","Atelier Mysterious Trilogy Deluxe Pack","CUSA26643","PS4","Нет","3.149,00 TL","Atelier Sophie DX: 1.399,00 TL; Atelier Lydie & Suelle DX: 1.399,00 TL; Atelier Firis DX: 1.399,00 TL; Mysterious Trilogy Deluxe: 3.149,00 TL","Нет","Нет","","https://store.playstation.com/en-tr/concept/10002346","2021-04-21","Role Playing Games","PEGI_12"
"4745","Atelier Lulua ~The Scion of Arland~","CUSA14540","PS4","Нет","2.099,00 TL","Standard Edition: 2.099,00 TL; Digital Deluxe Edition: 2.599,00 TL","Нет","Нет","","https://store.playstation.com/en-tr/concept/233206","2019-06-20","Role Playing Games","PEGI_12"
"4746","Atelier Meruru ~The Apprentice of Arland~ DX","CUSA14015","PS4","Нет","1.399,00 TL","","Нет","Нет","","https://store.playstation.com/en-tr/concept/232610","2018-12-03","Role Playing Games","PEGI_12"
"4747","Atelier Rorona ~The Alchemist of Arland~ DX","CUSA14011","PS4","Нет","1.399,00 TL","Atelier Rorona DX: 1.399,00 TL; Arland Deluxe Pack: 3.149,00 TL","Нет","Нет","","https://store.playstation.com/en-tr/concept/232611","2018-12-03","Role Playing Games","PEGI_12"
"4748","ATOMINE","CUSA12340","PS4","Нет","429,00 TL","","Нет","Да","","https://store.playstation.com/en-tr/concept/232264","2018-06-26","Action","PEGI_3"
"4750","ATOM RPG","CUSA23286","PS4","Нет","1.160,00 TL","","Да","Да","","https://store.playstation.com/en-tr/concept/10000814","2021-10-28","Role Playing Games","PEGI_18"
"4751","Atelier Sophie 2: The Alchemist of the Mysterious Dream","CUSA28452","PS4","Нет","2.099,00 TL","Standard Edition: 2.099,00 TL; Digital Deluxe Edition: 2.499,00 TL; Ultimate Edition: 4.099,00 TL","Нет","Нет","","https://store.playstation.com/en-tr/concept/10003063","2022-02-24","Role Playing Games","PEGI_12"
"4752","Ato","CUSA28049","PS4","Нет","649,00 TL","","Нет","Да","","https://store.playstation.com/en-tr/concept/10002927","2024-04-10","Action","PEGI_7"
"4753","At Sundown: Shots in the Dark","CUSA09990","PS4","Нет","215,00 TL","At Sundown: Shots in the Dark - Avatar Edition: 387,00 TL; At Sundown: Shots in the Dark: 215,00 TL","Нет","Да","","https://store.playstation.com/en-tr/concept/229738","2019-01-21","Shooter","PEGI_12"
"4754","ATOM RPG: TRUDOGRAD","PPSA21871","PS5","Нет","1.160,00 TL","ATOM RPG: TRUDOGRAD: 1.160,00 TL; ATOM RPG: TRUDOGRAD: 1.160,00 TL","Да","Да","","https://store.playstation.com/en-tr/concept/10006120","2024-05-19","Role Playing Games","PEGI_18"
"4755","Atelier Shallie: Alchemists of the Dusk Sea DX","CUSA16895","PS4","Нет","1.399,00 TL","","Нет","Нет","","https://store.playstation.com/en-tr/concept/234726","2020-01-13","Unique","PEGI_12"
"4756","Atelier Totori ~The Adventurer of Arland~ DX","CUSA14014","PS4","Нет","1.399,00 TL","","Нет","Нет","","https://store.playstation.com/en-tr/concept/232604","2018-12-03","Role Playing Games","PEGI_12"
"4757","Atomic Owl","PPSA32744","PS4, PS5","Нет","549,00 TL","","Нет","Нет","","https://store.playstation.com/en-tr/concept/10016663","2026-05-19","Adventure","PEGI_7"
"4758","ATONE: Heart of the Elder Tree","CUSA40870","PS4","Нет","131,25 TL","","Нет","Да","","https://store.playstation.com/en-tr/concept/10007397","2023-02-09","Action","PEGI_16"
"4759","Athenian Rhapsody","PPSA18373","PS4, PS5","Нет","649,00 TL","Athenian Rhapsody: 649,00 TL","Нет","Нет","","https://store.playstation.com/en-tr/concept/10009141","2024-05-14","Role Playing Games","PEGI_7"
"4760","A Time Traveller's Guide To Past Delicacies","PPSA18858","PS5","Нет","43,75 TL","A Time Traveller's Guide To Past Delicacies: 43,75 TL; A Time Traveller's Guide To Past Delicacies: 43,75 TL","Нет","Нет","","https://store.playstation.com/en-tr/concept/10009315","2024-02-20","Adventure","PEGI_12"
"4762","Atlas Fallen: Reign of Sand","PPSA03388","PS5","Нет","1.249,00 TL","","Нет","Да","PS Plus Extra","https://store.playstation.com/en-tr/concept/10002689","2024-08-06","Role Playing Games","PEGI_12"
"4763","Atomicrops","CUSA17203","PS4","Нет","137,25 TL","Atomicrops: 137,25 TL; Reap What You Bundle: 699,00 TL","Нет","Да","","https://store.playstation.com/en-tr/concept/234863","2020-05-28","Shooter","PEGI_12"
"4764","Audio Beats","CUSA11158","PS4","Нет","515,00 TL","","Нет","Нет","","https://store.playstation.com/en-tr/concept/227257","2018-03-21","Music/Rhythm","PEGI_3"
"4765","Attack of the Earthlings","CUSA13426","PS4","Нет","699,00 TL","","Нет","Да","","https://store.playstation.com/en-tr/concept/232714","2019-03-04","Strategy","PEGI_16"
"4766","Aureole - Wings of Hope","PPSA23316","PS5","Нет","537,00 TL","Aureole - Wings of Hope: 537,00 TL; Aureole - Wings of Hope: 537,00 TL","Нет","Нет","","https://store.playstation.com/en-tr/concept/10011132","2025-05-14","Adventure","PEGI_7"
"4767","Attractio","CUSA04248","PS4","Нет","699,00 TL","","Нет","Да","","https://store.playstation.com/en-tr/concept/200174","2016-02-17","Puzzle","PEGI_12"
"4768","Audio Trip","PPSA31859","PS5","Нет","730,00 TL","","Нет","Нет","","https://store.playstation.com/en-tr/concept/10016183","2025-11-11","Music/Rhythm","PEGI_3"
"4769","Aurora’s Journey and the Pitiful Lackey","PPSA13702","PS4, PS5","Нет","97,35 TL","Aurora’s Journey and the Pitiful Lackey: 97,35 TL; Lackey Edition: 849,00 TL","Нет","Нет","","https://store.playstation.com/en-tr/concept/10002782","2023-01-12","Shooter","PEGI_12"
"4770","AUDICA","CUSA17616","PS4","Нет","1.299,00 TL","AUDICA™ and DLC Pack 01 Bundle: 1.547,00 TL; AUDICA™ and 2019 Season Pass: 1.949,00 TL; AUDICA™: 1.299,00 TL","Нет","Нет","","https://store.playstation.com/en-tr/concept/235074","2019-11-06","Shooter","PEGI_7"
"4771","Autonauts","PPSA03447","PS5","Нет","849,00 TL","Autonauts PS4 & PS5: 849,00 TL; Autonauts PS4 & PS5: 849,00 TL","Нет","Да","","https://store.playstation.com/en-tr/concept/10002739","2022-06-16","Strategy","PEGI_3"
"4772","Awesome Pea 2","CUSA19158","PS4","Нет","43,75 TL","","Нет","Да","","https://store.playstation.com/en-tr/concept/10000437","2020-06-02","Action","PEGI_3"
"4773","Avenging Spirit","PPSA08433","PS4, PS5","Нет","209,00 TL","","Нет","Нет","","https://store.playstation.com/en-tr/concept/10005397","2022-07-28","Action","PEGI_7"
"4774","AVARIS3 Offline Ver.","CUSA47681","PS4","Нет","945,00 TL","","Нет","Нет","","https://store.playstation.com/en-tr/concept/10010430","2024-06-14","Strategy","PEGI_7"
"4775","Awesome Pea","CUSA14709","PS4","Нет","52,25 TL","Awesome Pea: 52,25 TL","Нет","Нет","","https://store.playstation.com/en-tr/concept/233257","2019-02-28","Action","PEGI_3"
"4776","Axe Champ","PPSA31382","PS5","Нет","129,00 TL","","Нет","Нет","","https://store.playstation.com/en-tr/concept/10015870","2025-07-17","Arcade","PEGI_3"
"4777","Auto World Tycoon","CUSA27456","PS4","Нет","429,00 TL","","Нет","Нет","","https://store.playstation.com/en-tr/concept/10002519","2022-03-14","Simulation","PEGI_3"
"4778","Autumn's Journey","CUSA20511","PS4","Нет","175,00 TL","","Нет","Нет","","https://store.playstation.com/en-tr/concept/10001001","2020-12-08","Adventure","PEGI_7"
"4779","Aven Colony","CUSA08055","PS4","Нет","1.049,00 TL","Deluxe Edition: 209,80 TL; Aven Colony: 1.049,00 TL","Нет","Да","","https://store.playstation.com/en-tr/concept/225020","2017-07-24","Simulation","PEGI_12"
"4780","Awesome Pea 3","PPSA20820","PS5","Нет","43,75 TL","Awesome Pea 3: 43,75 TL; Awesome Pea 3: 43,75 TL","Нет","Да","","https://store.playstation.com/en-tr/concept/10010101","2024-05-14","Puzzle","PEGI_3"
"4781","Avian Knights","PPSA30178","PS5","Нет","649,00 TL","","Нет","Нет","","https://store.playstation.com/en-tr/concept/10006334","2026-03-18","Arcade","PEGI_7"
"4782","AVICII Invector","CUSA18263","PS4","Нет","849,00 TL","Encore Edition: 1.299,00 TL; AVICII Invector: 849,00 TL","Нет","Да","","https://store.playstation.com/en-tr/concept/235377","2019-12-09","Music/Rhythm","PEGI_3"
"4783","A Wild Last Boss Appeared! ~Black-Winged Survivor~","PPSA31451","PS5","Нет","569,40 TL","A Wild Last Boss Appeared! ~Black-Winged Survivor~: 569,40 TL; A Wild Last Boss Appeared! ~Black-Winged Survivor~: 569,40 TL","Нет","Нет","","https://store.playstation.com/en-tr/concept/10015882","2025-10-04","Shooter","PEGI_7"
"4784","Avenue Escape","PPSA35250","PS4, PS5","Нет","129,00 TL","","Нет","Нет","","https://store.playstation.com/en-tr/concept/10018115","2026-03-03","Puzzle","PEGI_3"
"4785","AWAY: Journey to the Unexpected","CUSA08323","PS4","Нет","595,00 TL","","Нет","Нет","","https://store.playstation.com/en-tr/concept/227256","2019-02-05","Adventure","PEGI_7"
"4786","Awesome Asteroids","PPSA13965","PS4, PS5","Нет","279,00 TL","","Нет","Нет","","https://store.playstation.com/en-tr/concept/10006159","2023-02-21","Arcade","PEGI_7"
"4787","Awakening of Cthulhu","CUSA24286","PS4","Нет","14,70 TL","Awakening of Cthulhu Avatar Bundle: 52,50 TL; Awakening of Cthulhu: 14,70 TL","Нет","Нет","","https://store.playstation.com/en-tr/concept/10001353","2020-12-05","Action","PEGI_12"
"4788","Axiom Verge","CUSA02312","PS4","Нет","629,00 TL","","Нет","Нет","","https://store.playstation.com/en-tr/concept/200132","2016-04-19","Arcade","PEGI_12"
"4789","Axe Cop","PPSA23745","PS4, PS5","Нет","429,00 TL","","Нет","Нет","","https://store.playstation.com/en-tr/concept/10011366","2026-05-03","Role Playing Games","PEGI_12"
"4790","Axiom Verge 2","PPSA05173","PS4, PS5","Нет","774,00 TL","","Нет","Да","","https://store.playstation.com/en-tr/concept/10003389","2022-08-08","Action","PEGI_12"
"4791","Axes","CUSA20419","PS4","Нет","193,00 TL","","Нет","Да","","https://store.playstation.com/en-tr/concept/10000915","2020-10-29","Action","PEGI_7"
"4792","Axel Quest","PPSA37435","PS4, PS5","Нет","257,00 TL","","Нет","Нет","","https://store.playstation.com/en-tr/concept/10019368","2026-06-25","Adventure","PEGI_7"
"4793","Axis Football 2026","CUSA56197","PS4","Нет","1.031,00 TL","","Нет","Нет","","https://store.playstation.com/en-tr/concept/10013692","2025-09-07","Sport","PEGI_3"
"4794","A YEAR OF SPRINGS","PPSA05310","PS4, PS5","Нет","107,50 TL","","Нет","Нет","","https://store.playstation.com/en-tr/concept/10003810","2021-12-09","Adventure","PEGI_12"
"4795","Ayo the Clown","PPSA05911","PS4, PS5","Нет","499,00 TL","","Нет","Да","","https://store.playstation.com/en-tr/concept/10004189","2022-04-21","Action","PEGI_3"
"4796","Baby Boomer 2: 35 Years Too Soon","PPSA24391","PS4, PS5","Нет","849,00 TL","Basic Normie Edition: 849,00 TL; Mega Chad Edition: 1.160,00 TL","Нет","Нет","","https://store.playstation.com/en-tr/concept/10010745","2024-08-16","Arcade","PEGI_7"
"4797","Baboon!","CUSA05046","PS4","Нет","34,90 TL","","Нет","Нет","","https://store.playstation.com/en-tr/concept/200352","2017-04-26","Action","PEGI_3"
"4798","Baby Hands","CUSA32269","PS4","Нет","816,00 TL","","Нет","Нет","","https://store.playstation.com/en-tr/concept/10003300","2022-05-19","Puzzle","PEGI_3"
"4799","Azure Striker Gunvolt Trilogy Enhanced","PPSA29101","PS5","Нет","1.499,00 TL","","Нет","Нет","","https://store.playstation.com/en-tr/concept/10014566","2025-07-23","Action","PEGI_7"
"4800","Azure Striker GUNVOLT 3","PPSA07217","PS4, PS5","Нет","945,00 TL","","Нет","Нет","","https://store.playstation.com/en-tr/concept/10004858","2022-12-14","Action","PEGI_12"
"4801","B99 Overclocked","PPSA18214","PS5","Нет","774,00 TL","","Нет","Нет","","https://store.playstation.com/en-tr/concept/10007206","2023-08-31","Action","PEGI_7"
"4802","Aztech Forgotten Gods","PPSA02951","PS5","Нет","1.299,00 TL","Aztech Forgotten Gods: 1.299,00 TL; Aztech Forgotten Gods: 1.299,00 TL","Нет","Да","","https://store.playstation.com/en-tr/concept/10002413","2022-03-10","Action","PEGI_12"
"4803","Azure Striker Gunvolt: Striker Pack","CUSA18801","PS4","Нет","1.199,00 TL","","Нет","Нет","","https://store.playstation.com/en-tr/concept/10000362","2020-04-22","Action","PEGI_12"
"4804","Azkend 2: The World Beneath","CUSA04400","PS4","Нет","343,00 TL","","Нет","Нет","","https://store.playstation.com/en-tr/concept/205971","2016-05-04","Puzzle","PEGI_3"
"4805","Aztek Tiki Talisman","PPSA19836","PS4, PS5","Нет","257,00 TL","","Нет","Нет","","https://store.playstation.com/en-tr/concept/10009683","2023-12-14","Puzzle","PEGI_3"
"4806","Babol the Walking Box","CUSA34628","PS4","Нет","300,00 TL","","Нет","Да","","https://store.playstation.com/en-tr/concept/10005438","2022-11-17","Adventure","PEGI_7"
"4807","Azur Lane: Crosswave","CUSA17619","PS4","Нет","1.749,00 TL","Azur Lane: Crosswave - Deluxe Bundle: 429,00 TL; Azur Lane: Crosswave: 1.749,00 TL","Нет","Нет","","https://store.playstation.com/en-tr/concept/232923","2020-02-20","Action","PEGI_12"
"4808","AZURA'S CRYSTALS","PPSA23845","PS5","Нет","524,50 TL","AZURA'S CRYSTALS: 524,50 TL; AZURA'S CRYSTALS: 524,50 TL","Нет","Нет","","https://store.playstation.com/en-tr/concept/10011420","2024-12-11","Adventure","PEGI_7"
"4809","Ayre and the Crystal Comet","PPSA05395","PS4, PS5","Нет","349,00 TL","","Нет","Да","","https://store.playstation.com/en-tr/concept/10002549","2023-04-18","Adventure","PEGI_3"
"4810","Azure Reflections","CUSA20029","PS4","Нет","875,00 TL","","Нет","Нет","","https://store.playstation.com/en-tr/concept/10001671","2021-02-21","Shooter","PEGI_7"
"4811","Baby Shark: Sing & Swim Party","PPSA09195","PS4, PS5","Нет","209,85 TL","","Нет","Нет","","https://store.playstation.com/en-tr/concept/10005730","2023-09-14","Family","PEGI_3"
"4812","Back in 1995","CUSA14070","PS4","Нет","214,50 TL","","Нет","Нет","","https://store.playstation.com/en-tr/concept/232980","2019-05-21","Adventure","PEGI_12"
"4813","Backfirewall_","PPSA08531","PS4, PS5","Нет","649,00 TL","","Нет","Да","","https://store.playstation.com/en-tr/concept/10005435","2023-01-30","Adventure","PEGI_12"
"4814","Back Again","PPSA07598","PS4, PS5","Нет","129,00 TL","","Нет","Нет","","https://store.playstation.com/en-tr/concept/10005047","2022-08-25","Action","PEGI_7"
"4815","Baby Steps","PPSA16936","PS5","Нет","849,00 TL","","Нет","Да","","https://store.playstation.com/en-tr/concept/10008588","2025-09-23","Simulation","PEGI_16"
"4816","Backpack Twins","CUSA26184","PS4","Нет","272,35 TL","","Нет","Нет","","https://store.playstation.com/en-tr/concept/10002108","2022-11-28","Action","PEGI_12"
"4817","Back Driver Simulator","CUSA58277","PS4","Нет","257,40 TL","","Нет","Нет","","https://store.playstation.com/en-tr/concept/10018388","2026-04-06","Driving/Racing","PEGI_3"
"4818","Backrooms: Lost Tape","PPSA38205","PS5","Нет","649,00 TL","","Нет","Нет","","https://store.playstation.com/en-tr/concept/10019824","2026-06-04","Horror","PEGI_16"
"4819","Back Then","PPSA14954","PS5","Нет","162,25 TL","","Нет","Нет","","https://store.playstation.com/en-tr/concept/10005526","2024-11-04","Adventure","PEGI_7"
"4820","Backrooms: Partygoers","PPSA24592","PS4, PS5","Нет","419,00 TL","","Нет","Нет","","https://store.playstation.com/en-tr/concept/10011798","2024-10-28","Horror","PEGI_16"
"4821","Bai Qu: Hundreds of Melodies","PPSA04077","PS4, PS5","Нет","349,00 TL","","Нет","Да","","https://store.playstation.com/en-tr/concept/10003106","2021-07-08","Adventure","PEGI_12"
"4822","BAD END THEATER","PPSA24380","PS5","Нет","429,00 TL","BAD END THEATER: 429,00 TL; BAD END THEATER: 429,00 TL","Нет","Да","","https://store.playstation.com/en-tr/concept/10011688","2025-07-10","Adventure","PEGI_16"
"4823","Baking Time!","CUSA48737","PS4","Нет","52,50 TL","Standard Edition: 52,50 TL; Complete Edition: 73,50 TL","Нет","Нет","","https://store.playstation.com/en-tr/concept/10010936","2024-06-06","Simulator","PEGI_3"
"4824","Bad Dreams","CUSA20232","PS4","Нет","429,00 TL","","Нет","Нет","","https://store.playstation.com/en-tr/concept/10000805","2023-07-18","Horror","PEGI_18"
"4825","BAHAMUT AND THE WAQWAQ TREE","PPSA29247","PS5","Нет","679,20 TL","BAHAMUT AND THE WAQWAQ TREE: 679,20 TL; BAHAMUT AND THE WAQWAQ TREE: 679,20 TL","Нет","Нет","","https://store.playstation.com/en-tr/concept/10014660","2026-05-06","Adventure","PEGI_7"
"4826","Back to Bed Game & Dynamic Theme Bundle","CUSA02590","PS4","Нет","580,50 TL","","Нет","Да","","https://store.playstation.com/en-tr/concept/200395","2015-08-25","Casual","PEGI_3"
"4827","Backrooms: Poolrooms","PPSA35684","PS4, PS5","Нет","429,00 TL","","Нет","Нет","","https://store.playstation.com/en-tr/concept/10018394","2026-02-12","Adventure","PEGI_16"
"4828","Baladins","PPSA20087","PS5","Нет","567,05 TL","Baladins: 567,05 TL; Baladins: 567,05 TL","Нет","Нет","","https://store.playstation.com/en-tr/concept/10009775","2026-02-18","Role Playing Games","PEGI_3"
"4829","Balancelot","CUSA18485","PS4","Нет","68,60 TL","","Нет","Нет","","https://store.playstation.com/en-tr/concept/10000275","2021-01-19","Unique","PEGI_3"
"4830","Backyard Baseball '97","PPSA29267","PS5","Нет","429,00 TL","Backyard Baseball '97: 429,00 TL; Backyard Baseball '97: 429,00 TL","Нет","Нет","","https://store.playstation.com/en-tr/concept/10014585","2025-06-12","Sport","PEGI_3"
"4831","Bahnsen Knights","PPSA15343","PS4, PS5","Нет","429,00 TL","The Pixel Pulps Collection: 1.079,00 TL; Bahnsen Knights: 429,00 TL","Нет","Нет","","https://store.playstation.com/en-tr/concept/10007958","2024-01-17","Adventure","PEGI_16"
"4832","BACK TO THE GARDEN","PPSA36652","PS5","Нет","649,00 TL","","Нет","Нет","","https://store.playstation.com/en-tr/concept/10018951","2026-03-25","Family","PEGI_3"
"4833","Bag Hero","PPSA30202","PS5","Нет","349,00 TL","","Нет","Нет","","https://store.playstation.com/en-tr/concept/10015192","2025-06-18","Casual","PEGI_7"
"4834","Back to the Dawn","PPSA37850","PS5","Да","1.499,00 TL","Back to the Dawn: 1.499,00 TL","Нет","Нет","","https://store.playstation.com/en-tr/concept/10016994","2026-10-21","Role Playing Games","PEGI_18"
"4835","Baldur's Gate and Baldur's Gate II: Enhanced Editions","CUSA16052","PS4","Нет","2.349,00 TL","","Нет","Нет","","https://store.playstation.com/en-tr/concept/232399","2019-11-06","Role Playing Games","PEGI_16"
"4836","Baldur's Gate: Dark Alliance","CUSA27998","PS4","Нет","1.547,00 TL","","Нет","Нет","","https://store.playstation.com/en-tr/concept/10002902","2021-05-07","Action","PEGI_16"
"4837","Ball Destiny","PPSA21329","PS5","Нет","85,00 TL","Ball Destiny: 85,00 TL; Ball Destiny: 85,00 TL","Нет","Нет","","https://store.playstation.com/en-tr/concept/10010303","2024-03-13","Unique","PEGI_3"
"4838","Ball Blast","CUSA55423","PS4","Нет","257,00 TL","Standard Edition: 257,00 TL; Complete Edition: 387,00 TL","Нет","Нет","","https://store.playstation.com/en-tr/concept/10015781","2025-09-26","Shooter","PEGI_3"
"4839","Baja: Edge of Control HD","CUSA07707","PS4","Нет","1.299,00 TL","","Нет","Нет","","https://store.playstation.com/en-tr/concept/228048","2017-09-13","Driving/Racing","PEGI_3"
"4840","Ball Dodge","PPSA23328","PS5","Нет","85,00 TL","Ball Dodge: 85,00 TL; Ball Dodge: 85,00 TL","Нет","Нет","","https://store.playstation.com/en-tr/concept/10006916","2024-06-15","Casual","PEGI_3"
"4841","Ball in the hole!","PPSA32000","PS5","Нет","64,00 TL","","Нет","Нет","","https://store.playstation.com/en-tr/concept/10016257","2025-09-17","Casual","PEGI_3"
"4842","Ball laB","PPSA04166","PS4, PS5","Нет","52,50 TL","","Нет","Нет","","https://store.playstation.com/en-tr/concept/10003137","2021-12-07","Action","PEGI_3"
"4843","Banner Saga 3","CUSA11037","PS4","Нет","1.079,00 TL","","Нет","Да","","https://store.playstation.com/en-tr/concept/231066","2018-07-25","Role Playing Games","PEGI_16"
"4844","Barbaria","PPSA13919","PS5","Нет","849,00 TL","","Нет","Нет","","https://store.playstation.com/en-tr/concept/10006081","2023-11-09","Fighting","PEGI_16"
"4845","Bangman","PPSA29198","PS4, PS5","Нет","215,00 TL","","Нет","Да","","https://store.playstation.com/en-tr/concept/10013186","2025-08-14","Action","PEGI_16"
"4846","Banishers: Ghosts of New Eden","PPSA10053","PS5","Нет","2.299,00 TL","Banishers: Ghosts of New Eden + Vampyr - Bundle: 4.299,00 TL","Нет","Да","PS Plus Extra","https://store.playstation.com/en-tr/concept/10006098","2024-02-12","Adventure","PEGI_16"
"4847","Balthazar's Dream (Release Bundle)","CUSA17701","PS4","Нет","343,00 TL","Game + Dynamic theme: 85,75 TL; (Full Game + Dynamic Theme): 343,00 TL","Нет","Да","","https://store.playstation.com/en-tr/concept/235076","2020-01-28","Arcade","PEGI_7"
"4848","Balloon Girl","CUSA42592","PS4","Нет","186,00 TL","","Нет","Нет","","https://store.playstation.com/en-tr/concept/10007891","2023-06-07","Arcade","PEGI_3"
"4849","Banner of the Maid","CUSA19616","PS4","Нет","730,00 TL","","Нет","Нет","","https://store.playstation.com/en-tr/concept/10000241","2020-08-12","Strategy","PEGI_12"
"4850","Baradroid","PPSA33868","PS4, PS5","Нет","343,00 TL","","Нет","Нет","","https://store.playstation.com/en-tr/concept/10017261","2025-12-17","Adventure","PEGI_16"
"4851","Bandit Trap","PPSA29148","PS5","Нет","649,00 TL","","Нет","Нет","","https://store.playstation.com/en-tr/concept/10014401","2026-04-29","Action","PEGI_7"
"4852","Baobabs Mausoleum Grindhouse Edition - Country of Woods and Creepy Tales","CUSA26217","PS4","Нет","849,00 TL","","Нет","Нет","","https://store.playstation.com/en-tr/concept/10002095","2021-02-25","Role Playing Games","PEGI_12"
"4853","Ball Rush 2","PPSA30539","PS5","Нет","129,00 TL","","Нет","Нет","","https://store.playstation.com/en-tr/concept/10015384","2025-06-19","Arcade","PEGI_3"
"4854","Banner Saga 2","CUSA04452","PS4","Нет","1.079,00 TL","","Нет","Да","","https://store.playstation.com/en-tr/concept/216425","2016-07-04","Role Playing Games","PEGI_16"
"4855","Ball laB II","PPSA16223","PS4, PS5","Нет","215,00 TL","","Нет","Нет","","https://store.playstation.com/en-tr/concept/10008307","2023-10-17","Action","PEGI_3"
"4856","Bambas!","PPSA27575","PS5","Нет","525,00 TL","","Нет","Нет","","https://store.playstation.com/en-tr/concept/10013493","2025-06-26","Adventure","PEGI_3"
"4857","Balls vs. Tombs","PPSA35822","PS5","Нет","171,00 TL","Balls vs. Tombs: 171,00 TL; Balls vs. Tombs: 171,00 TL","Нет","Нет","","https://store.playstation.com/en-tr/concept/10018464","2026-01-31","Action","PEGI_7"
"4858","Ballon Jump","CUSA54149","PS4","Нет","107,00 TL","","Нет","Нет","","https://store.playstation.com/en-tr/concept/10014730","2025-03-31","Arcade","PEGI_3"
"4860","Bartender Hustle","PPSA27717","PS5","Нет","629,00 TL","","Нет","Да","","https://store.playstation.com/en-tr/concept/10013613","2025-04-23","Simulation","PEGI_16"
"4861","Barry the Bunny","PPSA04504","PS4, PS5","Нет","215,00 TL","Barry the Bunny PS4 & PS5: 215,00 TL; Barry the Bunny PS4 & PS5: 215,00 TL","Нет","Да","","https://store.playstation.com/en-tr/concept/10003365","2021-08-12","Adventure","PEGI_3"
"4862","Bard's Gold","CUSA04895","PS4","Нет","257,00 TL","Bard's Gold: 215,00 TL; Bard's Gold: 257,00 TL","Нет","Нет","","https://store.playstation.com/en-tr/concept/216918","2016-06-17","Action","PEGI_3"
"4863","Barista life simulator 2026","CUSA53882","PS4","Нет","356,95 TL","","Нет","Нет","","https://store.playstation.com/en-tr/concept/10014505","2026-01-01","Action","PEGI_3"
"4864","Barton Lynch Pro Surfing","PPSA10259","PS5","Нет","1.949,00 TL","","Нет","Нет","","https://store.playstation.com/en-tr/concept/234701","2023-11-16","Sport","PEGI_3"
"4865","Barista Simulator","PPSA24296","PS5","Нет","849,00 TL","","Нет","Да","","https://store.playstation.com/en-tr/concept/10011654","2025-03-19","Simulation","PEGI_12"
"4866","Baseball","CUSA52180","PS4","Нет","349,00 TL","","Нет","Нет","","https://store.playstation.com/en-tr/concept/10013268","2024-12-05","Sport","PEGI_3"
"4867","Baseball Riot","CUSA03697","PS4","Нет","215,00 TL","","Нет","Нет","","https://store.playstation.com/en-tr/concept/206227","2016-01-20","Casual","PEGI_7"
"4868","Batbarian: Testament of the Primordials","CUSA24966","PS4","Нет","529,00 TL","","Нет","Да","","https://store.playstation.com/en-tr/concept/10001654","2021-07-14","Adventure","PEGI_7"
"4869","Battle Chasers: Nightwar","CUSA06673","PS4","Нет","1.299,00 TL","","Да","Да","PS Plus Extra","https://store.playstation.com/en-tr/concept/224815","2017-10-02","Role Playing Games","PEGI_16"
"4870","Basketball Club Story","CUSA24636","PS4","Нет","549,00 TL","","Нет","Нет","","https://store.playstation.com/en-tr/concept/10001470","2023-05-10","Simulation","PEGI_3"
"4871","BATS BITS BALLS","PPSA29383","PS5","Нет","129,00 TL","BATS BITS BALLS: 129,00 TL; BATS BITS BALLS: 129,00 TL","Нет","Нет","","https://store.playstation.com/en-tr/concept/10014734","2025-06-27","Arcade","PEGI_3"
"4873","Baskhead Training","CUSA08705","PS4","Нет","387,00 TL","","Нет","Нет","","https://store.playstation.com/en-tr/concept/227296","2017-10-11","Arcade","PEGI_3"
"4874","BATS: Bloodsucker Anti-Terror Squad","CUSA29944","PS4","Нет","429,00 TL","","Нет","Нет","","https://store.playstation.com/en-tr/concept/10003632","2021-10-19","Action","PEGI_16"
"4875","Battle Axe","CUSA19585","PS4","Нет","1.299,00 TL","","Нет","Нет","","https://store.playstation.com/en-tr/concept/10000651","2021-04-28","Arcade","PEGI_7"
"4876","Basketball Classics","CUSA57608","PS4","Нет","387,00 TL","","Нет","Нет","","https://store.playstation.com/en-tr/concept/10017705","2026-03-19","Sport","PEGI_3"
"4877","Baseball Dreams VR","PPSA25024","PS5","Нет","1.079,00 TL","","Нет","Нет","","https://store.playstation.com/en-tr/concept/10012013","2025-10-28","Sport","PEGI_3"
"4878","Bastion","CUSA02057","PS4","Нет","649,00 TL","","Нет","Нет","","https://store.playstation.com/en-tr/concept/200404","2015-12-05","Action","PEGI_12"
"4879","Bat Boy","PPSA05949","PS4, PS5","Нет","529,00 TL","","Нет","Нет","","https://store.playstation.com/en-tr/concept/10004207","2023-05-24","Action","PEGI_7"
"4880","BATSUGUN Saturn Tribute Boosted","CUSA39419","PS4","Нет","849,00 TL","","Нет","Нет","","https://store.playstation.com/en-tr/concept/10006890","2023-07-27","Shooter","PEGI_7"
"4881","Basement Crawl","CUSA00048","PS4","Нет","849,00 TL","","Нет","Да","","https://store.playstation.com/en-tr/concept/200420","2014-02-25","Action","PEGI_12"
"4882","Battle Axe","PPSA09437","PS5","Нет","1.299,00 TL","","Нет","Нет","","https://store.playstation.com/en-tr/concept/10005817","2022-11-17","Arcade","PEGI_7"
"4883","Battle Mythic Maidens Arena","PPSA30804","PS4, PS5","Нет","215,00 TL","","Нет","Нет","","https://store.playstation.com/en-tr/concept/10015534","2025-08-07","Adventure","PEGI_12"
"4885","Battleminer Giants","CUSA45403","PS4","Нет","175,00 TL","Standard: 175,00 TL","Нет","Нет","","https://store.playstation.com/en-tr/concept/10009311","2024-12-04","Action","PEGI_3"
"4886","Battle of Rebels","PPSA16496","PS4, PS5","Нет","1.199,00 TL","","Нет","Нет","","https://store.playstation.com/en-tr/concept/10008389","2025-08-28","Shooter","PEGI_16"
"4888","Battle of the Bulge","CUSA08756","PS4","Нет","349,00 TL","","Нет","Нет","","https://store.playstation.com/en-tr/concept/229640","2017-11-22","Strategy","PEGI_7"
"4889","Battle Planet - Judgement Day","CUSA15464","PS4","Нет","349,00 TL","","Нет","Нет","","https://store.playstation.com/en-tr/concept/233624","2019-10-16","Shooter","PEGI_16"
"4890","Batora: Lost Haven","PPSA05514","PS4, PS5","Нет","1.079,00 TL","","Нет","Да","","https://store.playstation.com/en-tr/concept/10003930","2022-10-19","Action","PEGI_12"
"4891","Beat Blaster","CUSA15537","PS4","Нет","849,00 TL","","Нет","Нет","","https://store.playstation.com/en-tr/concept/233785","2019-04-05","Shooter","PEGI_7"
"4892","Battle Suit Aces","PPSA31747","PS5","Нет","1.031,00 TL","","Нет","Нет","","https://store.playstation.com/en-tr/concept/10016119","2025-10-07","Role Playing Games","PEGI_7"
"4893","Beaked Buccaneer","PPSA33079","PS4, PS5","Нет","107,50 TL","","Нет","Нет","","https://store.playstation.com/en-tr/concept/10016832","2025-10-30","Casual","PEGI_3"
"4894","Battlewake","CUSA13362","PS4","Нет","1.049,00 TL","","Нет","Нет","","https://store.playstation.com/en-tr/concept/232693","2019-09-19","Action","PEGI_12"
"4895","Beat 'Em Up Collection (QUByte Classics)","PPSA28314","PS4, PS5","Нет","849,00 TL","","Нет","Нет","","https://store.playstation.com/en-tr/concept/10014071","2025-07-17","Arcade","PEGI_16"
"4896","Battle Worlds: Kronos","CUSA04458","PS4","Нет","849,00 TL","","Да","Да","","https://store.playstation.com/en-tr/concept/216070","2016-04-26","Strategy","PEGI_12"
"4897","Battle Rockets","PPSA16183","PS4, PS5","Нет","349,00 TL","","Нет","Нет","","https://store.playstation.com/en-tr/concept/10008259","2023-12-18","Fighting","PEGI_3"
"4898","Bear With Me: The Lost Robots","CUSA15689","PS4","Нет","215,00 TL","Bear With Me: The Complete Collection: 649,00 TL","Нет","Да","","https://store.playstation.com/en-tr/concept/234523","2019-07-30","Role Playing Games","PEGI_12"
"4899","bayala - the game","CUSA16844","PS4","Нет","429,00 TL","","Нет","Нет","","https://store.playstation.com/en-tr/concept/234720","2019-10-23","Adventure","PEGI_7"
"4900","Bears Can't Drift!?","CUSA02214","PS4","Нет","429,00 TL","","Нет","Нет","","https://store.playstation.com/en-tr/concept/221872","2016-09-01","Family","PEGI_3"
"4901","Beastie Bay DX","CUSA25564","PS4","Нет","455,00 TL","","Нет","Нет","","https://store.playstation.com/en-tr/concept/10001897","2022-10-19","Simulation","PEGI_3"
"4902","Battle Princess Madelyn","CUSA14306","PS4","Нет","730,00 TL","","Нет","Нет","","https://store.playstation.com/en-tr/concept/232794","2019-10-18","Action","PEGI_7"
"4903","Beastro","PPSA34498","PS5","Нет","849,00 TL","","Нет","Нет","","https://store.playstation.com/en-tr/concept/10017655","2026-06-11","Role Playing Games","PEGI_7"
"4904","Battlezone","CUSA04785","PS4","Нет","1.499,00 TL","","Нет","Да","","https://store.playstation.com/en-tr/concept/223483","2018-05-01","Arcade","PEGI_7"
"4905","Beasts of Maravilla Island","PPSA07678","PS5","Нет","279,00 TL","Beasts of Maravilla Island: 279,00 TL; Beasts of Maravilla Island: 279,00 TL","Нет","Да","","https://store.playstation.com/en-tr/concept/10003148","2022-11-03","Casual","PEGI_3"
"4906","Beat Hazard Arcade","PPSA26613","PS5","Нет","649,00 TL","Standard: 649,00 TL; Standard: 649,00 TL","Нет","Да","","https://store.playstation.com/en-tr/concept/10011890","2025-09-23","Shooter","PEGI_7"
"4907","Beat 'Em Up Archives (QUByte Classics)","CUSA42987","PS4","Нет","278,85 TL","","Нет","Нет","","https://store.playstation.com/en-tr/concept/10005498","2023-06-14","Fighting","PEGI_12"
"4908","Bear and Breakfast","PPSA16361","PS5","Нет","254,70 TL","Bear and Breakfast: 254,70 TL; Bear and Breakfast: 254,70 TL","Нет","Нет","","https://store.playstation.com/en-tr/concept/10007449","2023-12-12","Simulation","PEGI_12"
"4909","Beat of Life","PPSA30704","PS5","Нет","349,00 TL","","Нет","Нет","","https://store.playstation.com/en-tr/concept/10015482","2025-07-02","Casual","PEGI_12"
"4910","Battle Stations Blockade","PPSA16227","PS4, PS5","Нет","429,00 TL","","Нет","Нет","","https://store.playstation.com/en-tr/concept/10008310","2023-12-05","Action","PEGI_12"
"4911","Beats Fever","CUSA16025","PS4","Нет","209,70 TL","","Нет","Да","","https://store.playstation.com/en-tr/concept/228958","2019-05-16","Casual","PEGI_3"
"4912","Beat Souls","PPSA05243","PS4, PS5","Нет","349,00 TL","","Нет","Нет","","https://store.playstation.com/en-tr/concept/10003791","2022-02-15","Music/Rhythm","PEGI_3"
"4913","Beautiful Desolation","CUSA27380","PS4","Нет","139,80 TL","Beautiful Desolation: 139,80 TL; Avatar Edition: 949,00 TL","Нет","Да","","https://store.playstation.com/en-tr/concept/10002620","2021-05-27","Unique","PEGI_16"
"4914","Beat the Beats VR","PPSA19277","PS5","Нет","849,00 TL","Beat the Beats VR: 849,00 TL","Нет","Да","","https://store.playstation.com/en-tr/concept/10009368","2024-02-26","Music/Rhythm","PEGI_3"
"4915","Beautiful Indie Worlds Bundle","CUSA51765","PS4, PS5","Нет","1.399,00 TL","","Нет","Да","","https://store.playstation.com/en-tr/concept/10012978","2024-11-21","Adventure","PEGI_7"
"4916","Bedrotting","PPSA28254","PS5","Нет","343,00 TL","","Нет","Нет","","https://store.playstation.com/en-tr/concept/10014034","2025-07-28","Horror","PEGI_16"
"4917","Bee With Gun","PPSA37436","PS4, PS5","Нет","215,00 TL","","Нет","Нет","","https://store.playstation.com/en-tr/concept/10019369","2026-07-30","Action","PEGI_7"
"4918","Behind the Frame: The Finest Scenery VR","PPSA13826","PS5","Нет","699,00 TL","","Нет","Да","","https://store.playstation.com/en-tr/concept/10007373","2023-09-14","Adventure","PEGI_3"
"4919","Beauty Clicker","PPSA32655","PS5","Нет","25,60 TL","Beauty Clicker Avatar Bundle: 86,00 TL; Beauty Clicker: 25,60 TL; Beauty Clicker: 25,60 TL","Нет","Нет","","https://store.playstation.com/en-tr/concept/10016616","2025-10-03","Music/Rhythm","PEGI_12"
"4920","Bee Simulator: The Hive","PPSA27567","PS5","Нет","1.079,00 TL","Bee Simulator: The Hive: 1.079,00 TL; Deluxe Edition: 623,00 TL; Bee Simulator: The Hive: 1.079,00 TL; Deluxe Edition: 623,00 TL","Да","Да","","https://store.playstation.com/en-tr/concept/10013420","2025-11-27","Action","PEGI_7"
"4921","Becoming a She ～俺が私に変わった日…～","CUSA54179","PS4","Нет","687,00 TL","","Нет","Да","","https://store.playstation.com/en-tr/concept/10014750","2025-04-30","Adventure","PEGI_16"
"4922","Beholder","CUSA09921","PS4","Нет","649,00 TL","","Нет","Да","","https://store.playstation.com/en-tr/concept/229755","2018-01-15","Strategy","PEGI_12"
"4923","Beef Cat Ultra","PPSA27106","PS5","Нет","300,00 TL","Beef Cat Ultra: 300,00 TL; Beef Cat Ultra: 245,00 TL","Нет","Нет","","https://store.playstation.com/en-tr/concept/10013234","2025-06-26","Action","PEGI_3"
"4924","Beholgar","PPSA09496","PS5","Нет","349,00 TL","Beholgar: 349,00 TL; Beholgar: 349,00 TL","Нет","Нет","","https://store.playstation.com/en-tr/concept/10004930","2023-11-09","Action","PEGI_12"
"4925","BeeFense BeeMastered","CUSA25583","PS4","Нет","343,00 TL","","Нет","Нет","","https://store.playstation.com/en-tr/concept/10001834","2021-06-23","Strategy","PEGI_7"
"4926","Behind the Frame: The Finest Scenery","CUSA33071","PS4","Нет","389,00 TL","","Нет","Да","","https://store.playstation.com/en-tr/concept/10004835","2022-06-01","Adventure","PEGI_3"
"4927","Become the wild","PPSA21207","PS5","Нет","315,00 TL","Become the wild: 315,00 TL; Become the wild: 315,00 TL","Нет","Нет","","https://store.playstation.com/en-tr/concept/10010250","2024-04-02","Adventure","PEGI_7"
"4928","BEFORE I GO","PPSA32401","PS5","Нет","849,00 TL","","Нет","Нет","","https://store.playstation.com/en-tr/concept/10013016","2026-04-13","Adventure","PEGI_7"
"4929","Behold Battle","PPSA24883","PS5","Нет","245,00 TL","Behold Battle: 245,00 TL; Behold Battle: 245,00 TL","Нет","Нет","","https://store.playstation.com/en-tr/concept/10011520","2024-09-26","Casual","PEGI_7"
"4930","Behind Closed Doors: A Developer's Tale","PPSA05934","PS5","Нет","52,50 TL","Behind Closed Doors: A Developer's Tale: 52,50 TL; Behind Closed Doors: A Developer's Tale: 52,50 TL","Нет","Нет","","https://store.playstation.com/en-tr/concept/10004198","2022-05-17","Adventure","PEGI_7"
"4931","Beaver Run","PPSA09463","PS5","Нет","92,40 TL","Beaver Run: 92,40 TL; Beaver Run - Avatar Full Game Bundle: 83,70 TL; Beaver Run: 92,40 TL","Нет","Нет","","https://store.playstation.com/en-tr/concept/10005825","2022-09-02","Arcade","PEGI_3"
"4932","Becastled","PPSA30930","PS5","Нет","1.079,00 TL","Becastled: 1.079,00 TL; Becastled: 1.079,00 TL","Нет","Нет","","https://store.playstation.com/en-tr/concept/10015615","2025-10-23","Strategy","PEGI_7"
"4933","BELOW","CUSA18459","PS4","Нет","1.079,00 TL","","Нет","Да","","https://store.playstation.com/en-tr/concept/10000816","2020-04-06","Action","PEGI_12"
"4934","Before Exit: Gas Station","PPSA26385","PS5","Нет","193,05 TL","Before Exit: Gas Station + There’s a Gun in the Office Bundle: 324,50 TL; Before Exit: Gas Station + Before Exit: Supermarket Bundle: 274,50 TL; Before Exit: Gas Station: 193,05 TL; Complete Edition: 324,50 TL","Нет","Нет","","https://store.playstation.com/en-tr/concept/10012799","2025-10-22","Simulation","PEGI_7"
"4935","Bem Feito","PPSA18425","PS4, PS5","Нет","349,00 TL","","Нет","Нет","","https://store.playstation.com/en-tr/concept/10004391","2023-11-08","Horror","PEGI_16"
"4936","Bendy and the Dark Revival","CUSA38355","PS4","Нет","849,00 TL","","Нет","Нет","","https://store.playstation.com/en-tr/concept/10006221","2023-02-28","Horror","PEGI_16"
"4937","Beholder 2","CUSA17228","PS4","Нет","649,00 TL","","Нет","Да","","https://store.playstation.com/en-tr/concept/234864","2019-10-21","Strategy","PEGI_16"
"4938","Bench Simulator","PPSA37871","PS5","Нет","215,00 TL","Bench Simulator: 215,00 TL; Bench Simulator: 215,00 TL","Нет","Да","","https://store.playstation.com/en-tr/concept/10019642","2026-05-28","Simulator","PEGI_7"
"4939","Beyond Galaxyland","PPSA23317","PS4, PS5","Нет","629,00 TL","","Нет","Да","","https://store.playstation.com/en-tr/concept/10009887","2024-09-24","Role Playing Games","PEGI_7"
"4940","Bendy and the Dark Revival","PPSA27624","PS5","Нет","849,00 TL","Bendy: Revive and Survive Bundle: 1.225,00 TL; Bendy and the Dark Revival: 849,00 TL","Нет","Да","","https://store.playstation.com/en-tr/concept/10013480","2025-07-11","Horror","PEGI_16"
"4941","Between Time: Escape Room","PPSA15838","PS5","Нет","128,70 TL","","Нет","Да","","https://store.playstation.com/en-tr/concept/10008150","2023-05-03","Adventure","PEGI_3"
"4942","Best Served Cold","PPSA29064","PS5","Нет","774,00 TL","Best Served Cold: 774,00 TL; Best Served Cold: 774,00 TL","Нет","Нет","","https://store.playstation.com/en-tr/concept/10014537","2025-07-09","Adventure","PEGI_16"
"4943","Beyond a Steel Sky","PPSA03979","PS5","Нет","139,80 TL","Beyond a Steel Sky: 139,80 TL; Beyond a Steel Sky: 139,80 TL","Нет","Да","","https://store.playstation.com/en-tr/concept/10003060","2021-11-29","Adventure","PEGI_16"
"4944","Between Horizons","PPSA08031","PS5","Нет","559,00 TL","","Нет","Нет","","https://store.playstation.com/en-tr/concept/10005224","2024-09-18","Adventure","PEGI_16"
"4945","Beyond Enemy Lines","PPSA05061","PS5","Нет","849,00 TL","Beyond Enemy Lines - Remastered Edition: 849,00 TL; Beyond Enemy Lines - Remastered Edition: 849,00 TL","Нет","Да","","https://store.playstation.com/en-tr/concept/10000874","2023-04-18","Shooter","PEGI_16"
"4946","Betomis","PPSA15533","PS4, PS5","Нет","215,00 TL","","Нет","Нет","","https://store.playstation.com/en-tr/concept/10008041","2023-09-26","Action","PEGI_3"
"4947","Best Month Ever!","CUSA30985","PS4","Нет","699,00 TL","","Нет","Да","","https://store.playstation.com/en-tr/concept/10004012","2022-05-12","Adventure","PEGI_18"
"4948","Berserk Boy","PPSA24933","PS5","Нет","699,00 TL","","Нет","Да","","https://store.playstation.com/en-tr/concept/10011871","2025-02-17","Action","PEGI_7"
"4949","Bestial Reception","PPSA37634","PS5","Нет","300,00 TL","Bestial Reception: 300,00 TL; Bestial Reception: 300,00 TL","Нет","Да","","https://store.playstation.com/en-tr/concept/10019496","2026-05-27","Shooter","PEGI_12"
"4950","Bibi Blocksberg – Big Broom Race 4","PPSA30493","PS5","Нет","849,00 TL","Bibi Blocksberg – Big Broom Race 4: 849,00 TL; Bibi Blocksberg – Big Broom Race 4: 849,00 TL","Нет","Да","","https://store.playstation.com/en-tr/concept/10015358","2025-11-12","Casual","PEGI_3"
"4951","Beyond Good & Evil 20th","PPSA08706","PS4, PS5","Нет","699,00 TL","","Нет","Да","","https://store.playstation.com/en-tr/concept/10004727","2024-06-24","Adventure","PEGI_12"
"4952","Beyond Words","PPSA33197","PS5","Нет","486,75 TL","","Нет","Нет","","https://store.playstation.com/en-tr/concept/10016887","2026-04-09","Casual","PEGI_3"
"4953","Bibi & Tina – Adventures with Horses","PPSA19597","PS5","Нет","699,00 TL","Bibi & Tina – Adventures with Horses: 699,00 TL; Bibi & Tina – Adventures with Horses: 699,00 TL","Нет","Нет","","https://store.playstation.com/en-tr/concept/232290","2024-03-24","Family","PEGI_3"
"4954","Bibi Blocksberg - Big Broom Race 3","PPSA12509","PS5","Нет","649,00 TL","Bibi Blocksberg - Big Broom Race 3: 649,00 TL; Bibi Blocksberg – Big Broom Race 3: 649,00 TL","Нет","Нет","","https://store.playstation.com/en-tr/concept/232295","2023-02-17","Family","PEGI_3"
"4955","Beneath Oresa","PPSA23310","PS5","Нет","769,00 TL","Beneath Oresa: 769,00 TL; Beneath Oresa: 769,00 TL","Нет","Да","","https://store.playstation.com/en-tr/concept/10011086","2024-09-11","Strategy","PEGI_12"
"4956","Berzerk: Recharged","PPSA19192","PS5","Нет","349,00 TL","Berzerk: Recharged: 349,00 TL; Atari Recharged Bundle: Berzerk + Quantum: 219,00 TL; Berzerk: Recharged: 349,00 TL; Atari Recharged Bundle: Berzerk + Quantum: 219,00 TL","Нет","Да","","https://store.playstation.com/en-tr/concept/10009420","2023-11-08","Arcade","PEGI_7"
"4957","Beyond Enemy Lines 2","PPSA17178","PS5","Нет","1.299,00 TL","Beyond Enemy Lines 2: 1.299,00 TL; Beyond Enemy Lines 2: 1.299,00 TL","Нет","Да","","https://store.playstation.com/en-tr/concept/10000396","2023-08-16","Shooter","PEGI_16"
"4958","Bibi & Tina at the horse farm","CUSA16797","PS4","Нет","849,00 TL","","Нет","Нет","","https://store.playstation.com/en-tr/concept/234690","2019-10-09","Educational","PEGI_3"
"4959","Bibi & Tina – New adventures with horses","PPSA04955","PS5","Нет","699,00 TL","Bibi & Tina – New adventures with horses: 699,00 TL; Bibi & Tina – New adventures with horses: 699,00 TL","Нет","Нет","","https://store.playstation.com/en-tr/concept/10003639","2022-04-14","Family","PEGI_3"
"4960","Bibi & Tina at the Horse Farm","PPSA02603","PS5","Нет","1.299,00 TL","","Нет","Нет","","https://store.playstation.com/en-tr/concept/10002005","2021-05-18","Sport","PEGI_3"
"4961","Bible Puzzle: Christian Game","PPSA30536","PS4, PS5","Нет","343,00 TL","Standard Edition: 343,00 TL","Да","Да","","https://store.playstation.com/en-tr/concept/10015198","2025-11-27","Educational","PEGI_3"
"4962","Bid Battle: Auction War Simulator Storage Hunter","CUSA50770","PS4","Нет","629,00 TL","","Нет","Нет","","https://store.playstation.com/en-tr/concept/10012242","2025-01-16","Arcade","PEGI_3"
"4963","Big Adventure: Trip to Europe 9","PPSA34793","PS5","Нет","195,00 TL","","Нет","Да","","https://store.playstation.com/en-tr/concept/10017820","2026-01-15","Casual","PEGI_3"
"4964","Big Pharma","CUSA17324","PS4","Нет","1.049,00 TL","","Нет","Нет","","https://store.playstation.com/en-tr/concept/234908","2019-12-04","Simulation","PEGI_3"
"4965","Big Trouble in Little Chimney","PPSA33084","PS4, PS5","Нет","215,00 TL","","Нет","Нет","","https://store.playstation.com/en-tr/concept/10016837","2025-12-18","Shooter","PEGI_12"
"4966","BioMech Vendetta","PPSA34149","PS5","Нет","322,00 TL","","Нет","Нет","","https://store.playstation.com/en-tr/concept/10017433","2025-11-26","Role Playing Games","PEGI_7"
"4967","Big Adventure: Trip to Europe","PPSA14126","PS5","Нет","25,75 TL","","Нет","Нет","","https://store.playstation.com/en-tr/concept/10007523","2023-06-23","Adventure","PEGI_3"
"4968","BIG BASH BOOM","CUSA13210","PS4","Нет","1.749,00 TL","","Нет","Нет","","https://store.playstation.com/en-tr/concept/232665","2018-11-28","Arcade","PEGI_3"
"4969","BioEden","PPSA37805","PS5","Да","854,10 TL","","Нет","Нет","","https://store.playstation.com/en-tr/concept/10019366","2026-09-03","Unique","PEGI_3"
"4970","Big Rumble Boxing: Creed Champions","CUSA25617","PS4","Нет","1.199,00 TL","","Нет","Нет","","https://store.playstation.com/en-tr/concept/10001906","2021-09-02","Sport","PEGI_12"
"4971","Big Adventure: Trip to Europe 4","PPSA18232","PS5","Нет","649,00 TL","","Нет","Да","","https://store.playstation.com/en-tr/concept/10009093","2023-10-12","Adventure","PEGI_3"
"4972","Billy 101","PPSA10590","PS4, PS5","Нет","175,00 TL","","Нет","Да","","https://store.playstation.com/en-tr/concept/10006267","2023-03-30","Action","PEGI_3"
"4973","BIG-Bobby-Car – The Big Race","CUSA20568","PS4","Нет","215,00 TL","","Нет","Нет","","https://store.playstation.com/en-tr/concept/10001319","2020-09-23","Driving/Racing","PEGI_3"
"4974","Big Adventure: Trip to Europe 3","PPSA14130","PS5","Нет","32,45 TL","","Нет","Нет","","https://store.playstation.com/en-tr/concept/10007525","2023-04-20","Adventure","PEGI_3"
"4975","Bioframe Outpost","PPSA23451","PS4, PS5","Нет","389,40 TL","","Нет","Да","","https://store.playstation.com/en-tr/concept/10011179","2024-11-07","Action","PEGI_7"
"4976","Big Hops","PPSA31927","PS5","Нет","849,00 TL","","Нет","Да","","https://store.playstation.com/en-tr/concept/10016219","2026-01-12","Action","PEGI_3"
"4977","Bilkins' Folly","PPSA16969","PS5","Нет","127,35 TL","Bilkins' Folly: 127,35 TL; Bilkins' Folly: 127,35 TL","Нет","Нет","","https://store.playstation.com/en-tr/concept/10008581","2023-10-02","Adventure","PEGI_12"
"4978","Bio Block","PPSA29266","PS5","Нет","69,00 TL","","Нет","Нет","","https://store.playstation.com/en-tr/concept/10014671","2025-04-03","Puzzle","PEGI_3"
"4979","Billy's Game Show","PPSA23325","PS5","Нет","87,25 TL","Billy's Game Show: 87,25 TL; Billy's Game Show: 87,25 TL","Нет","Нет","","https://store.playstation.com/en-tr/concept/10011135","2024-09-03","Horror","PEGI_18"
"4980","Biomechanical Toy (QUByte Classics)","PPSA36409","PS4, PS5","Нет","429,00 TL","","Нет","Да","","https://store.playstation.com/en-tr/concept/10018807","2026-07-15","Shooter","PEGI_3"
"4981","Bigfoot's Journey","PPSA20399","PS5","Нет","42,00 TL","Bigfoot's Journey: 42,00 TL; Bigfoot's Journey: 42,00 TL","Нет","Да","","https://store.playstation.com/en-tr/concept/10009913","2023-12-20","Adventure","PEGI_12"
"4982","Big Buck Hunter: Ultimate Trophy","PPSA25614","PS5","Нет","1.749,00 TL","Standard Edition: 1.749,00 TL; Deluxe Edition: 2.149,00 TL","Нет","Нет","","https://store.playstation.com/en-tr/concept/10012300","2025-04-10","Shooter","PEGI_16"
"4983","BIOMORPH","PPSA23339","PS5","Нет","699,00 TL","BIOMORPH: 699,00 TL; BIOMORPH: 849,00 TL","Нет","Да","","https://store.playstation.com/en-tr/concept/10011138","2024-11-22","Action","PEGI_12"
"4984","BioShock","CUSA03985","PS4","Нет","1.599,00 TL","","Нет","Нет","","https://store.playstation.com/en-tr/concept/216051","2016-09-26","Shooter","PEGI_18"
"4985","Bioprototype","PPSA32268","PS5","Нет","429,00 TL","Bioprototype: 429,00 TL; Bioprototype: 429,00 TL","Нет","Да","","https://store.playstation.com/en-tr/concept/10014784","2025-09-25","Role Playing Games","PEGI_7"
"4986","BIT TRIP Presents... Runner2: Future Legend of Rhythm Alien","CUSA04823","PS4","Нет","349,00 TL","","Нет","Нет","","https://store.playstation.com/en-tr/concept/200445","2016-02-26","Action","PEGI_3"
"4987","Bish Bash Bots","PPSA15983","PS4, PS5","Нет","849,00 TL","","Нет","Нет","","https://store.playstation.com/en-tr/concept/10008197","2023-10-19","Action","PEGI_7"
"4988","Birdcakes","CUSA10389","PS4","Нет","179,90 TL","","Нет","Нет","","https://store.playstation.com/en-tr/concept/231242","2018-05-28","Action","PEGI_7"
"4989","Bishoujo Battle Mahjong Solitaire","PPSA04482","PS4, PS5","Нет","209,00 TL","","Нет","Нет","","https://store.playstation.com/en-tr/concept/10002301","2021-07-21","Puzzle","PEGI_12"
"4990","Black Book","CUSA28263","PS4","Нет","1.079,00 TL","","Да","Да","","https://store.playstation.com/en-tr/concept/10003004","2021-08-10","Adventure","PEGI_12"
"4991","Bit Dungeon Plus","PPSA22504","PS5","Нет","315,00 TL","","Нет","Да","","https://store.playstation.com/en-tr/concept/10010766","2024-04-18","Role Playing Games","PEGI_7"
"4992","BIT.TRIP RERUNNER","PPSA22637","PS5","Нет","699,00 TL","BIT.TRIP RERUNNER +Avatars Bundle: 699,00 TL","Нет","Нет","","https://store.playstation.com/en-tr/concept/10010032","2024-05-14","Action","PEGI_3"
"4993","Bioweaver","PPSA30246","PS5","Нет","515,00 TL","Bioweaver: 515,00 TL; Bioweaver: 515,00 TL","Нет","Да","","https://store.playstation.com/en-tr/concept/10014782","2025-07-23","Role Playing Games","PEGI_7"
"4994","BLACK BIRD","CUSA23654","PS4","Нет","687,00 TL","","Нет","Нет","","https://store.playstation.com/en-tr/concept/10000484","2021-12-15","Shooter","PEGI_7"
"4995","Bite the Bullet","CUSA20550","PS4","Нет","649,00 TL","","Нет","Да","","https://store.playstation.com/en-tr/concept/234046","2021-01-28","Action","PEGI_16"
"4996","Biz Builder Delux","CUSA24138","PS4","Нет","455,00 TL","","Нет","Нет","","https://store.playstation.com/en-tr/concept/10001281","2023-05-10","Simulation","PEGI_3"
"4997","Bitter-Sweet Cohabitation - ビタースイート - 家出少女とワケあり同棲生活","CUSA47554","PS4","Нет","687,00 TL","","Нет","Да","","https://store.playstation.com/en-tr/concept/10010366","2025-03-19","Adventure","PEGI_16"
"4998","Bishoujo Battle Cyber Panic!","PPSA04801","PS5","Нет","209,00 TL","Bishoujo Battle Cyber Panic!: 209,00 TL; Bishoujo Battle Cyber Panic!: 209,00 TL","Нет","Нет","","https://store.playstation.com/en-tr/concept/10002300","2021-09-09","Puzzle","PEGI_12"
"4999","Bird Game +","CUSA12703","PS4","Нет","175,00 TL","","Нет","Да","","https://store.playstation.com/en-tr/concept/232410","2019-04-30","Action","PEGI_3"
"5000","BLACKHOLE","CUSA06921","PS4","Нет","529,00 TL","","Нет","Да","","https://store.playstation.com/en-tr/concept/227275","2017-08-07","Action","PEGI_12"
"5001","Birthday of Midnight","CUSA20512","PS4","Нет","175,00 TL","Midnight Collection: 279,00 TL; Birthday of Midnight: 175,00 TL","Нет","Да","","https://store.playstation.com/en-tr/concept/10001002","2020-09-29","Unique","PEGI_3"
"5002","Bit Dungeon Plus [Cross-Buy]","CUSA07984","PS4","Нет","300,00 TL","BitDungeonPlus Game + Theme: 171,00 TL; Bit Dungeon Plus [Cross-Buy]: 300,00 TL","Нет","Да","","https://store.playstation.com/en-tr/concept/227269","2018-06-12","Adventure","PEGI_7"
"5003","Birthdays the Beginning","CUSA07004","PS4","Нет","1.399,00 TL","Birthdays the Beginning: 1.399,00 TL","Нет","Нет","","https://store.playstation.com/en-tr/concept/221875","2017-05-11","Simulation","PEGI_3"
"5004","Black Legend","CUSA18553","PS4","Нет","849,00 TL","","Нет","Да","","https://store.playstation.com/en-tr/concept/10001368","2021-03-24","Role Playing Games","PEGI_16"
"5005","Black Paradox","CUSA15050","PS4","Нет","210,00 TL","","Нет","Нет","","https://store.playstation.com/en-tr/concept/233424","2019-04-30","Adventure","PEGI_7"
"5006","Black Hole Pool","PPSA15720","PS5","Нет","1.031,00 TL","","Нет","Нет","","https://store.playstation.com/en-tr/concept/10008020","2025-04-13","Simulation","PEGI_3"
"5007","Black Mirror","CUSA08365","PS4","Нет","1.749,00 TL","","Нет","Да","","https://store.playstation.com/en-tr/concept/227083","2017-11-28","Adventure","PEGI_18"
"5008","BlackJack Waifu Tour","PPSA16546","PS5","Нет","193,00 TL","BlackJack Waifu Tour: 193,00 TL; BlackJack Waifu Tour: 193,00 TL","Нет","Нет","","https://store.playstation.com/en-tr/concept/10008423","2023-06-15","Brain Training","PEGI_18"
"5009","Blacksad: Under the Skin","PPSA22420","PS5","Нет","879,00 TL","Blacksad: Under the Skin PS5: 879,00 TL; BLACKSAD: Under the Skin: 699,00 TL","Да","Да","","https://store.playstation.com/en-tr/concept/232562","2024-06-26","Adventure","PEGI_16"
"5010","Blackwood Crossing","CUSA04812","PS4","Нет","687,00 TL","","Нет","Нет","","https://store.playstation.com/en-tr/concept/216087","2017-04-04","Adventure","PEGI_12"
"5011","Black Skylands","PPSA13858","PS4, PS5","Нет","699,00 TL","","Нет","Да","","https://store.playstation.com/en-tr/concept/10007383","2023-08-14","Action","PEGI_16"
"5012","Blackwind","PPSA03469","PS4, PS5","Нет","1.079,00 TL","","Нет","Нет","","https://store.playstation.com/en-tr/concept/10000455","2022-01-19","Unique","PEGI_16"
"5013","Blacktop Hoops VR","PPSA24420","PS5","Нет","1.590,00 TL","","Нет","Нет","","https://store.playstation.com/en-tr/concept/10011712","2025-09-30","Sport","PEGI_12"
"5014","Blade Assault","PPSA08793","PS5","Нет","649,00 TL","Blade Assault: 649,00 TL; Blade Assault: 649,00 TL","Нет","Да","","https://store.playstation.com/en-tr/concept/10005559","2023-03-31","Action","PEGI_12"
"5015","Black Widow: Recharged","PPSA05256","PS5","Нет","315,00 TL","Black Widow: Recharged: 315,00 TL; Black Widow: Recharged: 315,00 TL","Нет","Нет","","https://store.playstation.com/en-tr/concept/10003677","2021-10-27","Arcade","PEGI_3"
"5016","Blast Brawl 2","CUSA20654","PS4","Нет","429,00 TL","","Нет","Нет","","https://store.playstation.com/en-tr/concept/10001597","2020-09-16","Action","PEGI_16"
"5017","Blade Dancer: Lineage of Light","PPSA11138","PS4, PS5","Нет","429,00 TL","","Нет","Нет","","https://store.playstation.com/en-tr/concept/10006483","2025-03-07","Role Playing Games","PEGI_12"
"5018","BLADESTORM: Nightmare","CUSA01919","PS4","Нет","2.099,00 TL","","Нет","Нет","","https://store.playstation.com/en-tr/concept/200528","2015-04-15","Action","PEGI_16"
"5019","Blades of Vharan","PPSA34241","PS5","Нет","64,00 TL","","Нет","Нет","","https://store.playstation.com/en-tr/concept/10017493","2026-03-13","Adventure","PEGI_7"
"5020","Blade of Darkness","PPSA10819","PS4, PS5","Нет","649,00 TL","","Нет","Да","","https://store.playstation.com/en-tr/concept/10005753","2023-03-15","Role Playing Games","PEGI_16"
"5021","Black Wolf","PPSA07470","PS4, PS5","Нет","105,00 TL","","Нет","Да","","https://store.playstation.com/en-tr/concept/10004984","2022-06-29","Action","PEGI_3"
"5022","Blankspace","PPSA23978","PS4, PS5","Нет","349,00 TL","","Нет","Нет","","https://store.playstation.com/en-tr/concept/10011484","2025-04-01","Role Playing Games","PEGI_16"
"5023","Blaster Master Zero","CUSA20036","PS4","Нет","349,00 TL","","Нет","Нет","","https://store.playstation.com/en-tr/concept/10000671","2020-06-28","Unique","PEGI_7"
"5024","Blast Brigade vs. the Evil Legion of Dr. Cread","PPSA05499","PS4, PS5","Нет","849,00 TL","","Нет","Да","","https://store.playstation.com/en-tr/concept/10003092","2022-04-13","Action","PEGI_12"
"5025","Blast 'Em Bunnies","CUSA00047","PS4","Нет","86,00 TL","Blast 'Em Bunnies: 86,00 TL; BEB: Super Mega Bundle: 212,25 TL","Нет","Нет","","https://store.playstation.com/en-tr/concept/200509","2016-03-09","Action","PEGI_12"
"5026","Blaster Force 3000","PPSA30173","PS4, PS5","Нет","107,50 TL","","Нет","Нет","","https://store.playstation.com/en-tr/concept/10015177","2025-10-16","Shooter","PEGI_12"
"5027","Blaster Master Zero 2","CUSA20037","PS4","Нет","349,00 TL","","Нет","Нет","","https://store.playstation.com/en-tr/concept/10000673","2020-06-28","Action","PEGI_7"
"5028","Blaster Master Zero 3","CUSA27580","PS4","Нет","525,00 TL","","Нет","Нет","","https://store.playstation.com/en-tr/concept/10002742","2021-07-28","Action","PEGI_7"
"5029","Blade Strangers","CUSA08822","PS4","Нет","1.749,00 TL","","Нет","Нет","","https://store.playstation.com/en-tr/concept/228678","2018-09-04","Action","PEGI_12"
"5030","Bladed Fury","CUSA24669","PS4","Нет","849,00 TL","","Нет","Нет","","https://store.playstation.com/en-tr/concept/10000761","2021-03-24","Action","PEGI_12"
"5031","Black & White Bushido","CUSA05196","PS4","Нет","549,00 TL","","Нет","Да","","https://store.playstation.com/en-tr/concept/221668","2017-05-17","Action","PEGI_12"
"5032","Blacksmith Simulator","PPSA30645","PS5","Нет","51,60 TL","Blacksmith Simulator: 51,60 TL; Blacksmith Simulator: 51,60 TL","Нет","Нет","","https://store.playstation.com/en-tr/concept/10014845","2025-06-27","Simulator","PEGI_3"
"5033","Blasting Agent","CUSA06703","PS4","Нет","129,00 TL","","Нет","Нет","","https://store.playstation.com/en-tr/concept/224816","2017-09-20","Action","PEGI_7"
"5034","Blast'N Bounty","PPSA37826","PS4, PS5","Нет","215,00 TL","","Нет","Нет","","https://store.playstation.com/en-tr/concept/10019615","2026-07-21","Shooter","PEGI_7"
"5035","Blast Zone! Tournament","CUSA14713","PS4","Нет","1.031,00 TL","","Да","Да","","https://store.playstation.com/en-tr/concept/232940","2019-02-27","Action","PEGI_7"
"5036","Blazing Strike","PPSA17520","PS5","Нет","1.749,00 TL","Blazing Strike: 1.749,00 TL; Blazing Strike: 1.749,00 TL","Нет","Нет","","https://store.playstation.com/en-tr/concept/10005382","2024-10-16","Fighting","PEGI_12"
"5037","Bleep Bloop","CUSA16346","PS4","Нет","139,00 TL","","Нет","Нет","","https://store.playstation.com/en-tr/concept/234468","2019-11-26","Puzzle","PEGI_3"
"5038","BlazBlue Chronophantasma Extend","CUSA03254","PS4","Нет","174,75 TL","","Нет","Нет","","https://store.playstation.com/en-tr/concept/228310","2015-10-23","Fighting","PEGI_12"
"5039","Blazing Trail","PPSA28525","PS4, PS5","Нет","455,00 TL","","Нет","Нет","","https://store.playstation.com/en-tr/concept/10014215","2025-04-29","Shooter","PEGI_12"
"5040","Blind Spot","CUSA16349","PS4","Нет","1.079,00 TL","","Нет","Нет","","https://store.playstation.com/en-tr/concept/234515","2019-11-05","Adventure","PEGI_12"
"5041","Bleed","CUSA08902","PS4","Нет","429,00 TL","Bleed Complete Bundle: 1.225,00 TL; Bleed - Deluxe Edition: 1.299,00 TL; Bleed: 429,00 TL","Нет","Нет","","https://store.playstation.com/en-tr/concept/227084","2017-08-23","Action","PEGI_12"
"5043","Blightbound","CUSA27669","PS4","Нет","849,00 TL","","Нет","Да","","https://store.playstation.com/en-tr/concept/10000557","2021-07-27","Action","PEGI_16"
"5044","Blind Fate: Edo no Yami","PPSA08160","PS5","Нет","1.079,00 TL","Blind Fate: Edo no Yami: 1.079,00 TL; Blind Fate: Edo no Yami: 1.079,00 TL","Да","Да","","https://store.playstation.com/en-tr/concept/10004916","2022-09-15","Action","PEGI_12"
"5046","Blazing Chrome","CUSA14353","PS4","Нет","595,00 TL","","Нет","Да","","https://store.playstation.com/en-tr/concept/233098","2019-07-10","Action","PEGI_12"
"5047","Blazing Beaks","CUSA25963","PS4","Нет","649,00 TL","","Нет","Да","","https://store.playstation.com/en-tr/concept/10002053","2021-10-07","Action","PEGI_7"
"5048","BlazBlue Entropy Effect X","PPSA29714","PS5","Нет","1.079,00 TL","Deluxe Edition: 1.499,00 TL","Нет","Да","","https://store.playstation.com/en-tr/concept/10013958","2026-02-11","Action","PEGI_12"
"5049","Blitz Breaker","PPSA03966","PS4, PS5","Нет","215,00 TL","","Нет","Нет","","https://store.playstation.com/en-tr/concept/10003053","2021-07-06","Action","PEGI_3"
"5050","Bleed 2","CUSA08903","PS4","Нет","649,00 TL","Digerati Indie Darling Bundle vol. 2: 1.499,00 TL; Bleed 2 - Deluxe Edition: 1.160,00 TL; Bleed 2: 649,00 TL","Нет","Нет","","https://store.playstation.com/en-tr/concept/227085","2018-02-13","Action","PEGI_12"
"5051","Blob Quest","CUSA35969","PS4","Нет","215,00 TL","","Нет","Нет","","https://store.playstation.com/en-tr/concept/10005897","2022-08-25","Arcade","PEGI_7"
"5052","BLAZBLUE CROSS TAG BATTLE","CUSA12009","PS4","Нет","174,75 TL","BLAZBLUE CROSS TAG BATTLE Special Edition: 437,25 TL; BLAZBLUE CROSS TAG BATTLE: 174,75 TL","Нет","Нет","","https://store.playstation.com/en-tr/concept/229723","2018-07-05","Action","PEGI_12"
"5053","Blind","CUSA11114","PS4","Нет","107,90 TL","","Нет","Нет","","https://store.playstation.com/en-tr/concept/231240","2018-09-17","Adventure","PEGI_16"
"5054","Blitz Smash Ultimate","CUSA54274","PS4","Нет","215,00 TL","","Нет","Нет","","https://store.playstation.com/en-tr/concept/10014209","2025-09-29","Shooter","PEGI_7"
"5055","Block-a-Pix Deluxe","CUSA12908","PS4","Нет","343,00 TL","","Нет","Нет","","https://store.playstation.com/en-tr/concept/232508","2019-03-26","Brain Training","PEGI_3"
"5056","Blind - The Unseen Truth","PPSA25675","PS5","Нет","419,00 TL","","Нет","Нет","","https://store.playstation.com/en-tr/concept/10012339","2024-10-07","Horror","PEGI_12"
"5057","Blood Bowl 2: Legendary Edition (Classic)","CUSA00776","PS4","Нет","1.299,00 TL","","Нет","Да","","https://store.playstation.com/en-tr/concept/200521","2017-09-04","Strategy","PEGI_16"
"5058","BloodRayne 2: ReVamped","PPSA05975","PS4, PS5","Нет","699,00 TL","","Да","Да","","https://store.playstation.com/en-tr/concept/10002830","2022-02-18","Action","PEGI_18"
"5059","Bloodhound","PPSA21179","PS5","Нет","472,00 TL","Bloodhound: 472,00 TL; Bloodhound: 472,00 TL","Нет","Да","","https://store.playstation.com/en-tr/concept/10010243","2024-06-28","Shooter","PEGI_16"
"5060","Blow it up","PPSA26894","PS5","Нет","259,00 TL","","Нет","Да","","https://store.playstation.com/en-tr/concept/10013093","2025-02-18","Casual","PEGI_3"
"5061","Bloodstained: Curse of the Moon","CUSA12459","PS4","Нет","349,00 TL","","Нет","Нет","","https://store.playstation.com/en-tr/concept/232299","2018-06-04","Action","PEGI_7"
"5062","Blood Hunting","PPSA20188","PS5","Нет","1.079,00 TL","","Нет","Да","","https://store.playstation.com/en-tr/concept/10009815","2024-08-27","Horror","PEGI_16"
"5063","Bloody Rally Show","CUSA26490","PS4","Нет","849,00 TL","","Нет","Нет","","https://store.playstation.com/en-tr/concept/10002283","2021-11-03","Driving/Racing","PEGI_16"
"5064","Blood of Mehran","PPSA09901","PS5","Нет","1.079,00 TL","","Нет","Да","","https://store.playstation.com/en-tr/concept/10003726","2025-10-07","Action","PEGI_16"
"5065","Blood & Truth","CUSA11098","PS4","Нет","1.749,00 TL","Blood & Truth™: 1.749,00 TL","Да","Да","","https://store.playstation.com/en-tr/concept/234047","2019-05-28","Action","PEGI_16"
"5066","Bloodshed","PPSA30792","PS4, PS5","Нет","549,00 TL","","Нет","Да","","https://store.playstation.com/en-tr/concept/10015521","2025-10-23","Action","PEGI_16"
"5067","Blood West","PPSA25382","PS5","Нет","1.547,00 TL","Blood West: Gold Edition: 1.547,00 TL; Blood West: 1.079,00 TL","Нет","Да","","https://store.playstation.com/en-tr/concept/10012169","2026-05-11","Shooter","PEGI_16"
"5068","Bloodstained: Curse of the Moon 2","CUSA23491","PS4","Нет","525,00 TL","","Нет","Нет","","https://store.playstation.com/en-tr/concept/10001033","2020-07-09","Action","PEGI_7"
"5069","Blow & Fly","PPSA07208","PS4, PS5","Нет","125,00 TL","","Нет","Да","","https://store.playstation.com/en-tr/concept/10004853","2022-05-24","Action","PEGI_3"
"5070","Bloodroots","PPSA11071","PS5","Нет","849,00 TL","Bloodroots: 849,00 TL; Bloodroots: 649,00 TL","Нет","Нет","","https://store.playstation.com/en-tr/concept/234402","2023-03-02","Action","PEGI_16"
"5071","BloodRayne: ReVamped","PPSA05916","PS4, PS5","Нет","699,00 TL","","Да","Да","","https://store.playstation.com/en-tr/concept/10002829","2022-02-18","Action","PEGI_18"
"5072","Bloons TD 5","CUSA08065","PS4","Нет","559,00 TL","","Нет","Нет","","https://store.playstation.com/en-tr/concept/227087","2017-10-19","Strategy","PEGI_3"
"5073","Bloodwash","PPSA07327","PS4, PS5","Нет","429,00 TL","Bloodwash: 429,00 TL; Puppet Combo Collection 2: 1.299,00 TL","Нет","Да","","https://store.playstation.com/en-tr/concept/10004758","2022-11-16","Horror","PEGI_18"
"5074","#BLUD","CUSA46883","PS4","Нет","1.079,00 TL","","Нет","Нет","","https://store.playstation.com/en-tr/concept/10010010","2024-06-18","Adventure","PEGI_12"
"5075","Blue Fire","CUSA19632","PS4","Нет","849,00 TL","","Нет","Да","","https://store.playstation.com/en-tr/concept/10000627","2021-07-23","Unique","PEGI_7"
"5076","Blox 3D World","PPSA38236","PS5","Нет","429,00 TL","","Нет","Нет","","https://store.playstation.com/en-tr/concept/10019733","2026-06-27","Casual","PEGI_3"
"5077","Blood Bowl 3","PPSA08555","PS4, PS5","Нет","612,15 TL","Standard Edition: 612,15 TL; Imperial Nobility: 2.149,00 TL; Black Orcs: 2.149,00 TL; Brutal Edition: 2.579,00 TL; Brutal Edition: 2.579,00 TL","Нет","Да","","https://store.playstation.com/en-tr/concept/10000371","2023-02-20","Strategy","PEGI_16"
"5078","BLUE REFLECTION","CUSA09047","PS4","Нет","2.099,00 TL","","Нет","Нет","","https://store.playstation.com/en-tr/concept/224799","2017-11-10","Role Playing Games","PEGI_16"
"5079","Blueberry","PPSA35624","PS5","Нет","375,90 TL","","Нет","Нет","","https://store.playstation.com/en-tr/concept/10018352","2026-05-28","Puzzle","PEGI_16"
"5080","BLUE REFLECTION Quartet","PPSA33655","PS5","Нет","2.149,00 TL","","Нет","Нет","","https://store.playstation.com/en-tr/concept/10017140","2026-07-29","Role Playing Games","PEGI_16"
"5081","Blue Rider","CUSA05653","PS4","Нет","649,00 TL","","Нет","Нет","","https://store.playstation.com/en-tr/concept/221686","2016-09-05","Action","PEGI_7"
"5082","Bob the Elementalist","PPSA19024","PS4, PS5","Нет","175,00 TL","Powered Platformer Bundle PS4® & PS5®: 389,00 TL; Bob the Elementalist PS4® & PS5®: 175,00 TL","Нет","Нет","","https://store.playstation.com/en-tr/concept/10009377","2023-11-09","Arcade","PEGI_3"
"5083","Bolmn","CUSA59236","PS4","Нет","10,50 TL","","Нет","Нет","","https://store.playstation.com/en-tr/concept/10019497","2026-05-05","Action","PEGI_3"
"5084","Bombing Busters","CUSA01964","PS4","Нет","300,00 TL","","Нет","Нет","","https://store.playstation.com/en-tr/concept/200553","2015-10-27","Action","PEGI_12"
"5085","BOKOSUKA WARS II","CUSA07605","PS4","Нет","774,00 TL","","Нет","Нет","","https://store.playstation.com/en-tr/concept/216857","2017-10-20","Strategy","PEGI_7"
"5086","Bocce","CUSA34593","PS4","Нет","343,00 TL","","Нет","Нет","","https://store.playstation.com/en-tr/concept/10005428","2022-06-25","Sport","PEGI_3"
"5087","Bocce VR Simulator","PPSA23274","PS5","Нет","343,00 TL","","Нет","Да","","https://store.playstation.com/en-tr/concept/10011103","2024-08-09","Simulation","PEGI_3"
"5088","Boiling Bolt","CUSA07333","PS4","Нет","419,00 TL","","Нет","Нет","","https://store.playstation.com/en-tr/concept/227278","2017-12-05","Action","PEGI_7"
"5089","Blues and Bullets - Episode 1","CUSA03297","PS4","Нет","215,00 TL","Blues and Bullets - ep. 1 & 2 Bundle: 343,00 TL; Blues and Bullets - Episode 1: 215,00 TL","Нет","Нет","","https://store.playstation.com/en-tr/concept/216088","2016-04-20","Adventure","PEGI_16"
"5090","Bokeh Adventure","PPSA31797","PS5","Нет","429,00 TL","","Нет","Нет","","https://store.playstation.com/en-tr/concept/10016142","2025-10-29","Puzzle","PEGI_3"
"5091","Bob The Brick Breaker","PPSA32280","PS5","Нет","300,00 TL","Bob The Brick Breaker: 300,00 TL; Bob The Brick Breaker: 300,00 TL; Bob The Brick Breaker: 300,00 TL","Нет","Нет","","https://store.playstation.com/en-tr/concept/10016409","2025-11-20","Arcade","PEGI_3"
"5092","Bone Marrow","PPSA04145","PS4, PS5","Нет","64,50 TL","","Нет","Да","","https://store.playstation.com/en-tr/concept/10000996","2021-08-05","Unique","PEGI_16"
"5093","Bomb Kitten","PPSA32400","PS4, PS5","Нет","215,00 TL","","Нет","Да","","https://store.playstation.com/en-tr/concept/10016480","2025-11-11","Action","PEGI_3"
"5094","Bomb the Town","PPSA25312","PS5","Нет","129,00 TL","Bomb the Town: 129,00 TL; Bomb the Town: 129,00 TL","Нет","Нет","","https://store.playstation.com/en-tr/concept/10012134","2024-10-01","Strategy","PEGI_7"
"5095","Boned Again: Survivors","PPSA31829","PS4, PS5","Нет","215,00 TL","","Нет","Нет","","https://store.playstation.com/en-tr/concept/10016164","2026-04-18","Action","PEGI_7"
"5096","Bomber Crew","CUSA10402","PS4","Нет","687,00 TL","Bomber Crew Deluxe Edition: 1.079,00 TL","Нет","Да","PS Plus Extra","https://store.playstation.com/en-tr/concept/231065","2018-07-09","Simulation","PEGI_7"
"5097","BLUE REFLECTION: Second Light","CUSA25336","PS4","Нет","2.099,00 TL","Standard Edition: 2.099,00 TL; Digital Deluxe Edition: 2.599,00 TL; Ultimate Edition: 4.099,00 TL","Нет","Нет","","https://store.playstation.com/en-tr/concept/10001806","2021-11-08","Role Playing Games","PEGI_12"
"5098","Bomb Rush Cyberfunk","PPSA06690","PS4, PS5","Нет","1.749,00 TL","","Нет","Да","","https://store.playstation.com/en-tr/concept/10004602","2023-09-01","Action","PEGI_12"
"5099","Bones of Halloween","PPSA10721","PS4, PS5","Нет","215,00 TL","","Нет","Нет","","https://store.playstation.com/en-tr/concept/10006331","2022-10-27","Shooter","PEGI_12"
"5100","Bone Marrow 2","PPSA38793","PS5","Нет","343,00 TL","Bone Marrow 2: 343,00 TL; Bone Marrow 2: 343,00 TL","Нет","Да","","https://store.playstation.com/en-tr/concept/10020184","2026-07-22","Puzzle","PEGI_7"
"5101","Bonfire","CUSA16546","PS4","Нет","215,00 TL","","Нет","Нет","","https://store.playstation.com/en-tr/concept/234413","2019-10-23","Family","PEGI_7"
"5102","Bonfire Peaks","PPSA03828","PS4, PS5","Нет","629,00 TL","Complete Edition: 1.229,00 TL; Puzzle Bundle: 1.575,00 TL","Нет","Да","","https://store.playstation.com/en-tr/concept/10002973","2021-09-29","Puzzle","PEGI_7"
"5103","Boggle","CUSA01911","PS4","Нет","429,00 TL","Hasbro Family Fun Pack - Super Edition: 2.579,00 TL; Boggle: 429,00 TL","Нет","Да","","https://store.playstation.com/en-tr/concept/200412","2015-08-06","Puzzle","PEGI_12"
"5104","Bonkies","CUSA20587","PS4","Нет","649,00 TL","Bonkies - Bananas Bundle: 774,00 TL; Bonkies: 649,00 TL","Нет","Да","","https://store.playstation.com/en-tr/concept/10001209","2021-01-29","Casual","PEGI_3"
"5105","Bookbound Brigade","CUSA17830","PS4","Нет","849,00 TL","","Нет","Нет","","https://store.playstation.com/en-tr/concept/235124","2020-01-30","Action","PEGI_7"
"5106","Boom Blaster","CUSA26594","PS4","Нет","215,00 TL","","Нет","Нет","","https://store.playstation.com/en-tr/concept/10002327","2021-02-18","Action","PEGI_12"
"5107","Bottle: Pilgrim Redux","PPSA23569","PS5","Нет","214,50 TL","Bottle: Pilgrim Redux: 214,50 TL; Bottle: Pilgrim Redux: 214,50 TL","Нет","Нет","","https://store.playstation.com/en-tr/concept/10011250","2024-10-30","Adventure","PEGI_16"
"5108","BOULDER DASH 40th Anniversary","PPSA30651","PS5","Нет","849,00 TL","Standard: 849,00 TL; Standard: 849,00 TL","Нет","Нет","","https://store.playstation.com/en-tr/concept/10015438","2025-08-20","Action","PEGI_3"
"5109","Boomerang King","PPSA30371","PS5","Нет","105,00 TL","","Нет","Нет","","https://store.playstation.com/en-tr/concept/10015281","2025-05-22","Arcade","PEGI_3"
"5110","BookyPets Legends","CUSA42224","PS4","Нет","699,00 TL","","Нет","Нет","","https://store.playstation.com/en-tr/concept/10007751","2023-03-29","Adventure","PEGI_3"
"5111","Boss Rush: Mythology","PPSA14058","PS5","Нет","87,25 TL","Boss Rush: Mythology: 87,25 TL; Boss Rush: Mythology: 87,25 TL","Нет","Да","","https://store.playstation.com/en-tr/concept/10007492","2023-05-09","Action","PEGI_16"
"5112","Botany Manor","PPSA26076","PS5","Нет","875,00 TL","Botany Manor: 875,00 TL; Botany Manor: 875,00 TL","Нет","Нет","","https://store.playstation.com/en-tr/concept/10004416","2025-01-28","Unique","PEGI_3"
"5113","Book of Demons","CUSA17378","PS4","Нет","875,00 TL","","Нет","Да","","https://store.playstation.com/en-tr/concept/234931","2020-04-29","Role Playing Games","PEGI_7"
"5114","BOSSGARD","CUSA18317","PS4","Нет","1.031,00 TL","","Нет","Нет","","https://store.playstation.com/en-tr/concept/235404","2020-07-14","Casual","PEGI_7"
"5115","BOSSGAME: The Final Boss Is My Heart","PPSA24166","PS5","Нет","429,00 TL","BOSSGAME: 429,00 TL; BOSSGAME: 429,00 TL","Нет","Нет","","https://store.playstation.com/en-tr/concept/10011589","2025-11-20","Action","PEGI_12"
"5116","Born Of Bread","PPSA14457","PS5","Нет","1.049,00 TL","Born Of Bread: 1.049,00 TL; The Baker Edition: 299,80 TL","Нет","Нет","","https://store.playstation.com/en-tr/concept/10007314","2023-12-05","Role Playing Games","PEGI_12"
"5117","Boulder Dash Deluxe","PPSA21718","PS5","Нет","649,00 TL","Standard: 649,00 TL; Standard: 649,00 TL","Нет","Да","","https://store.playstation.com/en-tr/concept/10003586","2024-04-13","Action","PEGI_3"
"5118","Book of Korvald","PPSA34209","PS4, PS5","Нет","849,00 TL","","Нет","Нет","","https://store.playstation.com/en-tr/concept/10017474","2026-02-18","Adventure","PEGI_18"
"5119","Book Quest","PPSA07244","PS4, PS5","Нет","245,00 TL","","Нет","Нет","","https://store.playstation.com/en-tr/concept/10004871","2022-08-09","Adventure","PEGI_7"
"5120","Bouncy Bullets 2","PPSA05000","PS4, PS5","Нет","175,00 TL","","Нет","Нет","","https://store.playstation.com/en-tr/concept/10003663","2021-10-07","Action","PEGI_7"
"5121","Boti: Byteland Overclocked","PPSA19446","PS4, PS5","Нет","699,00 TL","Standard Edition: 699,00 TL; Ultimate Edition: 1.160,00 TL; Ultimate Edition: 1.160,00 TL; Deluxe Edition: 437,50 TL","Нет","Нет","","https://store.playstation.com/en-tr/concept/10009539","2025-01-09","Action","PEGI_7"
"5122","Bouncy Bullets","CUSA14182","PS4","Нет","175,00 TL","","Нет","Да","","https://store.playstation.com/en-tr/concept/233009","2019-07-10","Action","PEGI_3"
"5123","Borderlands Collection: Pandora's Box","PPSA17639","PS4, PS5","Нет","5.249,00 TL","","Нет","Да","","https://store.playstation.com/en-tr/concept/10008795","2023-08-31","Action","PEGI_18"
"5124","Border Bots VR","PPSA14013","PS5","Нет","1.160,00 TL","","Нет","Нет","","https://store.playstation.com/en-tr/concept/10007467","2024-02-07","Simulator","PEGI_12"
"5125","Bouncy Chicken","PPSA23445","PS4, PS5","Нет","175,00 TL","","Нет","Нет","","https://store.playstation.com/en-tr/concept/10011198","2024-07-04","Puzzle","PEGI_3"
"5126","Bound","CUSA04380","PS4","Нет","849,00 TL","","Нет","Да","PS Plus Extra","https://store.playstation.com/en-tr/concept/214367","2016-08-15","Action","PEGI_7"
"5127","Bot Gaiden","PPSA07647","PS4, PS5","Нет","525,00 TL","","Нет","Нет","","https://store.playstation.com/en-tr/concept/10005077","2022-12-06","Action","PEGI_7"
"5128","Boyfriend Dungeon","PPSA12456","PS5","Нет","849,00 TL","","Нет","Да","","https://store.playstation.com/en-tr/concept/10006419","2023-02-14","Role Playing Games","PEGI_12"
"5129","Bow to Blood: Last Captain Standing","CUSA13518","PS4","Нет","849,00 TL","","Нет","Нет","","https://store.playstation.com/en-tr/concept/231236","2018-08-28","Action","PEGI_7"
"5130","Brain in Retro Space","CUSA17353","PS4","Нет","64,50 TL","Premium Edition: 64,50 TL; Brain in Retro Space: 64,50 TL","Нет","Нет","","https://store.playstation.com/en-tr/concept/234910","2019-11-25","Arcade","PEGI_3"
"5131","Box Align","CUSA36269","PS4","Нет","85,00 TL","","Нет","Нет","","https://store.playstation.com/en-tr/concept/10005988","2022-12-14","Puzzle","PEGI_3"
"5132","Boundland","PPSA28258","PS4, PS5","Нет","175,00 TL","","Нет","Нет","","https://store.playstation.com/en-tr/concept/10014039","2025-02-12","Arcade","PEGI_3"
"5133","BPM: Bullets Per Minute","CUSA27788","PS4","Нет","875,00 TL","","Нет","Да","","https://store.playstation.com/en-tr/concept/10002809","2021-10-05","Action","PEGI_12"
"5134","Bō: Path of the Teal Lotus","PPSA17913","PS5","Нет","699,00 TL","","Нет","Нет","","https://store.playstation.com/en-tr/concept/10008977","2024-07-17","Action","PEGI_7"
"5135","Bpop","PPSA21270","PS5","Нет","300,00 TL","Bpop Double Game Bundle: 279,00 TL; Bpop: 300,00 TL; 21 Avatar Bpop Game Bundle: 122,50 TL; Bpop Double Game Bundle: 279,00 TL; Bpop: 180,00 TL; 21 Avatar Bpop Game Bundle: 122,50 TL","Нет","Нет","","https://store.playstation.com/en-tr/concept/10010268","2024-02-07","Arcade","PEGI_3"
"5136","BQM - BlockQuest Maker","PPSA14722","PS5","Нет","1.079,00 TL","","Нет","Нет","","https://store.playstation.com/en-tr/concept/10007146","2023-08-09","Role Playing Games","PEGI_7"
"5137","Boxing Gym Story","CUSA29153","PS4","Нет","549,00 TL","","Нет","Нет","","https://store.playstation.com/en-tr/concept/10003321","2022-11-16","Simulation","PEGI_7"
"5138","BOXVR","CUSA13859","PS4","Нет","1.299,00 TL","","Нет","Нет","","https://store.playstation.com/en-tr/concept/232895","2019-04-30","Casual","PEGI_3"
"5139","Boxstacker","PPSA27661","PS5","Нет","129,00 TL","Boxstacker: 129,00 TL; Boxstacker: 129,00 TL","Нет","Нет","","https://store.playstation.com/en-tr/concept/10013574","2025-06-11","Casual","PEGI_3"
"5140","Boxes: Lost Fragments","PPSA28718","PS5","Нет","649,00 TL","","Нет","Да","","https://store.playstation.com/en-tr/concept/10014330","2025-11-05","Puzzle","PEGI_3"
"5141","Bounty Star","PPSA23679","PS5","Нет","1.031,00 TL","","Нет","Нет","","https://store.playstation.com/en-tr/concept/10011319","2025-10-23","Action","PEGI_16"
"5142","Bramble: The Mountain King","PPSA09426","PS4, PS5","Нет","1.049,00 TL","","Нет","Да","PS Plus Extra","https://store.playstation.com/en-tr/concept/10004805","2023-04-26","Adventure","PEGI_18"
"5143","Brass","PPSA36110","PS5","Нет","165,20 TL","","Нет","Нет","","https://store.playstation.com/en-tr/concept/10018089","2026-03-21","Adventure","PEGI_3"
"5144","Bpop Attack","PPSA26080","PS5","Нет","180,00 TL","Bpop Attack: 180,00 TL; 10 Avatar Bpop Attack Game Bundle: 122,50 TL; Bpop Attack: 180,00 TL; 10 Avatar Bpop Attack Game Bundle: 122,50 TL","Нет","Нет","","https://store.playstation.com/en-tr/concept/10012260","2024-10-12","Arcade","PEGI_12"
"5145","Boundless","CUSA05142","PS4","Нет","1.749,00 TL","Boundless Digital Deluxe Edition: 2.579,00 TL; Boundless: 1.749,00 TL","Нет","Нет","","https://store.playstation.com/en-tr/concept/225042","2018-09-11","Action","PEGI_7"
"5146","Braid,","PPSA20091","PS5","Нет","699,00 TL","Braid, Anniversary Edition: 699,00 TL; Braid, Anniversary Edition: 699,00 TL","Нет","Нет","","https://store.playstation.com/en-tr/concept/232265","2024-05-13","Puzzle","PEGI_12"
"5147","Brave Escape","PPSA29800","PS5","Нет","902,00 TL","","Нет","Да","","https://store.playstation.com/en-tr/concept/10014973","2026-07-23","Puzzle","PEGI_3"
"5148","Brave Soldier - Invasion of Cyborgs","PPSA15223","PS4, PS5","Нет","175,00 TL","","Нет","Нет","","https://store.playstation.com/en-tr/concept/10007910","2023-06-13","Action","PEGI_7"
"5149","Braveland Trilogy","CUSA16328","PS4","Нет","525,00 TL","","Нет","Да","","https://store.playstation.com/en-tr/concept/234469","2020-04-08","Action","PEGI_7"
"5150","Brave × Junction","PPSA32279","PS5","Нет","472,00 TL","Brave × Junction: 472,00 TL; Brave × Junction: 472,00 TL","Нет","Нет","","https://store.playstation.com/en-tr/concept/10016406","2025-10-07","Role Playing Games","PEGI_7"
"5151","Bravery and Greed","CUSA33205","PS4","Нет","849,00 TL","","Нет","Да","","https://store.playstation.com/en-tr/concept/10004881","2022-11-14","Action","PEGI_7"
"5152","Bravo Team","CUSA07225","PS4","Нет","1.299,00 TL","","Да","Да","","https://store.playstation.com/en-tr/concept/229757","2018-03-07","Shooter","PEGI_16"
"5153","BRAWL","CUSA02317","PS4","Нет","649,00 TL","","Нет","Нет","","https://store.playstation.com/en-tr/concept/200619","2015-04-23","Action","PEGI_18"
"5154","Breaking Enigma","CUSA32757","PS4","Нет","849,00 TL","","Нет","Нет","","https://store.playstation.com/en-tr/concept/10004711","2022-08-25","Action","PEGI_3"
"5155","Brick Buster","PPSA21916","PS5","Нет","68,00 TL","Brick Buster: 68,00 TL; Brick Buster: 68,00 TL","Нет","Нет","","https://store.playstation.com/en-tr/concept/10010550","2024-03-22","Arcade","PEGI_3"
"5156","Break the Loop","PPSA26920","PS5","Нет","525,00 TL","Break the Loop: 525,00 TL; Break the Loop: 525,00 TL","Нет","Нет","","https://store.playstation.com/en-tr/concept/10013102","2025-02-20","Strategy","PEGI_7"
"5157","Bricky to Me","CUSA33657","PS4","Нет","171,00 TL","","Нет","Нет","","https://store.playstation.com/en-tr/concept/10004968","2022-07-20","Adventure","PEGI_3"
"5158","Breakneck City","PPSA05287","PS4, PS5","Нет","429,00 TL","","Нет","Нет","","https://store.playstation.com/en-tr/concept/10003804","2022-01-04","Action","PEGI_16"
"5159","Break Arts II","CUSA23692","PS4","Нет","595,00 TL","","Нет","Нет","","https://store.playstation.com/en-tr/concept/234314","2021-12-01","Unique","PEGI_7"
"5160","Breakout Beyond","PPSA27898","PS5","Нет","262,50 TL","Breakout Beyond: 262,50 TL; Breakout Beyond: 262,50 TL","Нет","Нет","","https://store.playstation.com/en-tr/concept/10013739","2025-03-24","Arcade","PEGI_3"
"5161","Breakout: Recharged","PPSA05906","PS5","Нет","63,00 TL","Breakout: Recharged: 63,00 TL; Breakout: Recharged: 63,00 TL","Нет","Да","","https://store.playstation.com/en-tr/concept/10004181","2022-02-09","Puzzle","PEGI_3"
"5162","BREAK STUFF VR","PPSA13846","PS5","Нет","429,00 TL","","Нет","Нет","","https://store.playstation.com/en-tr/concept/10007380","2023-06-05","Family","PEGI_3"
"5163","Bridge Constructor Stunts","CUSA04738","PS4","Нет","349,00 TL","","Нет","Да","","https://store.playstation.com/en-tr/concept/225537","2018-03-27","Casual","PEGI_3"
"5164","Breakin Bricks","CUSA33776","PS4","Нет","175,00 TL","","Нет","Нет","","https://store.playstation.com/en-tr/concept/10005111","2022-04-28","Arcade","PEGI_3"
"5165","Bridge Constructor: The Walking Dead","PPSA02346","PS4, PS5","Нет","349,00 TL","Bridge Constructor: The Walking Dead - PS4 & PS5: 349,00 TL; Bridge Constructor: The Walking Dead - PS4 & PS5: 249,00 TL","Нет","Да","","https://store.playstation.com/en-tr/concept/10001080","2020-12-15","Puzzle","PEGI_16"
"5166","Breathedge","PPSA04243","PS5","Нет","1.299,00 TL","Breathedge: 1.299,00 TL; Breathedge: 1.079,00 TL","Да","Да","","https://store.playstation.com/en-tr/concept/10002392","2022-02-25","Action","PEGI_12"
"5167","Brick Breaker","PPSA06592","PS5","Нет","349,00 TL","Brick Breaker: 349,00 TL; Brick Breaker: 349,00 TL","Нет","Нет","","https://store.playstation.com/en-tr/concept/200593","2022-05-19","Arcade","PEGI_3"
"5168","Breeder Homegrown: Director's Cut","CUSA17130","PS4","Нет","52,50 TL","","Нет","Нет","","https://store.playstation.com/en-tr/concept/234836","2020-03-05","Adventure","PEGI_12"
"5169","Breakers Collection","PPSA08514","PS4, PS5","Нет","849,00 TL","Breakers Collection: 849,00 TL","Нет","Нет","","https://store.playstation.com/en-tr/concept/10005266","2023-01-11","Fighting","PEGI_12"
"5170","Bridges & Docks","PPSA22204","PS5","Нет","193,00 TL","Bridges & Docks: 193,00 TL; Bridges & Docks: 193,00 TL","Нет","Нет","","https://store.playstation.com/en-tr/concept/10010660","2024-08-29","Casual","PEGI_3"
"5171","Brief Battles","CUSA13777","PS4","Нет","580,00 TL","","Нет","Нет","","https://store.playstation.com/en-tr/concept/232872","2019-05-07","Action","PEGI_7"
"5172","Brigandine Abyss","PPSA27752","PS5","Да","1.934,10 TL","Brigandine Abyss: 1.934,10 TL","Нет","Нет","","https://store.playstation.com/en-tr/concept/10013637","2026-08-26","Strategy","PEGI_12"
"5173","Brightstone Mysteries: The Others","PPSA14083","PS5","Нет","32,45 TL","","Нет","Нет","","https://store.playstation.com/en-tr/concept/10007504","2023-04-04","Adventure","PEGI_7"
"5174","Brigandine: The Legend of Runersia","CUSA25024","PS4","Нет","524,70 TL","Brigandine: The Legend of Runersia: 524,70 TL","Нет","Нет","","https://store.playstation.com/en-tr/concept/10000865","2020-12-09","Unique","PEGI_7"
"5175","Bridge Constructor Portal","CUSA09604","PS4","Нет","525,00 TL","","Нет","Да","","https://store.playstation.com/en-tr/concept/230115","2018-03-06","Puzzle","PEGI_3"
"5176","BRIKS","CUSA07658","PS4","Нет","322,00 TL","","Нет","Нет","","https://store.playstation.com/en-tr/concept/227281","2017-08-16","Arcade","PEGI_12"
"5177","Broken Roads","PPSA10056","PS4, PS5","Нет","1.749,00 TL","","Нет","Да","","https://store.playstation.com/en-tr/concept/10005295","2024-04-10","Role Playing Games","PEGI_18"
"5178","BRIKS HEAD TO HEAD","CUSA18115","PS4","Нет","816,00 TL","BRIKS HEAD TO HEAD THEME AND AVATAR BUNDLE: 665,00 TL; BRIKS HEAD TO HEAD: 816,00 TL","Нет","Нет","","https://store.playstation.com/en-tr/concept/235317","2020-01-13","Arcade","PEGI_12"
"5179","BrokenLore: UNFOLLOW","PPSA30591","PS5","Нет","849,00 TL","BrokenLore: UNFOLLOW: 849,00 TL; DELUXE Edition: 1.079,00 TL","Нет","Да","","https://store.playstation.com/en-tr/concept/10008188","2026-01-15","Horror","PEGI_16"
"5180","Broken Age","CUSA01963","PS4","Нет","649,00 TL","","Нет","Нет","","https://store.playstation.com/en-tr/concept/200604","2015-04-28","Adventure","PEGI_12"
"5181","Broken Sword 5 - the Serpent's Curse","CUSA02500","PS4","Нет","1.049,00 TL","","Нет","Да","","https://store.playstation.com/en-tr/concept/200603","2015-09-04","Adventure","PEGI_16"
"5182","Broken Bots","CUSA02513","PS4","Нет","215,00 TL","","Нет","Да","","https://store.playstation.com/en-tr/concept/216081","2021-05-27","Action","PEGI_7"
"5183","Bring Them Home","CUSA14844","PS4","Нет","429,00 TL","","Нет","Да","","https://store.playstation.com/en-tr/concept/233351","2019-05-23","Puzzle","PEGI_3"
"5184","BROK: Natal Tail, A New Christmas Special","PPSA33333","PS4, PS5","Нет","129,00 TL","","Нет","Да","","https://store.playstation.com/en-tr/concept/10016972","2025-12-08","Casual","PEGI_7"
"5185","Briks Boss Battle","PPSA31874","PS5","Нет","300,00 TL","Briks Boss Battle: 300,00 TL; Briks Boss Battle: 300,00 TL","Нет","Нет","","https://store.playstation.com/en-tr/concept/10016104","2025-10-16","Arcade","PEGI_3"
"5186","BrokenLore: LOW","PPSA30170","PS5","Нет","343,20 TL","","Нет","Да","","https://store.playstation.com/en-tr/concept/10014854","2025-09-14","Horror","PEGI_16"
"5187","BROKEN MIND","CUSA33665","PS4","Нет","214,50 TL","","Нет","Нет","","https://store.playstation.com/en-tr/concept/10004990","2022-06-20","Action","PEGI_16"
"5188","Broken Sword - Shadow of the Templars: Reforged","PPSA21480","PS4, PS5","Нет","1.299,00 TL","","Нет","Да","PS Plus Extra","https://store.playstation.com/en-tr/concept/10008760","2024-09-18","Adventure","PEGI_16"
"5189","BROK: The Brawl Bar","PPSA32853","PS4, PS5","Нет","429,00 TL","","Нет","Да","","https://store.playstation.com/en-tr/concept/10016706","2025-12-01","Action","PEGI_7"
"5190","BROADSWORD","PPSA20257","PS5","Нет","1.299,00 TL","BROADSWORD: WARLORD EDITION: 1.299,00 TL; BROADSWORD: WARLORD EDITION: 1.547,00 TL","Нет","Да","","https://store.playstation.com/en-tr/concept/234768","2024-10-27","Unique","PEGI_7"
"5191","BrokenLore: FOLLOW","PPSA34497","PS5","Нет","584,00 TL","","Нет","Да","","https://store.playstation.com/en-tr/concept/10017654","2026-05-31","Horror","PEGI_16"
"5192","BroodStar","CUSA48400","PS4","Нет","439,00 TL","","Нет","Нет","","https://store.playstation.com/en-tr/concept/10010752","2024-06-04","Arcade","PEGI_7"
"5193","Brotherhood United","PPSA05469","PS5","Нет","225,00 TL","Brotherhood United: 225,00 TL; Brotherhood United: 225,00 TL","Нет","Нет","","https://store.playstation.com/en-tr/concept/10000691","2022-01-27","Action","PEGI_18"
"5194","Broken Edge","PPSA17186","PS5","Нет","649,00 TL","","Нет","Нет","","https://store.playstation.com/en-tr/concept/10005007","2023-09-18","Action","PEGI_7"
"5195","Broken Lines","PPSA05008","PS4, PS5","Нет","849,00 TL","","Нет","Да","","https://store.playstation.com/en-tr/concept/10003665","2022-12-13","Strategy","PEGI_18"
"5196","Brotherhood","CUSA56851","PS4","Нет","429,00 TL","","Нет","Да","","https://store.playstation.com/en-tr/concept/10017016","2025-11-26","Shooter","PEGI_16"
"5197","Brunch Club","CUSA17019","PS4","Нет","455,00 TL","","Нет","Да","","https://store.playstation.com/en-tr/concept/234785","2020-08-26","Arcade","PEGI_3"
"5198","BROK the InvestiGator","PPSA10975","PS4, PS5","Нет","279,60 TL","BROK the InvestiGator + The Brawl Bar: 1.079,00 TL; BROK the InvestiGator: 279,60 TL; BROK Complete Bundle: 1.160,00 TL; BROK the InvestiGator + The Brawl Bar: 1.079,00 TL; BROK Complete Bundle: 1.160,00 TL","Нет","Да","","https://store.playstation.com/en-tr/concept/10006418","2023-02-28","Action","PEGI_12"
"5199","Brunswick Pro Billiards","CUSA19074","PS4","Нет","849,00 TL","","Нет","Нет","","https://store.playstation.com/en-tr/concept/10000239","2020-12-22","Unique","PEGI_3"
"5200","Bubblegum Galaxy","PPSA31289","PS5","Нет","849,00 TL","Standard Edition: 849,00 TL; Standard Edition: 849,00 TL","Нет","Нет","","https://store.playstation.com/en-tr/concept/10015790","2026-03-11","Strategy","PEGI_3"
"5201","Bubsy: The Woolies Strike Back","CUSA09633","PS4","Нет","699,00 TL","","Нет","Нет","PS Plus Extra","https://store.playstation.com/en-tr/concept/228948","2017-10-30","Action","PEGI_3"
"5202","Bubble Monsters","CUSA43443","PS4","Нет","175,00 TL","","Нет","Нет","","https://store.playstation.com/en-tr/concept/10008410","2023-05-03","Puzzle","PEGI_3"
"5203","Bubble Shooter FX","CUSA30400","PS4","Нет","175,00 TL","Bubble Shooter FX: 175,00 TL","Нет","Нет","","https://store.playstation.com/en-tr/concept/10003801","2021-09-23","Puzzle","PEGI_3"
"5204","Bud Spencer & Terence Hill - Slaps And Beans 2","PPSA15929","PS5","Нет","699,00 TL","Bud Spencer & Terence Hill - Slaps And Beans 2: 699,00 TL; Bud Spencer & Terence Hill - Slaps And Beans 2: 699,00 TL","Нет","Нет","","https://store.playstation.com/en-tr/concept/10008170","2023-09-21","Action","PEGI_12"
"5205","Bucket Crusher","CUSA48344","PS4","Нет","175,00 TL","Standard Edition: 175,00 TL; Complete Edition: 279,00 TL","Нет","Нет","","https://store.playstation.com/en-tr/concept/10010735","2024-05-23","Casual","PEGI_3"
"5206","Buck Blastem","PPSA26851","PS5","Нет","279,00 TL","","Нет","Нет","","https://store.playstation.com/en-tr/concept/10013060","2024-11-21","Adventure","PEGI_7"
"5207","BRUTAL RAGE","CUSA28918","PS4","Нет","150,00 TL","","Нет","Нет","","https://store.playstation.com/en-tr/concept/10003039","2022-02-07","Action","PEGI_16"
"5208","Bubsy: Paws on Fire!","CUSA14177","PS4","Нет","169,80 TL","","Нет","Нет","","https://store.playstation.com/en-tr/concept/232974","2019-05-15","Action","PEGI_3"
"5209","Bubble Bobble 4 Friends: The Baron Is Back!","CUSA20635","PS4","Нет","1.399,00 TL","","Нет","Нет","","https://store.playstation.com/en-tr/concept/10000990","2020-11-19","Unique","PEGI_3"
"5210","Brut@l","CUSA05394","PS4","Нет","649,00 TL","","Нет","Да","","https://store.playstation.com/en-tr/concept/221876","2016-08-08","Action","PEGI_16"
"5211","Bucket Knight","CUSA17736","PS4","Нет","43,75 TL","","Нет","Нет","","https://store.playstation.com/en-tr/concept/235078","2020-02-27","Action","PEGI_7"
"5212","BUBBLE BOBBLE Sugar Dungeons","PPSA26356","PS5","Нет","1.749,00 TL","Standard: 1.749,00 TL; Deluxe Edtion: 2.149,00 TL","Нет","Нет","","https://store.playstation.com/en-tr/concept/10011008","2025-11-26","Action","PEGI_3"
"5213","Bubble Ghost Remake","PPSA28078","PS5","Нет","292,05 TL","","Нет","Нет","","https://store.playstation.com/en-tr/concept/10013913","2025-03-26","Adventure","PEGI_7"
"5214","Bubsy 4D","PPSA32667","PS4, PS5","Нет","549,00 TL","Bubsy 4D: 549,00 TL","Нет","Нет","","https://store.playstation.com/en-tr/concept/10016621","2026-05-22","Action","PEGI_7"
"5215","Bubble Bubble Ocean","CUSA36884","PS4","Нет","175,00 TL","","Нет","Нет","","https://store.playstation.com/en-tr/concept/10006177","2022-09-22","Casual","PEGI_3"
"5216","Bug Fables: The Everlasting Sapling","CUSA18721","PS4","Нет","1.049,00 TL","","Нет","Нет","","https://store.playstation.com/en-tr/concept/10000410","2020-05-27","Role Playing Games","PEGI_3"
"5217","Bug-o-Buster","PPSA27086","PS4, PS5","Нет","129,00 TL","","Нет","Нет","","https://store.playstation.com/en-tr/concept/10013226","2024-11-26","Arcade","PEGI_3"
"5218","BUFF KNIGHT ADVANCED","CUSA04216","PS4","Нет","537,00 TL","","Нет","Да","","https://store.playstation.com/en-tr/concept/216068","2016-06-17","Action","PEGI_7"
"5219","Buddy Simulator 1984","PPSA15603","PS5","Нет","104,70 TL","Buddy Simulator 1984: 104,70 TL; Buddy Simulator 1984: 104,70 TL","Нет","Нет","","https://store.playstation.com/en-tr/concept/10008033","2023-04-06","Horror","PEGI_12"
"5220","Bubsy in: The","PPSA28021","PS5","Нет","849,00 TL","","Нет","Нет","","https://store.playstation.com/en-tr/concept/10013869","2025-09-08","Action","PEGI_3"
"5221","Build Lands","PPSA19088","PS5","Нет","139,00 TL","Build Lands: 139,00 TL; Build Lands: 139,00 TL","Нет","Нет","","https://store.playstation.com/en-tr/concept/10009398","2025-02-19","Puzzle","PEGI_3"
"5222","Bunhouse","PPSA15902","PS5","Нет","849,00 TL","Bunhouse: 849,00 TL; Bunhouse: 849,00 TL","Нет","Нет","","https://store.playstation.com/en-tr/concept/10008169","2024-04-09","Simulation","PEGI_3"
"5223","Bunker Builder & Construction Simulator","PPSA29730","PS5","Нет","209,00 TL","","Нет","Да","","https://store.playstation.com/en-tr/concept/10014930","2025-10-24","Simulator","PEGI_3"
"5224","Bunny Park","PPSA07478","PS5","Нет","104,85 TL","Bunny Park: 104,85 TL; Bunny Park: 104,85 TL","Нет","Да","","https://store.playstation.com/en-tr/concept/10004989","2022-09-29","Unique","PEGI_3"
"5225","Bunker 22","PPSA29571","PS5","Нет","315,00 TL","Bunker 22: 315,00 TL; Bunker 22: 315,00 TL","Да","Да","","https://store.playstation.com/en-tr/concept/10014821","2025-04-30","Shooter","PEGI_12"
"5226","Bunny Cubed","PPSA29105","PS4, PS5","Нет","175,00 TL","","Нет","Да","","https://store.playstation.com/en-tr/concept/10014569","2025-06-03","Puzzle","PEGI_3"
"5227","Bunny Mahjo","PPSA21193","PS5","Нет","105,00 TL","Bunny Mahjo: 105,00 TL; Bunny Mahjo: 75,00 TL","Нет","Да","","https://store.playstation.com/en-tr/concept/10004855","2024-02-20","Puzzle","PEGI_3"
"5228","Bunny Mazes","PPSA26828","PS5","Нет","105,00 TL","Bunny Mazes: 105,00 TL; Bunny Mazes: 105,00 TL","Нет","Да","","https://store.playstation.com/en-tr/concept/10013052","2024-12-13","Puzzle","PEGI_3"
"5229","Bulb Boy","CUSA08715","PS4","Нет","387,00 TL","","Нет","Нет","","https://store.playstation.com/en-tr/concept/228925","2018-03-01","Horror","PEGI_12"
"5230","Bunny Factory","CUSA30715","PS4","Нет","249,00 TL","","Нет","Да","","https://store.playstation.com/en-tr/concept/10003929","2021-11-09","Puzzle","PEGI_3"
"5231","Bulwark Evolution: Falconeer Chronicles","PPSA16848","PS4, PS5","Нет","849,00 TL","Bulwark Evolution: Falconeer Chronicles: 849,00 TL; Bulwark: Falconeer Chronicles Complete Bundle: 1.299,00 TL; Mad Lector Edition: 735,00 TL; Mongres Trader Edition: 735,00 TL","Нет","Нет","","https://store.playstation.com/en-tr/concept/10008538","2024-03-26","Strategy","PEGI_7"
"5232","Bunny Memory","PPSA19775","PS5","Нет","105,00 TL","Bunny Memory: 105,00 TL; Bunny Memory: 75,00 TL","Нет","Да","","https://store.playstation.com/en-tr/concept/10004362","2023-11-15","Family","PEGI_3"
"5233","Bullet Roulette","CUSA25456","PS4","Нет","387,00 TL","","Нет","Нет","","https://store.playstation.com/en-tr/concept/10001755","2021-01-20","Casual","PEGI_12"
"5234","Bulletstorm: Full","CUSA07188","PS4","Нет","1.399,00 TL","Bulletstorm: Full Clip Edition Duke Nukem Bundle: 315,00 TL; Bulletstorm: Full Clip Edition: 1.399,00 TL","Нет","Да","","https://store.playstation.com/en-tr/concept/228068","2017-04-06","Shooter","PEGI_18"
"5235","Bum Simulator","PPSA19625","PS5","Нет","849,00 TL","Recycling Center Simulator & Bum Simulator: 1.749,00 TL; Junkyard Simulator & Bum Simulator: 1.419,00 TL; Bum Simulator: 849,00 TL; Recycling Center Simulator & Bum Simulator: 1.749,00 TL; Bum Simulator: 849,00 TL","Нет","Да","","https://store.playstation.com/en-tr/concept/10009607","2024-06-23","Simulation","PEGI_18"
"5236","Bullseye","CUSA28501","PS4","Нет","489,00 TL","","Нет","Нет","","https://store.playstation.com/en-tr/concept/10003073","2021-07-14","Quiz","PEGI_3"
"5237","Bumballon","PPSA13760","PS4, PS5","Нет","175,00 TL","Unusual Friends Bundle PS4® & PS5®: 515,00 TL; Bumballon: 175,00 TL","Нет","Нет","","https://store.playstation.com/en-tr/concept/10007334","2023-04-06","Action","PEGI_3"
"5238","Bullet Beat","PPSA04846","PS4, PS5","Нет","215,00 TL","","Нет","Да","","https://store.playstation.com/en-tr/concept/10001647","2022-12-19","Arcade","PEGI_3"
"5239","Bulletstorm VR","PPSA18369","PS5","Нет","1.299,00 TL","","Нет","Да","","https://store.playstation.com/en-tr/concept/10008677","2024-01-17","Action","PEGI_18"
"5240","Bunny Parking","CUSA26063","PS4","Нет","149,00 TL","Kicking Bundle + Bunny Avatars: 429,00 TL; Bunny Parking: 149,00 TL","Нет","Да","","https://store.playstation.com/en-tr/concept/10002087","2021-06-21","Family","PEGI_3"
"5241","Bunny Rampage: History of Revenge","PPSA26858","PS5","Нет","849,00 TL","","Нет","Нет","","https://store.playstation.com/en-tr/concept/10010762","2026-01-05","Action","PEGI_12"
"5242","Bunny Reversi","PPSA21189","PS5","Нет","69,00 TL","Bunny Reversi: 69,00 TL; Bunny Reversi: 49,00 TL","Нет","Да","","https://store.playstation.com/en-tr/concept/10004904","2024-03-02","Puzzle","PEGI_3"
"5244","Burger Bounce","PPSA30541","PS5","Нет","215,00 TL","Burger Bounce 5 Avatar Bundle: 215,00 TL; Burger Bounce: 215,00 TL; Burger Bounce Avatar Bundle: 215,00 TL; Burger Bounce: 215,00 TL","Нет","Нет","","https://store.playstation.com/en-tr/concept/10015352","2025-06-06","Arcade","PEGI_3"
"5245","Burger Bistro Story","CUSA29124","PS4","Нет","455,00 TL","","Нет","Нет","","https://store.playstation.com/en-tr/concept/10003308","2022-04-20","Simulation","PEGI_3"
"5246","Burger Fun","PPSA08370","PS5","Нет","122,00 TL","Burger Fun Mini Game Bundle: 525,00 TL; Burger Fun: 122,00 TL; Burger Fun Mini Game Bundle: 525,00 TL; Burger Fun: 125,00 TL","Нет","Нет","","https://store.playstation.com/en-tr/concept/10005371","2022-06-17","Arcade","PEGI_3"
"5247","Buster's Quest: Trials Of Hamsterdam","PPSA02379","PS5","Нет","649,00 TL","","Нет","Нет","","https://store.playstation.com/en-tr/concept/10001935","2021-02-22","Action","PEGI_3"
"5248","C14 Dating","PPSA02937","PS4, PS5","Нет","254,70 TL","","Нет","Нет","","https://store.playstation.com/en-tr/concept/10001674","2021-03-30","Adventure","PEGI_12"
"5249","Burger Run","PPSA07803","PS5","Нет","343,00 TL","Burger Run: 343,00 TL; Burger Run - Avatar Full Game Bundle: 279,00 TL; Burger Run: 343,00 TL","Нет","Нет","","https://store.playstation.com/en-tr/concept/10005145","2022-04-22","Casual","PEGI_3"
"5250","Burger Break Head to Head","PPSA07436","PS5","Нет","343,00 TL","Burger Break Head to Head: 343,00 TL; Burger Break Head to Head - Avatar Full Game Bundle: 279,00 TL; Burger Break Head to Head: 343,00 TL","Нет","Нет","","https://store.playstation.com/en-tr/concept/10004958","2022-03-25","Casual","PEGI_3"
"5251","Burst Hero","PPSA25755","PS5","Нет","349,00 TL","","Нет","Нет","","https://store.playstation.com/en-tr/concept/10012396","2024-09-24","Adventure","PEGI_7"
"5252","Buster's Quest: Trials Of Hamsterdam","CUSA25182","PS4","Нет","649,00 TL","","Нет","Нет","","https://store.playstation.com/en-tr/concept/10001743","2020-12-06","Action","PEGI_3"
"5253","BUTCHER","CUSA07809","PS4","Нет","429,00 TL","Bloody Shooters Bundle: 730,00 TL; BUTCHER - Special Edition Bundle: 549,00 TL; BUTCHER: 429,00 TL","Нет","Нет","","https://store.playstation.com/en-tr/concept/227103","2017-05-08","Action","PEGI_16"
"5255","""Buy The Game, I Have a Gun"" -Sheesh-Man","PPSA27517","PS5","Нет","429,00 TL","Basic Normie Edition: 429,00 TL; Mega Chad Edition: 515,00 TL; Basic Normie Edition: 429,00 TL; Mega Chad Edition: 515,00 TL","Нет","Нет","","https://store.playstation.com/en-tr/concept/10007454","2025-10-24","Adventure","PEGI_16"
"5256","Burning Secrets - A Bara Visual Novel","PPSA19354","PS4, PS5","Нет","175,00 TL","","Нет","Нет","","https://store.playstation.com/en-tr/concept/10009498","2023-11-09","Adventure","PEGI_16"
"5257","BURIED STARS","CUSA13230","PS4","Нет","1.575,00 TL","","Нет","Нет","","https://store.playstation.com/en-tr/concept/232645","2020-07-29","Unique","PEGI_12"
"5258","Cabernet","PPSA24910","PS4, PS5","Нет","849,00 TL","","Нет","Нет","","https://store.playstation.com/en-tr/concept/10011952","2025-02-20","Adventure","PEGI_18"
"5259","Byte The Bullet","PPSA23279","PS4, PS5","Нет","257,00 TL","","Нет","Нет","","https://store.playstation.com/en-tr/concept/10011106","2024-09-19","Adventure","PEGI_12"
"5260","Burger Break","PPSA07330","PS5","Нет","343,00 TL","Burger Break: 343,00 TL; Burger Break - Avatar Full Game Bundle: 279,00 TL; Burger Break: 343,00 TL; Break Mega Bundle: 875,00 TL","Нет","Нет","","https://store.playstation.com/en-tr/concept/10004901","2022-03-19","Casual","PEGI_3"
"5261","Butterfly","CUSA52806","PS4","Нет","175,00 TL","Butterfly 2: 175,00 TL; Butterfly: 175,00 TL","Нет","Нет","","https://store.playstation.com/en-tr/concept/10013636","2025-03-05","Puzzle","PEGI_3"
"5262","Bye Sweet Carole","PPSA22924","PS5","Нет","1.079,00 TL","Bye Sweet Carole: 1.079,00 TL; Melancholy Farewells: 1.749,00 TL","Нет","Нет","","https://store.playstation.com/en-tr/concept/10008528","2025-10-09","Horror","PEGI_12"
"5263","Busy Bar - World Tour","PPSA38957","PS5","Нет","571,00 TL","","Нет","Нет","","https://store.playstation.com/en-tr/concept/10020271","2026-08-13","Simulation","PEGI_3"
"5264","Burly Men at Sea","CUSA09549","PS4","Нет","85,80 TL","Burly Men at Sea Maestro Beard Edition: 129,80 TL; Burly Men at Sea - Original Soundtrack: 343,00 TL; Burly Men at Sea: 85,80 TL","Нет","Да","","https://store.playstation.com/en-tr/concept/228695","2018-10-18","Adventure","PEGI_3"
"5265","Cafe Master Story","CUSA44232","PS4","Нет","515,00 TL","","Нет","Нет","","https://store.playstation.com/en-tr/concept/10008788","2024-08-14","Simulation","PEGI_3"
"5266","Cake Invaders","PPSA05224","PS4, PS5","Нет","209,00 TL","","Нет","Нет","","https://store.playstation.com/en-tr/concept/10003783","2022-01-25","Action","PEGI_7"
"5267","CAFE 0 ~The Sleeping Beast~","PPSA25304","PS4, PS5","Нет","699,00 TL","","Нет","Нет","","https://store.playstation.com/en-tr/concept/10012131","2024-10-31","Adventure","PEGI_12"
"5268","Caffeine: Victoria's Legacy","PPSA04149","PS4, PS5","Нет","774,00 TL","","Нет","Нет","","https://store.playstation.com/en-tr/concept/10003121","2022-09-29","Adventure","PEGI_12"
"5269","Cafeteria Nipponica","CUSA23778","PS4","Нет","274,50 TL","","Нет","Нет","","https://store.playstation.com/en-tr/concept/10000319","2020-09-30","Simulation","PEGI_3"
"5270","Caladrius Blaze","CUSA03698","PS4","Нет","699,00 TL","","Нет","Нет","","https://store.playstation.com/en-tr/concept/200749","2016-08-08","Shooter","PEGI_12"
"5271","Calvino Noir","CUSA02936","PS4","Нет","429,00 TL","","Нет","Да","","https://store.playstation.com/en-tr/concept/200723","2015-08-26","Adventure","PEGI_12"
"5272","CAN ANDROIDS PRAY: BLUE","CUSA19201","PS4","Нет","279,00 TL","","Нет","Нет","","https://store.playstation.com/en-tr/concept/10000452","2021-02-13","Adventure","PEGI_16"
"5273","Candleman","CUSA28867","PS4","Нет","1.079,00 TL","","Нет","Да","","https://store.playstation.com/en-tr/concept/229905","2021-08-15","Action","PEGI_7"
"5274","Candle Knight","PPSA20868","PS4, PS5","Нет","537,00 TL","","Нет","Нет","","https://store.playstation.com/en-tr/concept/10010118","2024-05-02","Adventure","PEGI_7"
"5275","Call of The Sea","PPSA01546","PS4, PS5","Нет","849,00 TL","","Нет","Да","PS Plus Extra","https://store.playstation.com/en-tr/concept/10000938","2021-05-11","Puzzle","PEGI_7"
"5276","Camp Sunshine","PPSA10454","PS5","Нет","300,00 TL","Camp Sunshine: 300,00 TL; Camp Sunshine: 300,00 TL","Нет","Нет","","https://store.playstation.com/en-tr/concept/10005392","2024-10-08","Adventure","PEGI_16"
"5277","Campfire of Oasis","PPSA22717","PS5","Нет","24,15 TL","","Нет","Нет","","https://store.playstation.com/en-tr/concept/10010861","2024-08-09","Simulator","PEGI_3"
"5278","Caligo","PPSA19322","PS5","Нет","104,70 TL","","Да","Да","","https://store.playstation.com/en-tr/concept/10009485","2025-04-02","Adventure","PEGI_12"
"5279","Candivity","CUSA54859","PS4","Нет","215,00 TL","Standard Edition: 215,00 TL; Complete Edition: 387,00 TL","Нет","Нет","","https://store.playstation.com/en-tr/concept/10015351","2025-07-25","Party","PEGI_3"
"5280","Calamity Angels: Special Delivery","PPSA31893","PS5","Нет","1.299,00 TL","Standard Edition: 1.299,00 TL; Deluxe Edition: 1.949,00 TL; Standard Edition: 1.299,00 TL; Deluxe Edition: 1.949,00 TL","Нет","Нет","","https://store.playstation.com/en-tr/concept/10008990","2026-02-17","Role Playing Games","PEGI_12"
"5281","Calico","PPSA06290","PS5","Нет","349,00 TL","Calico: 349,00 TL; Calico: 349,00 TL","Нет","Нет","","https://store.playstation.com/en-tr/concept/10003748","2023-11-28","Adventure","PEGI_3"
"5282","Canada Break","PPSA08406","PS5","Нет","343,00 TL","Canada Break: 343,00 TL; Canada Break - Avatar Full Game Bundle: 279,00 TL; Canada Break: 343,00 TL","Нет","Нет","","https://store.playstation.com/en-tr/concept/10005381","2022-07-08","Casual","PEGI_3"
"5283","Candle: The Power of the Flame","CUSA12065","PS4","Нет","699,00 TL","","Нет","Да","","https://store.playstation.com/en-tr/concept/232197","2018-07-24","Puzzle","PEGI_7"
"5284","Candy Match Kiddies","CUSA37328","PS4","Нет","175,00 TL","","Нет","Нет","","https://store.playstation.com/en-tr/concept/10006322","2022-10-06","Casual","PEGI_3"
"5285","Call of Sentinels","PPSA28618","PS5","Нет","343,00 TL","Call of Sentinels: 343,00 TL; Call of Sentinels: 343,00 TL","Да","Да","","https://store.playstation.com/en-tr/concept/10014275","2025-04-17","Action","PEGI_16"
"5286","Cakey's Twisted Bakery","PPSA31810","PS5","Нет","429,00 TL","Cakey's Twisted Bakery: 429,00 TL; Cakey's Twisted Bakery: 429,00 TL","Нет","Нет","","https://store.playstation.com/en-tr/concept/10016150","2026-01-08","Adventure","PEGI_16"
"5287","Canine","PPSA30474","PS5","Нет","343,00 TL","","Нет","Да","","https://store.playstation.com/en-tr/concept/10015348","2025-07-10","Horror","PEGI_12"
"5288","Canada Break Head to Head","PPSA08738","PS5","Нет","343,00 TL","Canada Break Head to Head: 343,00 TL; Canada Break Head to Head - Avatar Full Game Bundle: 279,00 TL; Canada Break Head to Head: 343,00 TL","Нет","Нет","","https://store.playstation.com/en-tr/concept/10005543","2022-07-15","Arcade","PEGI_3"
"5289","Calturin","CUSA31142","PS4","Нет","209,00 TL","","Нет","Нет","","https://store.playstation.com/en-tr/concept/10004061","2022-01-28","Action","PEGI_7"
"5290","Candy Rangers","PPSA32533","PS4, PS5","Нет","649,00 TL","","Нет","Нет","","https://store.playstation.com/en-tr/concept/10016553","2025-10-02","Adventure","PEGI_7"
"5291","Cannon Dancer - Osman","PPSA10801","PS5","Нет","699,00 TL","Cannon Dancer - Osman: 699,00 TL; Cannon Dancer - Osman: 699,00 TL","Нет","Нет","","https://store.playstation.com/en-tr/concept/10005455","2023-04-12","Arcade","PEGI_16"
"5292","Cannon Brawl","CUSA03485","PS4","Нет","429,00 TL","","Нет","Нет","","https://store.playstation.com/en-tr/concept/216140","2016-08-02","Strategy","PEGI_7"
"5293","Cannibal Abduction","PPSA19186","PS4, PS5","Нет","515,00 TL","","Нет","Да","","https://store.playstation.com/en-tr/concept/10008580","2024-02-08","Horror","PEGI_16"
"5294","Can't Drive This","PPSA02743","PS5","Нет","1.079,00 TL","Can't Drive This: 1.079,00 TL; Can't Drive This: 849,00 TL","Нет","Да","","https://store.playstation.com/en-tr/concept/228981","2021-03-18","Party","PEGI_3"
"5295","Capy’s Quest","PPSA24370","PS4, PS5","Нет","215,00 TL","","Нет","Да","","https://store.playstation.com/en-tr/concept/10011687","2025-04-10","Adventure","PEGI_3"
"5296","Card-en-Ciel","PPSA22748","PS5","Нет","769,00 TL","Card-en-Ciel: 769,00 TL; Card-en-Ciel: 769,00 TL","Нет","Нет","","https://store.playstation.com/en-tr/concept/10010876","2024-10-23","Role Playing Games","PEGI_12"
"5297","Capcom Fighting Collection 2","CUSA44576","PS4","Нет","1.749,00 TL","","Нет","Да","","https://store.playstation.com/en-tr/concept/10008958","2025-05-15","Fighting","PEGI_16"
"5298","Captain Blood","PPSA24779","PS4, PS5","Нет","875,00 TL","Captain Blood: 875,00 TL","Да","Да","","https://store.playstation.com/en-tr/concept/10011547","2025-05-06","Action","PEGI_18"
"5299","Cards We're Dealt","PPSA28798","PS4, PS5","Нет","429,00 TL","Cards We're Dealt: 429,00 TL","Нет","Да","","https://store.playstation.com/en-tr/concept/10011481","2025-10-08","Horror","PEGI_12"
"5300","Car Detailing & Wash Simulator : Luxury Car Cleaner","CUSA56150","PS4","Нет","301,95 TL","","Нет","Нет","","https://store.playstation.com/en-tr/concept/10016385","2025-11-06","Role Playing Games","PEGI_3"
"5301","Car Demolition Clicker","CUSA26060","PS4","Нет","300,00 TL","","Нет","Нет","","https://store.playstation.com/en-tr/concept/10001745","2021-03-03","Casual","PEGI_3"
"5302","Care Bears: Unlock the Magic","PPSA24911","PS4, PS5","Нет","1.299,00 TL","","Нет","Нет","","https://store.playstation.com/en-tr/concept/10011832","2025-03-27","Family","PEGI_3"
"5303","Capsule Force","CUSA02162","PS4","Нет","215,00 TL","","Нет","Нет","","https://store.playstation.com/en-tr/concept/200638","2015-08-25","Action","PEGI_7"
"5304","Cards of the Dead","PPSA04841","PS4, PS5","Нет","343,00 TL","","Нет","Нет","","https://store.playstation.com/en-tr/concept/10003578","2021-10-21","Role Playing Games","PEGI_16"
"5305","Captain Cat","CUSA25228","PS4","Нет","175,00 TL","","Нет","Нет","","https://store.playstation.com/en-tr/concept/234668","2020-12-02","Unique","PEGI_3"
"5306","Card Party Showdown","PPSA38347","PS5","Нет","223,00 TL","","Нет","Да","","https://store.playstation.com/en-tr/concept/10019913","2026-06-16","Party","PEGI_3"
"5307","Captain Bones","PPSA26370","PS5","Нет","649,00 TL","","Нет","Да","","https://store.playstation.com/en-tr/concept/10008621","2025-10-28","Simulation","PEGI_12"
"5308","Card Collector Trading Shop","PPSA28688","PS5","Нет","343,00 TL","Card Collector Trading Shop: 343,00 TL; Card Collector Trading Shop: 343,00 TL","Нет","Да","","https://store.playstation.com/en-tr/concept/10014316","2025-10-29","Simulator","PEGI_3"
"5309","Captain Toonhead vs The Punks from Outer Space","PPSA23296","PS5","Нет","489,30 TL","","Нет","Нет","","https://store.playstation.com/en-tr/concept/10009637","2024-07-04","Strategy","PEGI_16"
"5310","Capcom","CUSA33213","PS4","Нет","1.299,00 TL","Capcom Fighting Collection: 1.299,00 TL; Capcom Fighting Collection 1 + 2 Bundle: 2.579,00 TL","Нет","Да","","https://store.playstation.com/en-tr/concept/10004083","2022-06-23","Fighting","PEGI_16"
"5311","Caput Mortum","PPSA32540","PS5","Нет","515,00 TL","","Нет","Да","","https://store.playstation.com/en-tr/concept/10016561","2025-12-03","Horror","PEGI_12"
"5312","C.A.R.D.S. RPG: The Misty Battlefield","PPSA19031","PS4, PS5","Нет","1.399,00 TL","C.A.R.D.S. RPG: The Misty Battlefield PS4 & PS5: 1.399,00 TL; Deluxe Edition: 1.749,00 TL","Нет","Нет","","https://store.playstation.com/en-tr/concept/10009379","2024-05-23","Strategy","PEGI_7"
"5313","Cargo Runner - Mars","PPSA34977","PS5","Нет","429,00 TL","","Нет","Да","","https://store.playstation.com/en-tr/concept/10017938","2026-02-11","Casual","PEGI_7"
"5314","Caretaker","CUSA12424","PS4","Нет","41,70 TL","Caretaker: Theme & Avatar Bundle: 52,50 TL; Caretaker: 41,70 TL","Нет","Да","","https://store.playstation.com/en-tr/concept/232291","2019-03-07","Horror","PEGI_12"
"5315","Car Heist Simulator - Thief Mechanic","CUSA56179","PS4","Нет","356,95 TL","","Нет","Нет","","https://store.playstation.com/en-tr/concept/10016413","2025-12-17","Action","PEGI_12"
"5316","Cardpocalypse","CUSA16525","PS4","Нет","875,00 TL","Cardpocalypse: Time Warp Edition: 1.149,00 TL; Cardpocalypse Soundtrack: 279,00 TL; Cardpocalypse: 875,00 TL","Нет","Нет","","https://store.playstation.com/en-tr/concept/234554","2019-12-11","Strategy","PEGI_12"
"5317","C.A.R.L.","CUSA37403","PS4","Нет","949,00 TL","","Нет","Нет","","https://store.playstation.com/en-tr/concept/10005618","2022-10-12","Adventure","PEGI_7"
"5318","Buildings Have Feelings Too!","CUSA15469","PS4","Нет","699,00 TL","","Нет","Нет","","https://store.playstation.com/en-tr/concept/233536","2021-03-24","Unique","PEGI_3"
"5319","Carlos the Taco","PPSA29654","PS4, PS5","Нет","215,00 TL","","Нет","Нет","","https://store.playstation.com/en-tr/concept/10014703","2025-08-28","Adventure","PEGI_7"
"5320","Carnival Games VR","CUSA05842","PS4","Нет","699,00 TL","","Нет","Нет","","https://store.playstation.com/en-tr/concept/221674","2017-01-23","Simulation","PEGI_3"
"5321","Carry Onward","CUSA46157","PS4","Нет","215,00 TL","","Нет","Нет","","https://store.playstation.com/en-tr/concept/10009652","2024-02-01","Unique","PEGI_3"
"5322","Cartoon Network: Battle Crashers","CUSA04751","PS4","Нет","699,00 TL","","Нет","Нет","PS Plus Extra","https://store.playstation.com/en-tr/concept/222958","2016-11-08","Action","PEGI_7"
"5323","Car Mayhem","CUSA24856","PS4","Нет","85,80 TL","","Нет","Нет","","https://store.playstation.com/en-tr/concept/10001613","2020-10-16","Driving/Racing","PEGI_7"
"5324","Carom Billiards","PPSA36142","PS5","Нет","429,00 TL","Carom Billiards: 429,00 TL; Carom Billiards: 429,00 TL","Нет","Нет","","https://store.playstation.com/en-tr/concept/10018637","2026-02-13","Simulation","PEGI_3"
"5325","Car Mechanic Shop Simulator","PPSA28611","PS5","Нет","343,00 TL","Car Mechanic Shop Simulator: 343,00 TL; Car Mechanic Shop Simulator: 343,00 TL","Нет","Да","","https://store.playstation.com/en-tr/concept/10014174","2025-09-19","Simulator","PEGI_3"
"5326","Case Files: Behind Closed Doors","PPSA19934","PS4, PS5","Нет","349,00 TL","","Нет","Нет","","https://store.playstation.com/en-tr/concept/10009720","2024-11-07","Unique","PEGI_16"
"5327","Carnage Battle Arena","PPSA31116","PS5","Нет","429,00 TL","Carnage Battle Arena: 429,00 TL; Carnage Battle Arena: 429,00 TL","Нет","Нет","","https://store.playstation.com/en-tr/concept/10015699","2025-12-25","Driving/Racing","PEGI_7"
"5328","Carmen Sandiego","PPSA25256","PS4, PS5","Нет","1.299,00 TL","Standard Edition: 1.299,00 TL; 2 Game Bundle: 2.149,00 TL; Deluxe Edition: 2.149,00 TL","Нет","Нет","","https://store.playstation.com/en-tr/concept/10012106","2025-03-04","Adventure","PEGI_7"
"5329","Carto","CUSA23986","PS4","Нет","849,00 TL","","Нет","Да","","https://store.playstation.com/en-tr/concept/10000947","2020-10-26","Puzzle","PEGI_3"
"5330","Case Files: Internal Affairs","PPSA34827","PS4, PS5","Нет","472,00 TL","","Нет","Нет","","https://store.playstation.com/en-tr/concept/10017844","2026-06-17","Unique","PEGI_16"
"5331","Carly and the Reaperman - Escape from the Underworld","CUSA10070","PS4","Нет","665,00 TL","","Нет","Да","","https://store.playstation.com/en-tr/concept/229907","2019-10-02","Adventure","PEGI_7"
"5332","CASE 2: Animatronics Survival","PPSA09992","PS5","Нет","595,00 TL","","Да","Да","","https://store.playstation.com/en-tr/concept/10003256","2022-11-11","Horror","PEGI_12"
"5333","Carpathian Night Starring Bela Lugosi","CUSA56520","PS4","Нет","623,00 TL","","Нет","Нет","","https://store.playstation.com/en-tr/concept/10016722","2026-06-08","Action","PEGI_7"
"5334","CARRION","PPSA13287","PS4, PS5","Нет","699,00 TL","","Нет","Да","","https://store.playstation.com/en-tr/concept/10002805","2023-04-27","Action","PEGI_16"
"5335","Carnival Games","CUSA13873","PS4","Нет","699,00 TL","","Нет","Нет","","https://store.playstation.com/en-tr/concept/232878","2018-11-05","Family","PEGI_3"
"5336","Casey Powell Lacrosse 16","CUSA00632","PS4","Нет","849,00 TL","","Нет","Нет","","https://store.playstation.com/en-tr/concept/208831","2016-03-11","Sport","PEGI_7"
"5337","Cassiodora","PPSA06079","PS4, PS5","Нет","595,00 TL","","Нет","Нет","","https://store.playstation.com/en-tr/concept/10004250","2022-12-15","Party","PEGI_7"
"5338","CASE RECORDS: Fear of Abduction","PPSA31944","PS5","Нет","515,00 TL","","Нет","Да","","https://store.playstation.com/en-tr/concept/10014901","2025-08-08","Horror","PEGI_16"
"5339","Case Solved: The London Files","PPSA37455","PS5","Нет","774,00 TL","","Нет","Да","","https://store.playstation.com/en-tr/concept/10019387","2026-07-29","Puzzle","PEGI_3"
"5340","Cartel Tycoon","PPSA15514","PS5","Нет","1.049,00 TL","Deluxe Edition: 1.575,00 TL","Нет","Да","","https://store.playstation.com/en-tr/concept/10008032","2024-03-13","Strategy","PEGI_18"
"5341","Case Files: The Death of Paulette Williams","CUSA42256","PS4","Нет","105,00 TL","","Нет","Нет","","https://store.playstation.com/en-tr/concept/10006568","2023-03-26","Adventure","PEGI_12"
"5342","Car Wash Tycoon Business Simulator","CUSA56178","PS4","Нет","356,95 TL","","Нет","Нет","","https://store.playstation.com/en-tr/concept/10016412","2025-12-31","Simulation","PEGI_3"
"5343","Catan VR","CUSA14587","PS4","Нет","649,00 TL","","Нет","Нет","","https://store.playstation.com/en-tr/concept/233127","2019-06-25","Casual","PEGI_3"
"5344","Catana","CUSA33503","PS4","Нет","300,00 TL","","Нет","Да","","https://store.playstation.com/en-tr/concept/10004994","2022-04-21","Casual","PEGI_7"
"5345","Castle Crumble","PPSA31686","PS5","Нет","215,00 TL","","Нет","Да","","https://store.playstation.com/en-tr/concept/10016069","2025-10-03","Casual","PEGI_3"
"5346","CastleStorm","CUSA00403","PS4","Нет","649,00 TL","","Нет","Нет","","https://store.playstation.com/en-tr/concept/200691","2014-10-14","Casual","PEGI_12"
"5347","CastleStorm II","CUSA18438","PS4","Нет","849,00 TL","ZEN Triple RPG Bundle: 2.579,00 TL; CastleStorm II: 849,00 TL","Нет","Нет","","https://store.playstation.com/en-tr/concept/10000255","2020-09-23","Strategy","PEGI_16"
"5348","Castlevania","CUSA28030","PS4","Нет","699,00 TL","","Нет","Нет","","https://store.playstation.com/en-tr/concept/10002499","2021-09-24","Action","PEGI_12"
"5349","Cat and Ghostly Road","PPSA19395","PS5","Нет","104,70 TL","Cat and Ghostly Road: 104,70 TL; Cat and Ghostly Road: 104,70 TL","Нет","Да","","https://store.playstation.com/en-tr/concept/10009515","2024-03-05","Adventure","PEGI_7"
"5350","Castlevania","CUSA15101","PS4","Нет","699,00 TL","","Нет","Нет","","https://store.playstation.com/en-tr/concept/234293","2019-05-15","Arcade","PEGI_12"
"5351","Castle on the Coast","CUSA29629","PS4","Нет","525,00 TL","","Нет","Да","","https://store.playstation.com/en-tr/concept/10003505","2021-12-15","Adventure","PEGI_3"
"5352","Castlevania Requiem: Symphony of the Night & Rondo of Blood","CUSA13590","PS4","Нет","1.049,00 TL","","Нет","Нет","","https://store.playstation.com/en-tr/concept/232977","2018-10-25","Action","PEGI_16"
"5353","Castlevania","PPSA15645","PS5","Нет","1.079,00 TL","","Нет","Нет","","https://store.playstation.com/en-tr/concept/10007943","2024-08-27","Action","PEGI_12"
"5354","Casual Challenge Players' Club","PPSA06166","PS4, PS5","Нет","175,00 TL","","Нет","Нет","","https://store.playstation.com/en-tr/concept/10004301","2022-09-26","Puzzle","PEGI_3"
"5355","Castlevania: Belmont's Curse","PPSA35399","PS5","Да","1.299,00 TL","Standard Edition: 1.299,00 TL; Midnight Edition: 1.749,00 TL","Нет","Нет","","https://store.playstation.com/en-tr/concept/10018186","2026-10-14","Role Playing Games","PEGI_16"
"5356","Castle Formers","PPSA07490","PS4, PS5","Нет","175,00 TL","","Нет","Нет","","https://store.playstation.com/en-tr/concept/10004996","2022-04-21","Action","PEGI_7"
"5357","Castle Renovator","CUSA32323","PS4","Нет","509,00 TL","","Нет","Да","","https://store.playstation.com/en-tr/concept/10004540","2022-10-06","Simulation","PEGI_3"
"5358","CastleStorm","CUSA08559","PS4","Нет","649,00 TL","","Нет","Нет","","https://store.playstation.com/en-tr/concept/228069","2017-07-31","Action","PEGI_7"
"5360","Cast of the Seven Godsends - Redux","CUSA04309","PS4","Нет","245,00 TL","","Нет","Да","","https://store.playstation.com/en-tr/concept/216111","2016-07-19","Arcade","PEGI_12"
"5361","Cat Break Head to Head","PPSA10956","PS5","Нет","343,00 TL","Cat Break Head to Head: 343,00 TL; Cat Break Head to Head: 343,00 TL","Нет","Нет","","https://store.playstation.com/en-tr/concept/10006407","2022-11-17","Casual","PEGI_3"
"5362","The Catch: Carp & Coarse Fishing","CUSA19174","PS4","Нет","1.079,00 TL","The Catch: Carp & Coarse Fishing: 1.079,00 TL; The Catch: Carp & Coarse - Deluxe Edition: 209,80 TL; The Catch: Carp & Coarse - Collector's Edition: 1.419,00 TL; European Fishing Bundle: 109,80 TL","Нет","Да","","https://store.playstation.com/en-tr/concept/10000445","2020-06-29","Sport","PEGI_3"
"5363","Cats Clean Ocean","PPSA29767","PS5","Нет","189,00 TL","","Нет","Нет","","https://store.playstation.com/en-tr/concept/10014951","2025-05-09","Adventure","PEGI_3"
"5364","Catch & Release","CUSA12069","PS4","Нет","849,00 TL","","Нет","Да","","https://store.playstation.com/en-tr/concept/232182","2018-08-28","Casual","PEGI_3"
"5365","Cat Doctor","PPSA32417","PS5","Нет","85,00 TL","Cat Doctor: 85,00 TL; Cat Doctor: 85,00 TL","Нет","Нет","","https://store.playstation.com/en-tr/concept/10016492","2025-10-11","Casual","PEGI_3"
"5366","Cat Break","PPSA10953","PS5","Нет","322,00 TL","Cat Break Mini Game Bundle: 349,00 TL; Cat Break: 322,00 TL; Cat Break Mini Game Bundle: 349,00 TL; Cat Break: 343,00 TL","Нет","Нет","","https://store.playstation.com/en-tr/concept/10006406","2022-11-10","Casual","PEGI_3"
"5367","Cat God Ranch","PPSA31328","PS5","Нет","293,55 TL","","Нет","Да","","https://store.playstation.com/en-tr/concept/10015831","2025-11-19","Strategy","PEGI_3"
"5368","Cats and Seek : Osaka","PPSA24828","PS5","Нет","105,00 TL","Cats and Seek: Osaka: 105,00 TL; Cats and Seek: Osaka: 105,00 TL","Нет","Да","","https://store.playstation.com/en-tr/concept/10011915","2024-10-09","Puzzle","PEGI_3"
"5369","Cats and the Other Lives","CUSA42858","PS4","Нет","849,00 TL","","Нет","Нет","","https://store.playstation.com/en-tr/concept/10008178","2023-10-20","Adventure","PEGI_16"
"5370","Catie in MeowmeowLand","PPSA03386","PS4, PS5","Нет","649,00 TL","","Нет","Да","","https://store.playstation.com/en-tr/concept/10002685","2022-03-29","Puzzle","PEGI_3"
"5371","Cat Named Mojave","PPSA36446","PS5","Нет","515,00 TL","","Нет","Да","","https://store.playstation.com/en-tr/concept/10018597","2026-05-20","Horror","PEGI_18"
"5372","Cat Rescue Story","PPSA19407","PS4, PS5","Нет","1.399,00 TL","","Нет","Да","","https://store.playstation.com/en-tr/concept/10009314","2024-09-26","Family","PEGI_3"
"5373","Catmaze","PPSA08980","PS4, PS5","Нет","429,00 TL","","Нет","Да","","https://store.playstation.com/en-tr/concept/10005541","2022-09-08","Adventure","PEGI_12"
"5374","Catlateral Damage","CUSA04999","PS4","Нет","419,00 TL","","Нет","Нет","","https://store.playstation.com/en-tr/concept/216115","2016-06-12","Shooter","PEGI_3"
"5375","Cat Plus","CUSA50018","PS4","Нет","300,00 TL","","Нет","Нет","","https://store.playstation.com/en-tr/concept/10011814","2025-01-30","Arcade","PEGI_3"
"5376","Cathedral","CUSA29447","PS4","Нет","549,00 TL","","Нет","Нет","","https://store.playstation.com/en-tr/concept/10003433","2022-04-12","Action","PEGI_7"
"5377","Catlateral Damage: Remeowstered","PPSA03914","PS4, PS5","Нет","455,00 TL","","Нет","Да","","https://store.playstation.com/en-tr/concept/10002055","2021-09-14","Casual","PEGI_3"
"5378","Cats and Seek : Tokyo","PPSA35532","PS5","Нет","129,00 TL","Cats and Seek: Tokyo: 129,00 TL; Cats and Seek: Tokyo: 129,00 TL","Нет","Нет","","https://store.playstation.com/en-tr/concept/10018300","2026-05-20","Puzzle","PEGI_3"
"5379","Cats Around Us: Giant Cat","PPSA33753","PS5","Нет","129,00 TL","Cats Around Us: Giant Cat: 129,00 TL; Cats Around Us: Giant Cat: 129,00 TL","Нет","Нет","","https://store.playstation.com/en-tr/concept/10017179","2026-01-14","Puzzle","PEGI_3"
"5380","Cats and Seek : Kyoto","PPSA31370","PS5","Нет","129,00 TL","Cats and Seek: Kyoto: 129,00 TL; Cats and Seek: Kyoto: 129,00 TL","Нет","Нет","","https://store.playstation.com/en-tr/concept/10015858","2025-10-08","Puzzle","PEGI_3"
"5381","Cat in Rain","PPSA32446","PS5","Нет","86,00 TL","Cat in Rain: 86,00 TL; Cat in Rain: 86,00 TL","Нет","Нет","","https://store.playstation.com/en-tr/concept/10016508","2025-08-28","Action","PEGI_3"
"5382","Cat President: A More Purrfect Union","PPSA17444","PS4, PS5","Нет","387,00 TL","","Нет","Нет","","https://store.playstation.com/en-tr/concept/10008798","2025-03-04","Adventure","PEGI_12"
"5383","Cat Ping Pong","PPSA16462","PS5","Нет","215,00 TL","Cat Ping Pong: 215,00 TL; Cat Ping Pong: 215,00 TL","Нет","Нет","","https://store.playstation.com/en-tr/concept/10008378","2023-06-05","Casual","PEGI_3"
"5384","Cats Away","PPSA21514","PS5","Нет","1.049,00 TL","","Нет","Нет","","https://store.playstation.com/en-tr/concept/10007182","2025-07-09","Action","PEGI_7"
"5385","Cats in Cozy Rooms","PPSA28239","PS5","Нет","205,80 TL","","Нет","Нет","","https://store.playstation.com/en-tr/concept/10014017","2025-08-15","Puzzle","PEGI_3"
"5386","Cats in Boxes","PPSA28307","PS5","Нет","105,00 TL","","Нет","Да","","https://store.playstation.com/en-tr/concept/10014067","2025-04-30","Puzzle","PEGI_3"
"5387","CATS OF WAR","PPSA03861","PS5","Нет","387,00 TL","","Нет","Нет","","https://store.playstation.com/en-tr/concept/10002997","2021-09-22","Action","PEGI_7"
"5388","Cats on Duty","PPSA18366","PS5","Нет","687,00 TL","Cats on Duty: 687,00 TL; Cats on Duty: 687,00 TL","Нет","Да","","https://store.playstation.com/en-tr/concept/10009138","2025-03-27","Strategy","PEGI_12"
"5389","Cat Souls","PPSA15454","PS4, PS5","Нет","175,00 TL","","Нет","Нет","","https://store.playstation.com/en-tr/concept/10007995","2023-06-08","Action","PEGI_3"
"5390","Cat Slide Tiles","CUSA39445","PS4","Нет","171,00 TL","","Нет","Нет","","https://store.playstation.com/en-tr/concept/10006111","2023-01-25","Puzzle","PEGI_3"
"5391","Cat's Request","PPSA22842","PS5","Нет","87,25 TL","Cat's Request: 87,25 TL; Cat's Request: 87,25 TL","Нет","Да","","https://store.playstation.com/en-tr/concept/10010907","2024-08-13","Adventure","PEGI_7"
"5392","Cavern Adventurers","CUSA49194","PS4","Нет","549,00 TL","","Нет","Нет","","https://store.playstation.com/en-tr/concept/10011219","2026-07-15","Simulation","PEGI_7"
"5393","Cave Digger VR","PPSA15828","PS4, PS5","Нет","193,05 TL","Cave Digger Bundle 2026: 1.160,00 TL; Cave Digger: 193,05 TL; Cave Digger VR: 193,05 TL","Нет","Нет","","https://store.playstation.com/en-tr/concept/232984","2023-06-01","Adventure","PEGI_3"
"5394","Caves and Castles: Underworld","CUSA26241","PS4","Нет","215,00 TL","","Нет","Да","","https://store.playstation.com/en-tr/concept/10002140","2021-01-28","Adventure","PEGI_3"
"5395","Cave Bad","PPSA05455","PS5","Нет","215,00 TL","Cave Bad: 215,00 TL; Cave Bad: 215,00 TL","Нет","Нет","","https://store.playstation.com/en-tr/concept/10002287","2021-11-04","Adventure","PEGI_3"
"5396","Cave Looters","PPSA38814","PS5","Нет","215,00 TL","Cave Looters: 215,00 TL; Cave Looters: 215,00 TL","Нет","Нет","","https://store.playstation.com/en-tr/concept/10020192","2026-07-23","Adventure","PEGI_7"
"5397","Cattie","PPSA23768","PS4, PS5","Нет","175,00 TL","","Нет","Нет","","https://store.playstation.com/en-tr/concept/10011378","2024-08-06","Puzzle","PEGI_3"
"5398","Caveman Ransom","PPSA20638","PS4, PS5","Нет","86,00 TL","","Нет","Нет","","https://store.playstation.com/en-tr/concept/10010024","2024-02-15","Action","PEGI_3"
"5399","CATTCH","CUSA25648","PS4","Нет","300,00 TL","","Нет","Да","","https://store.playstation.com/en-tr/concept/10001947","2020-12-17","Adventure","PEGI_3"
"5400","Caveman Warriors","CUSA08227","PS4","Нет","623,00 TL","","Нет","Нет","","https://store.playstation.com/en-tr/concept/228696","2017-09-22","Action","PEGI_7"
"5401","Causal Loop","PPSA33293","PS5","Нет","849,00 TL","","Нет","Да","","https://store.playstation.com/en-tr/concept/10016950","2026-04-23","Puzzle","PEGI_12"
"5402","Cave Digger 2 Dig Harder (VR + non-VR)","PPSA08479","PS4, PS5","Нет","485,55 TL","Cave Digger 2 Dig Harder (VR + non-VR): 485,55 TL; Cave Digger 2 (Non-VR): 292,05 TL; Best of VRKiwi Bundle: 1.499,00 TL","Нет","Нет","","https://store.playstation.com/en-tr/concept/10002212","2023-02-22","Action","PEGI_16"
"5403","Cavity Busters","PPSA11543","PS4, PS5","Нет","537,00 TL","","Нет","Нет","","https://store.playstation.com/en-tr/concept/10006619","2023-04-20","Action","PEGI_7"
"5404","Cats Ritual","PPSA27178","PS5","Нет","150,00 TL","Standard: 150,00 TL; Cats Ritual PS4 & PS5: 193,00 TL; Standard: 150,00 TL","Нет","Нет","","https://store.playstation.com/en-tr/concept/10013282","2025-08-14","Adventure","PEGI_3"
"5405","Cats vs Dogs","PPSA32884","PS5","Нет","300,00 TL","Cats vs Dogs: 300,00 TL; Cats vs Dogs: 300,00 TL","Нет","Нет","","https://store.playstation.com/en-tr/concept/10016720","2025-09-05","Arcade","PEGI_3"
"5406","Cattle Country","PPSA26882","PS5","Нет","879,00 TL","Cattle Country: 879,00 TL","Нет","Нет","","https://store.playstation.com/en-tr/concept/10013085","2025-05-27","Casual","PEGI_7"
"5407","Caverns of Mars: Recharged","PPSA13384","PS5","Нет","315,00 TL","Caverns of Mars: Recharged: 315,00 TL; Caverns of Mars: Recharged: 315,00 TL","Нет","Да","","https://store.playstation.com/en-tr/concept/10007178","2023-03-08","Action","PEGI_3"
"5408","Cavorite","PPSA28149","PS5","Нет","209,00 TL","","Нет","Нет","","https://store.playstation.com/en-tr/concept/10013962","2025-02-20","Puzzle","PEGI_7"
"5409","Cazzarion: Astro Bouncer","PPSA21956","PS5","Нет","69,00 TL","Cazzarion: Astro Bouncer: 69,00 TL; Cazzarion: Astro Bouncer: 85,00 TL","Нет","Нет","","https://store.playstation.com/en-tr/concept/10010569","2024-03-10","Casual","PEGI_3"
"5410","Cazzarion: Adventureland","PPSA20862","PS5","Нет","122,00 TL","","Нет","Нет","","https://store.playstation.com/en-tr/concept/10010095","2024-03-05","Arcade","PEGI_3"
"5411","Cazzarion: Car Chase","PPSA23374","PS5","Нет","69,00 TL","Cazzarion: Car Chase: 69,00 TL; Cazzarion: Car Chase: 69,00 TL","Нет","Нет","","https://store.playstation.com/en-tr/concept/10011160","2024-06-02","Driving/Racing","PEGI_3"
"5412","Cazzarion: Coin Pilot","PPSA23571","PS5","Нет","69,00 TL","","Нет","Нет","","https://store.playstation.com/en-tr/concept/10011251","2024-06-08","Arcade","PEGI_3"
"5413","Cazzarion: Bomber Attack","PPSA24130","PS5","Нет","69,00 TL","Cazzarion: Bomber Attack: 69,00 TL; Cazzarion: Bomber Attack: 69,00 TL","Нет","Нет","","https://store.playstation.com/en-tr/concept/10011573","2024-06-30","Arcade","PEGI_7"
"5414","Cazzarion: Builder","PPSA27919","PS5","Нет","34,50 TL","","Нет","Нет","","https://store.playstation.com/en-tr/concept/10013777","2025-03-11","Simulation","PEGI_3"
"5415","Cazzarion: Hell Biker","PPSA28392","PS5","Нет","34,50 TL","Cazzarion: Hell Biker: 34,50 TL; Cazzarion: Hell Biker: 69,00 TL","Нет","Нет","","https://store.playstation.com/en-tr/concept/10014130","2025-03-13","Simulation","PEGI_12"
"5416","Cazzarion: Fallen Kingdom","PPSA26560","PS5","Нет","34,50 TL","Cazzarion: Fallen Kingdom: 34,50 TL; Cazzarion: Fallen Kingdom: 34,50 TL","Нет","Нет","","https://store.playstation.com/en-tr/concept/10012932","2024-12-02","Action","PEGI_12"
"5417","Cazzarion: Flak Battle","PPSA23365","PS5","Нет","69,00 TL","","Нет","Нет","","https://store.playstation.com/en-tr/concept/10011156","2024-06-16","Action","PEGI_7"
"5418","Cazzarion: Mosquito Hunt","PPSA24316","PS5","Нет","69,00 TL","Cazzarion: Mosquito Hunt: 69,00 TL; Cazzarion: Mosquito Hunt: 34,50 TL","Нет","Нет","","https://store.playstation.com/en-tr/concept/10011664","2024-07-07","Arcade","PEGI_7"
"5419","Cazzarion: Fishing","PPSA27799","PS5","Нет","34,50 TL","Cazzarion: Fishing: 34,50 TL; Cazzarion: Fishing: 34,50 TL","Нет","Нет","","https://store.playstation.com/en-tr/concept/10013681","2025-03-06","Simulator","PEGI_3"
"5420","Cazzarion: Ghost Frenzy","PPSA22028","PS5","Нет","69,00 TL","","Нет","Нет","","https://store.playstation.com/en-tr/concept/10010597","2024-03-20","Casual","PEGI_3"
"5421","Cazzarion: Jetpack Fighter","PPSA32917","PS5","Нет","85,00 TL","","Нет","Нет","","https://store.playstation.com/en-tr/concept/10016739","2025-11-23","Action","PEGI_7"
"5422","Cazzarion: Pop The Bubbles","PPSA22556","PS5","Нет","69,00 TL","","Нет","Нет","","https://store.playstation.com/en-tr/concept/10010790","2024-04-14","Casual","PEGI_3"
"5423","Cazzarion: Drone Flight","PPSA25268","PS5","Нет","69,00 TL","Cazzarion: Drone Flight: 69,00 TL; Cazzarion: Drone Flight: 69,00 TL","Нет","Нет","","https://store.playstation.com/en-tr/concept/10012120","2024-09-23","Simulation","PEGI_3"
"5424","Cazzarion: Kutululu","PPSA30182","PS5","Нет","69,00 TL","Cazzarion: Kutululu: 69,00 TL; Cazzarion: Kutululu: 69,00 TL","Нет","Нет","","https://store.playstation.com/en-tr/concept/10015186","2025-06-06","Adventure","PEGI_3"
"5425","Cazzarion: Laser Puzzle","PPSA34454","PS5","Нет","85,00 TL","","Нет","Нет","","https://store.playstation.com/en-tr/concept/10017606","2026-04-19","Puzzle","PEGI_3"
"5426","Cazzarion: Gunslinger","PPSA22183","PS5","Нет","69,00 TL","Cazzarion: Gunslinger: 69,00 TL; Cazzarion: Gunslinger: 85,00 TL","Нет","Нет","","https://store.playstation.com/en-tr/concept/10010655","2024-03-31","Arcade","PEGI_3"
"5427","Cazzarion: Demon Hunting","PPSA19762","PS5","Нет","122,00 TL","","Нет","Нет","","https://store.playstation.com/en-tr/concept/10009658","2023-11-29","Shooter","PEGI_16"
"5428","Cazzarion: Pacific Winds","PPSA30470","PS5","Нет","85,00 TL","Cazzarion: Pacific Winds: 85,00 TL; Cazzarion: Pacific Winds: 42,50 TL","Нет","Нет","","https://store.playstation.com/en-tr/concept/10015346","2025-06-17","Simulation","PEGI_3"
"5429","Cazzarion: Cute Town","PPSA28574","PS5","Нет","34,50 TL","","Нет","Нет","","https://store.playstation.com/en-tr/concept/10014244","2025-03-17","Simulation","PEGI_3"
"5430","Cazzarion: Robot Rush","PPSA22781","PS5","Нет","49,00 TL","Cazzarion: Robot Rush: 49,00 TL; Cazzarion: Robot Rush: 85,00 TL","Нет","Нет","","https://store.playstation.com/en-tr/concept/10010890","2024-05-12","Arcade","PEGI_7"
"5431","Cazzarion: Shooting Gallery","PPSA24403","PS5","Нет","69,00 TL","Cazzarion: Shooting Gallery: 69,00 TL; Cazzarion: Shooting Gallery: 34,50 TL","Нет","Нет","","https://store.playstation.com/en-tr/concept/10011707","2024-07-21","Arcade","PEGI_7"
"5432","Cazzarion: Sky Flight","PPSA22855","PS5","Нет","69,00 TL","Cazzarion: Sky Flight: 69,00 TL; Cazzarion: Sky Flight: 85,00 TL","Нет","Нет","","https://store.playstation.com/en-tr/concept/10010916","2024-05-12","Arcade","PEGI_3"
"5433","Cazzarion: Jumping Tiger","PPSA24548","PS5","Нет","69,00 TL","Cazzarion: Jumping Tiger: 69,00 TL; Cazzarion: Jumping Tiger: 34,50 TL","Нет","Нет","","https://store.playstation.com/en-tr/concept/10011780","2024-07-14","Arcade","PEGI_3"
"5434","Cazzarion: Space Shooter","PPSA20415","PS5","Нет","122,00 TL","","Нет","Нет","","https://store.playstation.com/en-tr/concept/10009912","2023-12-21","Shooter","PEGI_7"
"5435","Cazzarion: Portal Pilot","PPSA23748","PS5","Нет","69,00 TL","Cazzarion: Portal Pilot: 69,00 TL; Cazzarion: Portal Pilot: 69,00 TL","Нет","Нет","","https://store.playstation.com/en-tr/concept/10011369","2024-06-14","Arcade","PEGI_3"
"5436","Cazzarion: Ship Hunting","PPSA23995","PS5","Нет","69,00 TL","Cazzarion: Ship Hunting: 69,00 TL; Cazzarion: Ship Hunting: 34,50 TL","Нет","Нет","","https://store.playstation.com/en-tr/concept/10011497","2024-06-23","Action","PEGI_7"
"5437","Cazzarion: Shellfish Frenzy","PPSA21993","PS5","Нет","69,00 TL","Cazzarion: Shellfish Frenzy: 69,00 TL; Cazzarion: Shellfish Frenzy: 42,50 TL","Нет","Нет","","https://store.playstation.com/en-tr/concept/10010585","2024-03-19","Casual","PEGI_3"
"5438","Cazzarion: Rocket Raid","PPSA23057","PS5","Нет","69,00 TL","Cazzarion: Rocket Raid: 69,00 TL; Cazzarion: Rocket Raid: 85,00 TL","Нет","Нет","","https://store.playstation.com/en-tr/concept/10010991","2024-05-27","Arcade","PEGI_3"
"5439","Cazzarion: Speed Run","PPSA22591","PS5","Нет","69,00 TL","Cazzarion: Speed Run: 69,00 TL; Cazzarion: Speed Run: 85,00 TL","Нет","Нет","","https://store.playstation.com/en-tr/concept/10010799","2024-04-21","Arcade","PEGI_3"
"5440","Cel Damage HD","CUSA00653","PS4","Нет","387,00 TL","","Нет","Нет","","https://store.playstation.com/en-tr/concept/206342","2023-04-19","Action","PEGI_7"
"5441","Chaos on Deponia","CUSA08542","PS4","Нет","249,00 TL","","Нет","Да","","https://store.playstation.com/en-tr/concept/227302","2017-12-05","Adventure","PEGI_12"
"5442","Chameneon","CUSA33659","PS4","Нет","171,00 TL","","Нет","Нет","","https://store.playstation.com/en-tr/concept/10004967","2022-08-17","Adventure","PEGI_3"
"5443","Chained Echoes","CUSA29547","PS4","Нет","1.079,00 TL","","Нет","Нет","","https://store.playstation.com/en-tr/concept/10003362","2022-12-07","Role Playing Games","PEGI_16"
"5444","Chained Survive Together","CUSA50631","PS4","Нет","209,00 TL","","Нет","Нет","","https://store.playstation.com/en-tr/concept/10012174","2024-10-10","Adventure","PEGI_3"
"5445","ChainStaff","PPSA28251","PS5","Нет","649,00 TL","ChainStaff: 649,00 TL; ChainStaff: 649,00 TL","Нет","Да","","https://store.playstation.com/en-tr/concept/10014011","2026-04-07","Action","PEGI_18"
"5446","CHAOSCHILD","CUSA07107","PS4","Нет","262,25 TL","","Нет","Нет","","https://store.playstation.com/en-tr/concept/200675","2017-10-13","Adventure","PEGI_16"
"5447","Celebrity Slot Machine","CUSA41215","PS4","Нет","279,00 TL","","Нет","Нет","","https://store.playstation.com/en-tr/concept/10007576","2023-03-22","Casual","PEGI_18"
"5448","Cazzarion: Treasure Diver","PPSA24926","PS5","Нет","69,00 TL","Cazzarion: Treasure Diver: 69,00 TL; Cazzarion: Treasure Diver: 69,00 TL","Нет","Нет","","https://store.playstation.com/en-tr/concept/10011960","2024-08-15","Arcade","PEGI_3"
"5449","Charlie The Roach","PPSA13402","PS5","Нет","175,00 TL","","Нет","Нет","","https://store.playstation.com/en-tr/concept/10004739","2022-11-28","Action","PEGI_3"
"5450","Centum","PPSA26477","PS5","Нет","649,00 TL","Centum: 649,00 TL; Centum: 649,00 TL","Нет","Да","","https://store.playstation.com/en-tr/concept/10012850","2025-03-11","Role Playing Games","PEGI_16"
"5451","Chaos Method","PPSA31826","PS5","Нет","215,00 TL","","Нет","Нет","","https://store.playstation.com/en-tr/concept/10016161","2025-11-30","Family","PEGI_3"
"5452","Centipede Gun","PPSA28379","PS4, PS5","Нет","215,00 TL","","Нет","Нет","","https://store.playstation.com/en-tr/concept/10014121","2026-02-11","Strategy","PEGI_7"
"5453","Changeable Guardian ESTIQUE","PPSA37571","PS5","Нет","549,60 TL","","Нет","Нет","","https://store.playstation.com/en-tr/concept/10017894","2026-08-05","Shooter","PEGI_7"
"5454","Centipede: Recharged","PPSA04833","PS5","Нет","315,00 TL","Centipede: Recharged: 315,00 TL; Atari Recharged Bundle: Centipede + Black Widow: 219,00 TL; Centipede: Recharged: 315,00 TL; Atari Recharged Bundle: Centipede + Black Widow: 219,00 TL","Нет","Да","","https://store.playstation.com/en-tr/concept/10003319","2021-09-28","Arcade","PEGI_3"
"5455","Cazzarion: Star Collector","PPSA23072","PS5","Нет","69,00 TL","","Нет","Нет","","https://store.playstation.com/en-tr/concept/10011000","2024-05-29","Casual","PEGI_3"
"5456","Chasing Static","PPSA09319","PS4, PS5","Нет","259,60 TL","","Нет","Да","","https://store.playstation.com/en-tr/concept/10005783","2023-01-12","Adventure","PEGI_16"
"5457","Chasm","CUSA12184","PS4","Нет","774,00 TL","","Нет","Нет","","https://store.playstation.com/en-tr/concept/200696","2018-08-14","Action","PEGI_7"
"5458","Chef","CUSA42927","PS4","Нет","85,80 TL","","Нет","Нет","","https://store.playstation.com/en-tr/concept/10008206","2023-05-24","Puzzle","PEGI_3"
"5459","Checkers","CUSA25624","PS4","Нет","349,00 TL","","Нет","Нет","","https://store.playstation.com/en-tr/concept/10001941","2020-11-26","Sport","PEGI_3"
"5460","Chasm: The Rift","PPSA13990","PS4, PS5","Нет","849,00 TL","","Нет","Да","","https://store.playstation.com/en-tr/concept/10007462","2023-05-18","Action","PEGI_16"
"5461","Charon's Staircase","PPSA06603","PS5","Нет","139,80 TL","Charon's Staircase: 139,80 TL; Charon's Staircase: 139,80 TL","Нет","Да","","https://store.playstation.com/en-tr/concept/10004545","2022-10-27","Horror","PEGI_16"
"5462","Chefy-Chef","PPSA07200","PS4, PS5","Нет","215,00 TL","","Нет","Да","","https://store.playstation.com/en-tr/concept/10004851","2022-05-05","Action","PEGI_3"
"5463","Chemically Bonded","PPSA13534","PS4, PS5","Нет","214,50 TL","","Нет","Нет","","https://store.playstation.com/en-tr/concept/10007248","2023-10-12","Adventure","PEGI_12"
"5464","Chess Knights: Shinobi","CUSA26176","PS4","Нет","171,00 TL","","Нет","Нет","","https://store.playstation.com/en-tr/concept/10002144","2021-05-17","Casual","PEGI_3"
"5465","Chenso Club","PPSA10628","PS5","Нет","429,00 TL","Chenso Club: 429,00 TL; Chenso Club: 429,00 TL","Нет","Да","","https://store.playstation.com/en-tr/concept/10005000","2023-03-16","Adventure","PEGI_16"
"5466","Chess Club","PPSA17951","PS5","Нет","429,00 TL","","Нет","Нет","","https://store.playstation.com/en-tr/concept/10008998","2025-07-18","Arcade","PEGI_7"
"5467","Chernobyl Again","PPSA13267","PS5","Нет","1.299,00 TL","","Нет","Да","","https://store.playstation.com/en-tr/concept/10006554","2024-09-12","Adventure","PEGI_16"
"5468","Chibi Ninja Shino-kun Treasure of Demon Tower","PPSA27196","PS4, PS5","Нет","245,00 TL","","Нет","Нет","","https://store.playstation.com/en-tr/concept/10013299","2025-02-13","Casual","PEGI_7"
"5469","Chicken Climber","PPSA35976","PS4, PS5","Нет","150,50 TL","","Нет","Да","","https://store.playstation.com/en-tr/concept/10018547","2026-05-21","Casual","PEGI_12"
"5470","Chernobyl: Escape from Pripyat","CUSA50201","PS4","Нет","525,00 TL","","Нет","Нет","","https://store.playstation.com/en-tr/concept/10011928","2025-04-14","Shooter","PEGI_16"
"5471","Chicken Police – Paint it RED!","PPSA05438","PS4, PS5","Нет","699,00 TL","Chicken Police – Paint it RED! PS4 & PS5: 699,00 TL; Chicken Police – Paint it RED!: 699,00 TL","Нет","Да","","https://store.playstation.com/en-tr/concept/10000774","2022-03-30","Unique","PEGI_16"
"5472","Chess Infinity","PPSA23713","PS5","Нет","549,00 TL","Chess Infinity: 549,00 TL; Grandmaster Edition: 1.079,00 TL","Нет","Да","","https://store.playstation.com/en-tr/concept/10011331","2024-12-10","Family","PEGI_3"
"5473","Chicken Assassin: Reloaded","CUSA12742","PS4","Нет","245,00 TL","","Нет","Да","","https://store.playstation.com/en-tr/concept/232436","2018-07-16","Casual","PEGI_12"
"5474","Chess Knights: Viking Lands","CUSA25876","PS4","Нет","171,00 TL","","Нет","Нет","","https://store.playstation.com/en-tr/concept/10002019","2021-03-10","Puzzle","PEGI_3"
"5475","Chess Gambit","PPSA09799","PS5","Нет","429,00 TL","Chess Gambit: 429,00 TL; Chess Gambit: 429,00 TL","Нет","Да","","https://store.playstation.com/en-tr/concept/10006000","2022-10-07","Strategy","PEGI_3"
"5476","Chickenhare and the treasure of Spiking-beard","PPSA31924","PS5","Нет","1.299,00 TL","","Нет","Да","","https://store.playstation.com/en-tr/concept/10014706","2025-10-10","Family","PEGI_7"
"5477","Chess Brain: Dark Troops","CUSA33969","PS4","Нет","171,00 TL","","Нет","Нет","","https://store.playstation.com/en-tr/concept/10005055","2022-08-31","Puzzle","PEGI_3"
"5478","Chessarama","PPSA24646","PS5","Нет","525,00 TL","","Нет","Да","","https://store.playstation.com/en-tr/concept/10011699","2025-04-17","Strategy","PEGI_7"
"5479","Chess Ultra","CUSA06579","PS4","Нет","549,00 TL","","Нет","Да","PS Plus Extra","https://store.playstation.com/en-tr/concept/225783","2017-06-20","Family","PEGI_3"
"5480","Chicken Range","CUSA11931","PS4","Нет","349,00 TL","","Нет","Нет","","https://store.playstation.com/en-tr/concept/232101","2018-10-25","Arcade","PEGI_7"
"5481","Children of Silentown","PPSA08687","PS4, PS5","Нет","699,00 TL","Children of Silentown: 699,00 TL","Нет","Да","","https://store.playstation.com/en-tr/concept/10005396","2023-01-11","Adventure","PEGI_7"
"5482","Chime Sharp","CUSA06708","PS4","Нет","429,00 TL","","Нет","Нет","","https://store.playstation.com/en-tr/concept/224829","2017-02-21","Music/Rhythm","PEGI_3"
"5483","ChildStory","PPSA34734","PS4, PS5","Нет","240,00 TL","","Нет","Да","","https://store.playstation.com/en-tr/concept/10017630","2026-03-25","Adventure","PEGI_7"
"5484","Children of Zodiarcs","CUSA08334","PS4","Нет","188,70 TL","","Нет","Нет","","https://store.playstation.com/en-tr/concept/228976","2017-07-18","Role Playing Games","PEGI_12"
"5485","Chimp Quest: Spirit Isle","PPSA21784","PS5","Нет","21,45 TL","","Нет","Нет","","https://store.playstation.com/en-tr/concept/10010491","2024-04-29","Strategy","PEGI_3"
"5486","Chicken Run: Eggstraction","PPSA29443","PS4, PS5","Нет","1.749,00 TL","","Нет","Нет","","https://store.playstation.com/en-tr/concept/10014769","2025-10-23","Action","PEGI_7"
"5487","Chipmonk!","CUSA44377","PS4","Нет","429,00 TL","","Нет","Нет","","https://store.playstation.com/en-tr/concept/10008518","2023-09-27","Action","PEGI_7"
"5488","Chop is Dish","CUSA18910","PS4","Нет","215,00 TL","","Нет","Да","","https://store.playstation.com/en-tr/concept/10000398","2020-02-27","Action","PEGI_7"
"5489","Choice Clash: What Would You Rather?","CUSA46129","PS4","Нет","107,00 TL","","Нет","Нет","","https://store.playstation.com/en-tr/concept/10009641","2023-12-14","Party","PEGI_3"
"5490","Chorus of Carcosa","PPSA32174","PS5","Нет","472,00 TL","Chorus of Carcosa: 472,00 TL; Chorus of Carcosa: 472,00 TL","Нет","Да","","https://store.playstation.com/en-tr/concept/10016302","2025-11-12","Horror","PEGI_18"
"5491","Chocolate Factory Simulator","PPSA29925","PS5","Нет","849,00 TL","","Нет","Да","","https://store.playstation.com/en-tr/concept/10015051","2025-09-04","Simulation","PEGI_3"
"5492","Choice of Life: Wild Islands","PPSA29722","PS5","Нет","649,00 TL","Standard Edition: 649,00 TL; Standard Edition: 601,00 TL","Нет","Да","","https://store.playstation.com/en-tr/concept/10014822","2025-07-17","Action","PEGI_12"
"5493","Choice of Life: Middle Ages","CUSA32068","PS4","Нет","175,00 TL","","Нет","Да","","https://store.playstation.com/en-tr/concept/10004435","2022-02-18","Role Playing Games","PEGI_7"
"5494","Christmas Mutilator","PPSA34309","PS5","Нет","429,00 TL","","Нет","Нет","","https://store.playstation.com/en-tr/concept/10017531","2025-12-11","Action","PEGI_16"
"5495","Christmas Massacre","PPSA18854","PS4, PS5","Нет","515,00 TL","","Нет","Да","","https://store.playstation.com/en-tr/concept/10009054","2023-11-17","Arcade","PEGI_18"
"5496","Christmas Break","CUSA26173","PS4","Нет","343,00 TL","Christmas Break: 343,00 TL; Avatar Full Game Bundle Christmas Break: 139,50 TL","Нет","Нет","","https://store.playstation.com/en-tr/concept/10002142","2020-12-11","Arcade","PEGI_3"
"5497","Christmas Journey Puzzle","CUSA46708","PS4","Нет","42,00 TL","Christmas Puzzle Journey Avatar Bundle with Invisible Avatar: 215,00 TL; Christmas Journey Puzzle: 42,00 TL","Нет","Нет","","https://store.playstation.com/en-tr/concept/10009921","2024-01-19","Puzzle","PEGI_3"
"5498","Chornobyl Liquidators","PPSA25715","PS5","Нет","699,00 TL","Liquidator Hairdresser Bundle: 1.149,00 TL; Chornobyl Liquidators: 699,00 TL","Нет","Да","","https://store.playstation.com/en-tr/concept/10012328","2025-03-11","Adventure","PEGI_16"
"5499","Christmas Break Head to Head","CUSA25906","PS4","Нет","343,00 TL","Christmas Break Head to Head: 343,00 TL; Avatar Full Game Bundle Christmas Break Head to Head: 139,50 TL","Нет","Нет","","https://store.playstation.com/en-tr/concept/10002028","2020-11-27","Shooter","PEGI_7"
"5500","Choice of Life: Middle Ages 2","CUSA45974","PS4","Нет","245,00 TL","","Нет","Да","","https://store.playstation.com/en-tr/concept/10009573","2024-02-08","Adventure","PEGI_12"
"5501","Christmas Break 2 Head to Head","CUSA31310","PS4","Нет","343,00 TL","Christmas Break 2 Head to Head - Avatar Full Game Bundle: 279,00 TL; Christmas Break 2 Head to Head: 343,00 TL","Нет","Нет","","https://store.playstation.com/en-tr/concept/10004124","2021-11-12","Arcade","PEGI_3"
"5502","Christmas Break 2","CUSA31306","PS4","Нет","343,00 TL","Christmas Break 2 - Avatar Full Game Bundle: 279,00 TL; Christmas Break 2: 343,00 TL","Нет","Нет","","https://store.playstation.com/en-tr/concept/10004121","2021-11-05","Arcade","PEGI_3"
"5503","Chip ‘n Clawz vs. The Brainioids","PPSA28678","PS5","Нет","1.299,00 TL","Big Brain Edition: 1.419,00 TL","Нет","Да","","https://store.playstation.com/en-tr/concept/10013724","2025-08-26","Action","PEGI_7"
"5504","Christmas Race","PPSA26279","PS5","Нет","300,00 TL","Christmas Race: 300,00 TL; Christmas Race: 300,00 TL","Нет","Нет","","https://store.playstation.com/en-tr/concept/10012725","2024-11-20","Arcade","PEGI_3"
"5505","ChristmasRun","PPSA06188","PS5","Нет","343,00 TL","ChristmasRun: 343,00 TL; ChristmasRun - Avatar Full Game Bundle: 279,00 TL; ChristmasRun: 343,00 TL","Нет","Нет","","https://store.playstation.com/en-tr/concept/10004311","2021-12-24","Arcade","PEGI_3"
"5506","Chocobo's Mystery Dungeon EVERY BUDDY!","CUSA14138","PS4","Нет","1.399,00 TL","","Нет","Нет","","https://store.playstation.com/en-tr/concept/232988","2019-03-20","Role Playing Games","PEGI_7"
"5507","ChromaGun VR","CUSA11216","PS4","Нет","849,00 TL","ChromaGun VR: 849,00 TL; ChromaGun Bundle: 1.160,00 TL","Нет","Нет","","https://store.playstation.com/en-tr/concept/231474","2019-02-18","Adventure","PEGI_7"
"5508","ChromaGun","CUSA04908","PS4","Нет","649,00 TL","","Нет","Нет","","https://store.playstation.com/en-tr/concept/221846","2017-08-23","Family","PEGI_7"
"5509","ChromaGun 2: Dye Hard","PPSA27013","PS5","Нет","849,00 TL","","Нет","Да","","https://store.playstation.com/en-tr/concept/10013166","2026-02-12","Adventure","PEGI_7"
"5510","Christmas Run 2","PPSA10790","PS5","Нет","343,00 TL","Christmas Triple Play Game Bundle: 387,00 TL; Christmas Run 2: 343,00 TL; Christmas Triple Play Game Bundle: 387,00 TL; Christmas Run 2: 343,00 TL","Нет","Нет","","https://store.playstation.com/en-tr/concept/10006352","2022-12-01","Arcade","PEGI_3"
"5511","Chroma Squad","CUSA07623","PS4","Нет","649,00 TL","","Нет","Нет","","https://store.playstation.com/en-tr/concept/216962","2017-05-18","Strategy","PEGI_7"
"5512","Chronos Time","PPSA26242","PS5","Нет","24,15 TL","","Нет","Нет","","https://store.playstation.com/en-tr/concept/10012709","2024-10-20","Simulator","PEGI_3"
"5513","Circus of TimTim","PPSA24164","PS5","Нет","349,00 TL","Circus of TimTim: 349,00 TL; Circus of TimTim: 349,00 TL","Нет","Нет","","https://store.playstation.com/en-tr/concept/10011415","2024-07-25","Horror","PEGI_12"
"5514","Cinders","CUSA16218","PS4","Нет","849,00 TL","","Нет","Нет","","https://store.playstation.com/en-tr/concept/234404","2020-08-24","Adventure","PEGI_12"
"5515","CHRONO CROSS: THE RADICAL","CUSA23909","PS4","Нет","699,00 TL","","Нет","Нет","","https://store.playstation.com/en-tr/concept/10001136","2022-04-06","Role Playing Games","PEGI_12"
"5516","Chronicles of 2 Heroes: Amaterasu's Wrath","PPSA15592","PS5","Нет","539,50 TL","Chronicles of 2 Heroes: Amaterasu's Wrath: 539,50 TL; Chronicles of 2 Heroes: Amaterasu's Wrath: 424,50 TL","Нет","Да","","https://store.playstation.com/en-tr/concept/10008011","2023-05-25","Action","PEGI_7"
"5517","CIRCUIT BREAKERS","CUSA06389","PS4","Нет","429,00 TL","","Нет","Нет","","https://store.playstation.com/en-tr/concept/224830","2017-07-25","Action","PEGI_7"
"5518","Chronicles of the Wolf","PPSA27348","PS4, PS5","Нет","551,85 TL","","Нет","Нет","","https://store.playstation.com/en-tr/concept/10013371","2025-06-19","Adventure","PEGI_12"
"5519","Chronos Time 2","PPSA29408","PS5","Нет","90,30 TL","","Нет","Нет","","https://store.playstation.com/en-tr/concept/10014745","2025-05-25","Simulator","PEGI_3"
"5520","Cions of Vega","PPSA08301","PS4, PS5","Нет","98,00 TL","","Нет","Нет","","https://store.playstation.com/en-tr/concept/10005347","2023-03-07","Adventure","PEGI_16"
"5521","Chronicles of Magic: Divided Kingdom","PPSA22049","PS4, PS5","Нет","774,00 TL","Knights and Magic Bundle: 1.547,00 TL","Нет","Да","","https://store.playstation.com/en-tr/concept/10010605","2024-05-09","Adventure","PEGI_12"
"5522","Circus Pocus","CUSA31787","PS4","Нет","215,00 TL","","Нет","Да","","https://store.playstation.com/en-tr/concept/10004316","2021-12-16","Adventure","PEGI_12"
"5523","Chronicles of Albian: The Magic Convention","PPSA14074","PS5","Нет","32,45 TL","","Нет","Нет","","https://store.playstation.com/en-tr/concept/10007499","2023-04-10","Adventure","PEGI_3"
"5524","Chronicles of Teddy: Harmony of Exidus","CUSA03328","PS4","Нет","549,00 TL","","Нет","Да","","https://store.playstation.com/en-tr/concept/200885","2016-03-29","Adventure","PEGI_7"
"5525","Chroma Zero","PPSA31951","PS5","Нет","429,00 TL","","Нет","Да","","https://store.playstation.com/en-tr/concept/10016230","2025-12-12","Adventure","PEGI_3"
"5526","Circuits","CUSA25229","PS4","Нет","175,00 TL","","Нет","Нет","","https://store.playstation.com/en-tr/concept/232184","2020-11-11","Music/Rhythm","PEGI_3"
"5527","Chronicles of Albian 3: The Vanishing Village","PPSA34777","PS5","Нет","225,00 TL","","Нет","Нет","","https://store.playstation.com/en-tr/concept/10017816","2026-02-12","Casual","PEGI_3"
"5528","ChronoBreach Ultra","PPSA15832","PS4, PS5","Нет","175,00 TL","","Нет","Да","","https://store.playstation.com/en-tr/concept/10008148","2023-06-29","Action","PEGI_7"
"5529","Cities: VR","PPSA10723","PS5","Нет","1.049,00 TL","","Нет","Нет","","https://store.playstation.com/en-tr/concept/10005974","2023-02-21","Simulation","PEGI_3"
"5530","Citadel: Forged with Fire","CUSA09097","PS4","Нет","529,00 TL","","Нет","Нет","","https://store.playstation.com/en-tr/concept/228689","2019-10-31","Adventure","PEGI_16"
"5531","Chrysolite","PPSA21252","PS5","Нет","525,00 TL","","Нет","Нет","","https://store.playstation.com/en-tr/concept/10010261","2024-07-24","Action","PEGI_7"
"5532","Citizen Sleeper","PPSA13629","PS4, PS5","Нет","699,00 TL","","Нет","Нет","PS Plus Extra","https://store.playstation.com/en-tr/concept/10007275","2023-03-31","Role Playing Games","PEGI_12"
"5533","City Builder","PPSA24453","PS5","Нет","21,45 TL","","Нет","Нет","","https://store.playstation.com/en-tr/concept/10011737","2024-07-29","Puzzle","PEGI_3"
"5534","Citizen Sleeper 2: Starward Vector","PPSA23616","PS5","Нет","1.079,00 TL","Helion Collection: 1.749,00 TL","Нет","Нет","PS Plus Extra","https://store.playstation.com/en-tr/concept/10011288","2025-01-31","Role Playing Games","PEGI_12"
"5535","City of Springs","PPSA25140","PS5","Нет","387,00 TL","","Нет","Нет","","https://store.playstation.com/en-tr/concept/10012058","2025-08-18","Action","PEGI_12"
"5536","Clarity: The Seven Demons of Vanguardia","PPSA33287","PS4, PS5","Нет","429,00 TL","","Нет","Нет","","https://store.playstation.com/en-tr/concept/10016949","2026-06-30","Adventure","PEGI_7"
"5537","Cladun Returns: This Is Sengoku!","CUSA06741","PS4","Нет","699,00 TL","","Нет","Нет","","https://store.playstation.com/en-tr/concept/224828","2017-06-09","Adventure","PEGI_12"
"5538","Claire: Extended Cut","CUSA05466","PS4","Нет","595,00 TL","","Нет","Нет","","https://store.playstation.com/en-tr/concept/216939","2016-08-31","Adventure","PEGI_12"
"5539","Cladun X3","PPSA31543","PS4, PS5","Нет","1.749,00 TL","","Нет","Нет","","https://store.playstation.com/en-tr/concept/10009704","2025-09-26","Action","PEGI_12"
"5540","Classic Snake Adventures","PPSA06689","PS4, PS5","Нет","387,00 TL","","Нет","Да","","https://store.playstation.com/en-tr/concept/234598","2022-02-03","Action","PEGI_7"
"5541","Clan N","CUSA18682","PS4","Нет","649,00 TL","","Нет","Нет","","https://store.playstation.com/en-tr/concept/10001288","2020-08-05","Arcade","PEGI_7"
"5542","City of Brass","CUSA09526","PS4","Нет","699,00 TL","","Нет","Да","","https://store.playstation.com/en-tr/concept/230617","2018-05-03","Action","PEGI_12"
"5543","City Limits","PPSA16140","PS4, PS5","Нет","215,00 TL","","Нет","Нет","","https://store.playstation.com/en-tr/concept/10008242","2023-07-06","Strategy","PEGI_3"
"5544","City Bus Manager","PPSA26537","PS5","Нет","1.299,00 TL","Standard Edition: 1.299,00 TL; Deluxe Edition: 1.590,00 TL; Complete Edition: 2.149,00 TL; Standard Edition: 1.299,00 TL","Нет","Да","","https://store.playstation.com/en-tr/concept/10012913","2025-05-15","Strategy","PEGI_3"
"5545","Class of Heroes 2G","PPSA16800","PS5","Нет","174,75 TL","","Нет","Нет","","https://store.playstation.com/en-tr/concept/10005571","2024-04-26","Role Playing Games","PEGI_12"
"5546","Clash Force","CUSA20233","PS4","Нет","175,00 TL","","Нет","Нет","","https://store.playstation.com/en-tr/concept/10000795","2020-07-02","Action","PEGI_7"
"5547","City Hunter","PPSA34829","PS5","Нет","1.079,00 TL","","Нет","Нет","","https://store.playstation.com/en-tr/concept/10017044","2026-02-25","Action","PEGI_12"
"5548","City Transport Simulator: Bus + Tram - 2025","PPSA21201","PS5","Нет","4.299,00 TL","","Нет","Да","","https://store.playstation.com/en-tr/concept/10009508","2026-04-14","Simulation","PEGI_3"
"5549","Class of Heroes","PPSA16797","PS5","Нет","174,75 TL","Standard Edition: 174,75 TL; Bundle Edition: 368,70 TL","Нет","Нет","","https://store.playstation.com/en-tr/concept/10008370","2024-04-26","Role Playing Games","PEGI_12"
"5550","CLAWPUNK","PPSA32110","PS5","Нет","429,00 TL","","Нет","Нет","","https://store.playstation.com/en-tr/concept/10016313","2025-11-14","Adventure","PEGI_7"
"5551","City Transport Simulator 2026","PPSA34421","PS5","Нет","1.749,00 TL","Starter Edition: 1.749,00 TL; Expert Edition: 2.579,00 TL","Да","Да","","https://store.playstation.com/en-tr/concept/10017579","2026-04-14","Simulation","PEGI_3"
"5552","Classic Racers Elite","PPSA03202","PS5","Нет","1.199,00 TL","Classic Racers Elite: 1.199,00 TL; Classic Racers Elite: 1.049,00 TL","Нет","Да","","https://store.playstation.com/en-tr/concept/10002560","2024-08-26","Driving/Racing","PEGI_3"
"5553","Clash: Robot Detective","PPSA23401","PS4, PS5","Нет","215,00 TL","","Нет","Нет","","https://store.playstation.com/en-tr/concept/10011173","2025-05-06","Adventure","PEGI_16"
"5554","Claws & Feathers 3","PPSA22522","PS4, PS5","Нет","257,00 TL","","Нет","Да","","https://store.playstation.com/en-tr/concept/10010776","2024-05-16","Puzzle","PEGI_3"
"5555","Claybook","CUSA07884","PS4","Нет","649,00 TL","","Нет","Нет","","https://store.playstation.com/en-tr/concept/227105","2018-08-31","Arcade","PEGI_3"
"5556","Class of Heroes 3 Remaster","PPSA26573","PS5","Нет","681,85 TL","Standard Edition: 681,85 TL; Class of Heroes: The Ultimate Trilogy: 1.676,35 TL","Нет","Нет","","https://store.playstation.com/en-tr/concept/10012910","2025-09-18","Role Playing Games","PEGI_12"
"5557","Clea","CUSA27406","PS4","Нет","549,00 TL","","Нет","Да","","https://store.playstation.com/en-tr/concept/10002660","2022-09-29","Horror","PEGI_12"
"5558","Clay Skeet Shooting","CUSA33470","PS4","Нет","175,00 TL","","Нет","Нет","","https://store.playstation.com/en-tr/concept/10004981","2022-04-07","Shooter","PEGI_3"
"5559","Clea 2","CUSA33976","PS4","Нет","549,00 TL","","Нет","Да","","https://store.playstation.com/en-tr/concept/10002661","2022-09-29","Horror","PEGI_12"
"5560","Cleaning Up!","PPSA34850","PS5","Нет","601,00 TL","Poop & Scoop  - Just Crow Things + Cleaning Up!: 1.299,00 TL; Cleaning Up!: 601,00 TL; Poop & Scoop  - Just Crow Things + Cleaning Up!: 1.299,00 TL; Cleaning Up!: 601,00 TL","Нет","Да","","https://store.playstation.com/en-tr/concept/10017856","2026-04-15","Casual","PEGI_7"
"5561","Clunky Hero","CUSA39295","PS4","Нет","64,90 TL","","Нет","Да","","https://store.playstation.com/en-tr/concept/10006850","2023-01-25","Action","PEGI_12"
"5562","Clockwork Tales: Of Glass and Ink","CUSA06757","PS4","Нет","649,00 TL","","Нет","Да","","https://store.playstation.com/en-tr/concept/224826","2016-11-29","Adventure","PEGI_12"
"5563","Clockwork Aquario","CUSA26908","PS4","Нет","349,00 TL","","Нет","Нет","","https://store.playstation.com/en-tr/concept/10002380","2021-11-29","Action","PEGI_3"
"5564","Clock Tower: Rewind","PPSA21339","PS4, PS5","Нет","699,00 TL","","Нет","Нет","","https://store.playstation.com/en-tr/concept/10010305","2024-10-28","Horror","PEGI_16"
"5565","Cluster Tumble","CUSA10858","PS4","Нет","429,00 TL","","Нет","Нет","","https://store.playstation.com/en-tr/concept/231257","2018-04-23","Puzzle","PEGI_7"
"5567","Clive 'N' Wrench","PPSA07451","PS5","Нет","1.299,00 TL","Clive 'N' Wrench: 1.299,00 TL; Clive 'N' Wrench: 1.299,00 TL","Нет","Нет","","https://store.playstation.com/en-tr/concept/10004977","2023-02-23","Adventure","PEGI_7"
"5568","Clutter 1000","PPSA14116","PS5","Нет","25,75 TL","","Нет","Нет","","https://store.playstation.com/en-tr/concept/10007518","2023-04-26","Puzzle","PEGI_3"
"5569","Clutter 12: It's About Time","PPSA14124","PS5","Нет","21,45 TL","","Нет","Нет","","https://store.playstation.com/en-tr/concept/10007522","2023-11-02","Puzzle","PEGI_3"
"5570","Cloudberry Kingdom","PPSA23827","PS4, PS5","Нет","623,00 TL","","Нет","Да","","https://store.playstation.com/en-tr/concept/10011065","2025-12-11","Puzzle","PEGI_7"
"5571","Cleopatra Fortune S-Tribute","CUSA30072","PS4","Нет","649,00 TL","","Нет","Нет","","https://store.playstation.com/en-tr/concept/10003682","2022-11-23","Puzzle","PEGI_3"
"5572","Clouds & Sheep 2","CUSA06718","PS4","Нет","349,00 TL","","Нет","Да","","https://store.playstation.com/en-tr/concept/224827","2017-02-20","Simulation","PEGI_3"
"5573","Clutter Evolution: Beyond Xtreme","PPSA14120","PS5","Нет","25,75 TL","","Нет","Нет","","https://store.playstation.com/en-tr/concept/10007520","2023-04-27","Puzzle","PEGI_3"
"5574","Closer the Distance","PPSA15497","PS5","Нет","699,00 TL","","Нет","Нет","","https://store.playstation.com/en-tr/concept/10003670","2024-08-02","Adventure","PEGI_12"
"5575","CLeM","PPSA23005","PS4, PS5","Нет","559,00 TL","","Нет","Да","","https://store.playstation.com/en-tr/concept/10010494","2024-07-16","Adventure","PEGI_7"
"5576","Clue: Murder By Death","PPSA35092","PS5","Нет","849,00 TL","Clue: Murder By Death: 849,00 TL; Clue: Murder By Death: 849,00 TL","Нет","Нет","","https://store.playstation.com/en-tr/concept/10018000","2026-02-12","Adventure","PEGI_3"
"5577","Clutter IX: Clutter IXtreme","PPSA14118","PS5","Нет","21,45 TL","","Нет","Нет","","https://store.playstation.com/en-tr/concept/10007519","2023-11-02","Puzzle","PEGI_3"
"5578","Clutter Puzzle Magazine Vol. 15 No. 1","PPSA26448","PS5","Нет","85,80 TL","","Нет","Нет","","https://store.playstation.com/en-tr/concept/10012842","2024-11-20","Puzzle","PEGI_3"
"5579","Cobra Kai: The Karate Kid Saga Continues","CUSA18952","PS4","Нет","1.399,00 TL","","Нет","Нет","","https://store.playstation.com/en-tr/concept/10000300","2020-10-26","Action","PEGI_12"
"5580","Clutter's Greatest Hits Collector’s Edition","PPSA24240","PS5","Нет","21,45 TL","","Нет","Нет","","https://store.playstation.com/en-tr/concept/10011633","2024-07-31","Puzzle","PEGI_3"
"5581","COCOON","PPSA08766","PS4, PS5","Нет","879,00 TL","","Нет","Да","","https://store.playstation.com/en-tr/concept/10005446","2023-09-29","Adventure","PEGI_7"
"5582","Coastline Flight Simulator","PPSA04302","PS5","Нет","629,40 TL","","Нет","Нет","","https://store.playstation.com/en-tr/concept/10003241","2021-11-26","Simulation","PEGI_3"
"5583","Coffee Break Head to Head","PPSA08368","PS5","Нет","343,00 TL","Coffee Break Head to Head: 343,00 TL; Coffee Break Head to Head - Avatar Full Game Bundle: 279,00 TL; Coffee Break Head to Head: 343,00 TL","Нет","Нет","","https://store.playstation.com/en-tr/concept/10005370","2022-07-01","Casual","PEGI_3"
"5584","Code: Realize ~Bouquet of Rainbows~","CUSA10876","PS4","Нет","1.049,40 TL","","Нет","Нет","","https://store.playstation.com/en-tr/concept/228690","2018-04-03","Adventure","PEGI_12"
"5585","Code51: Mecha Arena","CUSA12420","PS4","Нет","687,00 TL","","Нет","Нет","","https://store.playstation.com/en-tr/concept/231767","2018-08-28","Shooter","PEGI_12"
"5586","Coffee Break","PPSA08279","PS5","Нет","343,00 TL","Coffee Break: 343,00 TL; Coffee Break - Avatar Full Game Bundle: 279,00 TL; Coffee Break: 343,00 TL","Нет","Нет","","https://store.playstation.com/en-tr/concept/10005332","2022-06-24","Arcade","PEGI_3"
"5587","Coffee Crisis","CUSA16512","PS4","Нет","349,00 TL","","Нет","Нет","","https://store.playstation.com/en-tr/concept/234048","2020-03-11","Arcade","PEGI_16"
"5588","Code: Realize ~Wintertide Miracles~","CUSA12950","PS4","Нет","1.049,40 TL","","Нет","Нет","","https://store.playstation.com/en-tr/concept/232510","2019-02-14","Adventure","PEGI_12"
"5589","Codex Lost","PPSA25998","PS5","Нет","1.079,00 TL","","Нет","Нет","","https://store.playstation.com/en-tr/concept/10012539","2024-11-14","Adventure","PEGI_12"
"5590","Coffee Plis","PPSA21388","PS5","Нет","63,00 TL","","Нет","Нет","","https://store.playstation.com/en-tr/concept/10010326","2024-10-01","Simulation","PEGI_3"
"5591","Coffee Talk Episode 2: Hibiscus & Butterfly","PPSA07053","PS4, PS5","Нет","649,00 TL","","Нет","Да","PS Plus Extra","https://store.playstation.com/en-tr/concept/10004780","2023-04-19","Casual","PEGI_12"
"5592","Coffee Talk Tokyo","PPSA26148","PS5","Нет","519,20 TL","Coffee Talk Tokyo: 519,20 TL; Deluxe Edition: 774,00 TL","Нет","Да","","https://store.playstation.com/en-tr/concept/10012616","2026-05-20","Adventure","PEGI_12"
"5593","Codename: Black Crow","PPSA35804","PS4, PS5","Нет","429,00 TL","","Нет","Нет","","https://store.playstation.com/en-tr/concept/10018457","2026-05-07","Arcade","PEGI_7"
"5594","Coffin Dodgers","CUSA04036","PS4","Нет","103,00 TL","","Нет","Да","","https://store.playstation.com/en-tr/concept/216106","2016-05-03","Driving/Racing","PEGI_12"
"5595","Collab Ball","CUSA39340","PS4","Нет","175,00 TL","","Нет","Да","","https://store.playstation.com/en-tr/concept/10006861","2022-12-13","Action","PEGI_3"
"5596","Collector's Cove","PPSA23168","PS5","Нет","594,30 TL","Standard Edition: 594,30 TL; Supporter Edition: 755,30 TL","Нет","Нет","","https://store.playstation.com/en-tr/concept/10011056","2026-03-12","Simulation","PEGI_3"
"5597","Codename: Ocean Keeper","PPSA26288","PS5","Нет","386,25 TL","Codename: Ocean Keeper: 386,25 TL; Codename: Ocean Keeper: 386,25 TL","Нет","Да","","https://store.playstation.com/en-tr/concept/10012723","2025-01-17","Adventure","PEGI_7"
"5598","Coffee Run","PPSA08932","PS5","Нет","343,00 TL","Coffee Run: 343,00 TL; Coffee Lovers Mega Game Bundle: 649,00 TL; Coffee Run - Avatar Full Game Bundle: 279,00 TL; Coffee Run: 343,00 TL","Нет","Нет","","https://store.playstation.com/en-tr/concept/10005619","2022-08-19","Arcade","PEGI_3"
"5599","Colorium","CUSA58971","PS4","Нет","85,00 TL","","Нет","Нет","","https://store.playstation.com/en-tr/concept/10019060","2026-04-06","Brain Training","PEGI_3"
"5600","Colorful Colore","PPSA32907","PS5","Нет","107,50 TL","Colorful Colore: 107,50 TL; Colorful Colore: 107,50 TL","Нет","Нет","","https://store.playstation.com/en-tr/concept/10016737","2025-09-18","Puzzle","PEGI_3"
"5601","Color Pals","PPSA13873","PS4, PS5","Нет","175,00 TL","","Нет","Нет","","https://store.playstation.com/en-tr/concept/10007390","2023-05-02","Action","PEGI_3"
"5602","Color Slayer","CUSA16796","PS4","Нет","85,00 TL","","Нет","Нет","","https://store.playstation.com/en-tr/concept/234696","2020-03-10","Arcade","PEGI_3"
"5603","ColorBlend FX: Desaturation","PPSA26017","PS5","Нет","387,00 TL","","Нет","Нет","","https://store.playstation.com/en-tr/concept/10012519","2026-03-13","Puzzle","PEGI_12"
"5604","Color Zen","CUSA04319","PS4","Нет","193,00 TL","","Нет","Нет","","https://store.playstation.com/en-tr/concept/216940","2016-11-01","Puzzle","PEGI_3"
"5605","Color Water Sort","CUSA55667","PS4","Нет","215,00 TL","Standard Edition: 215,00 TL; Complete Edition: 343,00 TL","Нет","Нет","","https://store.playstation.com/en-tr/concept/10016003","2025-09-26","Puzzle","PEGI_3"
"5606","Color Guardians","CUSA02179","PS4","Нет","300,00 TL","","Нет","Да","","https://store.playstation.com/en-tr/concept/200777","2015-06-04","Action","PEGI_7"
"5607","Colossal Cave - /PSVR2","PPSA09372","PS4, PS5","Нет","875,00 TL","The Enchanted Bundle: 875,00 TL; PS VR 2: 629,00 TL","Нет","Да","","https://store.playstation.com/en-tr/concept/10004303","2023-11-15","Adventure","PEGI_7"
"5608","Colossus Down","CUSA25545","PS4","Нет","629,00 TL","","Нет","Да","","https://store.playstation.com/en-tr/concept/10001890","2021-01-28","Action","PEGI_12"
"5609","Company of Heroes 3","PPSA03261","PS5","Нет","2.799,00 TL","Company of Heroes 3: 2.799,00 TL; Premium Edition: 3.899,00 TL","Нет","Нет","","https://store.playstation.com/en-tr/concept/10002606","2023-05-30","Strategy","PEGI_18"
"5610","Conarium","CUSA12427","PS4","Нет","699,00 TL","","Нет","Да","","https://store.playstation.com/en-tr/concept/232306","2019-02-12","Adventure","PEGI_16"
"5611","Conglomerate 451: Overloaded","CUSA26624","PS4","Нет","128,70 TL","Conglomerate 451: Overloaded: 128,70 TL; Deluxe Edition: 164,70 TL","Нет","Да","","https://store.playstation.com/en-tr/concept/10002333","2021-06-02","Role Playing Games","PEGI_12"
"5612","Conquistadorio","PPSA26970","PS5","Нет","665,00 TL","Conquistadorio: 665,00 TL; Conquistadorio: 665,00 TL","Нет","Нет","","https://store.playstation.com/en-tr/concept/10013129","2024-12-19","Adventure","PEGI_7"
"5613","Comfy Corners: Unpack and Decorate","CUSA56367","PS4","Нет","421,85 TL","","Нет","Нет","","https://store.playstation.com/en-tr/concept/10016560","2026-03-19","Puzzle","PEGI_3"
"5614","Concept Destruction","PPSA02277","PS4, PS5","Нет","86,00 TL","Concept Destruction PS4 & PS5: 86,00 TL; Concept Destruction PS4 & PS5: 86,00 TL","Нет","Да","","https://store.playstation.com/en-tr/concept/10000281","2020-11-22","Arcade","PEGI_3"
"5615","ConnecTank","CUSA26888","PS4","Нет","1.049,00 TL","","Нет","Нет","","https://store.playstation.com/en-tr/concept/10002439","2021-09-27","Action","PEGI_3"
"5616","Compound Word Puzzles 3","CUSA58668","PS4","Нет","73,00 TL","","Нет","Нет","","https://store.playstation.com/en-tr/concept/10018820","2026-03-03","Puzzle","PEGI_3"
"5617","Compound Word Puzzles","CUSA55190","PS4","Нет","59,00 TL","","Нет","Нет","","https://store.playstation.com/en-tr/concept/10015642","2025-06-30","Puzzle","PEGI_3"
"5618","Command Under Fire RTS","PPSA31123","PS5","Нет","429,00 TL","Command Under Fire RTS: 429,00 TL; Command Under Fire RTS: 429,00 TL","Нет","Нет","","https://store.playstation.com/en-tr/concept/10015701","2025-06-27","Strategy","PEGI_12"
"5619","Combat The Space","PPSA26270","PS5","Нет","129,00 TL","Combat The Space: 129,00 TL; Combat The Space: 129,00 TL","Нет","Нет","","https://store.playstation.com/en-tr/concept/10012726","2024-12-14","Arcade","PEGI_7"
"5620","Conga Master","CUSA07273","PS4","Нет","429,00 TL","","Нет","Нет","","https://store.playstation.com/en-tr/concept/227107","2017-07-20","Family","PEGI_3"
"5621","Colt Canyon","CUSA24885","PS4","Нет","525,00 TL","","Нет","Да","","https://store.playstation.com/en-tr/concept/10001623","2020-12-23","Action","PEGI_16"
"5622","Comet Crash 2: The Kronkoid Wars","CUSA08332","PS4","Нет","774,00 TL","","Нет","Да","","https://store.playstation.com/en-tr/concept/216982","2017-08-08","Puzzle","PEGI_3"
"5623","Compound Word Puzzles 2","CUSA55722","PS4","Нет","73,00 TL","","Нет","Нет","","https://store.playstation.com/en-tr/concept/10016396","2025-07-18","Puzzle","PEGI_3"
"5624","Console Archives BOKOSUKA WARS","PPSA35810","PS5","Нет","300,00 TL","","Нет","Нет","","https://store.playstation.com/en-tr/concept/10018461","2026-06-24","Strategy","PEGI_3"
"5625","Console Archives Cool Boarders","PPSA31724","PS5","Нет","472,00 TL","","Нет","Нет","","https://store.playstation.com/en-tr/concept/10016094","2026-02-13","Sport","PEGI_3"
"5626","CONSCRIPT","PPSA21129","PS4, PS5","Нет","1.419,00 TL","Digital Deluxe Edition: 417,86 TL","Нет","Да","PS Plus Extra","https://store.playstation.com/en-tr/concept/10010232","2024-07-22","Horror","PEGI_16"
"5627","Conception PLUS: Maidens of the Twelve Stars","CUSA15055","PS4","Нет","2.099,00 TL","","Нет","Нет","","https://store.playstation.com/en-tr/concept/232852","2019-11-08","Role Playing Games","PEGI_16"
"5628","Console Archives Dezaemon","PPSA31295","PS5","Нет","300,00 TL","","Нет","Нет","","https://store.playstation.com/en-tr/concept/10015798","2026-02-18","Shooter","PEGI_3"
"5629","Console Archives Doraemon","PPSA33446","PS5","Нет","300,00 TL","","Нет","Нет","","https://store.playstation.com/en-tr/concept/10017007","2026-07-29","Action","PEGI_3"
"5630","Console Archives Geki-Oh ShienRyu","PPSA31320","PS5","Нет","472,00 TL","","Нет","Нет","","https://store.playstation.com/en-tr/concept/10015825","2026-05-27","Shooter","PEGI_7"
"5631","Console Archives Ishin no Arashi","PPSA31304","PS5","Нет","300,00 TL","","Нет","Нет","","https://store.playstation.com/en-tr/concept/10015807","2026-04-15","Simulation","PEGI_7"
"5632","Console Archives TERRA CRESTA","PPSA31293","PS5","Нет","300,00 TL","","Нет","Нет","","https://store.playstation.com/en-tr/concept/10015795","2026-03-25","Shooter","PEGI_3"
"5633","Console Archives Ninja-Kid II","PPSA31298","PS5","Нет","300,00 TL","","Нет","Нет","","https://store.playstation.com/en-tr/concept/10015801","2026-03-18","Action","PEGI_3"
"5634","Console Archives Ninja Gaiden III: The Ancient Ship of Doom","PPSA31302","PS5","Нет","300,00 TL","","Нет","Нет","","https://store.playstation.com/en-tr/concept/10015805","2026-04-22","Action","PEGI_7"
"5635","Console Archives Master of Monsters: Disciples of Gaia","PPSA31738","PS5","Нет","472,00 TL","","Нет","Нет","","https://store.playstation.com/en-tr/concept/10016110","2026-05-13","Simulation","PEGI_7"
"5636","Console Archives Hercules no eikou II Taitan no metsubou","PPSA36124","PS5","Нет","300,00 TL","","Нет","Нет","","https://store.playstation.com/en-tr/concept/10018626","2026-07-15","Role Playing Games","PEGI_7"
"5637","Console Archives T.R.A.G.: Tactical Rescue Assault Group - Mission of Mercy","PPSA36749","PS5","Нет","472,00 TL","","Нет","Нет","","https://store.playstation.com/en-tr/concept/10018999","2026-07-01","Action","PEGI_7"
"5638","Console Archives Rohga: Armor Force","PPSA32204","PS5","Нет","472,00 TL","","Нет","Нет","","https://store.playstation.com/en-tr/concept/10016369","2026-04-29","Shooter","PEGI_3"
"5639","Console Archives Toujin Makyou Den: Heracles no Eikou","PPSA36105","PS5","Нет","300,00 TL","","Нет","Нет","","https://store.playstation.com/en-tr/concept/10018618","2026-05-20","Role Playing Games","PEGI_7"
"5640","Console Archives NINJA GAIDEN II: THE DARK SWORD OF CHAOS","PPSA31292","PS5","Нет","300,00 TL","","Нет","Нет","","https://store.playstation.com/en-tr/concept/10015794","2026-02-13","Action","PEGI_7"
"5641","Console Archives SONIC WINGS Special","PPSA31321","PS5","Нет","472,00 TL","","Нет","Нет","","https://store.playstation.com/en-tr/concept/10015826","2026-03-11","Shooter","PEGI_7"
"5642","Console Archives MAGMAX","PPSA31294","PS5","Нет","300,00 TL","","Нет","Нет","","https://store.playstation.com/en-tr/concept/10015797","2026-05-06","Shooter","PEGI_3"
"5643","Console Archives Rhapsody: A Musical Adventure","PPSA34238","PS5","Нет","649,00 TL","","Нет","Нет","","https://store.playstation.com/en-tr/concept/10017490","2026-07-08","Role Playing Games","PEGI_3"
"5644","Console Archives UFO -A day in the life","PPSA35079","PS5","Нет","472,00 TL","","Нет","Нет","","https://store.playstation.com/en-tr/concept/10017994","2026-08-05","Unique","PEGI_7"
"5645","Console Archives Nobunaga's Ambition","PPSA31133","PS5","Нет","300,00 TL","","Нет","Нет","","https://store.playstation.com/en-tr/concept/10015706","2026-03-04","Simulation","PEGI_7"
"5646","Console Archives SEICROSS","PPSA31300","PS5","Нет","300,00 TL","","Нет","Нет","","https://store.playstation.com/en-tr/concept/10015803","2026-04-08","Shooter","PEGI_7"
"5647","Construction Simulator 2 US","CUSA10533","PS4","Нет","525,00 TL","","Нет","Да","","https://store.playstation.com/en-tr/concept/231259","2018-09-11","Arcade","PEGI_3"
"5648","Console Archives L'Empereur","PPSA31307","PS5","Нет","300,00 TL","","Нет","Нет","","https://store.playstation.com/en-tr/concept/10015811","2026-06-10","Simulation","PEGI_7"
"5649","Console Archives THE CONVENI","PPSA34213","PS5","Нет","472,00 TL","","Нет","Нет","","https://store.playstation.com/en-tr/concept/10017477","2026-07-22","Simulation","PEGI_3"
"5650","Contraptions","CUSA15411","PS4","Нет","315,00 TL","","Нет","Нет","","https://store.playstation.com/en-tr/concept/233590","2019-10-31","Casual","PEGI_3"
"5651","CONSTRUCTOR PLUS","CUSA14620","PS4","Нет","849,00 TL","CONSTRUCTOR PLUS™: 849,00 TL","Нет","Да","","https://store.playstation.com/en-tr/concept/233231","2019-04-03","Strategy","PEGI_16"
"5652","Contagion VR: Outbreak","CUSA18421","PS4","Нет","649,00 TL","","Нет","Нет","","https://store.playstation.com/en-tr/concept/234841","2019-12-15","Horror","PEGI_18"
"5653","Contraptions 2","CUSA40925","PS4","Нет","245,00 TL","","Нет","Да","","https://store.playstation.com/en-tr/concept/10007424","2023-04-05","Puzzle","PEGI_3"
"5654","Contraptions 3","CUSA43722","PS4","Нет","245,00 TL","","Нет","Да","","https://store.playstation.com/en-tr/concept/10008541","2023-07-20","Puzzle","PEGI_3"
"5655","Contraptions Collection","PPSA20095","PS5","Нет","1.049,00 TL","Contraptions Collection: 1.049,00 TL; Contraptions Collection: 699,00 TL","Нет","Да","","https://store.playstation.com/en-tr/concept/10009782","2024-03-25","Puzzle","PEGI_3"
"5656","Cook, Serve, Delicious!","PPSA20068","PS4, PS5","Нет","559,00 TL","","Нет","Нет","","https://store.playstation.com/en-tr/concept/10009674","2024-04-17","Strategy","PEGI_3"
"5657","CONTRA: ROGUE CORPS","CUSA15032","PS4","Нет","1.399,00 TL","","Нет","Нет","PS Plus Extra","https://store.playstation.com/en-tr/concept/234544","2019-09-25","Shooter","PEGI_16"
"5658","Corpse Party","CUSA26849","PS4","Нет","349,50 TL","","Нет","Нет","","https://store.playstation.com/en-tr/concept/10001410","2021-10-19","Adventure","PEGI_18"
"5659","Convoy: A Tactical Roguelike","CUSA15853","PS4","Нет","649,00 TL","","Нет","Нет","","https://store.playstation.com/en-tr/concept/234051","2020-04-07","Action","PEGI_12"
"5660","CORALINA","PPSA29839","PS4, PS5","Нет","215,00 TL","","Нет","Нет","","https://store.playstation.com/en-tr/concept/10014997","2025-10-23","Adventure","PEGI_16"
"5661","CoolPaintrVR","CUSA12173","PS4","Нет","849,00 TL","CoolPaintrVR Deluxe Edition: 1.299,00 TL; CoolPaintrVR: 849,00 TL","Нет","Нет","","https://store.playstation.com/en-tr/concept/229903","2018-05-22","Adventure","PEGI_3"
"5662","CONTRAST","CUSA00226","PS4","Нет","429,00 TL","","Нет","Нет","","https://store.playstation.com/en-tr/concept/200809","2013-11-22","Action","PEGI_12"
"5663","Corbid! A Colorful Adventure","PPSA09506","PS4, PS5","Нет","429,00 TL","Corbid A Colorful Adventure: 429,00 TL; Corbid: Colorful Edition: 549,00 TL","Нет","Нет","","https://store.playstation.com/en-tr/concept/10001257","2024-03-13","Puzzle","PEGI_3"
"5664","Cool Boarders","PPSA18836","PS4, PS5","Нет","429,00 TL","","Нет","Нет","","https://store.playstation.com/en-tr/concept/10009298","2024-03-19","Sport","PEGI_3"
"5665","Core Keeper","PPSA19417","PS5","Нет","699,00 TL","Core Keeper: 699,00 TL; Core Keeper: 699,00 TL","Нет","Да","","https://store.playstation.com/en-tr/concept/10009534","2024-08-27","Adventure","PEGI_7"
"5666","CONVERGENCE: A League of Legends Story","PPSA06129","PS4, PS5","Нет","1.299,00 TL","Standard Edition: 1.299,00 TL; Deluxe Edition: 1.749,00 TL","Да","Да","","https://store.playstation.com/en-tr/concept/10004220","2023-05-23","Action","PEGI_12"
"5667","CORE.SYS","PPSA30929","PS4, PS5","Нет","107,50 TL","","Нет","Нет","","https://store.playstation.com/en-tr/concept/10015625","2025-08-19","Casual","PEGI_3"
"5668","Corridor VR","PPSA18408","PS5","Нет","839,00 TL","","Нет","Да","","https://store.playstation.com/en-tr/concept/10008515","2024-11-14","Puzzle","PEGI_3"
"5669","Cook, Serve, Delicious! 2!!","PPSA20063","PS4, PS5","Нет","687,00 TL","Cook, Serve, Delicious! 1/2 Bundle!: 769,00 TL; Cook, Serve, Delicious! 2!!: 687,00 TL","Нет","Нет","","https://store.playstation.com/en-tr/concept/232767","2024-04-24","Strategy","PEGI_12"
"5670","Cook, Serve, Delicious! 3?!","PPSA20066","PS4, PS5","Нет","699,00 TL","Cook, Serve, Delicious! The Trilogy Bundle!: 1.229,00 TL; Cook, Serve, Delicious! 3?!: 699,00 TL; Cook, Serve, Delicious! 2/3 Bundle!!: 875,00 TL","Нет","Нет","","https://store.playstation.com/en-tr/concept/10001180","2024-04-24","Strategy","PEGI_7"
"5671","Convenience Stories","CUSA33520","PS4","Нет","515,00 TL","","Нет","Нет","","https://store.playstation.com/en-tr/concept/10004998","2024-03-20","Simulation","PEGI_3"
"5672","Cookie Cutter","PPSA12568","PS5","Нет","849,00 TL","","Нет","Нет","","https://store.playstation.com/en-tr/concept/10006933","2023-12-14","Adventure","PEGI_16"
"5673","Cosmic Paradox: Noire","PPSA20372","PS4, PS5","Нет","257,00 TL","","Нет","Нет","","https://store.playstation.com/en-tr/concept/10009899","2024-09-19","Arcade","PEGI_7"
"5674","Cooking Companions","PPSA27180","PS5","Нет","649,00 TL","Cooking Companions: 649,00 TL; Cooking Companions: 649,00 TL","Нет","Нет","","https://store.playstation.com/en-tr/concept/10013262","2025-04-29","Adventure","PEGI_16"
"5675","Cosmophony","CUSA02483","PS4","Нет","215,00 TL","","Нет","Нет","","https://store.playstation.com/en-tr/concept/200697","2015-05-06","Arcade","PEGI_3"
"5676","Cosmic Mirage","PPSA37546","PS5","Нет","300,00 TL","Cosmic Mirage: 300,00 TL; Cosmic Mirage: 300,00 TL","Нет","Да","","https://store.playstation.com/en-tr/concept/10019439","2026-05-20","Action","PEGI_3"
"5677","Cosmic Star Heroine","CUSA08322","PS4","Нет","649,00 TL","","Нет","Нет","","https://store.playstation.com/en-tr/concept/206308","2018-06-05","Role Playing Games","PEGI_12"
"5678","Cosmic Top Secret","CUSA27650","PS4","Нет","429,00 TL","","Нет","Нет","","https://store.playstation.com/en-tr/concept/10002760","2021-05-21","Unique","PEGI_12"
"5679","Cosmos Bit","PPSA06269","PS4, PS5","Нет","215,00 TL","","Нет","Да","","https://store.playstation.com/en-tr/concept/10004351","2022-03-10","Action","PEGI_7"
"5680","Cotton Fantasy","CUSA31513","PS4","Нет","1.399,00 TL","","Нет","Нет","","https://store.playstation.com/en-tr/concept/10003182","2022-05-19","Shooter","PEGI_7"
"5681","Cotton Reboot!","CUSA26436","PS4","Нет","1.749,00 TL","","Нет","Нет","","https://store.playstation.com/en-tr/concept/235249","2021-06-24","Arcade","PEGI_7"
"5682","Cowboy Duel: Red Wild West Massacre","PPSA33428","PS5","Нет","649,00 TL","Cowboy Duel: Red Wild West Massacre: 649,00 TL; Cowboy Duel: Red Wild West Massacre: 341,25 TL","Нет","Нет","","https://store.playstation.com/en-tr/concept/10010516","2025-11-27","Fighting","PEGI_12"
"5683","Costume Quest 2","CUSA00855","PS4","Нет","649,00 TL","","Нет","Нет","","https://store.playstation.com/en-tr/concept/200682","2015-04-14","Adventure","PEGI_7"
"5684","COSPLAY LOVE! : Enchanted princess","CUSA33425","PS4","Нет","472,00 TL","","Нет","Нет","","https://store.playstation.com/en-tr/concept/10004839","2022-07-07","Adventure","PEGI_12"
"5685","Cozy Gardener Simulator","CUSA57136","PS4","Нет","649,00 TL","","Нет","Нет","","https://store.playstation.com/en-tr/concept/10017288","2026-01-21","Adventure","PEGI_3"
"5686","Cowboys","PPSA34297","PS5","Нет","107,50 TL","Cowboys: 107,50 TL; Cowboys: 107,50 TL","Нет","Нет","","https://store.playstation.com/en-tr/concept/10017518","2026-01-22","Action","PEGI_7"
"5687","Cozy Jigsaw Puzzles","CUSA56848","PS4","Нет","129,00 TL","Cozy Jigsaw Puzzles: 129,00 TL; Cozy Jigsaw Puzzles: 129,00 TL","Нет","Да","","https://store.playstation.com/en-tr/concept/10017012","2025-11-13","Puzzle","PEGI_3"
"5688","COTTOn 2 - Saturn Tribute","CUSA28961","PS4","Нет","649,00 TL","","Нет","Нет","","https://store.playstation.com/en-tr/concept/10003050","2021-09-29","Shooter","PEGI_7"
"5689","Countless Army","PPSA33606","PS5","Нет","429,00 TL","","Нет","Да","","https://store.playstation.com/en-tr/concept/10015469","2026-01-28","Strategy","PEGI_3"
"5690","CounterSpy","CUSA00465","PS4","Нет","549,00 TL","","Нет","Нет","","https://store.playstation.com/en-tr/concept/200808","2014-08-19","Action","PEGI_16"
"5691","Crash Dummy","CUSA13799","PS4","Нет","349,00 TL","","Нет","Нет","","https://store.playstation.com/en-tr/concept/232853","2019-02-28","Action","PEGI_7"
"5692","Labyrinth of Galleria: The Moon Society","PPSA06591","PS4, PS5","Нет","1.749,00 TL","","Нет","Нет","","https://store.playstation.com/en-tr/concept/232958","2023-02-17","Role Playing Games","PEGI_16"
"5693","COWBOY SIMULATOR","PPSA36443","PS5","Нет","649,00 TL","","Нет","Нет","","https://store.playstation.com/en-tr/concept/10015003","2026-04-23","Casual","PEGI_16"
"5694","Crashbots","CUSA14617","PS4","Нет","87,25 TL","","Нет","Нет","","https://store.playstation.com/en-tr/concept/232627","2019-05-12","Action","PEGI_7"
"5695","COTTOn Boomerang - Saturn Tribute","CUSA28963","PS4","Нет","649,00 TL","","Нет","Нет","","https://store.playstation.com/en-tr/concept/10003051","2021-09-29","Shooter","PEGI_7"
"5696","Crazy Athletics - Summer Sports & Games","CUSA26425","PS4","Нет","687,00 TL","Crazy Athletics - Summer Sports & Games: 687,00 TL","Нет","Да","","https://store.playstation.com/en-tr/concept/10001949","2021-12-02","Sport","PEGI_3"
"5697","Cralon","PPSA35387","PS5","Нет","636,75 TL","","Нет","Да","","https://store.playstation.com/en-tr/concept/10018177","2026-04-17","Role Playing Games","PEGI_12"
"5698","Crazy Ball","PPSA25613","PS5","Нет","41,60 TL","","Нет","Нет","","https://store.playstation.com/en-tr/concept/10012186","2025-02-22","Puzzle","PEGI_3"
"5699","Cowboy Kart","PPSA36365","PS5","Нет","429,00 TL","Cowboy Kart: 429,00 TL; Cowboy Kart: 429,00 TL","Нет","Нет","","https://store.playstation.com/en-tr/concept/10018785","2026-03-19","Driving/Racing","PEGI_3"
"5700","Crashy Laps","PPSA16982","PS4, PS5","Нет","215,00 TL","","Нет","Нет","","https://store.playstation.com/en-tr/concept/10008603","2023-11-30","Driving/Racing","PEGI_3"
"5701","Cotton 100%","CUSA30877","PS4","Нет","349,00 TL","","Нет","Нет","","https://store.playstation.com/en-tr/concept/10003975","2021-10-28","Arcade","PEGI_7"
"5702","Crash Drive 3","PPSA02666","PS4, PS5","Нет","595,00 TL","Crash Drive 3: 595,00 TL; Crash Drive 3: 595,00 TL","Нет","Да","","https://store.playstation.com/en-tr/concept/10000218","2021-07-08","Arcade","PEGI_7"
"5703","Crazy Chicken X","PPSA18170","PS5","Нет","849,00 TL","Crazy Chicken X: 849,00 TL; Crazy Chicken X: 849,00 TL","Нет","Да","","https://store.playstation.com/en-tr/concept/10009070","2023-12-14","Casual","PEGI_7"
"5704","Creature in the Well","CUSA18962","PS4","Нет","549,00 TL","","Нет","Нет","","https://store.playstation.com/en-tr/concept/235128","2020-03-23","Action","PEGI_7"
"5705","Crazy Bus","PPSA32516","PS5","Нет","59,50 TL","","Нет","Нет","","https://store.playstation.com/en-tr/concept/10016540","2025-09-11","Arcade","PEGI_7"
"5706","Crazy Cats vs. Crazy Cyborgs","PPSA28224","PS4, PS5","Нет","215,00 TL","","Нет","Нет","","https://store.playstation.com/en-tr/concept/10014014","2025-04-15","Arcade","PEGI_3"
"5707","Crazy Chicken Pirates","PPSA18981","PS5","Нет","699,00 TL","Crazy Chicken Pirates: 699,00 TL; Crazy Chicken Pirates: 699,00 TL","Нет","Да","","https://store.playstation.com/en-tr/concept/10009357","2024-02-14","Action","PEGI_7"
"5708","Crazy Machines VR","CUSA13142","PS4","Нет","1.299,00 TL","","Нет","Нет","","https://store.playstation.com/en-tr/concept/232597","2019-10-18","Puzzle","PEGI_3"
"5709","Crazy Chicken Xtreme","PPSA04783","PS5","Нет","1.079,00 TL","Crazy Chicken Xtreme: 1.079,00 TL; Crazy Chicken Xtreme: 849,00 TL","Нет","Да","","https://store.playstation.com/en-tr/concept/10003541","2022-06-15","Action","PEGI_7"
"5710","Crazy Chicken Invasion","PPSA24319","PS5","Нет","699,00 TL","Crazy Chicken Invasion: 699,00 TL; Crazy Chicken Invasion: 699,00 TL","Нет","Да","","https://store.playstation.com/en-tr/concept/10011665","2024-09-22","Shooter","PEGI_7"
"5711","Creaks","CUSA18643","PS4","Нет","699,00 TL","Machinarium + Creaks Bundle: 1.149,00 TL; Creaks: 699,00 TL","Нет","Да","","https://store.playstation.com/en-tr/concept/10000345","2020-07-22","Puzzle","PEGI_7"
"5712","Creatura","CUSA46834","PS4","Нет","429,00 TL","","Нет","Нет","","https://store.playstation.com/en-tr/concept/10009989","2024-02-23","Simulation","PEGI_3"
"5713","Crazy Chicken Jump 'n' Run Traps and Treasures","PPSA07104","PS5","Нет","649,00 TL","Crazy Chicken Jump 'n' Run Traps and Treasures: 649,00 TL; Crazy Chicken Jump 'n' Run Traps and Treasures: 649,00 TL","Нет","Да","","https://store.playstation.com/en-tr/concept/10004807","2022-08-04","Casual","PEGI_7"
"5714","Creepy Road","CUSA13824","PS4","Нет","549,00 TL","","Нет","Да","","https://store.playstation.com/en-tr/concept/232882","2019-02-28","Action","PEGI_12"
"5715","Crazy Kung Fu","PPSA21664","PS5","Нет","1.031,00 TL","","Нет","Нет","","https://store.playstation.com/en-tr/concept/10010373","2024-05-30","Fighting","PEGI_3"
"5716","Crazy Chicken – Traps and Treasures 3","PPSA27228","PS5","Нет","849,00 TL","Crazy Chicken – Traps and Treasures 3: 849,00 TL; Crazy Chicken – Traps and Treasures 3: 849,00 TL","Нет","Нет","","https://store.playstation.com/en-tr/concept/10013312","2025-07-08","Casual","PEGI_7"
"5717","Crazy Chicken Wanted","PPSA02837","PS5","Нет","649,00 TL","Crazy Chicken Wanted: 649,00 TL; Crazy Chicken Wanted: 649,00 TL","Нет","Нет","","https://store.playstation.com/en-tr/concept/10002286","2021-07-09","Casual","PEGI_3"
"5718","Crazy Strike Bowling EX","CUSA04450","PS4","Нет","455,00 TL","","Нет","Нет","","https://store.playstation.com/en-tr/concept/220297","2016-06-14","Sport","PEGI_3"
"5719","Creepy Shift: House For Sale","PPSA32037","PS5","Нет","515,00 TL","","Нет","Да","","https://store.playstation.com/en-tr/concept/10016134","2026-06-12","Horror","PEGI_16"
"5720","Crazy Chicken","CUSA35809","PS4","Нет","879,00 TL","Crazy Chicken Shooter Edition: 879,00 TL; Crazy Chicken Shooter Edition: 879,00 TL","Нет","Нет","","https://store.playstation.com/en-tr/concept/10002523","2022-12-12","Casual","PEGI_3"
"5721","Creature Lab","PPSA21537","PS5","Нет","849,00 TL","","Нет","Нет","","https://store.playstation.com/en-tr/concept/10010395","2024-07-05","Simulator","PEGI_16"
"5722","Creepy Shift: Roadside Diner","PPSA32036","PS5","Нет","515,00 TL","Creepy Shift: Roadside Diner: 515,00 TL","Нет","Да","","https://store.playstation.com/en-tr/concept/10016133","2025-10-14","Horror","PEGI_16"
"5723","Crazy Chicken Kart 2","PPSA10280","PS5","Нет","849,00 TL","Crazy Chicken Kart 2: 849,00 TL; Crazy Chicken Kart 2: 849,00 TL","Нет","Да","","https://store.playstation.com/en-tr/concept/10004465","2022-11-18","Driving/Racing","PEGI_3"
"5724","Crescent Tower","PPSA31643","PS5","Нет","377,60 TL","","Нет","Нет","","https://store.playstation.com/en-tr/concept/10016041","2025-11-27","Role Playing Games","PEGI_7"
"5725","Creepy Tale 2","CUSA30096","PS4","Нет","525,00 TL","","Да","Да","","https://store.playstation.com/en-tr/concept/10003676","2023-04-26","Adventure","PEGI_16"
"5726","Crime Opera II: The Floodgate Effect","PPSA28291","PS4, PS5","Нет","525,00 TL","","Нет","Нет","","https://store.playstation.com/en-tr/concept/10014059","2025-02-25","Adventure","PEGI_18"
"5727","Crimsonland","PPSA02753","PS4, PS5","Нет","429,00 TL","Crimsonland: 429,00 TL; 10tons Triplepack: 730,00 TL; Crimsonland: 429,00 TL","Нет","Нет","","https://store.playstation.com/en-tr/concept/200878","2021-01-19","Shooter","PEGI_16"
"5728","Crisis Wing","PPSA04592","PS4, PS5","Нет","343,00 TL","","Нет","Нет","","https://store.playstation.com/en-tr/concept/10003412","2021-09-21","Action","PEGI_7"
"5729","Cricket 22","PPSA04862","PS4, PS5","Нет","1.499,00 TL","Cricket 22: 1.499,00 TL; Cricket 22: 1.499,00 TL","Нет","Нет","","https://store.playstation.com/en-tr/concept/10003601","2021-12-01","Sport","PEGI_3"
"5730","Croaktopia","PPSA28146","PS5","Нет","283,00 TL","","Нет","Нет","","https://store.playstation.com/en-tr/concept/10013890","2025-06-18","Casual","PEGI_3"
"5731","Crisol: Theater of Idols","PPSA28603","PS5","Нет","774,00 TL","","Нет","Нет","","https://store.playstation.com/en-tr/concept/10014260","2026-02-10","Horror","PEGI_18"
"5732","Croc's Dynamite Blast","CUSA56692","PS4","Нет","257,00 TL","","Нет","Нет","","https://store.playstation.com/en-tr/concept/10016888","2025-11-20","Arcade","PEGI_3"
"5733","Cris Tales","PPSA02123","PS4, PS5","Нет","1.399,00 TL","Fun For All Pack: 3.849,00 TL; Cris Tales: 1.399,00 TL","Нет","Да","","https://store.playstation.com/en-tr/concept/10001088","2021-07-19","Role Playing Games","PEGI_12"
"5734","Cricket 24","PPSA16342","PS4, PS5","Нет","2.499,00 TL","","Нет","Нет","PS Plus Extra","https://store.playstation.com/en-tr/concept/10008264","2023-10-04","Sport","PEGI_3"
"5735","Crisis On the Planet of the Apes","CUSA10826","PS4","Нет","649,00 TL","","Нет","Нет","","https://store.playstation.com/en-tr/concept/231070","2018-04-03","Action","PEGI_16"
"5736","Cricket: Jae's Really Peculiar Game","PPSA23958","PS5","Нет","1.079,00 TL","Cricket: Jae's Really Peculiar Game: 1.079,00 TL","Нет","Нет","","https://store.playstation.com/en-tr/concept/10011383","2024-09-18","Adventure","PEGI_7"
"5737","Crime Opera Fandisk: The Caterpillar Candids","PPSA28526","PS4, PS5","Нет","105,00 TL","","Нет","Нет","","https://store.playstation.com/en-tr/concept/10014216","2025-02-25","Unique","PEGI_16"
"5738","Criss Cross","PPSA18877","PS5","Нет","945,00 TL","Criss Cross: 945,00 TL; Criss Cross: 945,00 TL","Нет","Нет","","https://store.playstation.com/en-tr/concept/10009322","2024-12-07","Adventure","PEGI_12"
"5739","Crimson Keep","CUSA14432","PS4","Нет","849,00 TL","","Нет","Нет","","https://store.playstation.com/en-tr/concept/233118","2019-03-05","Adventure","PEGI_12"
"5740","Cricket 26 - The Official Game of the Ashes","PPSA28053","PS4, PS5","Нет","2.579,00 TL","Standard Edition: 2.579,00 TL; Pro Team Edition: 2.999,00 TL","Нет","Нет","","https://store.playstation.com/en-tr/concept/10013889","2025-11-19","Sport","PEGI_3"
"5741","Crimson Spires","PPSA03569","PS4, PS5","Нет","699,00 TL","","Нет","Нет","","https://store.playstation.com/en-tr/concept/10002328","2021-08-10","Adventure","PEGI_16"
"5742","CRICKET 19","CUSA15053","PS4","Нет","1.299,00 TL","Ultimate Edition Bundle: 1.590,00 TL; CRICKET 19: 1.299,00 TL","Нет","Нет","","https://store.playstation.com/en-tr/concept/233436","2019-05-27","Sport","PEGI_3"
"5743","Croc's World 3","CUSA17857","PS4","Нет","209,00 TL","","Нет","Нет","","https://store.playstation.com/en-tr/concept/235139","2019-12-22","Action","PEGI_3"
"5744","Croc's World 2","CUSA15748","PS4","Нет","227,00 TL","","Нет","Нет","","https://store.playstation.com/en-tr/concept/233991","2019-04-16","Action","PEGI_3"
"5745","Crisis VRigade","CUSA14721","PS4","Нет","387,00 TL","","Нет","Нет","","https://store.playstation.com/en-tr/concept/232954","2019-02-14","Arcade","PEGI_16"
"5746","Croc's World 4","CUSA47127","PS4","Нет","209,00 TL","","Нет","Да","","https://store.playstation.com/en-tr/concept/10010140","2024-02-22","Action","PEGI_3"
"5747","Croc's World Run","CUSA15132","PS4","Нет","227,00 TL","","Нет","Нет","","https://store.playstation.com/en-tr/concept/233466","2019-02-27","Action","PEGI_3"
"5748","Cronostase","PPSA11547","PS4, PS5","Нет","343,00 TL","","Нет","Нет","","https://store.playstation.com/en-tr/concept/10006629","2022-11-15","Puzzle","PEGI_3"
"5749","Croixleur Sigma","CUSA02163","PS4","Нет","489,00 TL","","Нет","Нет","","https://store.playstation.com/en-tr/concept/200855","2016-03-07","Action","PEGI_12"
"5750","Crossbars","PPSA30130","PS5","Нет","215,00 TL","","Нет","Нет","","https://store.playstation.com/en-tr/concept/10015154","2025-07-03","Driving/Racing","PEGI_3"
"5751","Crown Trick","CUSA25244","PS4","Нет","699,00 TL","","Нет","Да","","https://store.playstation.com/en-tr/concept/10001769","2021-09-06","Role Playing Games","PEGI_7"
"5752","Crossing Souls","CUSA09940","PS4","Нет","649,00 TL","","Нет","Да","","https://store.playstation.com/en-tr/concept/229762","2018-02-12","Adventure","PEGI_12"
"5753","Cryptark","CUSA08544","PS4","Нет","687,00 TL","","Нет","Нет","","https://store.playstation.com/en-tr/concept/228984","2017-06-28","Action","PEGI_7"
"5754","CrossCode","PPSA03234","PS4, PS5","Нет","849,00 TL","","Нет","Нет","","https://store.playstation.com/en-tr/concept/233619","2021-06-28","Role Playing Games","PEGI_12"
"5755","CRYMELIGHT","PPSA36937","PS5","Да","764,10 TL","Standard Edition: 764,10 TL; Deluxe Edition: 1.574,10 TL","Нет","Нет","","https://store.playstation.com/en-tr/concept/10019084","2026-11-04","Action","PEGI_16"
"5756","Crown of the Empire: Around the World","CUSA37551","PS4","Нет","215,00 TL","","Нет","Да","","https://store.playstation.com/en-tr/concept/10006385","2023-01-10","Casual","PEGI_3"
"5757","CROSSBOW: Bloodnight","PPSA23645","PS4, PS5","Нет","175,00 TL","","Нет","Нет","","https://store.playstation.com/en-tr/concept/10003211","2024-09-27","Shooter","PEGI_16"
"5758","Crypt of the NecroDancer","CUSA04094","PS4","Нет","687,00 TL","Crypt of the NecroDancer: 649,00 TL; Crypt of the NecroDancer: 687,00 TL","Нет","Да","","https://store.playstation.com/en-tr/concept/216141","2016-02-17","Adventure","PEGI_12"
"5759","Crowd City","CUSA45690","PS4","Нет","175,00 TL","Standard Edition: 175,00 TL; Complete Edition: 245,00 TL","Нет","Нет","","https://store.playstation.com/en-tr/concept/10009446","2024-05-09","Strategy","PEGI_3"
"5760","Crypto by POWGI","CUSA18915","PS4","Нет","343,00 TL","","Нет","Нет","","https://store.playstation.com/en-tr/concept/10000282","2020-05-18","Casual","PEGI_3"
"5761","Crossbow Crusade","CUSA28376","PS4","Нет","215,00 TL","","Нет","Нет","","https://store.playstation.com/en-tr/concept/10003044","2021-05-27","Action","PEGI_16"
"5762","Cryptical Path","PPSA34487","PS4, PS5","Нет","623,00 TL","","Нет","Нет","","https://store.playstation.com/en-tr/concept/10017643","2026-03-03","Action","PEGI_3"
"5763","Crowns and Pawns: Kingdom of Deceit","PPSA25784","PS4, PS5","Нет","699,00 TL","","Нет","Да","","https://store.playstation.com/en-tr/concept/10012415","2025-02-27","Adventure","PEGI_12"
"5764","CRUELTY","PPSA28746","PS5","Нет","300,00 TL","Standard Edition: 300,00 TL; Standard Edition: 300,00 TL","Нет","Да","","https://store.playstation.com/en-tr/concept/10014279","2026-04-23","Horror","PEGI_18"
"5765","Crypt Custodian","PPSA22452","PS4, PS5","Нет","849,00 TL","Full Game: 849,00 TL","Нет","Да","","https://store.playstation.com/en-tr/concept/10010746","2024-08-27","Adventure","PEGI_7"
"5766","Crossovers by POWGI","CUSA15126","PS4","Нет","343,00 TL","","Нет","Нет","","https://store.playstation.com/en-tr/concept/233460","2019-04-15","Casual","PEGI_3"
"5767","Cruz Brothers - Combat","CUSA10140","PS4","Нет","429,00 TL","","Нет","Нет","","https://store.playstation.com/en-tr/concept/228985","2018-03-12","Action","PEGI_16"
"5768","Crystal Rift","CUSA06140","PS4","Нет","128,50 TL","","Нет","Нет","","https://store.playstation.com/en-tr/concept/222956","2016-11-28","Action","PEGI_12"
"5769","Crystal Project","PPSA32876","PS5","Нет","334,75 TL","Crystal Project: 334,75 TL","Нет","Нет","","https://store.playstation.com/en-tr/concept/10016719","2026-04-12","Role Playing Games","PEGI_7"
"5770","Cryptmaster","PPSA23832","PS5","Нет","839,00 TL","Cryptmaster: 839,00 TL","Нет","Нет","","https://store.playstation.com/en-tr/concept/10011419","2024-10-03","Puzzle","PEGI_12"
"5771","Crossing Chaos - Crazy Highway Traffic","CUSA49156","PS4","Нет","111,60 TL","","Нет","Нет","","https://store.playstation.com/en-tr/concept/10011202","2025-03-19","Arcade","PEGI_7"
"5773","Crystal Crisis","CUSA15466","PS4","Нет","1.031,00 TL","","Нет","Нет","","https://store.playstation.com/en-tr/concept/233411","2019-06-18","Arcade","PEGI_7"
"5774","CRYSTAR","PPSA20766","PS5","Нет","849,00 TL","Standard Edition: 849,00 TL; CRYSTAR: 849,00 TL","Нет","Нет","","https://store.playstation.com/en-tr/concept/228691","2024-12-04","Role Playing Games","PEGI_12"
"5775","CubicBan","PPSA17658","PS5","Нет","129,00 TL","CubicBan: 129,00 TL; CubicBan: 129,00 TL","Нет","Нет","","https://store.playstation.com/en-tr/concept/10006283","2023-07-14","Puzzle","PEGI_3"
"5776","CRYZON part1","CUSA54361","PS4","Нет","75,00 TL","","Нет","Нет","","https://store.playstation.com/en-tr/concept/10014898","2025-09-30","Action","PEGI_3"
"5777","CRYZON part2","CUSA57267","PS4","Нет","75,00 TL","","Нет","Нет","","https://store.playstation.com/en-tr/concept/10017378","2025-11-30","Action","PEGI_7"
"5778","Ctrl","CUSA08210","PS4","Нет","171,00 TL","","Нет","Нет","","https://store.playstation.com/en-tr/concept/228963","2017-06-23","Unique","—"
"5779","Cube Railway","PPSA25802","PS5","Нет","61,25 TL","","Нет","Нет","","https://store.playstation.com/en-tr/concept/10012426","2024-11-14","Puzzle","PEGI_3"
"5780","Cube KaBAAM: Cryptic Trail","PPSA36798","PS4, PS5","Нет","107,00 TL","","Нет","Нет","","https://store.playstation.com/en-tr/concept/10019024","2026-03-19","Arcade","PEGI_3"
"5781","Cube Farmer","PPSA21150","PS5","Нет","75,25 TL","","Нет","Нет","","https://store.playstation.com/en-tr/concept/10009950","2024-02-15","Puzzle","PEGI_3"
"5782","Cube Airport","PPSA22185","PS5","Нет","75,25 TL","","Нет","Нет","","https://store.playstation.com/en-tr/concept/10010485","2024-04-18","Puzzle","PEGI_3"
"5783","CTHULOOT","PPSA26936","PS5","Нет","649,00 TL","","Нет","Нет","","https://store.playstation.com/en-tr/concept/10013114","2026-04-20","Party","PEGI_7"
"5784","Ctrl Alt Deal","PPSA26470","PS5","Нет","849,00 TL","Ctrl Alt Deal: 849,00 TL; Ctrl Alt Deal: 849,00 TL","Нет","Нет","","https://store.playstation.com/en-tr/concept/10009956","2025-07-30","Strategy","PEGI_3"
"5785","Cthulhu: The Cosmic Abyss","PPSA28868","PS5","Нет","1.289,40 TL","Standard Edition: 1.289,40 TL; R'lyeh Edition: 2.579,00 TL","Нет","Да","","https://store.playstation.com/en-tr/concept/10013698","2026-04-16","Horror","PEGI_18"
"5786","Cubers: Arena","CUSA17244","PS4","Нет","649,00 TL","","Нет","Да","","https://store.playstation.com/en-tr/concept/234888","2020-07-27","Arcade","PEGI_12"
"5787","CRYZON part4","CUSA58198","PS4","Нет","75,00 TL","","Нет","Нет","","https://store.playstation.com/en-tr/concept/10018306","2026-03-04","Action","PEGI_3"
"5788","Cube Raiders","CUSA25102","PS4","Нет","300,00 TL","","Нет","Нет","","https://store.playstation.com/en-tr/concept/10001714","2020-10-30","Adventure","PEGI_3"
"5789","Cube Merge 2048","PPSA32551","PS5","Нет","129,00 TL","","Нет","Нет","","https://store.playstation.com/en-tr/concept/10016575","2025-08-19","Puzzle","PEGI_3"
"5790","Cubic Figures","PPSA16704","PS5","Нет","171,00 TL","Cubic Figures: 171,00 TL; Cubic Figures: 171,00 TL","Нет","Нет","","https://store.playstation.com/en-tr/concept/10006087","2023-05-17","Puzzle","PEGI_3"
"5791","Ctrl Alt Ego","PPSA19533","PS5","Нет","875,00 TL","","Нет","Да","","https://store.playstation.com/en-tr/concept/10009567","2024-09-24","Puzzle","PEGI_7"
"5792","CRYZON part3","CUSA57945","PS4","Нет","75,00 TL","","Нет","Нет","","https://store.playstation.com/en-tr/concept/10018046","2026-01-28","Action","PEGI_3"
"5793","Cube KaBAAM","PPSA34397","PS4, PS5","Нет","85,00 TL","","Нет","Нет","","https://store.playstation.com/en-tr/concept/10017573","2025-11-20","Arcade","PEGI_3"
"5794","Cubic Odyssey","PPSA28358","PS5","Нет","875,00 TL","","Нет","Да","","https://store.playstation.com/en-tr/concept/10014086","2025-05-14","Adventure","PEGI_7"
"5795","Cubic Light","PPSA17389","PS5","Нет","129,00 TL","Cubic Light: 129,00 TL; Cubic Light: 129,00 TL","Нет","Нет","","https://store.playstation.com/en-tr/concept/10007305","2023-07-04","Puzzle","PEGI_3"
"5796","Cubic Figures 2","PPSA16759","PS5","Нет","42,00 TL","Cubic Figures 2: 42,00 TL; Cubic Figures 2: 42,00 TL","Нет","Да","","https://store.playstation.com/en-tr/concept/10008433","2023-05-25","Puzzle","PEGI_3"
"5797","Cubic Lines","PPSA17875","PS5","Нет","129,00 TL","Light up all the triangles!: 129,00 TL; Cubic Lines: 129,00 TL","Нет","Нет","","https://store.playstation.com/en-tr/concept/10005164","2023-07-28","Puzzle","PEGI_3"
"5798","Curses 'N Chaos","CUSA03106","PS4","Нет","429,00 TL","","Нет","Нет","","https://store.playstation.com/en-tr/concept/200843","2015-09-10","Action","PEGI_7"
"5799","Culinary Cooking Master Simulator","CUSA49510","PS4","Нет","159,25 TL","","Нет","Нет","","https://store.playstation.com/en-tr/concept/10011461","2024-09-12","Family","PEGI_3"
"5800","Cut Corner Renovations USSR","CUSA57740","PS4","Нет","389,40 TL","","Нет","Нет","","https://store.playstation.com/en-tr/concept/10017864","2026-03-02","Action","PEGI_3"
"5801","Cubikolor","CUSA04218","PS4","Нет","343,00 TL","","Нет","Нет","","https://store.playstation.com/en-tr/concept/216095","2016-05-26","Puzzle","PEGI_3"
"5802","CUSTOM MECH WARS","PPSA14368","PS5","Нет","1.749,00 TL","EDF COLLAB EDITION: 2.275,00 TL; ULTIMATE EDITION: 2.619,00 TL","Нет","Нет","","https://store.playstation.com/en-tr/concept/10007386","2023-12-10","Action","PEGI_12"
"5803","Cursed Island","CUSA34619","PS4","Нет","215,00 TL","","Нет","Да","","https://store.playstation.com/en-tr/concept/10005436","2022-07-05","Action","PEGI_7"
"5804","Curved Space","PPSA02818","PS4, PS5","Нет","699,00 TL","Standard: 699,00 TL; Puzzle Platformer Bundle: 4.299,00 TL","Нет","Да","","https://store.playstation.com/en-tr/concept/10002274","2021-06-28","Arcade","PEGI_7"
"5805","Customers From Hell","PPSA24542","PS4, PS5","Нет","279,00 TL","","Нет","Нет","","https://store.playstation.com/en-tr/concept/10011777","2024-09-09","Shooter","PEGI_16"
"5806","Curious Cases","CUSA24936","PS4","Нет","175,00 TL","","Нет","Да","","https://store.playstation.com/en-tr/concept/10001634","2021-07-11","Adventure","PEGI_12"
"5807","Curse Rounds","PPSA30898","PS4, PS5","Нет","215,00 TL","","Нет","Нет","","https://store.playstation.com/en-tr/concept/10014257","2025-08-14","Action","PEGI_7"
"5808","Cuccchi","CUSA29564","PS4","Нет","343,00 TL","","Нет","Нет","","https://store.playstation.com/en-tr/concept/10003400","2021-07-29","Educational","PEGI_7"
"5809","Cubic Parking","PPSA17480","PS5","Нет","129,00 TL","Cubic Parking: 129,00 TL; Cubic Parking: 129,00 TL","Нет","Нет","","https://store.playstation.com/en-tr/concept/10006400","2023-07-28","Puzzle","PEGI_3"
"5810","Curious Expedition","CUSA16006","PS4","Нет","649,00 TL","","Нет","Да","","https://store.playstation.com/en-tr/concept/234286","2020-04-01","Adventure","PEGI_3"
"5811","Cute Bite","PPSA20497","PS4, PS5","Нет","525,00 TL","","Нет","Нет","","https://store.playstation.com/en-tr/concept/10009966","2024-10-24","Adventure","PEGI_12"
"5812","Cybarian: The Time Travelling Warrior","CUSA15848","PS4","Нет","215,00 TL","","Нет","Нет","","https://store.playstation.com/en-tr/concept/234049","2019-06-19","Action","PEGI_7"
"5813","Curious Expedition 2","CUSA28401","PS4","Нет","849,00 TL","Curious Expedition 2 Bundle: 1.499,00 TL; Curious Expedition 2: 849,00 TL","Нет","Да","","https://store.playstation.com/en-tr/concept/10003027","2022-03-17","Adventure","PEGI_7"
"5814","Current: The Flow","PPSA33820","PS4, PS5","Нет","85,00 TL","","Нет","Нет","","https://store.playstation.com/en-tr/concept/10017233","2025-11-03","Arcade","PEGI_3"
"5815","Cultist Simulator","PPSA24128","PS4, PS5","Нет","875,00 TL","Cultist Simulator: Initiate Edition: 875,00 TL; Anthology Edition: 1.049,00 TL","Нет","Да","","https://store.playstation.com/en-tr/concept/10011500","2024-08-08","Simulation","PEGI_12"
"5816","Cyanide & Happiness - Freakpocalypse (Episode 1)","CUSA20215","PS4","Нет","849,00 TL","","Нет","Нет","","https://store.playstation.com/en-tr/concept/10000780","2021-10-26","Adventure","PEGI_16"
"5817","Cursed Castilla (Maldita Castilla EX)","CUSA05495","PS4","Нет","125,70 TL","","Нет","Нет","","https://store.playstation.com/en-tr/concept/227307","2017-01-11","Arcade","PEGI_12"
"5818","Cyber Car Seller Simulator","CUSA53912","PS4","Нет","292,05 TL","","Нет","Нет","","https://store.playstation.com/en-tr/concept/10014538","2025-07-03","Driving/Racing","PEGI_3"
"5819","Curling","CUSA38305","PS4","Нет","279,00 TL","","Нет","Нет","","https://store.playstation.com/en-tr/concept/10006595","2022-10-27","Sport","PEGI_3"
"5820","CybeRage","CUSA55557","PS4","Нет","64,50 TL","Standard Edition: 64,50 TL; Definitive Edition: 77,25 TL","Нет","Нет","","https://store.playstation.com/en-tr/concept/10015884","2025-08-21","Horror","PEGI_16"
"5821","CyberBlocker","PPSA35251","PS4, PS5","Нет","343,00 TL","","Нет","Нет","","https://store.playstation.com/en-tr/concept/10018116","2026-04-28","Shooter","PEGI_7"
"5822","Cybxus Heart","CUSA26568","PS4","Нет","87,50 TL","","Нет","Да","","https://store.playstation.com/en-tr/concept/10001965","2021-04-15","Action","PEGI_7"
"5823","Cycle Chaser H-5","PPSA26160","PS4, PS5","Нет","104,50 TL","","Нет","Нет","","https://store.playstation.com/en-tr/concept/10012654","2025-01-23","Shooter","PEGI_12"
"5824","Cylinder: Puzzles Returned","PPSA24912","PS5","Нет","208,62 TL","","Нет","Да","","https://store.playstation.com/en-tr/concept/10011953","2025-07-01","Puzzle","PEGI_3"
"5825","Cyber Citizen Shockman 3: The princess from another world","PPSA21576","PS4, PS5","Нет","154,20 TL","","Нет","Нет","","https://store.playstation.com/en-tr/concept/10010410","2024-05-02","Action","PEGI_7"
"5826","Cyber Lab","PPSA37147","PS5","Нет","215,00 TL","","Нет","Нет","","https://store.playstation.com/en-tr/concept/10019202","2026-04-16","Adventure","PEGI_3"
"5827","CyberHeroes Arena DX","PPSA13728","PS4, PS5","Нет","175,00 TL","","Нет","Нет","","https://store.playstation.com/en-tr/concept/10007321","2023-02-16","Action","PEGI_7"
"5828","Cyber Hook","CUSA26224","PS4","Нет","649,00 TL","","Нет","Да","","https://store.playstation.com/en-tr/concept/10002063","2022-12-07","Action","PEGI_3"
"5829","Cyber Neon Bundle","CUSA41388","PS4","Нет","215,00 TL","","Нет","Да","","https://store.playstation.com/en-tr/concept/10007568","2023-04-26","Action","PEGI_3"
"5830","Cyber Mission","PPSA18751","PS4, PS5","Нет","429,00 TL","","Нет","Да","","https://store.playstation.com/en-tr/concept/10009292","2024-08-20","Action","PEGI_7"
"5831","Cyber Citizen Shockman","PPSA15467","PS4, PS5","Нет","209,00 TL","","Нет","Нет","","https://store.playstation.com/en-tr/concept/10008001","2023-05-18","Action","PEGI_7"
"5832","CYGNI: All Guns Blazing","PPSA05990","PS5","Нет","314,70 TL","","Нет","Да","","https://store.playstation.com/en-tr/concept/10004231","2024-08-05","Action","PEGI_7"
"5833","Cybercop","CUSA46611","PS4","Нет","300,00 TL","Cybercop: 300,00 TL; Premium Edition: 300,00 TL","Нет","Нет","","https://store.playstation.com/en-tr/concept/10009869","2024-02-14","Arcade","PEGI_12"
"5834","Cyber Shadow","PPSA01883","PS4, PS5","Нет","849,00 TL","","Нет","Да","","https://store.playstation.com/en-tr/concept/10001329","2021-01-25","Action","PEGI_7"
"5835","Cyber Citizen Shockman 2: A New Menace","PPSA18395","PS4, PS5","Нет","154,20 TL","Shockman Collection Vol. 1 PS4® & PS5®: 283,20 TL; Cyber Citizen Shockman 2: A New Menace PS4® & PS5®: 154,20 TL","Нет","Нет","","https://store.playstation.com/en-tr/concept/10009148","2023-09-21","Action","PEGI_7"
"5836","Cyber Clutch: Hot Import Nights","PPSA10694","PS5","Нет","849,00 TL","Cyber Clutch: Hot Import Nights: 849,00 TL; Digital Deluxe: 1.079,00 TL","Нет","Нет","","https://store.playstation.com/en-tr/concept/10005915","2025-07-29","Arcade","PEGI_12"
"5837","Cyber Citizen Shockman Zero","PPSA23591","PS4, PS5","Нет","300,00 TL","Shockman Collection Vol. 2 PS4® & PS5®: 419,00 TL; Cyber Citizen Shockman Zero PS4® & PS5®: 300,00 TL","Нет","Нет","","https://store.playstation.com/en-tr/concept/10011262","2024-07-04","Arcade","PEGI_7"
"5838","CyberTD","PPSA11010","PS4, PS5","Нет","699,00 TL","Deluxe Edition: 875,00 TL","Нет","Нет","","https://store.playstation.com/en-tr/concept/10006440","2023-09-28","Strategy","PEGI_7"
"5839","CyberHive","CUSA32422","PS4","Нет","315,00 TL","","Нет","Да","","https://store.playstation.com/en-tr/concept/10004584","2022-06-17","Role Playing Games","PEGI_12"
"5840","Cypress Legacy","PPSA26440","PS5","Нет","125,85 TL","","Нет","Нет","","https://store.playstation.com/en-tr/concept/10012835","2025-03-24","Adventure","PEGI_12"
"5841","Dabman: When The Haters Dab Back","CUSA47367","PS4","Нет","215,00 TL","","Нет","Нет","","https://store.playstation.com/en-tr/concept/10010266","2024-03-05","Unique","PEGI_16"
"5842","Dadish 3","CUSA34039","PS4","Нет","387,00 TL","","Нет","Нет","","https://store.playstation.com/en-tr/concept/10005210","2022-06-14","Action","PEGI_3"
"5843","Daemonfall","PPSA30325","PS5","Нет","38,40 TL","","Нет","Нет","","https://store.playstation.com/en-tr/concept/10015266","2025-05-29","Action","PEGI_7"
"5844","Cyberdimension Neptunia: 4 Goddesses Online","CUSA07998","PS4","Нет","472,05 TL","","Нет","Нет","","https://store.playstation.com/en-tr/concept/225256","2017-10-26","Action","PEGI_12"
"5845","Dadish 3D","PPSA23709","PS5","Нет","601,00 TL","Dadish 3D: 601,00 TL; Dadish 3D: 601,00 TL","Нет","Нет","","https://store.playstation.com/en-tr/concept/10011336","2024-08-15","Action","PEGI_3"
"5846","Dangerous Driving","CUSA13942","PS4","Нет","1.299,00 TL","Dangerous Driving: 1.299,00 TL; Accidents will Happen - Dangerous Driving Crash Mode Bundle: 1.499,00 TL","Нет","Нет","","https://store.playstation.com/en-tr/concept/232934","2019-04-08","Driving/Racing","PEGI_7"
"5847","Danger Zone","CUSA08594","PS4","Нет","649,00 TL","","Нет","Нет","","https://store.playstation.com/en-tr/concept/228420","2017-05-29","Driving/Racing","PEGI_7"
"5848","DAMON and BABY","PPSA29511","PS4, PS5","Нет","849,00 TL","Standard: 849,00 TL; Deluxe Edtion: 1.079,00 TL","Нет","Нет","","https://store.playstation.com/en-tr/concept/10014824","2026-03-26","Action","PEGI_12"
"5849","Damsel","CUSA23919","PS4","Нет","429,00 TL","","Нет","Да","","https://store.playstation.com/en-tr/concept/235089","2020-09-30","Action","PEGI_12"
"5850","Dandara: Trials of","CUSA10571","PS4","Нет","162,25 TL","","Нет","Да","PS Plus Extra","https://store.playstation.com/en-tr/concept/231085","2018-02-05","Action","PEGI_7"
"5851","Danganronpa 1/2 Reload","CUSA06720","PS4","Нет","1.399,00 TL","","Нет","Нет","","https://store.playstation.com/en-tr/concept/207135","2017-03-16","Unique","PEGI_16"
"5852","Danganronpa S: Ultimate Summer Camp","CUSA26707","PS4","Нет","699,00 TL","","Нет","Нет","","https://store.playstation.com/en-tr/concept/10002321","2022-07-21","Party","PEGI_16"
"5853","Dandy & Randy DX","PPSA07602","PS4, PS5","Нет","120,00 TL","","Нет","Да","","https://store.playstation.com/en-tr/concept/10005048","2022-04-28","Adventure","PEGI_3"
"5854","Dance of Death: Du Lac & Fey","CUSA27334","PS4","Нет","343,50 TL","","Нет","Да","","https://store.playstation.com/en-tr/concept/10002634","2023-01-27","Adventure","PEGI_16"
"5855","Danger Zone 2","CUSA12145","PS4","Нет","774,00 TL","Danger Zone Bundle: Danger Zone and Danger Zone 2: 816,00 TL; Danger Zone 2: 774,00 TL","Нет","Нет","","https://store.playstation.com/en-tr/concept/232210","2018-07-12","Driving/Racing","PEGI_7"
"5856","Dagger Froggy","PPSA28261","PS4, PS5","Нет","175,00 TL","","Нет","Нет","","https://store.playstation.com/en-tr/concept/10014042","2025-04-01","Action","PEGI_3"
"5857","Dandy Ace","CUSA29833","PS4","Нет","193,50 TL","","Нет","Да","","https://store.playstation.com/en-tr/concept/10002590","2021-11-15","Fighting","PEGI_7"
"5858","Daggerhood","CUSA14176","PS4","Нет","215,00 TL","","Нет","Нет","","https://store.playstation.com/en-tr/concept/233010","2019-03-06","Action","PEGI_7"
"5859","Dangerous Golf","CUSA04398","PS4","Нет","774,00 TL","","Нет","Нет","","https://store.playstation.com/en-tr/concept/217979","2016-06-02","Sport","PEGI_3"
"5860","Damsels in Distress","PPSA36337","PS5","Нет","215,00 TL","Damsels in Distress: 215,00 TL; Damsels in Distress: 215,00 TL","Нет","Да","","https://store.playstation.com/en-tr/concept/10018656","2026-05-01","Adventure","PEGI_12"
"5861","Daemon X Machina: Titanic Scion","PPSA29136","PS5","Нет","2.999,00 TL","Digital Deluxe Edition: 3.849,00 TL; Daemon X Machina: Titanic Scion: 2.999,00 TL; Super Digital Deluxe Ed.: 1.719,60 TL","Нет","Нет","","https://store.playstation.com/en-tr/concept/10011097","2025-09-04","Action","PEGI_16"
"5862","DAMN","PPSA28952","PS5","Нет","300,00 TL","DAMN: 300,00 TL; DAMN: 300,00 TL; DAMN: 429,00 TL","Нет","Нет","","https://store.playstation.com/en-tr/concept/10013535","2025-03-13","Action","PEGI_7"
"5863","Dance Collider","CUSA23107","PS4","Нет","595,00 TL","","Нет","Нет","","https://store.playstation.com/en-tr/concept/10000040","2020-07-08","Music/Rhythm","PEGI_3"
"5864","Darius Cozmic Collection Arcade","CUSA18551","PS4","Нет","1.399,00 TL","Darius Cozmic Collection Console: 1.949,00 TL; Darius Cozmic Collection Arcade: 1.399,00 TL","Нет","Нет","","https://store.playstation.com/en-tr/concept/234935","2020-06-16","Action","PEGI_7"
"5865","Dariusburst Chronicle Saviours","CUSA03438","PS4","Нет","773,70 TL","","Нет","Да","","https://store.playstation.com/en-tr/concept/217997","2015-12-07","Shooter","PEGI_7"
"5866","Danmaku Unlimited 3","CUSA40823","PS4","Нет","139,75 TL","","Нет","Нет","","https://store.playstation.com/en-tr/concept/234942","2023-06-12","Action","PEGI_7"
"5867","Dark Angels","PPSA29970","PS5","Нет","245,00 TL","Dark Angels: 245,00 TL; 5 Dark Angels Avatar Bundle: 245,00 TL; Dark Angels: 245,00 TL; 5 Dark Angels Avatar Bundle: 245,00 TL","Нет","Нет","","https://store.playstation.com/en-tr/concept/10014891","2025-05-30","Arcade","PEGI_7"
"5868","DARIUSBURST: Another Chronicle EX+","CUSA20681","PS4","Нет","1.399,00 TL","","Нет","Нет","","https://store.playstation.com/en-tr/concept/10001494","2021-07-26","Unique","PEGI_7"
"5869","Dark Arcana: The Carnival","CUSA08710","PS4","Нет","649,00 TL","","Нет","Да","","https://store.playstation.com/en-tr/concept/227345","2017-06-27","—","PEGI_7"
"5870","Dark Hours","PPSA33643","PS5","Нет","649,00 TL","","Нет","Да","","https://store.playstation.com/en-tr/concept/10016956","2026-04-22","Horror","PEGI_16"
"5871","Dark Chronicle","CUSA02075","PS4","Нет","649,00 TL","","Нет","Нет","","https://store.playstation.com/en-tr/concept/206958","2016-01-18","Action","PEGI_12"
"5872","Dark Auction","PPSA32347","PS5","Нет","1.299,00 TL","Dark Auction: 1.299,00 TL; Digital Deluxe Edition: 1.634,00 TL","Нет","Нет","","https://store.playstation.com/en-tr/concept/10016450","2026-01-28","Adventure","PEGI_12"
"5873","Dark Mystery Bundle","PPSA03146","PS5","Нет","1.749,00 TL","Remastered: 1.079,00 TL; Halloween Hidden Object Bundle: 1.749,00 TL; Dark Mystery Bundle: 1.749,00 TL; Halloween Hidden Object Bundle: 1.499,00 TL; Dracula's Legacy: 849,00 TL; Dark Mystery Bundle: 1.499,00 TL","Нет","Нет","","https://store.playstation.com/en-tr/concept/231744","2026-04-02","Family","PEGI_12"
"5874","Dark Quest 2","CUSA15287","PS4","Нет","525,00 TL","","Нет","Нет","","https://store.playstation.com/en-tr/concept/233525","2019-04-16","Role Playing Games","PEGI_12"
"5875","Dark Deity 2","PPSA31964","PS5","Нет","1.031,00 TL","","Нет","Нет","","https://store.playstation.com/en-tr/concept/10010787","2025-11-07","Role Playing Games","PEGI_12"
"5876","DARKNESS ROLLERCOASTER - PSVR2 ENCHANTED VERSION","PPSA22541","PS5","Нет","429,00 TL","","Нет","Нет","","https://store.playstation.com/en-tr/concept/10010770","2024-10-28","Shooter","PEGI_3"
"5877","Dark Quest 3","CUSA41357","PS4","Нет","629,00 TL","","Нет","Нет","","https://store.playstation.com/en-tr/concept/10007637","2023-05-24","Role Playing Games","PEGI_7"
"5878","Dark Nights with Poe and Munro","CUSA20548","PS4","Нет","549,00 TL","","Нет","Да","","https://store.playstation.com/en-tr/concept/10001194","2021-05-03","Adventure","PEGI_16"
"5879","Dark Atlas: Infernum","PPSA29006","PS5","Нет","421,85 TL","","Нет","Нет","","https://store.playstation.com/en-tr/concept/10009333","2025-11-14","Horror","PEGI_16"
"5880","Dark Mystery","CUSA06857","PS4","Нет","209,00 TL","Platformer Game Pack: 259,00 TL; Dark Mystery: 209,00 TL","Нет","Нет","","https://store.playstation.com/en-tr/concept/227343","2017-08-14","Strategy","PEGI_3"
"5881","Dark Devotion","CUSA14354","PS4","Нет","699,00 TL","","Нет","Да","","https://store.playstation.com/en-tr/concept/233099","2019-10-23","Action","PEGI_16"
"5882","Dark Legion","CUSA12189","PS4","Нет","515,00 TL","","Нет","Нет","","https://store.playstation.com/en-tr/concept/229012","2018-06-15","Shooter","PEGI_16"
"5883","Darkness Rollercoaster - Ultimate","CUSA14845","PS4","Нет","343,00 TL","Akimbo Edition: 300,00 TL; Temple of Speed: 322,00 TL; LIGHT SABER EDITION: 257,00 TL; Definitive Edition: 343,00 TL; Darkness Rollercoaster - Ultimate Shooter Edition: 343,00 TL; Darkness Rollercoaster - Ultimate Shooter Edition: 300,00 TL; Darkness Rollercoaster -  Anniversary Edition: 300,00 TL; DARKNESS ROLLERCOASTER - HALLOWEEN EDITION: 322,00 TL","Нет","Нет","","https://store.playstation.com/en-tr/concept/233703","2019-05-07","Action","PEGI_3"
"5884","Darkestville Castle","CUSA16354","PS4","Нет","649,00 TL","Darkestville Castle: 649,00 TL","Нет","Нет","","https://store.playstation.com/en-tr/concept/234403","2020-08-13","Adventure","PEGI_16"
"5885","Darker Skies","PPSA04382","PS5","Нет","774,00 TL","Darker Skies: 774,00 TL; Darker Skies: 774,00 TL","Нет","Нет","","https://store.playstation.com/en-tr/concept/10002767","2021-08-24","Horror","PEGI_16"
"5886","Dark Cloud","CUSA01944","PS4","Нет","649,00 TL","Dark Cloud™ Series Soundtrack: 429,00 TL","Нет","Нет","","https://store.playstation.com/en-tr/concept/201189","2015-12-04","Action","PEGI_12"
"5887","Dark Light","PPSA13464","PS4, PS5","Нет","424,50 TL","Dark Light: 424,50 TL","Нет","Нет","","https://store.playstation.com/en-tr/concept/10007200","2024-01-30","Adventure","PEGI_16"
"5888","Dark Quest 4","PPSA29650","PS5","Нет","849,00 TL","Dark Quest 4: 849,00 TL; Dark Quest 4: 849,00 TL","Нет","Да","","https://store.playstation.com/en-tr/concept/10014878","2025-11-05","Role Playing Games","PEGI_12"
"5889","Dark Sauce","CUSA25197","PS4","Нет","193,00 TL","","Нет","Нет","","https://store.playstation.com/en-tr/concept/10001749","2020-11-05","Adventure","PEGI_7"
"5890","Dark Rose Valkyrie","CUSA06927","PS4","Нет","849,00 TL","","Нет","Нет","","https://store.playstation.com/en-tr/concept/227128","2017-06-08","Role Playing Games","PEGI_12"
"5891","Dark Quest","PPSA35121","PS5","Нет","300,00 TL","","Нет","Да","","https://store.playstation.com/en-tr/concept/10018017","2026-02-06","Role Playing Games","PEGI_7"
"5892","Darksiders Genesis","CUSA12979","PS4","Нет","1.399,00 TL","","Да","Да","","https://store.playstation.com/en-tr/concept/232551","2020-02-13","Action","PEGI_12"
"5893","DateJournal","PPSA04046","PS5","Нет","315,00 TL","DateJournal: 315,00 TL; DateJournal: 315,00 TL","Нет","Да","","https://store.playstation.com/en-tr/concept/10003089","2024-03-07","Adventure","PEGI_18"
"5895","Dating Life: Miley X Emily","PPSA04507","PS4, PS5","Нет","429,00 TL","","Нет","Нет","","https://store.playstation.com/en-tr/concept/10003366","2021-08-04","Adventure","PEGI_16"
"5896","Dawn of Man","PPSA23725","PS4, PS5","Нет","1.079,00 TL","Dawn of Man + Planetbase: 1.547,00 TL; Dawn of Man: 1.079,00 TL","Нет","Нет","","https://store.playstation.com/en-tr/concept/232726","2024-11-20","Strategy","PEGI_16"
"5897","Dark Steel Legends","PPSA31420","PS5","Нет","259,60 TL","","Нет","Да","","https://store.playstation.com/en-tr/concept/10015893","2025-10-09","Action","PEGI_16"
"5898","Darts","CUSA25626","PS4","Нет","349,00 TL","Pub Games: 649,00 TL; Darts: 349,00 TL","Нет","Нет","","https://store.playstation.com/en-tr/concept/10001942","2020-12-09","Sport","PEGI_3"
"5899","Dashing Orange","PPSA14157","PS4, PS5","Нет","171,00 TL","","Нет","Нет","","https://store.playstation.com/en-tr/concept/10007545","2023-03-30","Action","PEGI_3"
"5900","DATE A LIVE: Rio Reincarnation","CUSA15766","PS4","Нет","1.299,00 TL","","Нет","Нет","","https://store.playstation.com/en-tr/concept/228713","2019-07-25","Adventure","PEGI_12"
"5901","Date with Devils","PPSA28208","PS5","Нет","649,00 TL","","Нет","Нет","","https://store.playstation.com/en-tr/concept/10014000","2025-07-31","Role Playing Games","PEGI_12"
"5902","Daydream: Forgotten Sorrow","PPSA14097","PS5","Нет","849,00 TL","Daydream: Forgotten Sorrow: 849,00 TL; Daydream: Forgotten Sorrow: 849,00 TL","Нет","Да","","https://store.playstation.com/en-tr/concept/10007500","2024-07-25","Adventure","PEGI_12"
"5903","Darkstone Bay","PPSA38611","PS5","Нет","291,72 TL","","Нет","Нет","","https://store.playstation.com/en-tr/concept/10020090","2026-07-01","Adventure","PEGI_7"
"5904","Dark Thrones","CUSA27657","PS4","Нет","279,00 TL","","Нет","Нет","","https://store.playstation.com/en-tr/concept/10002762","2021-08-25","Arcade","PEGI_16"
"5905","Dark Town Secrets: Lost Lulu Collector’s Edition","PPSA38833","PS5","Нет","300,00 TL","","Нет","Да","","https://store.playstation.com/en-tr/concept/10020202","2026-07-15","Adventure","PEGI_3"
"5906","DASHBALL","CUSA20191","PS4","Нет","429,00 TL","","Нет","Нет","","https://store.playstation.com/en-tr/concept/10000770","2020-06-28","Sport","PEGI_7"
"5907","DayD: Through Time","CUSA13890","PS4","Нет","215,00 TL","","Нет","Да","","https://store.playstation.com/en-tr/concept/232825","2020-09-16","Strategy","PEGI_3"
"5908","Darts VR2: BullsEye","PPSA23510","PS5","Нет","486,75 TL","","Нет","Нет","","https://store.playstation.com/en-tr/concept/10010616","2026-04-09","Sport","PEGI_12"
"5909","Dark Town Secrets: The Last Burger","PPSA38941","PS5","Нет","429,00 TL","","Нет","Да","","https://store.playstation.com/en-tr/concept/10020261","2026-07-22","Puzzle","PEGI_7"
"5910","Date Everything!","PPSA22788","PS5","Нет","475,66 TL","Date Everything!: 475,66 TL; Lavish Edition: 1.949,00 TL","Нет","Нет","","https://store.playstation.com/en-tr/concept/10010892","2025-06-16","Simulation","PEGI_16"
"5911","Dawn of the Monsters","PPSA04267","PS4, PS5","Нет","324,75 TL","Game and DLC Bundle: 374,75 TL; Dawn of the Monsters PS4 & PS5: 324,75 TL","Нет","Нет","","https://store.playstation.com/en-tr/concept/10003208","2022-03-14","Action","PEGI_16"
"5912","Daymare: 1998","CUSA17082","PS4","Нет","1.499,00 TL","","Нет","Да","","https://store.playstation.com/en-tr/concept/234818","2020-04-27","Horror","PEGI_18"
"5913","Day D Tower Rush","CUSA06144","PS4","Нет","300,00 TL","","Нет","Да","","https://store.playstation.com/en-tr/concept/201079","2017-07-11","Strategy","PEGI_7"
"5914","Daymare: 1994 Sandcastle","PPSA09482","PS5","Нет","1.499,00 TL","Daymare: 1994 Sandcastle: 1.499,00 TL; Daymare: 1994 Sandcastle: 1.499,00 TL","Нет","Да","","https://store.playstation.com/en-tr/concept/10005421","2023-08-30","Horror","PEGI_18"
"5915","Day of the Shell","PPSA30033","PS4, PS5","Нет","649,00 TL","Day of the Shell: 649,00 TL","Нет","Да","","https://store.playstation.com/en-tr/concept/10015099","2025-07-29","Strategy","PEGI_7"
"5916","Day of the Tentacle","CUSA01959","PS4","Нет","649,00 TL","","Нет","Нет","","https://store.playstation.com/en-tr/concept/200896","2024-02-28","Adventure","PEGI_7"
"5917","Days of Doom","PPSA15275","PS5","Нет","324,75 TL","Days of Doom: 324,75 TL; Days of Doom: 324,75 TL","Нет","Нет","","https://store.playstation.com/en-tr/concept/10007933","2023-09-20","Strategy","PEGI_7"
"5918","Dead Age","CUSA08403","PS4","Нет","529,00 TL","","Нет","Да","","https://store.playstation.com/en-tr/concept/227320","2019-12-22","Adventure","PEGI_16"
"5919","Dead End Job","CUSA13400","PS4","Нет","529,00 TL","","Нет","Да","","https://store.playstation.com/en-tr/concept/232699","2019-12-12","Shooter","PEGI_7"
"5920","DEADBOLT","CUSA06033","PS4","Нет","429,00 TL","","Нет","Нет","","https://store.playstation.com/en-tr/concept/222964","2018-02-20","Action","PEGI_16"
"5921","Deadliest Deep Sea Catch Fishing Simulator","CUSA54381","PS4","Нет","324,50 TL","","Нет","Нет","","https://store.playstation.com/en-tr/concept/10014937","2025-08-07","Adventure","PEGI_3"
"5922","Dead Land VR","CUSA13144","PS4","Нет","50,00 TL","Dead Land VR Bundle: 70,00 TL; Dead Land VR: 50,00 TL","Нет","Нет","","https://store.playstation.com/en-tr/concept/232606","2019-02-14","Horror","PEGI_16"
"5923","Deadlink","PPSA22668","PS5","Нет","875,00 TL","Deadlink: 875,00 TL; Deadlink - Cyberpunk Rave: 1.246,00 TL","Нет","Да","","https://store.playstation.com/en-tr/concept/10010769","2024-07-30","Shooter","PEGI_18"
"5924","Dead Man´s Diary","PPSA16657","PS5","Нет","849,00 TL","","Нет","Да","","https://store.playstation.com/en-tr/concept/10008383","2024-01-24","Adventure","PEGI_16"
"5925","DCL - The Game","CUSA17440","PS4","Нет","1.749,00 TL","","Нет","Да","","https://store.playstation.com/en-tr/concept/234664","2020-02-17","Driving/Racing","PEGI_3"
"5926","Dead End City","PPSA15531","PS4, PS5","Нет","299,00 TL","","Нет","Нет","","https://store.playstation.com/en-tr/concept/10008040","2024-02-27","Shooter","PEGI_7"
"5927","Dead Island Retro Revenge","CUSA01647","PS4","Нет","26,25 TL","","Нет","Да","","https://store.playstation.com/en-tr/concept/222246","2016-07-31","Action","PEGI_16"
"5928","Dead Dust","CUSA27680","PS4","Нет","215,00 TL","","Нет","Нет","","https://store.playstation.com/en-tr/concept/10002773","2021-04-22","Action","PEGI_12"
"5929","Dead Land","CUSA08030","PS4","Нет","34,80 TL","Deadland Avatar Bundle: 70,00 TL; Dead Land: 34,80 TL","Нет","Нет","","https://store.playstation.com/en-tr/concept/227708","2018-05-22","Horror","PEGI_18"
"5930","Dead Estate","PPSA24783","PS5","Нет","571,00 TL","","Нет","Нет","","https://store.playstation.com/en-tr/concept/10011229","2026-07-09","Action","PEGI_16"
"5931","Dead Dungeon","CUSA20258","PS4","Нет","175,00 TL","","Нет","Да","","https://store.playstation.com/en-tr/concept/10000808","2020-11-05","Unique","PEGI_7"
"5932","DEAD AHEAD:ZOMBIE WARFARE","CUSA09835","PS4","Нет","699,00 TL","DEAD AHEAD: ZOMBIE WARFARE&SWAT Bundle: 875,00 TL; DEAD AHEAD: ZOMBIE WARFARE&Circus Bundle: 769,00 TL; DEAD AHEAD: ZOMBIE WARFARE Starter Bundle: 735,00 TL; DEAD AHEAD: ZOMBIE WARFARE: 699,00 TL; DEAD AHEAD: ZOMBIE WARFARE&3 Packs: 1.049,00 TL; DAZW Small Bundle: 34,50 TL","Нет","Да","","https://store.playstation.com/en-tr/concept/229753","2018-05-29","Strategy","PEGI_16"
"5933","PixelJunk VR Dead Hungry","CUSA09368","PS4","Нет","245,00 TL","","Нет","Нет","","https://store.playstation.com/en-tr/concept/228809","2017-11-07","Action","PEGI_7"
"5934","Dead Effect 2","CUSA05177","PS4","Нет","774,00 TL","","Нет","Да","","https://store.playstation.com/en-tr/concept/221855","2017-01-17","Shooter","PEGI_18"
"5935","Dead Age II","PPSA08476","PS5","Нет","699,00 TL","","Нет","Да","","https://store.playstation.com/en-tr/concept/10000465","2024-08-08","Unique","PEGI_16"
"5936","DEAD OR ALIVE 5 Last Round","CUSA01778","PS4","Нет","1.399,00 TL","","Нет","Нет","PS Plus Extra","https://store.playstation.com/en-tr/concept/220997","2015-03-17","Fighting","PEGI_16"
"5937","Deadly Days","CUSA27620","PS4","Нет","849,00 TL","Deadly Days: 849,00 TL","Нет","Да","","https://store.playstation.com/en-tr/concept/10002677","2021-08-03","Action","PEGI_16"
"5938","DEAD OR SCHOOL","CUSA17625","PS4","Нет","157,35 TL","","Нет","Нет","","https://store.playstation.com/en-tr/concept/233506","2020-03-13","Fighting","PEGI_16"
"5939","Dead of Darkness","PPSA28010","PS4, PS5","Нет","307,45 TL","","Нет","Да","","https://store.playstation.com/en-tr/concept/10013861","2025-07-01","Action","PEGI_16"
"5940","Deathchron","PPSA23592","PS4, PS5","Нет","175,00 TL","","Нет","Нет","","https://store.playstation.com/en-tr/concept/10011264","2024-07-11","Arcade","PEGI_7"
"5941","Dear Esther","CUSA05064","PS4","Нет","429,00 TL","","Нет","Да","","https://store.playstation.com/en-tr/concept/221866","2016-09-19","Adventure","PEGI_12"
"5942","Dead Secret","CUSA11526","PS4","Нет","649,00 TL","","Нет","Нет","","https://store.playstation.com/en-tr/concept/225083","2018-04-24","Adventure","PEGI_12"
"5943","Dead Station 2","PPSA22890","PS4, PS5","Нет","215,00 TL","","Нет","Да","","https://store.playstation.com/en-tr/concept/10010749","2024-06-12","Action","PEGI_16"
"5944","DEAD RISING","CUSA04671","PS4","Нет","429,00 TL","DEAD RISING Triple Bundle Pack: 1.749,00 TL; DEAD RISING: 429,00 TL","Нет","Да","","https://store.playstation.com/en-tr/concept/216157","2016-09-12","Horror","PEGI_18"
"5945","Death Come True","PPSA24842","PS5","Нет","629,00 TL","Death Come True: 629,00 TL; Death Come True: 629,00 TL","Нет","Нет","","https://store.playstation.com/en-tr/concept/10001184","2024-12-03","Horror","PEGI_18"
"5946","Death Attraction","PPSA37248","PS5","Нет","387,00 TL","Death Attraction: 387,00 TL; Death Attraction: 387,00 TL","Нет","Да","","https://store.playstation.com/en-tr/concept/10019268","2026-06-05","Horror","PEGI_12"
"5947","Death Elevator","PPSA25390","PS4, PS5","Нет","349,00 TL","","Нет","Нет","","https://store.playstation.com/en-tr/concept/10010560","2024-11-28","Shooter","PEGI_16"
"5948","DEAD RISING 2 Off The Record","CUSA04673","PS4","Нет","699,00 TL","","Нет","Нет","","https://store.playstation.com/en-tr/concept/212419","2016-09-12","Action","PEGI_18"
"5949","Death Horizon: Reloaded","PPSA32691","PS5","Нет","849,00 TL","","Нет","Нет","","https://store.playstation.com/en-tr/concept/10016627","2025-12-17","Shooter","PEGI_18"
"5950","Deathbulge: Battle of the Bands","PPSA29152","PS4, PS5","Нет","730,00 TL","","Нет","Нет","","https://store.playstation.com/en-tr/concept/10014607","2026-06-30","Role Playing Games","PEGI_12"
"5951","Death Becomes You","PPSA11404","PS4, PS5","Нет","343,00 TL","","Нет","Нет","","https://store.playstation.com/en-tr/concept/10006567","2023-08-03","Adventure","PEGI_12"
"5952","Dead Synchronicity: Tomorrow Comes Today","CUSA05345","PS4","Нет","649,00 TL","","Нет","Да","","https://store.playstation.com/en-tr/concept/221679","2016-10-03","Adventure","PEGI_12"
"5953","DEAD RISING 2","CUSA04672","PS4","Нет","699,00 TL","","Нет","Нет","","https://store.playstation.com/en-tr/concept/201112","2016-09-12","Action","PEGI_18"
"5954","Dead Rising Deluxe Remaster","PPSA18301","PS5","Нет","2.149,00 TL","Standard: 2.149,00 TL; Digital Deluxe: 2.099,00 TL","Да","Да","","https://store.playstation.com/en-tr/concept/10009074","2024-09-18","Action","PEGI_18"
"5955","Death end re;Quest Code Z","PPSA26292","PS5","Нет","2.149,00 TL","Quest Code Z: 2.149,00 TL; DX Edition: 2.999,00 TL; Quest Code Z: 2.149,00 TL; DX Edition: 2.999,00 TL","Нет","Нет","","https://store.playstation.com/en-tr/concept/10008673","2025-05-12","Role Playing Games","PEGI_16"
"5956","Death end re;Quest 2","CUSA19238","PS4","Нет","1.299,00 TL","Standard Edition: 1.299,00 TL; Quest 2 Deluxe Pack: 1.419,00 TL","Нет","Нет","","https://store.playstation.com/en-tr/concept/10000427","2020-08-27","Role Playing Games","PEGI_16"
"5957","Death end reQuest","CUSA13080","PS4","Нет","849,00 TL","","Нет","Нет","PS Plus Extra","https://store.playstation.com/en-tr/concept/228997","2019-02-21","Role Playing Games","PEGI_16"
"5958","Deadzone: Rogue","PPSA26767","PS5","Нет","1.079,00 TL","Deadzone: Rogue: 1.079,00 TL; Deluxe Edition: 1.499,00 TL","Нет","Да","","https://store.playstation.com/en-tr/concept/10012700","2025-09-03","Shooter","PEGI_12"
"5959","Death Kid","PPSA30063","PS5","Нет","47,25 TL","","Нет","Нет","","https://store.playstation.com/en-tr/concept/10015127","2025-05-14","Arcade","PEGI_7"
"5960","Deathly Dangerous","PPSA20338","PS4, PS5","Нет","215,00 TL","","Нет","Да","","https://store.playstation.com/en-tr/concept/10009863","2024-02-08","Action","PEGI_12"
"5961","Dead Station","CUSA37602","PS4","Нет","215,00 TL","","Нет","Да","","https://store.playstation.com/en-tr/concept/10006399","2022-11-22","Action","PEGI_7"
"5962","Death Howl","PPSA30896","PS5","Нет","849,00 TL","Standard Edition: 849,00 TL; Deluxe Edition: 670,15 TL","Нет","Да","","https://store.playstation.com/en-tr/concept/10015602","2026-02-19","Strategy","PEGI_12"
"5963","Spirit Hunter: Death Mark","CUSA12947","PS4","Нет","699,60 TL","","Нет","Нет","","https://store.playstation.com/en-tr/concept/232511","2018-10-30","Adventure","PEGI_16"
"5964","Death Road to Canada","CUSA10629","PS4","Нет","194,70 TL","","Нет","Нет","","https://store.playstation.com/en-tr/concept/225123","2018-05-08","Action","PEGI_16"
"5965","Death Mask","PPSA30757","PS5","Нет","429,00 TL","","Нет","Нет","","https://store.playstation.com/en-tr/concept/10015501","2025-08-28","Unique","PEGI_16"
"5966","Death Match Love Comedy!","PPSA26683","PS5","Нет","974,25 TL","Death Match Love Comedy!: 974,25 TL; Death Match Love Comedy!: 974,25 TL","Нет","Нет","","https://store.playstation.com/en-tr/concept/235115","2026-02-19","Adventure","PEGI_12"
"5967","Death Noodle Delivery","PPSA23423","PS5","Нет","53,75 TL","Death Noodle Delivery: 53,75 TL; Death Noodle Delivery: 53,75 TL","Нет","Да","","https://store.playstation.com/en-tr/concept/10011184","2024-07-31","Action","PEGI_18"
"5968","Debris","CUSA16144","PS4","Нет","849,00 TL","","Нет","Нет","","https://store.playstation.com/en-tr/concept/232968","2020-01-13","Adventure","PEGI_16"
"5969","Death's Gambit: Afterlife","CUSA05987","PS4","Нет","849,00 TL","","Нет","Нет","","https://store.playstation.com/en-tr/concept/222833","2018-08-13","Action","PEGI_16"
"5970","Death Tales","PPSA02659","PS4, PS5","Нет","215,00 TL","Death Tales: 215,00 TL; Death Tales: Plague Universe Trilogy Bundle: 387,00 TL","Нет","Нет","","https://store.playstation.com/en-tr/concept/10000665","2021-02-22","Role Playing Games","PEGI_7"
"5972","Deathwish Enforcers","PPSA10945","PS5","Нет","769,00 TL","Deathwish Enforcers: 769,00 TL; Deathwish Enforcers: 769,00 TL","Нет","Нет","","https://store.playstation.com/en-tr/concept/10006403","2024-05-27","Action","PEGI_16"
"5973","Death Squared","CUSA06739","PS4","Нет","601,00 TL","","Нет","Нет","PS Plus Extra","https://store.playstation.com/en-tr/concept/225086","2017-03-14","Family","PEGI_3"
"5974","de Blob 2","CUSA10299","PS4","Нет","1.299,00 TL","","Нет","Нет","","https://store.playstation.com/en-tr/concept/200899","2018-02-26","Action","PEGI_7"
"5975","Death, Soul & Robots","PPSA15715","PS5","Нет","157,00 TL","Death, Soul & Robots: 157,00 TL; Death, Soul & Robots: 157,00 TL","Нет","Да","","https://store.playstation.com/en-tr/concept/10007402","2023-05-28","Adventure","PEGI_7"
"5976","de Blob","CUSA09778","PS4","Нет","849,00 TL","","Нет","Нет","","https://store.playstation.com/en-tr/concept/229908","2017-11-13","Family","PEGI_3"
"5977","Deathtrap Dungeon: The Interactive Video Adventure","PPSA23127","PS5","Нет","774,00 TL","","Нет","Нет","","https://store.playstation.com/en-tr/concept/10011033","2024-09-06","Adventure","PEGI_12"
"5978","DEATHRUN TV","PPSA07046","PS5","Нет","649,00 TL","","Нет","Нет","","https://store.playstation.com/en-tr/concept/10003303","2022-06-14","Action","PEGI_16"
"5979","Death or Treat","PPSA15687","PS5","Нет","209,70 TL","Death or Treat: 209,70 TL; Death or Treat: 209,70 TL","Нет","Да","","https://store.playstation.com/en-tr/concept/10008096","2023-05-10","Action","PEGI_7"
"5980","Deathsmiles I･II","CUSA30026","PS4","Нет","1.749,00 TL","","Нет","Нет","","https://store.playstation.com/en-tr/concept/10000616","2021-12-15","Shooter","PEGI_12"
"5981","DEATH NOTE Killer Within","PPSA18709","PS4, PS5","Нет","429,00 TL","DEATH NOTE Killer Within: 429,00 TL; Special Edition: 849,00 TL","Нет","Нет","","https://store.playstation.com/en-tr/concept/10009279","2024-11-05","Strategy","PEGI_12"
"5982","Deckline","PPSA35345","PS5","Нет","283,00 TL","Deckline: 283,00 TL; Deckline: 283,00 TL","Нет","Да","","https://store.playstation.com/en-tr/concept/10018152","2026-03-12","Strategy","PEGI_18"
"5983","Deck of Ashes","CUSA27235","PS4","Нет","1.079,00 TL","","Да","Да","","https://store.playstation.com/en-tr/concept/10002575","2022-04-21","Strategy","PEGI_12"
"5984","Deep Beyond","PPSA23952","PS5","Нет","349,00 TL","Deep Beyond: 349,00 TL; Deep Beyond: 349,00 TL","Нет","Нет","","https://store.playstation.com/en-tr/concept/10011470","2024-09-13","Adventure","PEGI_12"
"5985","DEEMO -Reborn","CUSA13139","PS4","Нет","1.749,00 TL","","Нет","Нет","","https://store.playstation.com/en-tr/concept/232595","2019-12-23","Music/Rhythm","PEGI_3"
"5986","Deep Deep Deep Nightmare","PPSA27768","PS4, PS5","Нет","349,00 TL","","Нет","Нет","","https://store.playstation.com/en-tr/concept/10012898","2025-04-24","Shooter","PEGI_7"
"5987","Deep Diving Adventures","CUSA32742","PS4","Нет","84,90 TL","","Нет","Да","","https://store.playstation.com/en-tr/concept/10004691","2022-06-17","Adventure","PEGI_7"
"5988","Deep, In the Forest","PPSA27216","PS4, PS5","Нет","300,00 TL","","Нет","Да","","https://store.playstation.com/en-tr/concept/10013310","2025-02-13","Puzzle","PEGI_7"
"5989","Delivery Driver - The Simulation","PPSA12350","PS5","Нет","849,00 TL","Delivery Driver - The Simulation: 849,00 TL; Delivery Driver - The Simulation: 774,00 TL","Нет","Нет","","https://store.playstation.com/en-tr/concept/10004521","2023-06-21","Simulation","PEGI_3"
"5990","Defend the Rook","PPSA17665","PS4, PS5","Нет","525,00 TL","Defend the Rook - Supporter Edition: 699,00 TL; Defend the Rook: 525,00 TL","Нет","Да","","https://store.playstation.com/en-tr/concept/10007262","2023-08-16","Strategy","PEGI_7"
"5991","Deep Sky Derelicts","CUSA15840","PS4","Нет","1.079,00 TL","","Нет","Да","","https://store.playstation.com/en-tr/concept/234007","2020-03-24","Role Playing Games","PEGI_12"
"5992","Defender's Quest: Valley of the Forgotten DX","CUSA11289","PS4","Нет","601,00 TL","","Нет","Нет","","https://store.playstation.com/en-tr/concept/231051","2018-02-20","Role Playing Games","PEGI_12"
"5993","DeMagnete VR","CUSA28244","PS4","Нет","699,00 TL","","Нет","Нет","","https://store.playstation.com/en-tr/concept/235345","2021-06-28","Adventure","PEGI_3"
"5994","Deer Hunting Camp","PPSA17641","PS5","Нет","774,00 TL","Deer Hunting Camp: 774,00 TL; Deer Hunting Camp: 774,00 TL","Нет","Нет","","https://store.playstation.com/en-tr/concept/10008876","2025-04-02","Simulator","PEGI_16"
"5995","Defense Master","PPSA25898","PS5","Нет","349,00 TL","","Нет","Да","","https://store.playstation.com/en-tr/concept/10012480","2024-10-26","Action","PEGI_16"
"5996","Degroid","CUSA42526","PS4","Нет","215,00 TL","","Нет","Да","","https://store.playstation.com/en-tr/concept/10008031","2023-05-22","Adventure","PEGI_7"
"5997","DE-EXIT - Eternal Matters","PPSA03679","PS4, PS5","Нет","699,00 TL","","Нет","Да","","https://store.playstation.com/en-tr/concept/10001984","2023-04-14","Adventure","PEGI_7"
"5998","Delivery from the Pain","CUSA29001","PS4","Нет","549,00 TL","","Нет","Да","","https://store.playstation.com/en-tr/concept/10003268","2022-06-09","Adventure","PEGI_16"
"5999","Defending Camelot","PPSA33605","PS4, PS5","Нет","257,40 TL","","Нет","Нет","","https://store.playstation.com/en-tr/concept/10017106","2026-03-17","Adventure","PEGI_7"
"6000","Deep Ones","CUSA10821","PS4","Нет","52,25 TL","","Нет","Да","","https://store.playstation.com/en-tr/concept/231072","2018-04-10","Action","PEGI_7"
"6001","Deiland","CUSA09950","PS4","Нет","132,25 TL","Deiland special pack: 649,00 TL; Deiland: 132,25 TL","Нет","Нет","","https://store.playstation.com/en-tr/concept/229889","2018-02-27","Adventure","PEGI_7"
"6002","Delivery Driver Massacre","PPSA33512","PS5","Нет","215,00 TL","Delivery Driver Massacre: 215,00 TL; Delivery Driver Massacre: 215,00 TL","Нет","Нет","","https://store.playstation.com/en-tr/concept/10017035","2025-11-26","Adventure","PEGI_16"
"6003","Delivery Dash: Battle Couriers","PPSA32538","PS5","Нет","649,00 TL","Standard: 649,00 TL; Standard: 649,00 TL","Нет","Нет","","https://store.playstation.com/en-tr/concept/10016249","2025-10-30","Party","PEGI_3"
"6004","Deep Sea Delivery & Co.","PPSA37473","PS4, PS5","Нет","257,00 TL","","Нет","Нет","","https://store.playstation.com/en-tr/concept/10019399","2026-08-04","Arcade","PEGI_3"
"6005","Deiland: Pocket Planet","CUSA34678","PS4","Нет","174,75 TL","","Нет","Да","","https://store.playstation.com/en-tr/concept/10005452","2022-06-30","Adventure","PEGI_7"
"6006","Delirium","PPSA14752","PS4, PS5","Нет","82,35 TL","","Нет","Нет","","https://store.playstation.com/en-tr/concept/235319","2024-08-07","Puzzle","PEGI_12"
"6007","Delicious! Pretty Girls Mahjong Solitaire","PPSA04805","PS5","Нет","257,00 TL","Delicious! Pretty Girls Mahjong Solitaire: 257,00 TL; Delicious! Pretty Girls Mahjong Solitaire: 257,00 TL","Нет","Нет","","https://store.playstation.com/en-tr/concept/10002299","2021-09-23","Puzzle","PEGI_16"
"6008","Defunct","CUSA08388","PS4","Нет","52,35 TL","Defunct - Deluxe Edition: 649,00 TL; Defunct: 52,35 TL","Нет","Да","","https://store.playstation.com/en-tr/concept/227316","2018-01-15","Action","PEGI_3"
"6009","Dementium: The Ward","PPSA20478","PS4, PS5","Нет","816,00 TL","","Нет","Нет","","https://store.playstation.com/en-tr/concept/10009806","2024-04-18","Horror","PEGI_18"
"6010","Demeo","PPSA10635","PS5","Нет","1.399,00 TL","","Нет","Нет","","https://store.playstation.com/en-tr/concept/10005676","2023-02-21","Role Playing Games","PEGI_7"
"6011","Demeo Battles","PPSA25443","PS5","Нет","699,00 TL","Demeo Ultimate Bundle: 3.449,00 TL; Demeo Battles VR: 699,00 TL; Demeo Battles: 699,00 TL","Нет","Нет","","https://store.playstation.com/en-tr/concept/10009718","2024-12-17","Strategy","PEGI_7"
"6012","Democracy 4","CUSA44558","PS4","Нет","863,20 TL","","Нет","Да","","https://store.playstation.com/en-tr/concept/10008951","2024-06-04","Simulation","PEGI_12"
"6013","Dentist Bling","CUSA58765","PS4","Нет","215,00 TL","Standard Edition: 215,00 TL; Dentist Bling & Dessert DIY: 343,00 TL; Complete Edition: 300,00 TL","Нет","Нет","","https://store.playstation.com/en-tr/concept/10018937","2026-05-07","Simulation","PEGI_3"
"6014","Demon Hunter: Revelation","CUSA25993","PS4","Нет","649,00 TL","Paranormal Bundle: 1.547,00 TL","Нет","Да","","https://store.playstation.com/en-tr/concept/10002067","2021-02-12","Adventure","PEGI_12"
"6015","DEMON GAZE EXTRA","CUSA30306","PS4","Нет","2.099,00 TL","Standard Edition: 2.099,00 TL; Digital Premium Edition: 3.449,00 TL","Нет","Нет","","https://store.playstation.com/en-tr/concept/10002791","2022-01-05","Role Playing Games","PEGI_12"
"6016","Demolish & Build Classic","CUSA45722","PS4","Нет","349,00 TL","","Нет","Нет","","https://store.playstation.com/en-tr/concept/10009468","2024-01-12","Casual","PEGI_3"
"6017","Demolish & Build","CUSA24943","PS4","Нет","699,00 TL","","Нет","Да","","https://store.playstation.com/en-tr/concept/10001339","2021-08-20","Simulation","PEGI_3"
"6018","Deployment","CUSA11858","PS4","Нет","649,00 TL","","Нет","Да","","https://store.playstation.com/en-tr/concept/232054","2023-03-27","Shooter","PEGI_7"
"6019","Demons Of Asteborg","CUSA41381","PS4","Нет","429,00 TL","","Нет","Нет","","https://store.playstation.com/en-tr/concept/10007643","2024-02-04","Action","PEGI_12"
"6020","Deponia","CUSA03770","PS4","Нет","349,00 TL","","Нет","Да","","https://store.playstation.com/en-tr/concept/216977","2016-11-14","Adventure","PEGI_12"
"6021","Demon Castle Story","CUSA57354","PS4","Нет","549,00 TL","","Нет","Нет","","https://store.playstation.com/en-tr/concept/10017479","2026-06-10","Role Playing Games","PEGI_7"
"6022","Demonic Supremacy","PPSA30320","PS4, PS5","Нет","300,00 TL","Demonic Supremacy: 300,00 TL; Demonic Supremacy: 300,00 TL","Нет","Да","","https://store.playstation.com/en-tr/concept/10007989","2025-06-05","Action","PEGI_16"
"6023","Demon Turf","PPSA04954","PS5","Нет","769,00 TL","Demon Turf: 769,00 TL; Demon Turf: 769,00 TL","Нет","Нет","","https://store.playstation.com/en-tr/concept/10002215","2021-11-04","Action","PEGI_7"
"6024","Demon Slayer -Kimetsu no Yaiba- Sweep the Board!","PPSA21268","PS4, PS5","Нет","524,70 TL","","Нет","Нет","","https://store.playstation.com/en-tr/concept/10008801","2024-07-16","Party","PEGI_12"
"6025","Demon Hunter: Riddles of Light","PPSA05135","PS4, PS5","Нет","649,00 TL","Demon Hunter Bundle: 1.031,00 TL","Нет","Да","","https://store.playstation.com/en-tr/concept/10003730","2021-10-22","Adventure","PEGI_7"
"6026","Demon Hunter: New Chapter","PPSA12406","PS4, PS5","Нет","774,00 TL","Demonic Tales Bundle: 1.547,00 TL","Нет","Да","","https://store.playstation.com/en-tr/concept/10006875","2023-01-19","Adventure","PEGI_12"
"6027","Demonschool","PPSA15171","PS5","Нет","949,00 TL","Demonschool: 949,00 TL; Game and Artbook Bundle: 1.079,00 TL; Demonschool: 949,00 TL; Game and Artbook Bundle: 1.079,00 TL","Нет","Нет","","https://store.playstation.com/en-tr/concept/10007754","2025-11-19","Role Playing Games","PEGI_16"
"6028","Demons with Shotguns","CUSA09550","PS4","Нет","549,00 TL","","Нет","Нет","","https://store.playstation.com/en-tr/concept/229748","2019-12-18","Action","PEGI_16"
"6029","Demetrios the BIG Cynical Adventure REPLASTERED","PPSA06666","PS5","Нет","43,00 TL","Hand-Drawn Epic Adventures: 849,00 TL; Demetrios the BIG Cynical Adventure REPLASTERED: 43,00 TL; Hand-Drawn Epic Adventures: 849,00 TL; Demetrios - The BIG Cynical Adventure: 349,00 TL","Нет","Да","","https://store.playstation.com/en-tr/concept/225128","2022-03-07","Adventure","PEGI_12"
"6030","Deponia Doomsday","CUSA14186","PS4","Нет","249,00 TL","","Нет","Да","","https://store.playstation.com/en-tr/concept/232891","2019-02-26","Adventure","PEGI_12"
"6031","Demon Hunter: Chronicles from Beyond","PPSA14338","PS4, PS5","Нет","774,00 TL","Demon Hunter Collection: 2.349,00 TL","Нет","Да","","https://store.playstation.com/en-tr/concept/10007602","2023-03-16","Adventure","PEGI_12"
"6032","Desert Child","CUSA12744","PS4","Нет","389,00 TL","","Нет","Да","","https://store.playstation.com/en-tr/concept/232254","2018-12-10","Action","PEGI_16"
"6033","DESERTED","PPSA21041","PS4, PS5","Нет","839,00 TL","","Нет","Да","","https://store.playstation.com/en-tr/concept/10010107","2025-03-19","Adventure","PEGI_12"
"6034","Demon Skin","CUSA27341","PS4","Нет","429,00 TL","","Да","Да","","https://store.playstation.com/en-tr/concept/10002636","2023-05-05","Fighting","PEGI_16"
"6035","Desvelado","PPSA30799","PS5","Нет","429,00 TL","","Нет","Нет","","https://store.playstation.com/en-tr/concept/10015529","2026-01-22","Puzzle","PEGI_7"
"6036","DESOLATIUM","PPSA16478","PS5","Нет","157,35 TL","DESOLATIUM: 157,35 TL; DESOLATIUM: 157,35 TL","Нет","Да","","https://store.playstation.com/en-tr/concept/10008382","2023-10-26","Adventure","PEGI_16"
"6037","despelote","PPSA15428","PS4, PS5","Нет","489,00 TL","","Нет","Нет","","https://store.playstation.com/en-tr/concept/10007987","2025-05-01","Sport","PEGI_16"
"6038","Destiny Connect: Tick-Tock Travelers","CUSA15547","PS4","Нет","1.399,00 TL","","Нет","Нет","","https://store.playstation.com/en-tr/concept/233004","2019-11-08","Role Playing Games","PEGI_7"
"6039","Detective Gallo","CUSA12702","PS4","Нет","649,00 TL","","Нет","Да","","https://store.playstation.com/en-tr/concept/232418","2018-08-15","Adventure","PEGI_12"
"6040","Detective Agency: Gray Tie","PPSA14134","PS5","Нет","32,45 TL","","Нет","Нет","","https://store.playstation.com/en-tr/concept/10007527","2023-04-21","Adventure","PEGI_3"
"6041","Destination Paradise","PPSA23659","PS5","Нет","21,45 TL","","Нет","Нет","","https://store.playstation.com/en-tr/concept/10011308","2024-07-15","Adventure","PEGI_3"
"6042","Despotism 3k","CUSA27023","PS4","Нет","472,00 TL","","Нет","Да","","https://store.playstation.com/en-tr/concept/10002502","2021-06-25","Simulator","PEGI_16"
"6043","Detective Girl: The Case of Immortality","PPSA31160","PS5","Нет","429,00 TL","","Нет","Нет","","https://store.playstation.com/en-tr/concept/10015729","2025-12-12","Unique","PEGI_7"
"6044","Detective - Minerva Case","PPSA22701","PS5","Нет","472,00 TL","","Нет","Нет","","https://store.playstation.com/en-tr/concept/10010848","2024-06-06","Adventure","PEGI_16"
"6045","Detective Agency: Gray Tie 2","PPSA18236","PS5","Нет","32,45 TL","","Нет","Да","","https://store.playstation.com/en-tr/concept/10009095","2023-11-17","Adventure","PEGI_3"
"6046","Destino Indomable","PPSA27547","PS4, PS5","Нет","537,00 TL","","Нет","Нет","","https://store.playstation.com/en-tr/concept/10013475","2025-03-03","Adventure","PEGI_18"
"6047","DETECTIVE - Scene Crime","PPSA30597","PS5","Нет","472,00 TL","","Нет","Нет","","https://store.playstation.com/en-tr/concept/10015410","2025-09-04","Adventure","PEGI_16"
"6048","DETECTIVE - Stella Porta case","PPSA19651","PS4, PS5","Нет","472,00 TL","DETECTIVE - Stella Porta case: 472,00 TL; DETECTIVE - Collection: 1.079,00 TL","Нет","Нет","","https://store.playstation.com/en-tr/concept/10009614","2023-12-21","Adventure","PEGI_12"
"6049","DETECTIVE - Rainy Night","PPSA33478","PS5","Нет","472,00 TL","","Нет","Нет","","https://store.playstation.com/en-tr/concept/10017020","2025-12-04","Adventure","PEGI_16"
"6050","DESTRUCTURE: Among Debris","CUSA51367","PS4","Нет","349,00 TL","","Нет","Нет","","https://store.playstation.com/en-tr/concept/10012653","2025-02-05","Action","PEGI_3"
"6051","Detached","CUSA11492","PS4","Нет","254,70 TL","","Нет","Нет","","https://store.playstation.com/en-tr/concept/231799","2018-07-23","Simulation","PEGI_12"
"6052","Despot's Game","PPSA06315","PS4, PS5","Нет","699,00 TL","Despot's Game: 699,00 TL; Despot's Game: Collector's Edition: 769,00 TL","Нет","Да","","https://store.playstation.com/en-tr/concept/10004302","2023-05-11","Strategy","PEGI_12"
"6053","Dessert DIY","CUSA43300","PS4","Нет","52,50 TL","Dessert DIY: 52,50 TL; Complete Edition: 73,50 TL","Нет","Нет","","https://store.playstation.com/en-tr/concept/10008349","2023-07-20","Simulation","PEGI_3"
"6054","Deus Ex: The Conspiracy","PPSA27664","PS4, PS5","Нет","649,00 TL","","Нет","Нет","","https://store.playstation.com/en-tr/concept/10013576","2025-06-17","Role Playing Games","PEGI_18"
"6055","Detective - The Test","PPSA28276","PS5","Нет","472,00 TL","","Нет","Нет","","https://store.playstation.com/en-tr/concept/10014050","2025-04-07","Adventure","PEGI_12"
"6056","DETECTIVE - The Motel","PPSA25568","PS4, PS5","Нет","549,00 TL","","Нет","Да","","https://store.playstation.com/en-tr/concept/10012277","2024-12-05","Adventure","PEGI_16"
"6057","Desert Storm War FPS","PPSA36261","PS5","Нет","687,00 TL","Desert Storm War FPS: 687,00 TL; Desert Storm War FPS: 687,00 TL","Нет","Нет","","https://store.playstation.com/en-tr/concept/10018716","2026-02-27","Action","PEGI_16"
"6058","Devidicon","PPSA33601","PS5","Нет","649,00 TL","","Нет","Нет","","https://store.playstation.com/en-tr/concept/10017102","2026-04-23","Action","PEGI_18"
"6059","Devil Engine","PPSA18555","PS4, PS5","Нет","875,00 TL","","Нет","Нет","","https://store.playstation.com/en-tr/concept/10005786","2023-11-08","Arcade","PEGI_7"
"6060","Devil Slayer Raksasi","CUSA25746","PS4","Нет","649,00 TL","","Нет","Да","","https://store.playstation.com/en-tr/concept/10001672","2021-04-22","Action","PEGI_16"
"6061","Dicey Dungeons","PPSA05370","PS4, PS5","Нет","525,00 TL","","Нет","Да","","https://store.playstation.com/en-tr/concept/10003845","2023-02-06","Strategy","PEGI_7"
"6062","Die With Glory","CUSA27268","PS4","Нет","429,00 TL","","Да","Да","","https://store.playstation.com/en-tr/concept/10002596","2021-03-25","Adventure","PEGI_12"
"6063","Die for Valhalla!","CUSA06822","PS4","Нет","419,00 TL","Die for Valhalla! - Special Edition: 525,00 TL; Die for Valhalla!: 419,00 TL","Нет","Да","","https://store.playstation.com/en-tr/concept/225089","2018-05-29","Action","PEGI_16"
"6064","Dick Wilde","CUSA08505","PS4","Нет","649,00 TL","","Нет","Нет","","https://store.playstation.com/en-tr/concept/228419","2017-05-16","Action","PEGI_12"
"6065","DeviLevel: Try Again","PPSA31532","PS5","Нет","343,00 TL","DeviLevel: Try Again: 343,00 TL; DeviLevel: Try Again: 343,00 TL","Нет","Нет","","https://store.playstation.com/en-tr/concept/10015952","2025-07-09","Action","PEGI_7"
"6066","Diesel Legacy: The Brazen Age","PPSA17152","PS5","Нет","849,00 TL","Diesel Legacy: The Brazen Age: 849,00 TL","Нет","Нет","","https://store.playstation.com/en-tr/concept/10008642","2024-12-03","Fighting","PEGI_16"
"6067","Die Again","PPSA16158","PS5","Нет","324,50 TL","Die Again: 324,50 TL; Die Again: 257,50 TL","Нет","Да","","https://store.playstation.com/en-tr/concept/10008024","2024-04-10","Action","PEGI_16"
"6068","Digitris","CUSA45438","PS4","Нет","175,00 TL","","Нет","Нет","","https://store.playstation.com/en-tr/concept/10008856","2023-09-29","Casual","PEGI_3"
"6069","Devoured by Darkness","PPSA30332","PS4, PS5","Нет","215,00 TL","Devoured by Darkness: 215,00 TL; Devoured by Darkness: 215,00 TL","Нет","Да","","https://store.playstation.com/en-tr/concept/10005713","2025-06-19","Adventure","PEGI_7"
"6070","Devil Jam","PPSA33636","PS5","Нет","343,00 TL","","Нет","Да","","https://store.playstation.com/en-tr/concept/10017129","2026-03-25","Action","PEGI_12"
"6071","Dice Legacy","PPSA13951","PS4, PS5","Нет","849,00 TL","","Нет","Да","","https://store.playstation.com/en-tr/concept/10006603","2023-05-26","Unique","PEGI_7"
"6072","Devious Dungeon 2","CUSA15329","PS4","Нет","343,00 TL","","Нет","Да","","https://store.playstation.com/en-tr/concept/233552","2019-05-15","Action","PEGI_7"
"6073","Devil Inside Us: Roots of Evil","CUSA30870","PS4","Нет","649,00 TL","","Нет","Нет","","https://store.playstation.com/en-tr/concept/10003971","2024-01-24","Horror","PEGI_18"
"6074","Die After Sunset","PPSA09148","PS5","Нет","174,75 TL","","Нет","Да","","https://store.playstation.com/en-tr/concept/10005721","2023-08-16","Action","PEGI_12"
"6075","DEXED","CUSA06883","PS4","Нет","387,00 TL","","Нет","Да","","https://store.playstation.com/en-tr/concept/227113","2017-02-01","Arcade","PEGI_7"
"6076","Dieselpunk Wars","CUSA31815","PS4","Нет","429,00 TL","","Нет","Да","","https://store.playstation.com/en-tr/concept/10004330","2022-03-25","Action","PEGI_7"
"6077","Dig or Die","PPSA06478","PS4, PS5","Нет","429,00 TL","","Нет","Да","","https://store.playstation.com/en-tr/concept/10004488","2024-06-05","Adventure","PEGI_7"
"6078","Dick Wilde 2","CUSA14236","PS4","Нет","849,00 TL","","Нет","Нет","","https://store.playstation.com/en-tr/concept/233049","2019-02-18","Shooter","PEGI_12"
"6079","Die Young","CUSA18768","PS4","Нет","730,00 TL","","Нет","Да","","https://store.playstation.com/en-tr/concept/10001590","2021-01-12","Horror","PEGI_18"
"6080","Diluvian Winds","PPSA28406","PS5","Нет","454,30 TL","","Нет","Нет","","https://store.playstation.com/en-tr/concept/10014141","2025-07-16","Strategy","PEGI_3"
"6081","DIG VR","PPSA18493","PS5","Нет","297,15 TL","","Нет","Нет","","https://store.playstation.com/en-tr/concept/10009182","2025-04-28","Casual","PEGI_3"
"6082","Die by Anything","PPSA26583","PS5","Нет","279,00 TL","Die by Anything Everywhere: 349,00 TL; Die by Anything: 279,00 TL; Die by Anything: 279,00 TL; Complete Edition: 389,00 TL","Нет","Да","","https://store.playstation.com/en-tr/concept/10011849","2025-01-09","Unique","PEGI_16"
"6083","Dinobreak","PPSA18500","PS5","Нет","209,70 TL","Triassic Torment: 839,70 TL; Killer Crisis: 629,70 TL; Dinobreak: 209,70 TL; Definitive Collection: 419,70 TL; Dinobreak: 209,70 TL","Нет","Нет","","https://store.playstation.com/en-tr/concept/10009184","2023-10-03","Horror","PEGI_18"
"6084","Disgaea Mayhem","PPSA36222","PS5","Нет","2.579,00 TL","Disgaea Mayhem: 2.579,00 TL; Deluxe Edition: 2.999,00 TL; Ultimate Edition: 4.299,00 TL","Нет","Нет","","https://store.playstation.com/en-tr/concept/10016065","2026-07-24","Action","PEGI_12"
"6085","Direction Quad","PPSA34210","PS4, PS5","Нет","107,50 TL","","Нет","Нет","","https://store.playstation.com/en-tr/concept/10017475","2026-01-13","Casual","PEGI_3"
"6086","Disc Jam","CUSA07970","PS4","Нет","649,00 TL","","Нет","Нет","","https://store.playstation.com/en-tr/concept/216966","2017-03-06","Arcade","PEGI_3"
"6087","Disaster Band","PPSA22109","PS5","Нет","128,70 TL","","Нет","Нет","","https://store.playstation.com/en-tr/concept/10010179","2024-07-11","Music/Rhythm","PEGI_3"
"6088","Disgaea 1 Complete","CUSA13171","PS4","Нет","612,15 TL","","Нет","Нет","","https://store.playstation.com/en-tr/concept/232588","2018-10-12","Role Playing Games","PEGI_12"
"6089","Dirt Racing Bundle 4 in 1","PPSA27858","PS4, PS5","Нет","1.079,00 TL","","Нет","Нет","","https://store.playstation.com/en-tr/concept/10013716","2025-12-04","Driving/Racing","PEGI_3"
"6090","Dirt Racing Bundle Rally & Truck","PPSA27854","PS4, PS5","Нет","194,70 TL","","Нет","Нет","","https://store.playstation.com/en-tr/concept/10013715","2025-10-02","Driving/Racing","PEGI_3"
"6091","Dirt Racing Bundle WildTrax & Rally","PPSA27851","PS4, PS5","Нет","194,70 TL","","Нет","Нет","","https://store.playstation.com/en-tr/concept/10013714","2025-11-06","Driving/Racing","PEGI_3"
"6092","DINOSAURS: Mission Dino Camp","PPSA17513","PS5","Нет","849,00 TL","DINOSAURS: Mission Dino Camp: 849,00 TL; DINOSAURS: Mission Dino Camp: 849,00 TL","Нет","Нет","","https://store.playstation.com/en-tr/concept/10008634","2023-10-25","Action","PEGI_7"
"6093","Dinosaur Fossil Hunter","PPSA25051","PS5","Нет","769,00 TL","Dinosaur Fossil Hunter & Pet Shop Simulator: 1.634,00 TL; Dinosaur Fossil Hunter & Gold Mining Simulator: 1.749,00 TL; Dinosaur Fossil Hunter: 769,00 TL","Нет","Да","","https://store.playstation.com/en-tr/concept/10012023","2024-12-05","Simulation","PEGI_3"
"6094","Discolored","PPSA36158","PS5","Нет","429,00 TL","Discolored: 429,00 TL; Discolored: 349,00 TL","Нет","Да","","https://store.playstation.com/en-tr/concept/10013871","2026-02-24","Puzzle","PEGI_3"
"6095","Discolored 2","PPSA29102","PS5","Нет","699,00 TL","Discolored 2: 699,00 TL; Discolored 2: 849,00 TL","Нет","Да","","https://store.playstation.com/en-tr/concept/10013870","2025-03-31","Puzzle","PEGI_12"
"6096","Disgaea 5 Complete Bundle","CUSA02664","PS4","Нет","699,50 TL","Disgaea 5 Complete Bundle: 699,50 TL","Нет","Нет","","https://store.playstation.com/en-tr/concept/200972","2018-08-05","Role Playing Games","PEGI_12"
"6097","Dirt Racing Bundle Off Road & WildTrax","PPSA27848","PS4, PS5","Нет","649,00 TL","","Нет","Нет","","https://store.playstation.com/en-tr/concept/10013713","2025-08-14","Driving/Racing","PEGI_3"
"6098","Discovery","CUSA06869","PS4","Нет","515,00 TL","","Нет","Нет","","https://store.playstation.com/en-tr/concept/207277","2017-11-21","Action","PEGI_7"
"6099","Dino Land","PPSA27720","PS4, PS5","Нет","257,00 TL","","Нет","Нет","","https://store.playstation.com/en-tr/concept/10013619","2025-12-11","Family","PEGI_7"
"6100","Disgaea 4 Complete+","CUSA16762","PS4","Нет","1.749,00 TL","Disgaea 4 Complete+: 1.749,00 TL","Нет","Нет","","https://store.playstation.com/en-tr/concept/234649","2019-10-29","Role Playing Games","PEGI_12"
"6101","Diorama Dungeoncrawl - Master of the Living Castle","PPSA05290","PS4, PS5","Нет","349,00 TL","Indie Essentials - 32-bit Retro PS4 & PS5: 262,50 TL; Diorama Dungeoncrawl - Master of the Living Castle PS4 & PS5: 349,00 TL","Нет","Нет","","https://store.playstation.com/en-tr/concept/10003805","2023-10-03","Role Playing Games","PEGI_7"
"6102","Dishonored: Death of the Outsider","CUSA08781","PS4","Нет","879,00 TL","Deluxe Bundle: 2.499,00 TL","Да","Да","PS Plus Extra","https://store.playstation.com/en-tr/concept/229481","2017-09-14","Action","PEGI_18"
"6103","Disgaea 6 Complete","PPSA06229","PS4, PS5","Нет","2.499,00 TL","Disgaea 6 Complete: 2.499,00 TL","Нет","Нет","","https://store.playstation.com/en-tr/concept/10004335","2022-06-28","Role Playing Games","PEGI_12"
"6104","Disaster Report 4: Summer Memories","CUSA16027","PS4","Нет","2.099,00 TL","Disaster Report 4: Summer Memories: 2.099,00 TL","Нет","Нет","","https://store.playstation.com/en-tr/concept/211973","2020-04-21","Action","PEGI_18"
"6105","Disjunction","CUSA23292","PS4","Нет","55,90 TL","Disjunction: 55,90 TL; Digital Deluxe Edition: 774,00 TL","Нет","Да","","https://store.playstation.com/en-tr/concept/10000722","2021-01-27","Role Playing Games","PEGI_16"
"6106","Disintegration","CUSA15446","PS4","Нет","1.299,00 TL","","Нет","Да","","https://store.playstation.com/en-tr/concept/233091","2020-06-15","Shooter","PEGI_12"
"6107","Disney Villains Cursed Café","PPSA17498","PS5","Нет","525,00 TL","","Нет","Нет","","https://store.playstation.com/en-tr/concept/10008816","2025-03-27","Adventure","PEGI_3"
"6108","Dōkyūsei: Bangin' Summer","CUSA47132","PS4","Нет","1.079,00 TL","Dōkyūsei: Bangin' Summer - Home Edition: 1.079,00 TL","Нет","Нет","","https://store.playstation.com/en-tr/concept/10009497","2025-04-29","Simulation","PEGI_12"
"6109","DISTRAINT 2","CUSA20264","PS4","Нет","137,20 TL","DISTRAINT Collection: 236,00 TL; DISTRAINT 2: 137,20 TL","Нет","Да","","https://store.playstation.com/en-tr/concept/10000823","2020-07-09","Unique","PEGI_16"
"6110","DJMAX RESPECT","CUSA11707","PS4","Нет","1.749,00 TL","DJMAX RESPECT: 1.749,00 TL","Нет","Да","","https://store.playstation.com/en-tr/concept/228711","2018-03-06","Music/Rhythm","PEGI_12"
"6111","Disney•Pixar Buzz Lightyear of Star Command","PPSA14382","PS4, PS5","Нет","257,00 TL","","Нет","Нет","","https://store.playstation.com/en-tr/concept/10007631","2023-12-19","Action","PEGI_7"
"6112","Divekick","CUSA00210","PS4","Нет","215,00 TL","","Нет","Нет","","https://store.playstation.com/en-tr/concept/200891","2014-10-07","Fighting","PEGI_12"
"6113","Doctor Who: The Edge of Time","CUSA17377","PS4","Нет","1.079,00 TL","","Нет","Да","","https://store.playstation.com/en-tr/concept/234934","2019-11-11","Family","PEGI_12"
"6114","Dobo's Heroes","PPSA32154","PS5","Нет","115,65 TL","","Нет","Нет","","https://store.playstation.com/en-tr/concept/10016337","2026-04-16","Puzzle","PEGI_3"
"6115","DISORDER","PPSA26964","PS5","Нет","1.547,00 TL","","Нет","Да","","https://store.playstation.com/en-tr/concept/10013051","2025-01-22","Action","PEGI_16"
"6116","DISSIDIA FINAL FANTASY NT","CUSA09244","PS4","Нет","1.299,00 TL","DISSIDIA® FINAL FANTASY® NT: 1.299,00 TL; DISSIDIA® FINAL FANTASY® NT Digital Deluxe Edition: 1.599,00 TL","Нет","Нет","","https://store.playstation.com/en-tr/concept/228706","2018-02-28","Action","PEGI_12"
"6117","DmC Devil May Cry","CUSA01022","PS4","Нет","1.399,00 TL","","Нет","Да","","https://store.playstation.com/en-tr/concept/201274","2015-03-09","Action","PEGI_16"
"6118","DNF Duel","PPSA06168","PS4, PS5","Нет","2.999,00 TL","","Нет","Нет","","https://store.playstation.com/en-tr/concept/10002854","2022-06-28","Fighting","PEGI_12"
"6119","DISTRAINT","CUSA09634","PS4","Нет","257,00 TL","","Нет","Да","","https://store.playstation.com/en-tr/concept/229743","2019-09-10","Adventure","PEGI_16"
"6120","Dodgeball Academia","CUSA27738","PS4","Нет","1.079,00 TL","","Нет","Да","","https://store.playstation.com/en-tr/concept/10002795","2021-08-05","Sport","PEGI_7"
"6121","Distant Bloom","PPSA23631","PS5","Нет","215,00 TL","Distant Bloom: 215,00 TL; Distant Bloom: 215,00 TL","Нет","Нет","","https://store.playstation.com/en-tr/concept/10011092","2025-03-27","Casual","PEGI_3"
"6122","Doctor Who: The Edge of Reality","CUSA20576","PS4","Нет","875,00 TL","Standard Edition: 875,00 TL; Digital Deluxe Edition: 1.049,00 TL","Нет","Да","","https://store.playstation.com/en-tr/concept/10001197","2021-10-13","Adventure","PEGI_12"
"6123","Dodge These Asteroids","CUSA55567","PS4","Нет","14,70 TL","","Нет","Нет","","https://store.playstation.com/en-tr/concept/10015897","2025-07-04","Arcade","PEGI_3"
"6124","DodgeCraft","PPSA27712","PS5","Нет","439,20 TL","","Нет","Нет","","https://store.playstation.com/en-tr/concept/10013567","2025-02-13","Sport","PEGI_3"
"6125","Dodge These Asteroids 2","CUSA59419","PS4","Нет","21,00 TL","","Нет","Нет","","https://store.playstation.com/en-tr/concept/10019683","2026-05-22","Action","PEGI_3"
"6126","Divination","PPSA05238","PS4, PS5","Нет","125,00 TL","","Нет","Нет","","https://store.playstation.com/en-tr/concept/10003787","2022-05-17","Adventure","PEGI_18"
"6127","Distance","PPSA21427","PS4, PS5","Нет","849,00 TL","Distance: Console Edition PS4 & PS5: 849,00 TL","Нет","Нет","","https://store.playstation.com/en-tr/concept/10002564","2024-07-09","Action","PEGI_7"
"6128","Dog’s Donuts","CUSA32984","PS4","Нет","171,00 TL","","Нет","Нет","","https://store.playstation.com/en-tr/concept/10004456","2022-05-11","Puzzle","PEGI_3"
"6129","Dolmen","PPSA03418","PS4, PS5","Нет","699,00 TL","","Нет","Да","","https://store.playstation.com/en-tr/concept/10002698","2022-05-19","Action","PEGI_16"
"6130","DOG GONE GOLFING","CUSA06565","PS4","Нет","175,00 TL","","Нет","Нет","","https://store.playstation.com/en-tr/concept/232474","2018-08-14","Arcade","PEGI_3"
"6131","Dogfight","CUSA25916","PS4","Нет","69,80 TL","","Нет","Нет","","https://store.playstation.com/en-tr/concept/10002033","2020-12-22","Arcade","PEGI_7"
"6132","Don Bradman Cricket","CUSA00786","PS4","Нет","1.299,00 TL","","Нет","Нет","","https://store.playstation.com/en-tr/concept/201106","2015-02-11","Sport","PEGI_3"
"6133","DOG","PPSA17699","PS5","Нет","699,00 TL","DOG: 699,00 TL; DOG: 699,00 TL","Нет","Да","","https://store.playstation.com/en-tr/concept/10008889","2023-12-05","Casual","PEGI_3"
"6134","Domino Craft VR","CUSA12842","PS4","Нет","601,00 TL","","Нет","Нет","","https://store.playstation.com/en-tr/concept/232475","2018-08-28","Casual","PEGI_3"
"6135","Dolphin Spirit - Ocean Mission","PPSA13710","PS4, PS5","Нет","209,80 TL","","Нет","Да","","https://store.playstation.com/en-tr/concept/10007311","2023-09-27","Adventure","PEGI_3"
"6136","Dollhouse","CUSA07491","PS4","Нет","139,80 TL","Dollhouse - Deluxe Edition: 1.079,00 TL; Dollhouse: 139,80 TL","Нет","Нет","","https://store.playstation.com/en-tr/concept/228698","2019-05-23","Horror","PEGI_18"
"6137","Doll Defenders","PPSA35905","PS4, PS5","Нет","215,00 TL","","Нет","Нет","","https://store.playstation.com/en-tr/concept/10018510","2026-05-06","Adventure","PEGI_7"
"6138","Dog Duty","CUSA18417","PS4","Нет","52,35 TL","","Нет","Да","","https://store.playstation.com/en-tr/concept/10000254","2020-09-16","Shooter","PEGI_12"
"6139","Dojoran","PPSA04898","PS4, PS5","Нет","175,00 TL","","Нет","Да","","https://store.playstation.com/en-tr/concept/10003616","2021-09-16","Action","PEGI_3"
"6140","Dogfight","CUSA35620","PS4","Нет","429,00 TL","","Нет","Нет","","https://store.playstation.com/en-tr/concept/10005451","2023-04-12","Arcade","PEGI_3"
"6141","Dollhouse: Behind the Broken Mirror","PPSA21014","PS5","Нет","419,60 TL","","Нет","Нет","","https://store.playstation.com/en-tr/concept/10010190","2025-03-27","Action","PEGI_16"
"6142","Doki-Doki Universe","CUSA00046","PS4","Нет","322,00 TL","","Нет","Нет","","https://store.playstation.com/en-tr/concept/200951","2013-12-10","Adventure","PEGI_7"
"6143","Dogurai","CUSA18235","PS4","Нет","175,00 TL","","Нет","Нет","","https://store.playstation.com/en-tr/concept/235356","2020-03-30","Action","PEGI_7"
"6144","Doggy Up!","PPSA22632","PS5","Нет","75,00 TL","Doggy Up!: 75,00 TL; Doggy Up!: 300,00 TL","Нет","Да","","https://store.playstation.com/en-tr/concept/10010150","2025-02-14","Family","PEGI_7"
"6145","Don't Destroy The Rocket","CUSA42823","PS4","Нет","150,00 TL","","Нет","Нет","","https://store.playstation.com/en-tr/concept/10008163","2023-04-18","Action","PEGI_3"
"6146","Do Not Crash","PPSA16671","PS5","Нет","64,00 TL","Do Not Crash: 64,00 TL; Do Not Crash: 64,00 TL","Нет","Нет","","https://store.playstation.com/en-tr/concept/10008475","2023-06-07","Driving/Racing","PEGI_3"
"6147","Don't Die, Mr. Robot!","CUSA02782","PS4","Нет","150,00 TL","","Нет","Нет","","https://store.playstation.com/en-tr/concept/201160","2016-03-08","Arcade","PEGI_3"
"6148","Don't Knock Twice","CUSA06467","PS4","Нет","203,76 TL","","Нет","Да","","https://store.playstation.com/en-tr/concept/224839","2017-09-05","Adventure","PEGI_16"
"6149","Don Bradman Cricket 17","CUSA05584","PS4","Нет","1.499,00 TL","","Нет","Нет","","https://store.playstation.com/en-tr/concept/221682","2016-12-15","Sport","PEGI_3"
"6150","Do Not Open","PPSA08195","PS5","Нет","1.079,00 TL","Do Not Open: 1.079,00 TL; Do Not Open: 1.079,00 TL","Нет","Да","","https://store.playstation.com/en-tr/concept/10001819","2022-11-24","Horror","PEGI_16"
"6151","Dofamine","CUSA43267","PS4","Нет","649,00 TL","","Нет","Да","","https://store.playstation.com/en-tr/concept/10008337","2023-05-16","Puzzle","PEGI_3"
"6152","Donut Break","PPSA06503","PS5","Нет","279,00 TL","Donut Break: 279,00 TL; Donut Break: 279,00 TL; Avatar Full Game Bundle Donut Break: 139,50 TL","Нет","Нет","","https://store.playstation.com/en-tr/concept/10001554","2022-03-18","Casual","PEGI_3"
"6153","Donuts'n'Justice","PPSA03760","PS4, PS5","Нет","215,00 TL","","Нет","Нет","","https://store.playstation.com/en-tr/concept/10002925","2021-06-03","Arcade","PEGI_16"
"6155","Doodle Devil: 3volution","CUSA25103","PS4","Нет","387,00 TL","","Нет","Да","","https://store.playstation.com/en-tr/concept/10001551","2021-03-10","Simulation","PEGI_18"
"6156","DOOMCRUSH","PPSA27902","PS5","Нет","215,00 TL","","Нет","Нет","","https://store.playstation.com/en-tr/concept/10013758","2025-09-25","Arcade","PEGI_7"
"6157","Donuts in Space","PPSA16939","PS5","Нет","245,00 TL","Donuts in Space: 245,00 TL; Donuts in Space: 245,00 TL","Нет","Нет","","https://store.playstation.com/en-tr/concept/10008546","2023-06-22","Arcade","PEGI_3"
"6158","Doodle Hunt: Halloween Rush","PPSA26814","PS5","Нет","105,00 TL","","Нет","Нет","","https://store.playstation.com/en-tr/concept/10013045","2024-11-05","Casual","PEGI_3"
"6159","Donut Break Head to Head","CUSA25571","PS4","Нет","279,00 TL","Donut Break Head to Head: 279,00 TL; Avatar Full Game Bundle Donut Break Head to Head: 139,50 TL","Нет","Нет","","https://store.playstation.com/en-tr/concept/10001905","2020-11-27","Shooter","PEGI_3"
"6160","Doodle God: Evolution","CUSA18084","PS4","Нет","429,00 TL","Doodle God: Evolution: 429,00 TL; Doodle Games Bundle: Heaven & Hell: 774,00 TL","Нет","Да","","https://store.playstation.com/en-tr/concept/235296","2020-10-15","Unique","PEGI_12"
"6161","DonutRun","PPSA06431","PS5","Нет","279,00 TL","DonutRun: 279,00 TL; DonutRun Dynamic Theme Bundle: 279,00 TL; DonutRun - Avatar Full Game Bundle: 279,00 TL; DonutRun: 279,00 TL","Нет","Нет","","https://store.playstation.com/en-tr/concept/10004115","2022-01-22","Arcade","PEGI_3"
"6163","Donut Break 2","PPSA08078","PS5","Нет","279,00 TL","Donut Break 2: 279,00 TL; Donut Break 2 Mega Game Bundle: 699,00 TL; Donut Break 2 - Avatar Full Game Bundle: 279,00 TL; Donut Break 2: 279,00 TL","Нет","Нет","","https://store.playstation.com/en-tr/concept/10003717","2022-05-13","Arcade","PEGI_3"
"6164","Donut Break 2 Head to Head","CUSA30302","PS4","Нет","279,00 TL","Donut Break 2 Head to Head - Avatar Full Game Bundle: 279,00 TL; Donut Break 2 Head to Head: 279,00 TL","Нет","Нет","","https://store.playstation.com/en-tr/concept/10003775","2021-10-05","Arcade","PEGI_3"
"6165","Doors: Paradox","PPSA19043","PS5","Нет","649,00 TL","Doors: Paradox: 649,00 TL; Doors: Paradox: 649,00 TL","Нет","Да","","https://store.playstation.com/en-tr/concept/10009247","2025-08-11","Puzzle","PEGI_12"
"6166","Donut Plus","PPSA23970","PS5","Нет","245,00 TL","Donut Plus Super Game Bundle: 419,00 TL; Donut Plus: 245,00 TL; 7 Avatar Donut Plus Bundle: 147,00 TL; Donut Plus Super Game Bundle: 419,00 TL; Donut Plus: 245,00 TL; 7 Avatar Donut Plus Bundle: 147,00 TL","Нет","Нет","","https://store.playstation.com/en-tr/concept/10011471","2024-07-18","Casual","PEGI_3"
"6167","Doomed to Hell","CUSA33925","PS4","Нет","175,00 TL","","Нет","Нет","","https://store.playstation.com/en-tr/concept/10005105","2022-10-19","Action","PEGI_12"
"6168","Donut Blast","PPSA28725","PS5","Нет","209,00 TL","Donut Blast: 209,00 TL; Donut Blast: 139,00 TL","Нет","Нет","","https://store.playstation.com/en-tr/concept/10014288","2025-05-02","Arcade","PEGI_3"
"6169","Doraemon Dorayaki Shop Story","CUSA51525","PS4","Нет","849,00 TL","","Нет","Да","","https://store.playstation.com/en-tr/concept/10012792","2025-01-17","Simulation","PEGI_7"
"6170","Dorfs: Hammers for Hire","PPSA24261","PS5","Нет","525,00 TL","Dorfs: 525,00 TL; Dorfs: 525,00 TL","Нет","Нет","","https://store.playstation.com/en-tr/concept/10011643","2024-11-14","Action","PEGI_3"
"6171","Dordogne","PPSA08528","PS4, PS5","Нет","209,70 TL","","Нет","Да","","https://store.playstation.com/en-tr/concept/10003948","2023-06-13","Adventure","PEGI_3"
"6172","Dorfromantik","PPSA29024","PS5","Нет","649,00 TL","","Нет","Да","","https://store.playstation.com/en-tr/concept/10014511","2025-08-14","Strategy","PEGI_3"
"6173","Dosa Divas","PPSA31534","PS5","Нет","816,00 TL","","Нет","Нет","","https://store.playstation.com/en-tr/concept/10015953","2026-04-14","Role Playing Games","PEGI_12"
"6174","DORAEMON STORY OF SEASONS","CUSA18501","PS4","Нет","1.749,00 TL","","Нет","Нет","","https://store.playstation.com/en-tr/concept/235336","2020-09-03","Adventure","PEGI_3"
"6175","DoraKone","PPSA11243","PS4, PS5","Нет","175,00 TL","","Нет","Нет","","https://store.playstation.com/en-tr/concept/10006518","2023-04-24","Adventure","PEGI_12"
"6176","Double Dangerous","PPSA27986","PS5","Нет","279,00 TL","","Нет","Нет","","https://store.playstation.com/en-tr/concept/10013839","2025-02-27","Shooter","PEGI_12"
"6177","Double Switch - 25th","PPSA23503","PS5","Нет","649,00 TL","","Нет","Нет","","https://store.playstation.com/en-tr/concept/232532","2026-03-21","Unique","PEGI_12"
"6178","Downwell","CUSA04575","PS4","Нет","86,00 TL","","Нет","Да","","https://store.playstation.com/en-tr/concept/216182","2016-05-24","Action","PEGI_7"
"6179","Downward","PPSA17214","PS5","Нет","349,00 TL","","Нет","Нет","","https://store.playstation.com/en-tr/concept/10008708","2024-06-04","Action","PEGI_7"
"6180","Double Dragon Revive","PPSA23000","PS4, PS5","Нет","1.499,00 TL","Double Dragon Revive: 1.499,00 TL; Deluxe Edition: 2.149,00 TL","Нет","Нет","","https://store.playstation.com/en-tr/concept/10010965","2025-10-22","Action","PEGI_12"
"6181","Do You even Forklift?","PPSA28789","PS5","Нет","240,10 TL","","Нет","Да","","https://store.playstation.com/en-tr/concept/10014377","2026-05-27","Arcade","PEGI_3"
"6182","Downslope","CUSA28849","PS4","Нет","215,00 TL","","Нет","Нет","","https://store.playstation.com/en-tr/concept/10003162","2022-01-19","Casual","PEGI_7"
"6183","Double Pug Switch","CUSA15758","PS4","Нет","193,00 TL","","Нет","Да","","https://store.playstation.com/en-tr/concept/234008","2020-10-14","Arcade","PEGI_3"
"6184","Down Among the Dead Men","CUSA57879","PS4","Нет","129,00 TL","","Нет","Нет","","https://store.playstation.com/en-tr/concept/10017973","2026-01-21","Role Playing Games","PEGI_7"
"6185","Doughlings: Invasion","CUSA15631","PS4","Нет","429,00 TL","","Нет","Да","","https://store.playstation.com/en-tr/concept/233958","2019-08-21","Action","PEGI_3"
"6186","Down and Out","PPSA03546","PS5","Нет","393,75 TL","Down and Out: 393,75 TL; Down and Out: 393,75 TL","Нет","Нет","","https://store.playstation.com/en-tr/concept/10002733","2023-09-13","Action","PEGI_12"
"6187","DotLink","PPSA31132","PS5","Нет","85,00 TL","","Нет","Нет","","https://store.playstation.com/en-tr/concept/10015710","2025-06-27","Puzzle","PEGI_3"
"6188","Dracamar","PPSA35878","PS5","Нет","1.079,00 TL","Dracamar: 1.079,00 TL; Dracamar: 1.079,00 TL","Нет","Нет","","https://store.playstation.com/en-tr/concept/10018496","2026-03-23","Family","PEGI_3"
"6189","Double Shot Gals","PPSA05581","PS4, PS5","Нет","175,00 TL","","Нет","Нет","","https://store.playstation.com/en-tr/concept/10003976","2024-02-20","Arcade","PEGI_12"
"6190","Downward Spiral: Horus Station","CUSA11570","PS4","Нет","649,00 TL","","Нет","Да","","https://store.playstation.com/en-tr/concept/231864","2018-09-18","Action","PEGI_12"
"6191","Déraciné","CUSA11747","PS4","Нет","1.299,00 TL","","Да","Да","","https://store.playstation.com/en-tr/concept/232926","2018-11-05","Action","PEGI_12"
"6192","Doug's Nightmare","PPSA17295","PS4, PS5","Нет","209,00 TL","","Нет","Нет","","https://store.playstation.com/en-tr/concept/10008739","2024-05-21","Adventure","PEGI_12"
"6193","Down the Rabbit Hole","CUSA17418","PS4","Нет","849,00 TL","","Нет","Нет","","https://store.playstation.com/en-tr/concept/234955","2020-04-30","Adventure","PEGI_7"
"6194","Draco D","PPSA20592","PS5","Нет","300,00 TL","Draco D: 300,00 TL; Draco D: 300,00 TL","Нет","Нет","","https://store.playstation.com/en-tr/concept/10009965","2023-12-20","Arcade","PEGI_7"
"6195","Draconic Resurgence","PPSA31958","PS5","Нет","86,00 TL","Draconic Resurgence: 86,00 TL; Draconic Resurgence: 86,00 TL","Нет","Нет","","https://store.playstation.com/en-tr/concept/10016236","2025-08-21","Action","PEGI_7"
"6196","Dragon Audit","CUSA23051","PS4","Нет","429,00 TL","Dragon Audit: 429,00 TL; Deluxe Edition: 649,00 TL","Нет","Да","","https://store.playstation.com/en-tr/concept/10000016","2021-04-14","Adventure","PEGI_12"
"6197","DRAGON BALL: THE BREAKERS","CUSA29241","PS4","Нет","849,00 TL","Standard Edition: 849,00 TL; Special Edition: 749,00 TL","Нет","Да","","https://store.playstation.com/en-tr/concept/10003206","2022-10-13","Unique","PEGI_12"
"6198","Dragon Blaze","CUSA32908","PS4","Нет","387,00 TL","","Нет","Нет","","https://store.playstation.com/en-tr/concept/10001928","2022-06-29","Shooter","PEGI_7"
"6199","Dragon Break Classic","PPSA07747","PS5","Нет","343,00 TL","Dragon Break Classic: 343,00 TL; Dragon Break Classic - Avatar Full Game Bundle: 279,00 TL; Dragon Break Classic: 343,00 TL","Нет","Нет","","https://store.playstation.com/en-tr/concept/10002974","2022-04-29","Arcade","PEGI_3"
"6200","DRAGON QUEST I & II HD-2D Remake","PPSA22321","PS5","Нет","2.999,00 TL","DRAGON QUEST I & II HD-2D Remake: 2.999,00 TL; DRAGON QUEST - HD-2D Erdrick Trilogy Collection: 5.149,00 TL","Нет","Нет","","https://store.playstation.com/en-tr/concept/10010701","2025-10-29","Role Playing Games","PEGI_12"
"6201","Dragon Break Classic Plus","PPSA24511","PS5","Нет","300,00 TL","Dragon Break Classic Plus: 300,00 TL; Dragon Break Classic Plus: 300,00 TL","Нет","Нет","","https://store.playstation.com/en-tr/concept/10011716","2024-07-24","Arcade","PEGI_3"
"6202","DRAGON QUEST BUILDERS","CUSA05170","PS4","Нет","1.049,50 TL","DRAGON QUEST BUILDERS™: 1.049,50 TL","Нет","Нет","","https://store.playstation.com/en-tr/concept/207049","2016-11-14","Action","PEGI_7"
"6203","DRAGON QUEST HEROES","CUSA02694","PS4","Нет","1.749,00 TL","DRAGON QUEST HEROES™ Digital Slime Collector's Edition: 1.949,00 TL; DRAGON QUEST HEROES™: 1.749,00 TL","Нет","Нет","","https://store.playstation.com/en-tr/concept/207050","2015-11-15","Action","PEGI_12"
"6204","DRAGON QUEST HEROES II Digital","CUSA06740","PS4","Нет","2.799,00 TL","DRAGON QUEST HEROES™ II Digital Explorer's Edition: 2.799,00 TL","Нет","Нет","","https://store.playstation.com/en-tr/concept/216177","2017-04-27","Action","PEGI_12"
"6205","DragonRideVR","CUSA32695","PS4","Нет","571,00 TL","","Нет","Да","","https://store.playstation.com/en-tr/concept/235393","2022-02-11","Action","PEGI_3"
"6206","DRAGON QUEST BUILDERS 2","CUSA11161","PS4","Нет","699,50 TL","DRAGON QUEST BUILDERS 2 Standard Edition: 699,50 TL; DRAGON QUEST BUILDERS 2 Digital Deluxe Edition: 1.749,00 TL","Нет","Нет","","https://store.playstation.com/en-tr/concept/231073","2019-07-11","Role Playing Games","PEGI_7"
"6207","Dragon Pinball","PPSA06750","PS4, PS5","Нет","38,70 TL","Dragon Pinball: 38,70 TL; 6 in 1 Power Bundle: 254,70 TL; 6 in 1 Power Bundle: 254,70 TL","Нет","Нет","","https://store.playstation.com/en-tr/concept/10004347","2022-02-24","Arcade","PEGI_7"
"6208","Dragon Fun Classic","PPSA09872","PS5","Нет","125,00 TL","Dragon Fun Classic: 125,00 TL; Dragon Fun Classic: 125,00 TL","Нет","Нет","","https://store.playstation.com/en-tr/concept/10006035","2022-10-13","Arcade","PEGI_3"
"6209","Dragon Break Classic Head to Head","CUSA28441","PS4","Нет","343,00 TL","Dragon Break Classic Head to Head - Avatar Full Game Bundle: 279,00 TL; Dragon Break Classic Head to Head: 343,00 TL","Нет","Нет","","https://store.playstation.com/en-tr/concept/10003062","2021-05-28","Arcade","PEGI_3"
"6210","Drago Noka","CUSA40807","PS4","Нет","849,00 TL","","Нет","Нет","","https://store.playstation.com/en-tr/concept/10007260","2023-04-27","Casual","PEGI_16"
"6211","DRAGON QUEST MONSTERS: The Withered World","PPSA32281","PS5","Да","2.579,00 TL","DRAGON QUEST MONSTERS: The Withered World: 2.579,00 TL; DRAGON QUEST MONSTERS: The Withered World DIGITAL DELUXE EDITION: 4.049,00 TL","Нет","Нет","","https://store.playstation.com/en-tr/concept/10016414","2026-12-02","Role Playing Games","PEGI_12"
"6212","Dragon Marked For Death","CUSA23495","PS4","Нет","1.399,00 TL","","Нет","Нет","","https://store.playstation.com/en-tr/concept/10001034","2020-07-22","Action","PEGI_16"
"6213","DRAGON QUEST III HD-2D Remake","PPSA20613","PS5","Нет","2.499,00 TL","","Нет","Нет","","https://store.playstation.com/en-tr/concept/10010018","2024-11-13","Role Playing Games","PEGI_12"
"6214","Dragon Fin Soup","CUSA00903","PS4","Нет","849,00 TL","","Нет","Нет","","https://store.playstation.com/en-tr/concept/201232","2015-11-03","Role Playing Games","PEGI_16"
"6215","Dragon Loop","PPSA35471","PS5","Нет","649,00 TL","","Нет","Нет","","https://store.playstation.com/en-tr/concept/10018247","2026-06-10","Role Playing Games","PEGI_7"
"6216","DragonFangZ - The Rose & Dungeon of Time","CUSA12417","PS4","Нет","1.499,00 TL","","Нет","Нет","","https://store.playstation.com/en-tr/concept/231284","2019-06-09","Role Playing Games","PEGI_7"
"6217","Dragon Run Classic","PPSA09807","PS5","Нет","343,00 TL","Dragon Run Classic: 343,00 TL; Dragon Run Classic: 343,00 TL","Нет","Нет","","https://store.playstation.com/en-tr/concept/10006013","2022-09-23","Casual","PEGI_3"
"6218","DreamWorks Dragons Dawn of New Riders","CUSA12945","PS4","Нет","314,70 TL","","Нет","Нет","","https://store.playstation.com/en-tr/concept/232513","2019-01-31","Family","PEGI_7"
"6219","Dragon's Dogma: Dark Arisen","CUSA07340","PS4","Нет","879,00 TL","","Нет","Нет","","https://store.playstation.com/en-tr/concept/223963","2017-10-02","Action","PEGI_18"
"6220","Dragon Star Varnir","CUSA15724","PS4","Нет","1.049,00 TL","","Нет","Нет","PS Plus Extra","https://store.playstation.com/en-tr/concept/232591","2019-06-13","Role Playing Games","PEGI_12"
"6221","Dragon's Lair Trilogy","CUSA06878","PS4","Нет","849,00 TL","","Нет","Нет","","https://store.playstation.com/en-tr/concept/229681","2017-12-18","Action","PEGI_7"
"6222","Dragons Online Ultra","CUSA09096","PS4","Нет","129,00 TL","Dragons Online Ultra: 129,00 TL; Dragons Online Bundle: 154,00 TL","Нет","Нет","","https://store.playstation.com/en-tr/concept/228729","2017-10-10","Role Playing Games","PEGI_12"
"6223","Dragons vs. Balloons TD","PPSA27588","PS4, PS5","Нет","349,00 TL","Dragons vs. Balloons TD: 349,00 TL; Dragons vs. Balloons TD: 349,00 TL","Нет","Нет","","https://store.playstation.com/en-tr/concept/10013509","2024-12-18","Strategy","PEGI_3"
"6224","Divine Dynamo Flamefrit","PPSA22439","PS5","Нет","209,00 TL","Divine Dynamo Flamefrit: 209,00 TL; Divine Dynamo Flamefrit: 209,00 TL","Нет","Нет","","https://store.playstation.com/en-tr/concept/10010740","2024-11-20","Action","PEGI_7"
"6225","Drag Racing Professionals: Dirt Mechanic Simulator","CUSA49149","PS4","Нет","273,00 TL","","Нет","Нет","","https://store.playstation.com/en-tr/concept/10011197","2024-08-12","Action","PEGI_3"
"6227","Drawngeon: Dungeons of Ink and Paper","CUSA24624","PS4","Нет","175,00 TL","","Нет","Да","","https://store.playstation.com/en-tr/concept/10001463","2020-11-12","Role Playing Games","PEGI_7"
"6228","DreamBreak","CUSA08651","PS4","Нет","429,00 TL","","Нет","Да","","https://store.playstation.com/en-tr/concept/227130","2017-09-13","Action","PEGI_12"
"6229","Dreamland Solitaire","PPSA20577","PS4, PS5","Нет","257,00 TL","Dreamland Solitaire Bundle: 649,00 TL; Dreamland Solitaire: 257,00 TL","Нет","Да","","https://store.playstation.com/en-tr/concept/10010002","2024-02-01","Puzzle","PEGI_3"
"6230","Dreamals","CUSA03744","PS4","Нет","215,00 TL","","Нет","Нет","","https://store.playstation.com/en-tr/concept/216180","2015-11-25","Action","PEGI_3"
"6231","Dream Angling","CUSA11163","PS4","Нет","515,00 TL","","Нет","Нет","","https://store.playstation.com/en-tr/concept/227585","2018-04-26","Simulation","PEGI_3"
"6232","Dreamals: Dream Quest","CUSA05097","PS4","Нет","429,00 TL","","Нет","Нет","","https://store.playstation.com/en-tr/concept/222252","2016-06-22","Action","PEGI_3"
"6233","Dread Nautical","CUSA14953","PS4","Нет","849,00 TL","","Нет","Да","","https://store.playstation.com/en-tr/concept/233388","2020-04-28","Role Playing Games","PEGI_12"
"6234","Dream Daddy: A Dad Dating Simulator","CUSA14187","PS4","Нет","774,00 TL","","Нет","Нет","","https://store.playstation.com/en-tr/concept/232326","2018-10-31","Adventure","PEGI_16"
"6235","Dreamland Solitaire: Dragon's Fury","PPSA20581","PS4, PS5","Нет","257,00 TL","","Нет","Да","","https://store.playstation.com/en-tr/concept/10010003","2024-03-07","Puzzle","PEGI_3"
"6236","Dreamland Solitaire: Dark Prophecy","PPSA20585","PS4, PS5","Нет","257,00 TL","","Нет","Да","","https://store.playstation.com/en-tr/concept/10010004","2024-04-04","Puzzle","PEGI_3"
"6237","Dreaming Sarah","PPSA02928","PS4, PS5","Нет","21,50 TL","","Нет","Да","","https://store.playstation.com/en-tr/concept/10000999","2021-03-04","Adventure","PEGI_7"
"6238","Dream House Days DX","CUSA27298","PS4","Нет","455,00 TL","","Нет","Нет","","https://store.playstation.com/en-tr/concept/10002613","2021-07-28","Simulation","PEGI_3"
"6239","Draugen","CUSA17021","PS4","Нет","849,00 TL","","Нет","Да","","https://store.playstation.com/en-tr/concept/234787","2020-02-20","Adventure","PEGI_16"
"6240","DreamBall","CUSA17657","PS4","Нет","257,00 TL","","Нет","Нет","","https://store.playstation.com/en-tr/concept/235052","2019-12-20","Family","PEGI_3"
"6241","DreadOut 2","PPSA04419","PS4, PS5","Нет","699,00 TL","","Нет","Да","","https://store.playstation.com/en-tr/concept/10003304","2022-07-20","Horror","PEGI_16"
"6242","Dread Delusion","PPSA31663","PS4, PS5","Нет","730,00 TL","","Нет","Нет","","https://store.playstation.com/en-tr/concept/10016053","2026-03-17","Role Playing Games","PEGI_16"
"6243","Drawful 2","CUSA05045","PS4","Нет","389,00 TL","","Нет","Нет","","https://store.playstation.com/en-tr/concept/217001","2016-06-20","Casual","PEGI_12"
"6244","DREAMERS","PPSA02590","PS4, PS5","Нет","524,50 TL","Standard Edition: 524,50 TL; Digital Deluxe Bundle: 1.399,00 TL","Нет","Да","","https://store.playstation.com/en-tr/concept/10002104","2023-08-31","Family","PEGI_12"
"6245","DREAMOUT","CUSA53492","PS4","Нет","429,00 TL","","Нет","Да","","https://store.playstation.com/en-tr/concept/10014193","2025-10-20","Adventure","PEGI_16"
"6246","Dream Park Story","CUSA32486","PS4","Нет","549,00 TL","","Нет","Нет","","https://store.playstation.com/en-tr/concept/10004606","2025-04-30","Simulation","PEGI_3"
"6247","Dreamscapes - Nightmare's Heir","PPSA24217","PS5","Нет","849,00 TL","Dreamscapes - Nightmare's Heir: 849,00 TL; Dreamscapes - Nightmare's Heir: 649,00 TL","Нет","Нет","","https://store.playstation.com/en-tr/concept/10011608","2026-01-15","Adventure","PEGI_12"
"6248","Dreamscapes: The Full Journey","PPSA24216","PS5","Нет","1.299,00 TL","Dreamscapes: The Full Journey: 1.299,00 TL; Dreamscapes - The Sandman: 679,20 TL; Dreamscapes: The Full Journey: 849,00 TL; Dreamscapes - The Sandman: 519,20 TL","Нет","Нет","","https://store.playstation.com/en-tr/concept/10011607","2026-07-16","Adventure","PEGI_12"
"6249","Dream Town Island","CUSA43867","PS4","Нет","515,00 TL","","Нет","Да","","https://store.playstation.com/en-tr/concept/10008610","2024-11-13","Simulation","PEGI_3"
"6250","Dreamwalker: Never Fall Asleep","CUSA18091","PS4","Нет","649,00 TL","","Нет","Да","","https://store.playstation.com/en-tr/concept/235301","2019-12-10","—","PEGI_7"
"6251","Drive Drive Drive","CUSA02568","PS4","Нет","349,00 TL","","Нет","Нет","","https://store.playstation.com/en-tr/concept/201174","2016-12-13","Driving/Racing","PEGI_3"
"6252","Drones Attack","PPSA38979","PS5","Нет","429,00 TL","Drones Attack: 429,00 TL; Drones Attack: 429,00 TL","Нет","Нет","","https://store.playstation.com/en-tr/concept/10020281","2026-07-17","Action","PEGI_12"
"6253","Dropship: United Peace Force","PPSA23797","PS4, PS5","Нет","429,00 TL","","Нет","Нет","","https://store.playstation.com/en-tr/concept/10011397","2025-02-18","Action","PEGI_12"
"6254","Driftland: The Magic Revival","PPSA30233","PS5","Нет","849,00 TL","","Нет","Да","","https://store.playstation.com/en-tr/concept/10015227","2026-06-12","Unique","PEGI_12"
"6255","Drive Me Crazy","PPSA25680","PS5","Нет","315,00 TL","","Нет","Нет","","https://store.playstation.com/en-tr/concept/10012341","2025-05-15","Adventure","PEGI_12"
"6256","Drizzlepath: Deja Vu","PPSA04596","PS4, PS5","Нет","245,00 TL","","Нет","Нет","","https://store.playstation.com/en-tr/concept/10003414","2021-11-23","Adventure","PEGI_12"
"6257","Drifties","PPSA33515","PS5","Нет","59,50 TL","","Нет","Нет","","https://store.playstation.com/en-tr/concept/10017038","2025-12-25","Driving/Racing","PEGI_3"
"6258","DreamWorks Spirit Lucky's Big Adventure","CUSA19607","PS4","Нет","1.049,00 TL","","Нет","Нет","","https://store.playstation.com/en-tr/concept/10000662","2021-06-10","Family","PEGI_PROVISIONAL_3"
"6259","Drive on Moscow","CUSA10563","PS4","Нет","349,00 TL","","Нет","Нет","","https://store.playstation.com/en-tr/concept/231087","2018-04-20","Strategy","PEGI_7"
"6260","Drova - Forsaken Kin","PPSA22349","PS5","Нет","1.079,00 TL","Drova - Forsaken Kin: 1.079,00 TL; Drova - Forsaken Kin: 1.079,00 TL","Нет","Нет","","https://store.playstation.com/en-tr/concept/10010711","2024-10-14","Role Playing Games","PEGI_16"
"6261","Dr. Frank's Build a Boyfriend","PPSA19537","PS4, PS5","Нет","175,00 TL","","Нет","Нет","","https://store.playstation.com/en-tr/concept/10009569","2024-02-01","Adventure","PEGI_16"
"6262","Drill Core","PPSA32810","PS5","Нет","849,00 TL","","Да","Да","","https://store.playstation.com/en-tr/concept/10016686","2026-04-28","Strategy","PEGI_7"
"6263","Drill Deal - Oil Tycoon","CUSA31613","PS4","Нет","509,00 TL","","Нет","Да","","https://store.playstation.com/en-tr/concept/10004245","2023-05-26","Simulation","PEGI_12"
"6264","Dr. Oil","PPSA30336","PS4, PS5","Нет","215,00 TL","Dr. Oil: 215,00 TL; Dr. Oil: 215,00 TL","Нет","Нет","","https://store.playstation.com/en-tr/concept/10004616","2025-06-12","Adventure","PEGI_3"
"6265","Dreii","CUSA03403","PS4","Нет","343,00 TL","","Нет","Нет","","https://store.playstation.com/en-tr/concept/216183","2016-03-09","Puzzle","PEGI_3"
"6266","Drift City","PPSA17824","PS5","Нет","300,00 TL","Drift City: 300,00 TL; Drift City: 300,00 TL","Нет","Нет","","https://store.playstation.com/en-tr/concept/10008831","2023-07-27","Arcade","PEGI_3"
"6267","Driven Out","CUSA16056","PS4","Нет","152,70 TL","","Нет","Нет","","https://store.playstation.com/en-tr/concept/234312","2019-10-18","Action","PEGI_16"
"6268","Dr. Psycho: Hospital Escape 2","PPSA36544","PS5","Нет","300,00 TL","Dr. Psycho: Hospital Escape 2: 300,00 TL; Dr. Psycho: Hospital Escape 2: 300,00 TL","Нет","Да","","https://store.playstation.com/en-tr/concept/10018884","2026-05-22","Horror","PEGI_12"
"6269","Drug Farmer Simulator","CUSA51681","PS4","Нет","301,95 TL","","Нет","Нет","","https://store.playstation.com/en-tr/concept/10012920","2025-12-18","Strategy","PEGI_16"
"6270","Drum Box","PPSA06548","PS5","Нет","343,00 TL","Drum Box: 343,00 TL; Drum Box: 343,00 TL","Нет","Нет","","https://store.playstation.com/en-tr/concept/10004493","2023-12-25","Music/Rhythm","PEGI_3"
"6271","Dr. Fetus’ Mean Meat Machine","PPSA14003","PS4, PS5","Нет","349,00 TL","","Нет","Да","","https://store.playstation.com/en-tr/concept/10007465","2023-06-22","Puzzle","PEGI_12"
"6272","Drunken Fist","PPSA03756","PS5","Нет","279,00 TL","Drunken Fist: 279,00 TL; Drunken Fist: 279,00 TL","Нет","Да","","https://store.playstation.com/en-tr/concept/10001473","2021-07-01","Fighting","PEGI_18"
"6273","Dude, Where Is My Beer?","PPSA23828","PS5","Нет","356,95 TL","","Нет","Да","","https://store.playstation.com/en-tr/concept/10011417","2025-11-05","Adventure","PEGI_16"
"6274","Duck Detective: The Ghost of Glamping","PPSA29799","PS5","Нет","279,20 TL","","Нет","Нет","","https://store.playstation.com/en-tr/concept/10013190","2025-05-22","Adventure","PEGI_3"
"6275","D.U.M.B. Ducks","PPSA25823","PS5","Нет","209,00 TL","","Нет","Нет","","https://store.playstation.com/en-tr/concept/10012437","2024-11-14","Action","PEGI_7"
"6276","D-topia","PPSA32296","PS5","Нет","816,00 TL","","Нет","Да","","https://store.playstation.com/en-tr/concept/10016420","2026-07-14","Puzzle","PEGI_7"
"6277","Duck Hunting Challenge","PPSA24462","PS5","Нет","21,45 TL","","Нет","Нет","","https://store.playstation.com/en-tr/concept/10011740","2024-08-01","Action","PEGI_12"
"6278","Duck Souls+","CUSA17527","PS4","Нет","215,00 TL","","Нет","Да","","https://store.playstation.com/en-tr/concept/234997","2020-03-25","Arcade","PEGI_7"
"6279","Drunken Fist 2: Zombie Hangover","PPSA06823","PS4, PS5","Нет","102,90 TL","","Нет","Да","","https://store.playstation.com/en-tr/concept/10004666","2022-06-21","Fighting","PEGI_18"
"6280","Dungeon Defenders: Awakened","CUSA30697","PS4","Нет","1.299,00 TL","","Нет","Нет","","https://store.playstation.com/en-tr/concept/10003703","2022-05-24","Strategy","PEGI_7"
"6281","Dungeon Arsenal","PPSA30505","PS5","Нет","245,00 TL","Dungeon Arsenal: 245,00 TL; Dungeon Arsenal: 245,00 TL","Нет","Нет","","https://store.playstation.com/en-tr/concept/10010972","2025-05-23","Puzzle","PEGI_3"
"6282","Duggy","CUSA47564","PS4","Нет","203,67 TL","","Нет","Нет","","https://store.playstation.com/en-tr/concept/10010370","2024-03-18","Action","PEGI_3"
"6283","Dungeon Clawler","PPSA34744","PS5","Нет","649,00 TL","","Нет","Да","","https://store.playstation.com/en-tr/concept/10016953","2026-04-30","Arcade","PEGI_7"
"6284","Dungeon and Gravestone","CUSA27469","PS4","Нет","849,00 TL","","Нет","Нет","","https://store.playstation.com/en-tr/concept/10002325","2021-04-22","Role Playing Games","PEGI_16"
"6285","Dull Grey","CUSA26809","PS4","Нет","70,00 TL","","Нет","Да","","https://store.playstation.com/en-tr/concept/10002408","2021-05-04","Adventure","PEGI_3"
"6286","DUCK: Dangerous Ultimate Cartridge Kidnapper","CUSA55724","PS4","Нет","515,00 TL","","Нет","Да","","https://store.playstation.com/en-tr/concept/10016037","2025-08-13","Party","PEGI_12"
"6287","D.U.M.B.E.R. Ducks","PPSA37740","PS5","Нет","215,00 TL","D.U.M.B.E.R. Ducks: 215,00 TL; D.U.M.B.E.R. Ducks: 215,00 TL","Нет","Нет","","https://store.playstation.com/en-tr/concept/10019566","2026-06-04","Action","PEGI_7"
"6288","Dungeon Color","CUSA31223","PS4","Нет","171,00 TL","","Нет","Нет","","https://store.playstation.com/en-tr/concept/10004092","2022-03-09","Puzzle","PEGI_3"
"6289","Duck Race","PPSA17185","PS5","Нет","129,00 TL","Duck Race: 129,00 TL; Duck Race: 129,00 TL","Нет","Да","","https://store.playstation.com/en-tr/concept/10008694","2023-08-09","Driving/Racing","PEGI_3"
"6290","DUNGEON ENCOUNTERS","CUSA25979","PS4","Нет","314,70 TL","","Нет","Нет","","https://store.playstation.com/en-tr/concept/10002059","2021-10-13","Role Playing Games","PEGI_7"
"6291","Dungeon Drafters","PPSA20890","PS4, PS5","Нет","875,00 TL","","Нет","Да","","https://store.playstation.com/en-tr/concept/10008712","2024-03-13","Role Playing Games","PEGI_7"
"6292","Dungeonloop","PPSA37355","PS4, PS5","Нет","215,00 TL","Dungeonloop: 215,00 TL; Dungeonloop: 215,00 TL","Нет","Нет","","https://store.playstation.com/en-tr/concept/10019312","2026-05-05","Strategy","PEGI_7"
"6294","DRUNKEN SUPERHERO","PPSA21093","PS5","Нет","343,00 TL","","Нет","Нет","","https://store.playstation.com/en-tr/concept/10010218","2024-03-03","Action","PEGI_16"
"6295","Dungeon Antiqua","PPSA37401","PS5","Нет","387,00 TL","","Нет","Нет","","https://store.playstation.com/en-tr/concept/10019343","2026-07-29","Role Playing Games","PEGI_3"
"6296","Dungeon Minesweeper","PPSA31961","PS4, PS5","Нет","192,75 TL","","Нет","Да","","https://store.playstation.com/en-tr/concept/10015951","2025-10-30","Role Playing Games","PEGI_7"
"6297","Dungeon Run","PPSA37442","PS5","Нет","64,00 TL","","Нет","Нет","","https://store.playstation.com/en-tr/concept/10019376","2026-05-22","Arcade","PEGI_12"
"6298","Dungeon Village","CUSA23674","PS4","Нет","109,80 TL","","Нет","Да","","https://store.playstation.com/en-tr/concept/10000519","2021-03-24","Simulation","PEGI_3"
"6299","Dungeons of Shalnor","CUSA33558","PS4","Нет","349,00 TL","","Нет","Нет","","https://store.playstation.com/en-tr/concept/10004755","2022-04-20","Action","PEGI_7"
"6300","Dungeons of Paint","PPSA30715","PS4, PS5","Нет","215,00 TL","","Нет","Нет","","https://store.playstation.com/en-tr/concept/10015487","2025-06-26","Casual","PEGI_7"
"6301","Dungeon Village 2","CUSA29156","PS4","Нет","549,00 TL","","Нет","Да","","https://store.playstation.com/en-tr/concept/10003322","2023-02-08","Simulation","PEGI_3"
"6302","Dungholes","CUSA42439","PS4","Нет","159,34 TL","","Нет","Нет","","https://store.playstation.com/en-tr/concept/10007990","2024-01-23","Arcade","PEGI_3"
"6303","Dungeon of the Endless","CUSA19435","PS4","Нет","699,00 TL","","Нет","Нет","","https://store.playstation.com/en-tr/concept/234872","2020-05-18","Action","PEGI_7"
"6304","Dungeons Of The Deep","PPSA07318","PS5","Нет","525,00 TL","","Нет","Да","","https://store.playstation.com/en-tr/concept/10003346","2022-11-16","Action","PEGI_12"
"6305","Dungeons of Hinterberg","PPSA13407","PS4, PS5","Нет","949,00 TL","","Нет","Нет","","https://store.playstation.com/en-tr/concept/10007196","2025-03-13","Adventure","PEGI_12"
"6306","Dungeons of Sundaria","PPSA08373","PS5","Нет","429,00 TL","Standard Edition: 429,00 TL; Standard Edition: 429,00 TL","Нет","Да","","https://store.playstation.com/en-tr/concept/232216","2022-07-17","Action","PEGI_16"
"6307","Dungeonoid","PPSA07888","PS5","Нет","90,00 TL","","Нет","Нет","","https://store.playstation.com/en-tr/concept/10005183","2022-10-27","Arcade","PEGI_3"
"6308","DungeonTop","CUSA25752","PS4","Нет","489,00 TL","","Нет","Нет","","https://store.playstation.com/en-tr/concept/10001975","2020-12-24","Role Playing Games","PEGI_7"
"6309","Dungeonoid 2 Awakening","PPSA17897","PS4, PS5","Нет","165,00 TL","","Нет","Нет","","https://store.playstation.com/en-tr/concept/10008975","2024-02-06","Role Playing Games","PEGI_7"
"6310","Dungeons Of The Deep VR","PPSA37767","PS5","Нет","649,00 TL","","Нет","Да","","https://store.playstation.com/en-tr/concept/10019586","2026-05-31","Action","PEGI_12"
"6311","Dungeon Munchies","PPSA07416","PS5","Нет","649,00 TL","Dungeon Munchies: 649,00 TL; Dungeon Munchies: 649,00 TL","Нет","Нет","","https://store.playstation.com/en-tr/concept/10004188","2023-01-12","Action","PEGI_16"
"6312","Dungeons & Bombs","PPSA02945","PS5","Нет","35,00 TL","Dungeons & Bombs: 35,00 TL; Dungeons & Bombs: 35,00 TL","Нет","Да","","https://store.playstation.com/en-tr/concept/10001826","2021-02-25","Puzzle","PEGI_7"
"6313","Dungeons 4","PPSA07937","PS5","Нет","1.749,00 TL","Dungeons 4: 1.749,00 TL; Digital Deluxe Edition: 1.418,45 TL","Нет","Да","","https://store.playstation.com/en-tr/concept/10005136","2023-11-08","Strategy","PEGI_16"
"6314","Dunjungle","PPSA27631","PS5","Нет","849,00 TL","Standard Edition: 849,00 TL; Standard Edition: 849,00 TL","Нет","Нет","","https://store.playstation.com/en-tr/concept/10013544","2025-12-10","Adventure","PEGI_7"
"6315","Dusk Diver","CUSA16554","PS4","Нет","299,75 TL","Dusk Diver - Angel in White & News Anchor Costume: 257,00 TL; Dusk Diver: 299,75 TL","Нет","Нет","","https://store.playstation.com/en-tr/concept/234579","2019-10-24","Action","PEGI_12"
"6316","DUSK","CUSA32306","PS4","Нет","849,00 TL","","Нет","Нет","","https://store.playstation.com/en-tr/concept/10004522","2023-10-30","Shooter","PEGI_16"
"6317","Dungeon Rushers","CUSA07618","PS4","Нет","525,00 TL","","Нет","Да","","https://store.playstation.com/en-tr/concept/227311","2018-05-25","Arcade","PEGI_12"
"6318","Dungeons and Ducklings","PPSA32386","PS5","Нет","77,20 TL","Dungeons and Ducklings: 77,20 TL; Dungeons and Ducklings: 77,20 TL","Нет","Нет","","https://store.playstation.com/en-tr/concept/10016468","2025-12-03","Party","PEGI_7"
"6319","Dungreed","CUSA16513","PS4","Нет","649,00 TL","","Нет","Нет","","https://store.playstation.com/en-tr/concept/233413","2020-10-27","Action","PEGI_7"
"6320","Dusk Diver 2","PPSA06565","PS5","Нет","1.181,95 TL","Dusk Diver 2: 537,25 TL; Digital Deluxe Edition: 2.579,00 TL; Digital Deluxe Edition: 2.579,00 TL","Нет","Нет","","https://store.playstation.com/en-tr/concept/10003721","2022-08-29","Action","PEGI_12"
"6321","Dynamite Fishing – World Games","CUSA03077","PS4","Нет","215,00 TL","","Нет","Да","","https://store.playstation.com/en-tr/concept/201168","2015-08-25","Arcade","PEGI_7"
"6322","DUSTBORN","PPSA08051","PS4, PS5","Нет","157,35 TL","","Нет","Да","","https://store.playstation.com/en-tr/concept/10005245","2024-08-20","Action","PEGI_16"
"6323","DYING: Reborn PSVR","CUSA06738","PS4","Нет","429,00 TL","","Нет","Нет","","https://store.playstation.com/en-tr/concept/223843","2017-02-28","Adventure","PEGI_12"
"6324","DYING: Reborn","CUSA07042","PS4","Нет","816,00 TL","DYING: Reborn Ultimate Bundle: 1.031,00 TL; DYING: Reborn: 816,00 TL","Нет","Нет","","https://store.playstation.com/en-tr/concept/217040","2017-02-27","Adventure","PEGI_12"
"6325","Dwarf Journey","CUSA51292","PS4","Нет","559,00 TL","","Нет","Да","","https://store.playstation.com/en-tr/concept/10012593","2024-11-15","Adventure","PEGI_7"
"6326","Dyna Bomb","CUSA31819","PS4","Нет","215,00 TL","","Нет","Нет","","https://store.playstation.com/en-tr/concept/10004329","2021-12-16","Adventure","PEGI_3"
"6327","Dustoff Z","CUSA23693","PS4","Нет","419,00 TL","","Нет","Да","","https://store.playstation.com/en-tr/concept/10000924","2020-11-26","Action","PEGI_12"
"6328","Dwarrows","CUSA26804","PS4","Нет","1.079,00 TL","","Нет","Нет","","https://store.playstation.com/en-tr/concept/10002338","2021-08-10","Adventure","PEGI_7"
"6329","Dustoff Heli Rescue 2","CUSA10023","PS4","Нет","68,60 TL","","Нет","Да","","https://store.playstation.com/en-tr/concept/229742","2017-12-20","Action","PEGI_7"
"6330","Dusty Raging Fist","CUSA11779","PS4","Нет","649,00 TL","","Нет","Нет","","https://store.playstation.com/en-tr/concept/229749","2018-04-12","Action","PEGI_12"
"6331","Dust: An Elysian Tail","CUSA01367","PS4","Нет","571,00 TL","","Нет","Нет","","https://store.playstation.com/en-tr/concept/200960","2014-10-08","Action","PEGI_7"
"6332","DUSK INDEX: GION","PPSA32237","PS5","Нет","1.079,00 TL","","Нет","Нет","","https://store.playstation.com/en-tr/concept/10016382","2026-01-28","Adventure","PEGI_7"
"6333","Dyna Bomb 2","CUSA34692","PS4","Нет","649,00 TL","","Нет","Нет","","https://store.playstation.com/en-tr/concept/10005458","2022-08-19","Arcade","PEGI_7"
"6334","Dwerve","PPSA22492","PS5","Нет","849,00 TL","","Нет","Да","","https://store.playstation.com/en-tr/concept/10010446","2025-03-14","Role Playing Games","PEGI_12"
"6335","Dynasty Feud","CUSA08917","PS4","Нет","649,00 TL","","Нет","Да","","https://store.playstation.com/en-tr/concept/229000","2017-12-11","Fighting","PEGI_7"
"6336","DYNASTY WARRIORS 3","PPSA32935","PS5","Да","1.749,00 TL","Standard Edition: 1.749,00 TL; Digital Deluxe Edition: 2.999,00 TL","Нет","Нет","","https://store.playstation.com/en-tr/concept/10016743","2026-09-30","Action","PEGI_16"
"6337","Eagle Island Twist","CUSA18669","PS4","Нет","244,30 TL","","Нет","Да","","https://store.playstation.com/en-tr/concept/234974","2021-05-28","Adventure","PEGI_7"
"6338","DYNABLASTER","PPSA21745","PS5","Нет","849,00 TL","Standard: 849,00 TL; Standard: 849,00 TL","Нет","Да","","https://store.playstation.com/en-tr/concept/10010333","2024-11-02","Action","PEGI_7"
"6339","Dustland Delivery","PPSA34265","PS5","Нет","649,00 TL","Dustland Delivery: 649,00 TL; Wildmax Edition: 1.299,00 TL","Нет","Нет","","https://store.playstation.com/en-tr/concept/10017503","2026-01-22","Role Playing Games","PEGI_7"
"6340","Earnest","PPSA32792","PS5","Нет","1.749,00 TL","Earnest Evans Collection: 1.749,00 TL; Earnest Evans Collection: 1.749,00 TL","Нет","Нет","","https://store.playstation.com/en-tr/concept/10016678","2026-01-15","Action","PEGI_12"
"6341","DYSCHRONIA: Chronos Alternate - Bundle","PPSA13666","PS5","Нет","419,70 TL","DYSCHRONIA: Chronos Alternate Episode I: 209,70 TL; DYSCHRONIA: Chronos Alternate - Bundle: 419,70 TL","Нет","Нет","","https://store.playstation.com/en-tr/concept/10007231","2023-03-16","Adventure","PEGI_12"
"6342","Earth Atlantis","CUSA08814","PS4","Нет","529,00 TL","","Нет","Нет","","https://store.playstation.com/en-tr/concept/227355","2018-06-01","Action","PEGI_7"
"6343","Eagle Flight","CUSA04876","PS4","Нет","1.749,00 TL","","Да","Да","PS Plus Extra","https://store.playstation.com/en-tr/concept/216171","2017-01-23","Action","PEGI_7"
"6344","EARTH DEFENSE FORCE:WORLD BROTHERS","CUSA27015","PS4","Нет","1.399,00 TL","EARTH DEFENSE FORCE: WORLD BROTHERS Deluxe Edition: 2.099,00 TL","Нет","Нет","PS Plus Extra","https://store.playstation.com/en-tr/concept/10001019","2021-05-26","Shooter","PEGI_16"
"6345","Easter Candy Run","PPSA07661","PS5","Нет","343,00 TL","Easter Double Game Bundle: 472,00 TL; Easter Candy Run: 343,00 TL; Easter Double Game Bundle: 472,00 TL; Easter Candy Run - Avatar Full Game Bundle: 279,00 TL; Easter Candy Run: 343,00 TL","Нет","Нет","","https://store.playstation.com/en-tr/concept/10005081","2022-04-15","Casual","PEGI_3"
"6346","EARTHLOCK","CUSA11339","PS4","Нет","875,00 TL","EARTHLOCK: 875,00 TL","Нет","Нет","","https://store.playstation.com/en-tr/concept/224837","2018-03-20","Adventure","PEGI_12"
"6348","Earthion","PPSA28061","PS4, PS5","Нет","849,00 TL","","Нет","Нет","","https://store.playstation.com/en-tr/concept/10013897","2025-09-18","Shooter","PEGI_7"
"6349","Earth Marines","CUSA29761","PS4","Нет","215,00 TL","","Нет","Нет","","https://store.playstation.com/en-tr/concept/10003568","2021-09-17","Action","PEGI_12"
"6350","EarthNight","CUSA16608","PS4","Нет","774,00 TL","","Нет","Нет","","https://store.playstation.com/en-tr/concept/234547","2019-12-02","Action","PEGI_3"
"6351","Easter Candy Break Head to Head","CUSA27878","PS4","Нет","343,00 TL","Easter Candy Break Head to Head – Avatar Full Game Bundle: 279,00 TL; Easter Candy Break Head to Head: 343,00 TL","Нет","Нет","","https://store.playstation.com/en-tr/concept/10002847","2021-04-09","Arcade","PEGI_3"
"6352","Earthfall","CUSA12458","PS4","Нет","849,00 TL","Earthfall™ Deluxe: 1.049,00 TL; Earthfall™: 849,00 TL","Нет","Да","","https://store.playstation.com/en-tr/concept/231269","2018-07-18","Shooter","PEGI_16"
"6353","Easter Candy Break","PPSA07510","PS5","Нет","343,00 TL","Easter Candy Break: 343,00 TL; Premium Edition: 343,00 TL; Easter Candy Break: 343,00 TL; Avatar Full Game Bundle Easter Candy Break: 279,00 TL; Premium Edition: 343,00 TL","Нет","Нет","","https://store.playstation.com/en-tr/concept/10002792","2022-04-01","Arcade","PEGI_3"
"6355","Earthshine","PPSA17798","PS5","Нет","43,75 TL","Earthshine: 43,75 TL; Earthshine: 43,75 TL","Да","Да","","https://store.playstation.com/en-tr/concept/10008929","2023-09-20","Adventure","PEGI_3"
"6356","EARTH'S DAWN","CUSA05087","PS4","Нет","214,50 TL","","Нет","Нет","","https://store.playstation.com/en-tr/concept/221903","2016-10-31","Action","PEGI_12"
"6357","EARTH DEFENSE FORCE: IRON RAIN","CUSA13277","PS4","Нет","2.099,00 TL","EARTH DEFENSE FORCE: IRON RAIN Ultimate Edition: 3.149,00 TL","Нет","Нет","PS Plus Extra","https://store.playstation.com/en-tr/concept/232625","2019-04-10","Action","PEGI_12"
"6358","EARTH DEFENSE FORCE: WORLD BROTHERS 2","PPSA15928","PS4, PS5","Нет","1.749,00 TL","Standard Edition: 1.749,00 TL; Deluxe Edition: 2.619,00 TL","Нет","Нет","","https://store.playstation.com/en-tr/concept/10008165","2024-09-25","Action","PEGI_12"
"6359","EA SPORTS College Football 26","PPSA25859","PS5","Нет","2.899,99 TL","Standard Edition: 2.899,99 TL; Playoff Bundle: 4.000,00 TL","Нет","Нет","EA Access","https://store.playstation.com/en-tr/concept/10012463","2025-07-07","Sport","PEGI_3"
"6360","EARTH DEFENSE FORCE 5","CUSA12504","PS4","Нет","1.749,00 TL","EARTH DEFENSE FORCE 5 Deluxe Edition: 2.619,00 TL","Нет","Нет","PS Plus Extra","https://store.playstation.com/en-tr/concept/222995","2018-12-10","Action","PEGI_12"
"6361","Eastern Exorcist","CUSA23316","PS4","Нет","774,00 TL","","Нет","Да","","https://store.playstation.com/en-tr/concept/10000871","2023-06-07","Adventure","PEGI_12"
"6362","Ebenezer and the Invisible World","PPSA16360","PS5","Нет","699,00 TL","Ebenezer and the Invisible World: 699,00 TL; Ebenezer and the Invisible World: 699,00 TL","Нет","Да","","https://store.playstation.com/en-tr/concept/10008326","2023-11-11","Adventure","PEGI_7"
"6363","Easy Delivery Co.","PPSA34058","PS5","Нет","549,00 TL","","Нет","Да","","https://store.playstation.com/en-tr/concept/10017365","2026-03-26","Driving/Racing","PEGI_3"
"6364","Easy Dice for RPG/Tabletop","CUSA47828","PS4","Нет","42,00 TL","","Нет","Нет","","https://store.playstation.com/en-tr/concept/10010411","2024-03-30","Unique","PEGI_3"
"6365","Easter Journey","PPSA22468","PS5","Нет","42,00 TL","Easter Journey Avatar Bundle with Barcode: 107,50 TL; Easter Journey: 42,00 TL; Easter Journey Avatar Bundle with Barcode: 107,50 TL; Easter Journey: 42,00 TL","Нет","Нет","","https://store.playstation.com/en-tr/concept/10010751","2024-04-03","Puzzle","PEGI_3"
"6366","Eastshade","CUSA16966","PS4","Нет","949,00 TL","","Нет","Да","","https://store.playstation.com/en-tr/concept/233670","2019-10-28","Adventure","PEGI_7"
"6367","Ecchi Crush","CUSA59368","PS4","Нет","601,00 TL","Complete Edition: 601,00 TL; Complete Editions: 1.079,00 TL; Complete Editions: 1.299,00 TL","Нет","Нет","","https://store.playstation.com/en-tr/concept/10019616","2026-06-04","Puzzle","PEGI_12"
"6368","ECHO","CUSA08394","PS4","Нет","1.031,00 TL","","Нет","Нет","","https://store.playstation.com/en-tr/concept/207084","2017-10-11","Action","PEGI_16"
"6369","Echoes of the End","PPSA25636","PS5","Нет","1.749,00 TL","","Нет","Да","PS Plus Extra","https://store.playstation.com/en-tr/concept/10012310","2025-08-12","Adventure","PEGI_18"
"6370","EchoBlade","PPSA08825","PS4, PS5","Нет","349,00 TL","","Нет","Нет","","https://store.playstation.com/en-tr/concept/10005577","2023-07-04","Action","PEGI_16"
"6371","Edge Of Eternity","PPSA03216","PS4, PS5","Нет","1.299,00 TL","","Нет","Нет","","https://store.playstation.com/en-tr/concept/10000794","2022-02-09","Role Playing Games","PEGI_16"
"6372","Echoes of Light: Child of the Balance","PPSA30955","PS5","Нет","515,00 TL","Standard: 515,00 TL; Standard: 515,00 TL","Нет","Нет","","https://store.playstation.com/en-tr/concept/10015635","2025-06-29","Action","PEGI_12"
"6373","Eco Mahjong","PPSA36187","PS5","Нет","255,00 TL","","Нет","Да","","https://store.playstation.com/en-tr/concept/10018678","2026-04-01","Casual","PEGI_3"
"6374","Ed & Edda: GRAND PRIX – Racing Champions","PPSA26182","PS5","Нет","1.399,00 TL","Ed & Edda: GRAND PRIX – Racing Champions Deluxe Edition: 1.949,00 TL; Ed & Edda: GRAND PRIX – Racing Champions: 1.399,00 TL","Нет","Нет","","https://store.playstation.com/en-tr/concept/10012664","2025-07-24","Driving/Racing","PEGI_3"
"6375","Eden Survivors","PPSA25811","PS5","Нет","215,00 TL","","Нет","Да","","https://store.playstation.com/en-tr/concept/10012401","2025-03-25","Action","PEGI_7"
"6376","Edge of Reality","PPSA17802","PS5","Нет","43,75 TL","Edge of Reality: 43,75 TL; Edge of Reality: 43,75 TL","Нет","Да","","https://store.playstation.com/en-tr/concept/10008930","2024-02-15","Adventure","PEGI_12"
"6377","Eden's Last Sunrise","CUSA42473","PS4","Нет","429,00 TL","","Нет","Нет","","https://store.playstation.com/en-tr/concept/10008005","2023-07-26","Strategy","PEGI_12"
"6378","echoshift","PPSA07547","PS4, PS5","Нет","429,00 TL","","Нет","Нет","","https://store.playstation.com/en-tr/concept/10005031","2025-03-07","Puzzle","PEGI_3"
"6379","EDENGATE: The Edge of Life","CUSA30552","PS4","Нет","300,00 TL","","Нет","Да","","https://store.playstation.com/en-tr/concept/10003846","2022-11-15","Unique","PEGI_12"
"6380","EARTH DEFENSE FORCE4.1 WINGDIVER THE SHOOTER","CUSA11309","PS4","Нет","839,00 TL","","Нет","Нет","","https://store.playstation.com/en-tr/concept/229035","2018-10-11","Action","PEGI_12"
"6381","EcoGnomix","PPSA27165","PS5","Нет","699,00 TL","EcoGnomix: 699,00 TL; Avatar Edition: 949,00 TL","Нет","Нет","","https://store.playstation.com/en-tr/concept/10013265","2025-04-24","Adventure","PEGI_7"
"6382","Eden-Tomorrow","CUSA12741","PS4","Нет","849,00 TL","Eden-Tomorrow: 849,00 TL","Нет","Нет","","https://store.playstation.com/en-tr/concept/232438","2019-02-12","Action","PEGI_12"
"6383","echochrome","PPSA06796","PS4, PS5","Нет","429,00 TL","","Да","Да","","https://store.playstation.com/en-tr/concept/10004656","2025-03-07","Puzzle","PEGI_3"
"6384","Eden Genesis","PPSA19586","PS4, PS5","Нет","1.079,00 TL","Metroidvania, Platformer and Roguelite Bundle: 2.579,00 TL; Metroidvania, Platformer and Roguelite Bundle: 2.579,00 TL; Eden Genesis PS4 & PS5: 1.079,00 TL","Нет","Да","","https://store.playstation.com/en-tr/concept/10009572","2024-08-06","Action","PEGI_16"
"6385","Eekeemoo - Splinters of The Dark Shard","CUSA06492","PS4","Нет","215,00 TL","","Нет","Нет","","https://store.playstation.com/en-tr/concept/224833","2017-03-14","Action","PEGI_7"
"6386","Eden Coil","PPSA38925","PS5","Нет","300,00 TL","Eden Coil: 300,00 TL; Eden Coil: 300,00 TL","Нет","Да","","https://store.playstation.com/en-tr/concept/10020250","2026-07-29","Puzzle","PEGI_3"
"6387","Edge of Sanity","PPSA19583","PS4, PS5","Нет","699,00 TL","Edge of Sanity: 699,00 TL; Eldritch Edition: 945,00 TL","Нет","Да","","https://store.playstation.com/en-tr/concept/10009287","2024-09-13","Action","PEGI_12"
"6388","EDENS ZERO","PPSA25348","PS5","Нет","2.579,00 TL","Standard Edition: 2.579,00 TL; Deluxe Edition: 2.999,00 TL","Нет","Нет","","https://store.playstation.com/en-tr/concept/10012148","2025-07-14","Role Playing Games","PEGI_16"
"6389","Egglien","PPSA15510","PS4, PS5","Нет","257,00 TL","","Нет","Нет","","https://store.playstation.com/en-tr/concept/10008028","2023-04-08","Action","PEGI_3"
"6390","Egging On","PPSA32247","PS5","Нет","649,00 TL","","Нет","Да","","https://store.playstation.com/en-tr/concept/10015296","2025-11-06","Adventure","PEGI_3"
"6391","egg boy","PPSA35647","PS5","Нет","849,00 TL","","Нет","Да","","https://store.playstation.com/en-tr/concept/10014684","2026-07-25","Action","PEGI_3"
"6392","Egg Runner","CUSA41203","PS4","Нет","87,00 TL","","Нет","Нет","","https://store.playstation.com/en-tr/concept/10007573","2023-01-27","Arcade","PEGI_3"
"6393","ELDRADOR CREATURES SHADOWFALL","PPSA23874","PS5","Нет","1.299,00 TL","ELDRADOR® CREATURES SHADOWFALL: 1.299,00 TL; ELDRADOR® CREATURES SHADOWFALL: 849,00 TL","Нет","Нет","","https://store.playstation.com/en-tr/concept/10011423","2025-03-05","Strategy","PEGI_7"
"6394","Egypt City Builder","CUSA55861","PS4","Нет","649,00 TL","","Нет","Нет","","https://store.playstation.com/en-tr/concept/10016167","2025-08-28","Casual","PEGI_12"
"6395","Electronauts","CUSA11546","PS4","Нет","735,00 TL","","Нет","Нет","","https://store.playstation.com/en-tr/concept/231758","2018-08-07","Casual","PEGI_3"
"6396","Electronics Puzzle Lab","PPSA20932","PS4, PS5","Нет","175,00 TL","","Нет","Да","","https://store.playstation.com/en-tr/concept/10010138","2024-05-14","Brain Training","PEGI_3"
"6397","Eldest Souls","PPSA03260","PS4, PS5","Нет","699,00 TL","","Нет","Да","PS Plus Extra","https://store.playstation.com/en-tr/concept/10002570","2021-07-28","Action","PEGI_16"
"6398","Elea","CUSA15035","PS4","Нет","34,90 TL","Elea - Deluxe Edition: 537,00 TL; Elea: 34,90 TL","Нет","Да","","https://store.playstation.com/en-tr/concept/233425","2019-07-24","Adventure","PEGI_12"
"6399","Eldrador Creatures","CUSA20569","PS4","Нет","849,00 TL","","Нет","Нет","","https://store.playstation.com/en-tr/concept/10001320","2020-11-18","Strategy","PEGI_7"
"6400","Electronics Puzzle Lab 2","PPSA31211","PS4, PS5","Нет","150,50 TL","Electronics Puzzle Lab 2 PS4 & PS5: 150,50 TL; Electronics Puzzle Lab 1 & 2 Collection PS4 & PS5: 343,00 TL","Нет","Да","","https://store.playstation.com/en-tr/concept/10015754","2025-09-23","Family","PEGI_3"
"6401","ELEMENTAL KNIGHTS R -DarkArthur PremiumPack","CUSA25641","PS4","Нет","343,00 TL","","Нет","Нет","","https://store.playstation.com/en-tr/concept/10001562","2021-01-26","Role Playing Games","PEGI_7"
"6402","Elemental War 2","PPSA05186","PS4, PS5","Нет","699,00 TL","Deluxe Edition: 875,00 TL","Нет","Да","","https://store.playstation.com/en-tr/concept/10003762","2022-05-06","Strategy","PEGI_7"
"6403","Elementallis","PPSA32706","PS4, PS5","Нет","774,00 TL","Elementallis: 774,00 TL","Нет","Нет","","https://store.playstation.com/en-tr/concept/10016639","2026-04-28","Adventure","PEGI_7"
"6404","ELDERBORN","PPSA23728","PS5","Нет","525,00 TL","","Нет","Да","","https://store.playstation.com/en-tr/concept/10011340","2024-11-08","Action","PEGI_16"
"6405","Elemental War","PPSA08731","PS4, PS5","Нет","525,00 TL","","Нет","Нет","","https://store.playstation.com/en-tr/concept/10001365","2023-02-02","Strategy","PEGI_7"
"6406","Electronic Super Joy","CUSA02881","PS4","Нет","387,00 TL","","Нет","Нет","","https://store.playstation.com/en-tr/concept/201366","2016-06-21","Action","PEGI_16"
"6407","Elasto Mania II","CUSA45582","PS4","Нет","549,00 TL","","Нет","Нет","","https://store.playstation.com/en-tr/concept/10009399","2024-03-20","Driving/Racing","PEGI_3"
"6408","Electro Ride: The Neon Racing","PPSA27606","PS5","Нет","131,25 TL","","Нет","Да","","https://store.playstation.com/en-tr/concept/10013531","2025-02-24","Driving/Racing","PEGI_3"
"6409","Elemental Cube","PPSA24140","PS5","Нет","245,00 TL","Elemental Cube: 245,00 TL; Elemental Cube: 245,00 TL","Нет","Нет","","https://store.playstation.com/en-tr/concept/10011577","2024-07-03","Adventure","PEGI_3"
"6410","Element Space","CUSA17372","PS4","Нет","1.079,00 TL","","Нет","Нет","","https://store.playstation.com/en-tr/concept/234926","2020-03-23","Action","PEGI_12"
"6411","Elevator Action -Returns- S-Tribute","CUSA30068","PS4","Нет","649,00 TL","","Нет","Нет","","https://store.playstation.com/en-tr/concept/10003681","2022-11-30","Action","PEGI_12"
"6412","Elemental War Clash","PPSA26167","PS5","Нет","849,00 TL","","Нет","Да","","https://store.playstation.com/en-tr/concept/10012658","2025-05-28","Strategy","PEGI_12"
"6413","Elevator Mayhem","PPSA34457","PS5","Нет","64,00 TL","","Нет","Нет","","https://store.playstation.com/en-tr/concept/10017611","2026-04-16","Action","PEGI_12"
"6414","Eleven Eleven","CUSA13709","PS4","Нет","902,00 TL","","Нет","Нет","","https://store.playstation.com/en-tr/concept/232826","2019-05-23","Action","PEGI_12"
"6415","EL COCO","PPSA14353","PS5","Нет","466,95 TL","EL COCO: 466,95 TL; EL COCO: 466,95 TL","Нет","Нет","","https://store.playstation.com/en-tr/concept/10007614","2025-11-27","Adventure","PEGI_7"
"6416","EMOTIONLESS : The Last Ticket","PPSA34736","PS5","Нет","259,60 TL","","Нет","Да","","https://store.playstation.com/en-tr/concept/10017798","2026-03-16","Horror","PEGI_16"
"6417","Elves Jigsaw","PPSA12477","PS4, PS5","Нет","129,00 TL","","Нет","Нет","","https://store.playstation.com/en-tr/concept/10006896","2022-12-15","Puzzle","PEGI_12"
"6418","Elypse","PPSA14012","PS5","Нет","699,00 TL","","Нет","Нет","","https://store.playstation.com/en-tr/concept/10007363","2023-07-21","Action","PEGI_7"
"6419","Elliot","CUSA25543","PS4","Нет","236,00 TL","","Нет","Нет","","https://store.playstation.com/en-tr/concept/10001889","2020-12-23","Action","PEGI_3"
"6420","El Paso, Elsewhere","PPSA21613","PS5","Нет","424,50 TL","","Нет","Нет","","https://store.playstation.com/en-tr/concept/10010236","2024-10-09","Shooter","PEGI_16"
"6421","Embr","CUSA25171","PS4","Нет","849,00 TL","","Нет","Да","PS Plus Extra","https://store.playstation.com/en-tr/concept/10001730","2021-09-23","Casual","PEGI_7"
"6422","Emergency Crew: Volcano Eruption","CUSA40915","PS4","Нет","215,00 TL","","Нет","Да","","https://store.playstation.com/en-tr/concept/10007297","2023-04-12","Strategy","PEGI_3"
"6423","ELEX II","PPSA03803","PS4, PS5","Нет","2.099,00 TL","","Да","Да","","https://store.playstation.com/en-tr/concept/10002952","2022-03-01","Action","PEGI_18"
"6424","Empire of Angels IV","PPSA05466","PS5","Нет","849,00 TL","Empire of Angels IV: 849,00 TL; Empire of Angels IV: 849,00 TL","Нет","Нет","","https://store.playstation.com/en-tr/concept/10002603","2021-12-23","Role Playing Games","PEGI_12"
"6425","emoji Kart Racer","PPSA13441","PS5","Нет","1.049,00 TL","emoji Kart™ Racer: 1.049,00 TL; emoji Kart™ Racer: 879,00 TL","Нет","Нет","","https://store.playstation.com/en-tr/concept/10007211","2022-12-22","Driving/Racing","PEGI_3"
"6426","ELEX","CUSA04462","PS4","Нет","1.399,00 TL","","Нет","Да","","https://store.playstation.com/en-tr/concept/217046","2017-10-16","Action","PEGI_16"
"6427","EMMA: Lost in Memories","CUSA18163","PS4","Нет","343,00 TL","","Нет","Нет","","https://store.playstation.com/en-tr/concept/235320","2020-05-08","Action","PEGI_3"
"6428","Emergency Call - The Attack Squad","PPSA18004","PS4, PS5","Нет","1.299,00 TL","","Нет","Нет","","https://store.playstation.com/en-tr/concept/10008803","2023-12-15","Simulator","PEGI_3"
"6429","Emerald Shores","CUSA14716","PS4","Нет","236,00 TL","","Нет","Нет","","https://store.playstation.com/en-tr/concept/233232","2019-01-24","Action","PEGI_3"
"6430","Ellen","CUSA16883","PS4","Нет","387,00 TL","","Нет","Нет","","https://store.playstation.com/en-tr/concept/234741","2019-10-01","Action","PEGI_12"
"6431","Embraced by Autumn","PPSA15088","PS4, PS5","Нет","665,00 TL","","Нет","Нет","","https://store.playstation.com/en-tr/concept/10007866","2023-08-17","Adventure","PEGI_12"
"6432","Emily Wants to Play Too","CUSA11528","PS4","Нет","343,00 TL","","Нет","Нет","","https://store.playstation.com/en-tr/concept/231838","2018-04-23","Action","PEGI_12"
"6433","El Hijo - A Wild West Tale","CUSA17029","PS4","Нет","699,00 TL","","Нет","Да","","https://store.playstation.com/en-tr/concept/234803","2021-03-25","Unique","PEGI_3"
"6434","Elsie","PPSA23116","PS5","Нет","875,00 TL","","Нет","Нет","","https://store.playstation.com/en-tr/concept/10010912","2024-09-10","Action","PEGI_12"
"6435","EMPTY SHELL","PPSA21457","PS4, PS5","Нет","687,00 TL","","Нет","Да","","https://store.playstation.com/en-tr/concept/10010361","2024-07-23","Shooter","PEGI_12"
"6436","Empire of Sin","CUSA17732","PS4","Нет","1.749,00 TL","Empire of Sin - Premium Edition: 2.499,00 TL; Deluxe Edition: 1.749,00 TL","Нет","Да","PS Plus Extra","https://store.playstation.com/en-tr/concept/235085","2020-12-01","Unique","PEGI_16"
"6437","EmyLiveShow: Anime Puzzle Game","CUSA47219","PS4","Нет","56,55 TL","","Нет","Да","","https://store.playstation.com/en-tr/concept/10010178","2024-02-28","Puzzle","PEGI_16"
"6438","EmyLiveShow: Dangers & Mysteries Tale","CUSA49639","PS4","Нет","129,89 TL","","Нет","Да","","https://store.playstation.com/en-tr/concept/10011538","2024-07-25","Adventure","PEGI_16"
"6439","Empyreal","PPSA25781","PS5","Нет","1.049,00 TL","","Нет","Нет","","https://store.playstation.com/en-tr/concept/10012299","2025-05-08","Action","PEGI_16"
"6440","EmyLiveShow: Demons and Mistresses Tale","PPSA34410","PS5","Нет","265,00 TL","EmyLiveShow: Demons and Mistresses Tale: 265,00 TL; EmyLiveShow: Demons and Mistresses Tale: 265,00 TL","Нет","Да","","https://store.playstation.com/en-tr/concept/10017415","2026-01-14","Adventure","PEGI_12"
"6441","Energy Cycle Edge","PPSA03629","PS5","Нет","87,50 TL","Energy Cycle Edge: 87,50 TL; Energy Cycle Edge: 87,50 TL","Нет","Да","","https://store.playstation.com/en-tr/concept/232725","2021-10-20","Casual","PEGI_3"
"6442","Endocrisis","CUSA31036","PS4","Нет","429,00 TL","","Нет","Нет","","https://store.playstation.com/en-tr/concept/10002903","2021-11-04","Arcade","PEGI_7"
"6443","Ender of Fire","CUSA02529","PS4","Нет","649,00 TL","","Нет","Нет","","https://store.playstation.com/en-tr/concept/201387","2015-07-08","Action","PEGI_12"
"6444","End Space","CUSA10109","PS4","Нет","849,00 TL","","Нет","Нет","","https://store.playstation.com/en-tr/concept/229779","2017-11-07","Action","PEGI_7"
"6445","Enter Digiton: Heart of Corruption","PPSA04295","PS4, PS5","Нет","343,00 TL","","Нет","Нет","","https://store.playstation.com/en-tr/concept/10001830","2021-08-03","Action","PEGI_12"
"6446","ENDLESS Dungeon","PPSA02665","PS4, PS5","Нет","649,00 TL","","Нет","Да","PS Plus Extra","https://store.playstation.com/en-tr/concept/10002162","2023-10-17","Strategy","PEGI_12"
"6447","Epic Astro Story","CUSA23810","PS4","Нет","549,00 TL","","Нет","Нет","","https://store.playstation.com/en-tr/concept/10000529","2021-05-26","Strategy","PEGI_3"
"6448","Enchantment 2 Sun’s Tear","PPSA34781","PS5","Нет","195,00 TL","","Нет","Нет","","https://store.playstation.com/en-tr/concept/10017817","2026-01-20","Casual","PEGI_3"
"6449","EmyLiveShow: King of Desires","CUSA54954","PS4","Нет","107,00 TL","","Нет","Да","","https://store.playstation.com/en-tr/concept/10015424","2025-07-24","Adult","PEGI_12"
"6450","Energy Invasion","CUSA08596","PS4","Нет","34,75 TL","","Нет","Нет","","https://store.playstation.com/en-tr/concept/228714","2018-01-09","Action","PEGI_3"
"6451","EmyLiveShow: How To Write a Bestseller","CUSA54674","PS4","Нет","215,00 TL","","Нет","Да","","https://store.playstation.com/en-tr/concept/10015174","2025-08-24","Adventure","PEGI_12"
"6452","Enigmatis 2: The Mists of Ravenwood","CUSA08207","PS4","Нет","649,00 TL","","Нет","Да","","https://store.playstation.com/en-tr/concept/228411","2017-05-30","Adventure","PEGI_12"
"6453","Encircled","PPSA25397","PS5","Нет","429,00 TL","","Нет","Нет","","https://store.playstation.com/en-tr/concept/10011510","2024-09-26","Strategy","PEGI_3"
"6454","Energy Balance","CUSA08595","PS4","Нет","36,75 TL","","Нет","Нет","","https://store.playstation.com/en-tr/concept/227136","2017-07-27","Family","PEGI_3"
"6455","Enigmatis: The Ghosts of Maple Creek","CUSA07496","PS4","Нет","649,00 TL","","Нет","Да","","https://store.playstation.com/en-tr/concept/227749","2017-01-24","Adventure","PEGI_12"
"6456","Endless Fables: Dark Moor","CUSA20039","PS4","Нет","649,00 TL","Sinister Adventures Bundle: 1.547,00 TL; Artists of the World Bundle: 3.449,00 TL","Нет","Да","","https://store.playstation.com/en-tr/concept/10000678","2020-06-15","Adventure","PEGI_12"
"6457","Enigmatis 3: The Shadow of Karkhala","CUSA11092","PS4","Нет","649,00 TL","Enigmatis Collection: 1.547,00 TL","Нет","Да","","https://store.playstation.com/en-tr/concept/231078","2018-04-06","Adventure","PEGI_12"
"6459","Epic Dumpster Bear 1.5 DX: Dumpster Fire Rebirth","CUSA42662","PS4","Нет","215,00 TL","","Нет","Нет","","https://store.playstation.com/en-tr/concept/10008094","2024-04-18","Action","PEGI_7"
"6460","Energy Cycle","PPSA05122","PS4, PS5","Нет","52,50 TL","Energy Bundle (Energy Invasion, Energy Cycle, Energy Balance): 139,50 TL; Energy Cycle: 52,50 TL; Energy Cycle: 61,00 TL","Нет","Нет","","https://store.playstation.com/en-tr/concept/227353","2021-10-19","Arcade","PEGI_3"
"6461","Epic Dumpster Bear: Dumpster Fire Redux","CUSA11537","PS4","Нет","215,00 TL","Epic Dumpster Bear Quadrilogy Bundle: 236,00 TL; Epic Dumpster Bear: Dumpster Fire Redux: 215,00 TL","Нет","Нет","","https://store.playstation.com/en-tr/concept/231803","2018-04-23","Adventure","PEGI_7"
"6462","Enotria: The Last Song","PPSA20515","PS5","Нет","1.499,00 TL","Deluxe Edition: 1.399,00 TL","Нет","Да","PS Plus Extra","https://store.playstation.com/en-tr/concept/10008826","2024-09-18","Role Playing Games","PEGI_16"
"6463","Epic Chef","CUSA27919","PS4","Нет","875,00 TL","","Нет","Да","","https://store.playstation.com/en-tr/concept/10002569","2021-11-10","Adventure","PEGI_7"
"6464","Epic Dumpster Bear 2: He Who Bears Wins","CUSA24955","PS4","Нет","215,00 TL","","Нет","Нет","","https://store.playstation.com/en-tr/concept/10000335","2020-09-21","Action","PEGI_7"
"6465","Equestrian Training","CUSA27348","PS4","Нет","174,75 TL","","Нет","Нет","","https://store.playstation.com/en-tr/concept/10002644","2021-09-13","Educational","PEGI_3"
"6466","Epic World","CUSA08593","PS4","Нет","139,00 TL","","Нет","Да","","https://store.playstation.com/en-tr/concept/228730","2019-06-20","Adventure","PEGI_7"
"6467","Escape from Terror City","PPSA05283","PS4, PS5","Нет","349,00 TL","","Нет","Нет","","https://store.playstation.com/en-tr/concept/10003802","2023-09-05","Action","PEGI_7"
"6468","Epic Word","CUSA18914","PS4","Нет","343,00 TL","","Нет","Нет","","https://store.playstation.com/en-tr/concept/10000287","2020-03-18","Casual","PEGI_3"
"6469","Erra: Exordium","PPSA17742","PS5","Нет","816,00 TL","","Нет","Нет","","https://store.playstation.com/en-tr/concept/10008796","2024-04-30","Action","PEGI_12"
"6470","Epitasis","CUSA33651","PS4","Нет","623,00 TL","","Нет","Да","","https://store.playstation.com/en-tr/concept/10002307","2022-06-23","Puzzle","PEGI_3"
"6471","Escape First: Alchemist","PPSA29359","PS5","Нет","349,00 TL","Escape First: Alchemist: 349,00 TL; Escape Enthusiast: 1.299,00 TL; Cross-Gen Bundle: 349,00 TL; Escape First: Alchemist: 349,00 TL","Нет","Нет","","https://store.playstation.com/en-tr/concept/10008123","2025-05-09","Adventure","PEGI_3"
"6472","Escape From Tethys","CUSA20198","PS4","Нет","139,60 TL","","Нет","Нет","","https://store.playstation.com/en-tr/concept/10000777","2020-08-11","Unique","PEGI_7"
"6473","Escape from Ever After","PPSA26345","PS5","Нет","1.079,00 TL","","Нет","Да","","https://store.playstation.com/en-tr/concept/10010302","2026-01-23","Role Playing Games","PEGI_7"
"6474","Escape 2088","CUSA34027","PS4","Нет","105,00 TL","","Нет","Да","","https://store.playstation.com/en-tr/concept/10005208","2022-04-26","Adventure","PEGI_7"
"6475","Escape First 3","PPSA31484","PS5","Нет","215,00 TL","Escape First 3 PS5: 215,00 TL; Escape First 3: 175,00 TL","Нет","Да","","https://store.playstation.com/en-tr/concept/10005015","2025-07-18","Adventure","PEGI_12"
"6476","Epyka","PPSA27987","PS5","Нет","515,00 TL","","Нет","Нет","","https://store.playstation.com/en-tr/concept/10013842","2025-06-05","Puzzle","PEGI_7"
"6477","Escape from Umbra","PPSA37154","PS5","Нет","721,65 TL","Escape from Umbra: 721,65 TL; Escape from Umbra: 721,65 TL","Нет","Да","","https://store.playstation.com/en-tr/concept/10019196","2026-07-10","Adventure","PEGI_16"
"6478","Epic Word Search Collection 2","CUSA20352","PS4","Нет","343,00 TL","","Нет","Нет","","https://store.playstation.com/en-tr/concept/10000878","2020-07-20","Casual","PEGI_3"
"6479","Escape First 2","PPSA31390","PS5","Нет","215,00 TL","Escape First 2 PS5: 215,00 TL; Escape First 2: 175,00 TL","Нет","Да","","https://store.playstation.com/en-tr/concept/10002514","2025-08-01","Adventure","PEGI_7"
"6480","Escape from Life Inc","PPSA02919","PS5","Нет","69,80 TL","Escape from Life Inc: 69,80 TL; Escape from Life Inc: 69,80 TL","Нет","Нет","","https://store.playstation.com/en-tr/concept/10001641","2021-03-30","Adventure","PEGI_12"
"6481","Epic Empire","PPSA29055","PS5","Нет","315,00 TL","","Нет","Нет","","https://store.playstation.com/en-tr/concept/10014532","2025-04-30","Strategy","PEGI_7"
"6482","Ereban: Shadow Legacy","PPSA33221","PS5","Нет","721,65 TL","Ereban: Shadow Legacy: 721,65 TL","Нет","Да","","https://store.playstation.com/en-tr/concept/10016907","2026-04-16","Action","PEGI_12"
"6483","Escape Goat 2","CUSA01180","PS4","Нет","429,00 TL","","Нет","Нет","","https://store.playstation.com/en-tr/concept/201315","2014-11-26","Puzzle","PEGI_7"
"6484","Escape from the Pharaoh's Tomb","PPSA23754","PS4, PS5","Нет","175,00 TL","Escape from the Pharaoh's Tomb PS4® & PS5®: 175,00 TL; Adventures In Time & Space PS4® & PS5®: 455,00 TL","Нет","Нет","","https://store.playstation.com/en-tr/concept/10011372","2024-08-08","Puzzle","PEGI_7"
"6485","ESCAPE SITE 13","PPSA27974","PS5","Нет","525,00 TL","","Нет","Нет","","https://store.playstation.com/en-tr/concept/10013827","2025-03-12","Horror","PEGI_16"
"6486","Escape String","CUSA37535","PS4","Нет","300,00 TL","","Нет","Нет","","https://store.playstation.com/en-tr/concept/10006382","2022-10-27","Puzzle","PEGI_3"
"6487","Escape Game - FORT BOYARD 2022","PPSA07267","PS4, PS5","Нет","209,80 TL","","Нет","Нет","","https://store.playstation.com/en-tr/concept/10004878","2022-07-02","Party","PEGI_3"
"6488","Escape the Glitch","PPSA20816","PS5","Нет","51,00 TL","","Нет","Нет","","https://store.playstation.com/en-tr/concept/10010099","2024-02-20","Horror","PEGI_7"
"6489","Eternal Strands","PPSA22684","PS5","Нет","1.299,00 TL","Eternal Strands: 1.299,00 TL","Нет","Нет","","https://store.playstation.com/en-tr/concept/10010810","2025-01-28","Adventure","PEGI_12"
"6490","Eternity: The Last Unicorn","CUSA12745","PS4","Нет","699,00 TL","","Нет","Да","","https://store.playstation.com/en-tr/concept/229031","2019-03-04","Role Playing Games","PEGI_16"
"6491","Escaping Wonderland","PPSA28223","PS5","Нет","849,00 TL","","Нет","Нет","","https://store.playstation.com/en-tr/concept/10014006","2025-06-18","Adventure","PEGI_7"
"6492","Etherborn","CUSA15335","PS4","Нет","489,00 TL","","Нет","Да","","https://store.playstation.com/en-tr/concept/233565","2019-07-17","Puzzle","PEGI_3"
"6493","Eternum EX Arcade","PPSA33262","PS5","Нет","343,00 TL","","Нет","Нет","","https://store.playstation.com/en-tr/concept/10016935","2025-09-25","Arcade","PEGI_7"
"6494","ESPER","CUSA11827","PS4","Нет","279,00 TL","","Нет","Нет","","https://store.playstation.com/en-tr/concept/232036","2018-06-29","Casual","PEGI_3"
"6495","Etera","PPSA20900","PS5","Нет","429,00 TL","","Нет","Нет","","https://store.playstation.com/en-tr/concept/10010128","2024-06-19","Adventure","PEGI_3"
"6496","Eternum Ex","CUSA13145","PS4","Нет","429,00 TL","","Нет","Нет","","https://store.playstation.com/en-tr/concept/232598","2019-12-10","Arcade","PEGI_7"
"6497","ESCHATOS","CUSA32602","PS4","Нет","1.031,00 TL","","Нет","Нет","","https://store.playstation.com/en-tr/concept/10003116","2022-04-06","Shooter","PEGI_7"
"6498","Escape the Glitch 3","PPSA36813","PS5","Нет","51,00 TL","","Нет","Нет","","https://store.playstation.com/en-tr/concept/10019033","2026-03-25","Horror","PEGI_12"
"6499","Eternights","PPSA15893","PS4, PS5","Нет","1.049,00 TL","","Нет","Нет","","https://store.playstation.com/en-tr/concept/10004814","2023-09-11","Action","PEGI_16"
"6500","Eternal Exodus","PPSA37008","PS4, PS5","Нет","849,00 TL","","Нет","Нет","","https://store.playstation.com/en-tr/concept/234280","2026-04-11","Role Playing Games","PEGI_7"
"6501","Esports Life Tycoon","CUSA25605","PS4","Нет","699,00 TL","","Нет","Нет","","https://store.playstation.com/en-tr/concept/232765","2020-11-12","Casual","PEGI_3"
"6503","Eternal Radiance","CUSA25525","PS4","Нет","595,00 TL","","Нет","Нет","","https://store.playstation.com/en-tr/concept/10001843","2021-12-07","Role Playing Games","PEGI_12"
"6504","Esophaguys","PPSA27685","PS5","Нет","649,00 TL","","Нет","Да","","https://store.playstation.com/en-tr/concept/10012505","2025-08-01","Family","PEGI_7"
"6505","Eternal Hope","CUSA32889","PS4","Нет","429,00 TL","","Нет","Да","","https://store.playstation.com/en-tr/concept/10004761","2022-07-07","Adventure","PEGI_7"
"6506","Ether One","CUSA02502","PS4","Нет","665,00 TL","","Нет","Нет","","https://store.playstation.com/en-tr/concept/201360","2015-05-05","Puzzle","PEGI_3"
"6507","Euphoria","CUSA44243","PS4","Нет","429,00 TL","","Нет","Да","","https://store.playstation.com/en-tr/concept/10008792","2024-01-24","Puzzle","PEGI_3"
"6508","Eternal Threads","PPSA19317","PS5","Нет","849,00 TL","Eternal Threads: 849,00 TL; Eternal Threads: 849,00 TL","Нет","Да","","https://store.playstation.com/en-tr/concept/10004064","2024-05-23","Unique","PEGI_16"
"6509","Evan's Remains","CUSA23460","PS4","Нет","48,30 TL","","Нет","Нет","","https://store.playstation.com/en-tr/concept/10000609","2020-07-30","Adventure","PEGI_12"
"6510","Etrange Overlord","PPSA34233","PS4, PS5","Нет","2.149,00 TL","Etrange Overlord: 2.149,00 TL","Нет","Нет","","https://store.playstation.com/en-tr/concept/10017487","2026-03-26","Role Playing Games","PEGI_12"
"6511","Evan, Daniel and Friends. Vol 2","CUSA42306","PS4","Нет","509,00 TL","","Нет","Нет","","https://store.playstation.com/en-tr/concept/10007103","2023-02-28","Adventure","PEGI_3"
"6512","Even the Ocean","CUSA15851","PS4","Нет","259,60 TL","","Нет","Да","","https://store.playstation.com/en-tr/concept/215444","2020-08-18","Role Playing Games","PEGI_7"
"6513","Ever 17 - The Out of Infinity","CUSA51473","PS4","Нет","1.299,00 TL","Standard Edition: 1.299,00 TL; Ever 17/Never 7 Double Pack: 1.949,00 TL","Нет","Нет","","https://store.playstation.com/en-tr/concept/10012494","2025-03-05","Adventure","PEGI_16"
"6514","Eventide 2: Sorcerer's Mirror","CUSA09423","PS4","Нет","649,00 TL","","Нет","Да","","https://store.playstation.com/en-tr/concept/229055","2017-09-26","Adventure","PEGI_12"
"6515","Everybody’s Golf","CUSA02171","PS4","Нет","1.749,00 TL","","Нет","Да","PS Plus Extra","https://store.playstation.com/en-tr/concept/209065","2017-08-29","Sport","PEGI_3"
"6516","Everybody’s Gone to the Rapture","CUSA01511","PS4","Нет","849,00 TL","","Да","Да","","https://store.playstation.com/en-tr/concept/201297","2015-08-10","Adventure","PEGI_16"
"6517","EVERDARK: Undead Apocalypse","PPSA32312","PS5","Нет","424,50 TL","","Нет","Нет","","https://store.playstation.com/en-tr/concept/10016428","2025-10-23","Horror","PEGI_16"
"6518","Everybody’s Tennis","CUSA02270","PS4","Нет","429,00 TL","","Нет","Нет","","https://store.playstation.com/en-tr/concept/207034","2016-09-12","Sport","PEGI_3"
"6519","Everafter Falls","PPSA21751","PS4, PS5","Нет","699,00 TL","","Нет","Нет","","https://store.playstation.com/en-tr/concept/10010480","2024-06-20","Simulation","PEGI_7"
"6520","Eventide: Slavic Fable","CUSA08208","PS4","Нет","649,00 TL","","Нет","Да","","https://store.playstation.com/en-tr/concept/227132","2017-04-24","Adventure","PEGI_12"
"6521","EVERYBODY'S GOLF HOT SHOTS","PPSA26145","PS5","Нет","1.396,85 TL","","Нет","Нет","","https://store.playstation.com/en-tr/concept/10012639","2025-09-04","Sport","PEGI_3"
"6522","Everreach: Project Eden","CUSA18934","PS4","Нет","879,00 TL","","Нет","Нет","","https://store.playstation.com/en-tr/concept/10000277","2020-07-23","Action","PEGI_16"
"6523","Ever Forward","PPSA04704","PS5","Нет","649,00 TL","Ever Forward: 649,00 TL; Ever Forward: 649,00 TL","Нет","Да","","https://store.playstation.com/en-tr/concept/10002262","2021-12-06","Adventure","PEGI_7"
"6524","Evergate","PPSA01885","PS5","Нет","87,25 TL","","Нет","Да","","https://store.playstation.com/en-tr/concept/10001442","2021-07-01","Puzzle","PEGI_7"
"6525","Everybody's Golf","PPSA06347","PS4, PS5","Нет","429,00 TL","","Нет","Нет","","https://store.playstation.com/en-tr/concept/10004411","2025-03-07","Sport","PEGI_3"
"6526","Everybody's Golf 2 (PS1)","PPSA06700","PS4, PS5","Нет","429,00 TL","","Нет","Нет","","https://store.playstation.com/en-tr/concept/10004604","2025-03-07","Sport","PEGI_3"
"6527","Evertried","CUSA28219","PS4","Нет","699,00 TL","","Нет","Да","","https://store.playstation.com/en-tr/concept/10002936","2021-10-20","Strategy","PEGI_7"
"6528","Everybody’s Golf VR","CUSA14618","PS4","Нет","1.299,00 TL","Everybody’s Golf™ VR: 1.299,00 TL","Да","Да","","https://store.playstation.com/en-tr/concept/233980","2019-05-21","Sport","PEGI_3"
"6529","Everhood","PPSA09760","PS4, PS5","Нет","549,00 TL","Everhood: Eternity Edition: 549,00 TL; Everhood: Eternity Edition: 549,00 TL","Нет","Да","","https://store.playstation.com/en-tr/concept/10005887","2023-09-28","Adventure","PEGI_7"
"6530","Eventide 3: Legacy of Legends","CUSA12341","PS4","Нет","649,00 TL","Eventide Collection: 1.547,00 TL; Eventide 3: Legacy of Legends Deluxe: 849,00 TL","Нет","Да","","https://store.playstation.com/en-tr/concept/232266","2018-06-28","Adventure","PEGI_7"
"6531","Evil Diary","PPSA19019","PS4, PS5","Нет","86,00 TL","","Нет","Нет","","https://store.playstation.com/en-tr/concept/10009375","2023-11-23","Action","PEGI_16"
"6532","Everlune","PPSA20273","PS5","Нет","87,00 TL","Everlune: 87,00 TL; Everlune: 87,00 TL","Нет","Нет","","https://store.playstation.com/en-tr/concept/10008365","2023-12-14","Arcade","PEGI_7"
"6533","EVIL EYES","PPSA20609","PS5","Нет","515,00 TL","","Нет","Нет","","https://store.playstation.com/en-tr/concept/10010016","2024-03-03","Action","PEGI_16"
"6534","Evil God Korone","CUSA47571","PS4","Нет","111,15 TL","","Нет","Нет","","https://store.playstation.com/en-tr/concept/10010377","2024-04-13","Adventure","PEGI_16"
"6535","Excessive Trim","PPSA17901","PS4, PS5","Нет","215,00 TL","","Нет","Нет","","https://store.playstation.com/en-tr/concept/10008976","2023-11-07","Arcade","PEGI_16"
"6536","Evoland","CUSA11029","PS4","Нет","849,00 TL","","Нет","Нет","","https://store.playstation.com/en-tr/concept/231075","2019-02-04","Role Playing Games","PEGI_12"
"6537","Exile's End","CUSA05998","PS4","Нет","429,00 TL","","Нет","Да","","https://store.playstation.com/en-tr/concept/221701","2016-10-25","Action","PEGI_12"
"6538","Exographer","PPSA22214","PS5","Нет","419,40 TL","","Нет","Да","","https://store.playstation.com/en-tr/concept/10010607","2024-09-26","Adventure","PEGI_3"
"6539","Exodus: Creepy Time","PPSA37635","PS5","Нет","343,00 TL","Exodus: Creepy Time: 343,00 TL; Exodus: Creepy Time: 343,00 TL","Нет","Да","","https://store.playstation.com/en-tr/concept/10019498","2026-05-27","Action","PEGI_7"
"6540","Evil Wizard","PPSA19200","PS5","Нет","209,70 TL","Evil Wizard: 209,70 TL; Evil Wizard: 209,70 TL","Нет","Да","","https://store.playstation.com/en-tr/concept/10008661","2024-05-22","Adventure","PEGI_12"
"6541","ExitMan Deluxe","CUSA31463","PS4","Нет","43,00 TL","","Нет","Да","","https://store.playstation.com/en-tr/concept/10004176","2023-02-01","Action","PEGI_3"
"6542","Everything","CUSA05956","PS4","Нет","525,00 TL","","Нет","Нет","","https://store.playstation.com/en-tr/concept/222838","2017-03-21","Role Playing Games","PEGI_3"
"6543","Exit the Gungeon","CUSA19037","PS4","Нет","429,00 TL","","Нет","Да","","https://store.playstation.com/en-tr/concept/10000263","2020-11-13","Adventure","PEGI_7"
"6544","Exit Station 7","PPSA25993","PS5","Нет","104,25 TL","Exit Station 7: 104,25 TL; Exit Station 7: 128,25 TL","Нет","Да","","https://store.playstation.com/en-tr/concept/10012508","2025-01-21","Puzzle","PEGI_3"
"6545","Exo Mayhem: Open-World Supervillain Simulator","PPSA23213","PS5","Нет","315,00 TL","","Нет","Да","","https://store.playstation.com/en-tr/concept/10011079","2025-07-24","Shooter","PEGI_18"
"6546","Exit the Lot","PPSA30668","PS5","Нет","42,00 TL","","Нет","Нет","","https://store.playstation.com/en-tr/concept/10015451","2025-06-05","Driving/Racing","PEGI_3"
"6547","Exo-Calibre","PPSA29109","PS4, PS5","Нет","300,00 TL","","Нет","Нет","","https://store.playstation.com/en-tr/concept/10014570","2025-06-24","Shooter","PEGI_7"
"6548","EvilUP","PPSA10109","PS4, PS5","Нет","257,00 TL","","Нет","Да","","https://store.playstation.com/en-tr/concept/10006124","2023-03-09","Strategy","PEGI_12"
"6549","Evotinction","PPSA10414","PS5","Нет","209,80 TL","Evotinction: 209,80 TL; Evotinction: 209,80 TL","Нет","Нет","","https://store.playstation.com/en-tr/concept/10006212","2024-09-12","Adventure","PEGI_12"
"6550","Exist Archive: The Other Side of the Sky","CUSA05473","PS4","Нет","1.049,50 TL","","Нет","Нет","","https://store.playstation.com/en-tr/concept/201324","2016-10-18","Role Playing Games","PEGI_12"
"6551","Exodemon","PPSA03157","PS4, PS5","Нет","549,00 TL","","Нет","Нет","","https://store.playstation.com/en-tr/concept/10002000","2021-05-13","Action","PEGI_7"
"6552","Exhausted Man","PPSA18343","PS5","Нет","429,00 TL","Exhausted Man: 429,00 TL; Exhausted Man: 429,00 TL","Нет","Да","","https://store.playstation.com/en-tr/concept/10009135","2024-07-24","Unique","PEGI_3"
"6553","EXOcars","PPSA25239","PS5","Нет","699,00 TL","","Нет","Да","","https://store.playstation.com/en-tr/concept/10012101","2025-03-06","Sport","PEGI_7"
"6554","Exorcism of the Legion (Last Rites)","PPSA18404","PS5","Нет","1.149,00 TL","","Нет","Нет","","https://store.playstation.com/en-tr/concept/10008770","2024-05-28","Adventure","PEGI_16"
"6555","Exophobia","PPSA09729","PS5","Нет","649,00 TL","Exophobia: 649,00 TL; Exophobia: 649,00 TL","Нет","Нет","","https://store.playstation.com/en-tr/concept/10005969","2024-07-22","Action","PEGI_12"
"6556","Exoprimal","PPSA01623","PS4, PS5","Нет","2.099,00 TL","Standard Edition: 2.099,00 TL; Deluxe Edition: 2.499,00 TL","Нет","Да","","https://store.playstation.com/en-tr/concept/10001095","2023-07-13","Shooter","PEGI_16"
"6557","Exo One","PPSA06777","PS4, PS5","Нет","730,00 TL","","Нет","Да","","https://store.playstation.com/en-tr/concept/10004642","2024-06-27","Unique","PEGI_7"
"6558","Evil Inside","PPSA02508","PS5","Нет","549,00 TL","Evil Inside: 549,00 TL; Evil Inside: 549,00 TL","Нет","Да","","https://store.playstation.com/en-tr/concept/10002054","2021-03-24","Action","PEGI_16"
"6559","Exploria","CUSA35119","PS4","Нет","730,00 TL","","Нет","Нет","","https://store.playstation.com/en-tr/concept/10004184","2022-07-30","Role Playing Games","PEGI_12"
"6560","Extreme Cycling Championship","CUSA59363","PS4","Нет","387,00 TL","Extreme Cycling Championship: 387,00 TL","Нет","Да","","https://store.playstation.com/en-tr/concept/10019610","2026-06-11","Sport","PEGI_3"
"6561","Eville","PPSA07860","PS4, PS5","Нет","525,00 TL","","Нет","Да","","https://store.playstation.com/en-tr/concept/10004562","2022-11-14","Party","PEGI_16"
"6562","Extinction","CUSA11687","PS4","Нет","1.049,00 TL","Extinction: Deluxe Edition: 1.399,00 TL; Extinction: 1.049,00 TL","Нет","Нет","","https://store.playstation.com/en-tr/concept/227134","2018-04-09","Action","PEGI_16"
"6563","EzQuiz","PPSA22926","PS5","Нет","129,00 TL","EzQuiz: 129,00 TL; EzQuiz: 129,00 TL","Нет","Нет","","https://store.playstation.com/en-tr/concept/10010501","2024-04-26","Quiz","PEGI_3"
"6564","Extra Coin","PPSA33617","PS5","Нет","849,00 TL","Extra Coin: 849,00 TL; Extra Coin: 849,00 TL","Нет","Нет","","https://store.playstation.com/en-tr/concept/10017115","2026-03-04","Adventure","PEGI_7"
"6565","Exp Parasite","CUSA23413","PS4","Нет","343,00 TL","","Нет","Да","","https://store.playstation.com/en-tr/concept/10000920","2020-09-16","Arcade","PEGI_3"
"6566","ExZeus: The","CUSA27421","PS4","Нет","455,00 TL","","Нет","Нет","","https://store.playstation.com/en-tr/concept/10002668","2021-09-30","Shooter","PEGI_12"
"6567","Explosive Candy World","PPSA05713","PS4, PS5","Нет","215,00 TL","","Нет","Нет","","https://store.playstation.com/en-tr/concept/10004060","2022-02-22","Action","PEGI_3"
"6569","The Exorcist: Legion VR","CUSA11215","PS4","Нет","322,00 TL","The Exorcist: Legion VR - Complete Series: 1.299,00 TL; Chapter 1: First Rites: 322,00 TL","Нет","Нет","","https://store.playstation.com/en-tr/concept/230073","2018-06-18","Horror","PEGI_12"
"6570","Expand","CUSA09578","PS4","Нет","77,10 TL","Expand + Soundtrack Bundle: 85,80 TL; Expand: 77,10 TL","Нет","Да","","https://store.playstation.com/en-tr/concept/229777","2017-10-02","Adventure","PEGI_3"
"6571","Explosive Jake","CUSA18461","PS4","Нет","70,00 TL","","Нет","Да","","https://store.playstation.com/en-tr/concept/10000162","2020-03-17","Arcade","PEGI_7"
"6572","Extreme Formula Championship","CUSA42164","PS4","Нет","229,00 TL","","Нет","Нет","","https://store.playstation.com/en-tr/concept/10007887","2023-03-23","Sport","PEGI_3"
"6573","Extreme Exorcism","CUSA01869","PS4","Нет","257,00 TL","","Нет","Нет","","https://store.playstation.com/en-tr/concept/201351","2015-10-11","Action","PEGI_7"
"6574","Extinction Rifts","PPSA25574","PS4, PS5","Нет","278,85 TL","","Нет","Нет","","https://store.playstation.com/en-tr/concept/10011998","2025-09-18","Shooter","PEGI_16"
"6575","Extreme Snowboard","CUSA40627","PS4","Нет","315,00 TL","","Нет","Нет","","https://store.playstation.com/en-tr/concept/10007304","2022-12-16","Sport","PEGI_3"
"6576","Extreme Wrestling","CUSA40868","PS4","Нет","175,00 TL","","Нет","Нет","","https://store.playstation.com/en-tr/concept/10007395","2022-12-23","Sport","PEGI_12"
"6577","Explosionade DX","CUSA26749","PS4","Нет","257,00 TL","","Нет","Нет","","https://store.playstation.com/en-tr/concept/10000858","2021-03-17","Action","PEGI_7"
"6578","Fables Mosaic: Cindarella","PPSA24457","PS5","Нет","21,45 TL","","Нет","Нет","","https://store.playstation.com/en-tr/concept/10011738","2024-07-31","Puzzle","PEGI_3"
"6579","Fables Mosaic: Rapunzel","PPSA25104","PS5","Нет","21,45 TL","","Нет","Нет","","https://store.playstation.com/en-tr/concept/10012043","2024-09-16","Casual","PEGI_3"
"6581","Fables Mosaic: Little Red Hood","PPSA25100","PS5","Нет","21,45 TL","","Нет","Нет","","https://store.playstation.com/en-tr/concept/10012042","2024-09-01","Casual","PEGI_3"
"6582","Fables Mosaic: Snow White","PPSA25108","PS5","Нет","21,45 TL","","Нет","Нет","","https://store.playstation.com/en-tr/concept/10012044","2024-09-09","Casual","PEGI_3"
"6583","Extreme Bike Racing","CUSA45278","PS4","Нет","349,00 TL","","Нет","Да","","https://store.playstation.com/en-tr/concept/10009265","2024-01-15","Sport","PEGI_3"
"6584","Family Mysteries 2: Echoes of Tomorrow","CUSA24203","PS4","Нет","649,00 TL","Mastermind Bundle: 1.547,00 TL","Нет","Да","","https://store.playstation.com/en-tr/concept/10001324","2020-10-30","Adventure","PEGI_12"
"6585","Fallen Legion: Sins of an Empire","CUSA08906","PS4","Нет","699,00 TL","Fallen Legion: Sins of an Empire: 699,00 TL; Fallen Legion Bundle: 1.015,00 TL","Нет","Нет","","https://store.playstation.com/en-tr/concept/230275","2017-07-25","Role Playing Games","PEGI_12"
"6586","Fae Farm","PPSA21994","PS4, PS5","Нет","1.299,00 TL","Standard Edition: 1.299,00 TL; Fae Farm - Deluxe Edition: 1.949,00 TL","Нет","Нет","","https://store.playstation.com/en-tr/concept/10010439","2024-10-21","Action","PEGI_7"
"6587","Fallen Knight","CUSA26000","PS4","Нет","104,75 TL","","Нет","Да","","https://store.playstation.com/en-tr/concept/10001782","2021-07-19","Action","PEGI_7"
"6588","Fairune Collection","CUSA17898","PS4","Нет","387,00 TL","","Нет","Нет","","https://store.playstation.com/en-tr/concept/235060","2021-09-28","Adventure","PEGI_3"
"6589","Factotum 90","CUSA09541","PS4","Нет","257,00 TL","","Нет","Нет","","https://store.playstation.com/en-tr/concept/227116","2017-10-03","Family","PEGI_3"
"6590","Fallen Legion Revenants","PPSA06607","PS4, PS5","Нет","1.399,00 TL","Fallen Legion Revenants: 1.399,00 TL","Нет","Нет","","https://store.playstation.com/en-tr/concept/10001025","2022-08-26","Role Playing Games","PEGI_12"
"6591","Fairy Fencer F: Refrain Chord","PPSA10286","PS5","Нет","537,25 TL","Fairy Fencer F: Refrain Chord: 537,25 TL; Digital Deluxe Edition: 2.799,00 TL; Fairy Fencer F: Refrain Chord: 537,25 TL; Digital Deluxe Edition: 2.799,00 TL","Нет","Нет","","https://store.playstation.com/en-tr/concept/10004532","2023-04-24","Role Playing Games","PEGI_12"
"6592","Fall of Light","CUSA12418","PS4","Нет","649,00 TL","Fall of Light: Darkest Edition: 649,00 TL; Fall of Light - Deluxe Edition: 1.160,00 TL","Нет","Да","","https://store.playstation.com/en-tr/concept/231805","2018-08-22","Adventure","PEGI_16"
"6593","Fallen Legion: Rise to Glory","PPSA06622","PS5","Нет","1.299,00 TL","","Нет","Нет","","https://store.playstation.com/en-tr/concept/10004556","2022-08-26","Role Playing Games","PEGI_12"
"6594","Fade to Silence","CUSA11485","PS4","Нет","324,75 TL","","Нет","Да","PS Plus Extra","https://store.playstation.com/en-tr/concept/231804","2019-04-29","Adventure","PEGI_16"
"6595","Family Mysteries: Poisonous Promises","CUSA20468","PS4","Нет","649,00 TL","Summer of Adventure Bundle: 2.579,00 TL","Нет","Да","","https://store.playstation.com/en-tr/concept/10000935","2020-07-31","Adventure","PEGI_16"
"6596","Fall of Porcupine","PPSA06459","PS5","Нет","699,00 TL","Fall of Porcupine: 699,00 TL; Fall of Porcupine: 699,00 TL","Нет","Нет","","https://store.playstation.com/en-tr/concept/10004481","2023-06-14","Adventure","PEGI_7"
"6597","FAITH: The Unholy Trinity","PPSA32914","PS5","Нет","649,00 TL","","Нет","Нет","","https://store.playstation.com/en-tr/concept/10016729","2026-04-09","Horror","PEGI_16"
"6598","Fairy Fencer F: Advent Dark Force","CUSA04853","PS4","Нет","466,95 TL","","Нет","Нет","","https://store.playstation.com/en-tr/concept/218117","2016-07-28","Role Playing Games","PEGI_12"
"6599","Faeria: Premium Bundle","CUSA15396","PS4","Нет","2.099,00 TL","Faeria: Game + All DLC Bundle: 3.149,00 TL; Faeria: 699,00 TL; Faeria: Premium Bundle: 2.099,00 TL","Нет","Нет","","https://store.playstation.com/en-tr/concept/233577","2020-11-03","Unique","PEGI_7"
"6600","Fading Star Melody","PPSA26840","PS5","Нет","945,00 TL","Fading Star Melody: 945,00 TL; Fading Star Melody: 945,00 TL","Нет","Да","","https://store.playstation.com/en-tr/concept/10013057","2024-12-21","Adventure","PEGI_3"
"6601","FALLEN : FATAL FORCE","PPSA24771","PS5","Нет","949,00 TL","","Нет","Нет","","https://store.playstation.com/en-tr/concept/10010844","2026-04-16","Action","PEGI_16"
"6602","Family Mysteries 3: Criminal Mindset","PPSA03842","PS4, PS5","Нет","649,00 TL","Family Mysteries Collection: 1.547,00 TL; All I Want for Christmas Collection: 2.579,00 TL","Нет","Да","","https://store.playstation.com/en-tr/concept/10002978","2021-06-11","Adventure","PEGI_16"
"6603","Fantasy Aquarium","PPSA31329","PS5","Нет","429,00 TL","","Нет","Нет","","https://store.playstation.com/en-tr/concept/10015833","2025-11-21","Simulation","PEGI_3"
"6604","FAIRY TAIL","CUSA17573","PS4","Нет","2.499,00 TL","Digital Deluxe: 2.999,00 TL; FAIRY TAIL: 2.499,00 TL","Нет","Нет","","https://store.playstation.com/en-tr/concept/234796","2020-08-12","Unique","PEGI_12"
"6605","Fantastic Contraption","CUSA07368","PS4","Нет","949,00 TL","","Нет","Да","","https://store.playstation.com/en-tr/concept/227329","2017-07-11","Educational","PEGI_3"
"6606","Fantasy Digging A Hole","CUSA55718","PS4","Нет","429,00 TL","","Нет","Нет","","https://store.playstation.com/en-tr/concept/10016035","2025-07-30","Simulation","PEGI_3"
"6607","Fantasy Friends","CUSA20653","PS4","Нет","529,00 TL","","Нет","Да","","https://store.playstation.com/en-tr/concept/10001456","2020-11-08","Family","PEGI_3"
"6608","Far from Noise","CUSA10265","PS4","Нет","283,00 TL","","Нет","Нет","","https://store.playstation.com/en-tr/concept/229084","2017-11-16","Casual","PEGI_12"
"6609","FARAWAY TRAIN","PPSA26540","PS5","Нет","480,80 TL","Train Adventure Bundle: 616,85 TL; FARAWAY TRAIN: 480,80 TL","Нет","Нет","","https://store.playstation.com/en-tr/concept/10010904","2025-08-26","Adventure","PEGI_3"
"6610","Farlands Journey","PPSA30399","PS5","Нет","104,70 TL","","Нет","Нет","","https://store.playstation.com/en-tr/concept/10011729","2025-06-05","Action","PEGI_3"
"6611","Fantasy Friends: Dream Worlds","PPSA21757","PS4, PS5","Нет","1.299,00 TL","","Нет","Нет","","https://store.playstation.com/en-tr/concept/10010482","2024-10-22","Puzzle","PEGI_3"
"6612","Farpoint","CUSA04508","PS4","Нет","849,00 TL","","Да","Нет","","https://store.playstation.com/en-tr/concept/221690","2017-05-16","Adventure","PEGI_16"
"6613","FantaVision","CUSA01949","PS4","Нет","429,00 TL","","Нет","Нет","","https://store.playstation.com/en-tr/concept/201538","2015-12-21","Puzzle","PEGI_3"
"6614","Fantasy Friends - Under The Sea","CUSA27856","PS4","Нет","875,00 TL","","Нет","Да","","https://store.playstation.com/en-tr/concept/10002837","2021-08-31","Casual","PEGI_3"
"6615","Farewell North","PPSA26330","PS5","Нет","839,00 TL","","Нет","Нет","","https://store.playstation.com/en-tr/concept/10012510","2024-12-12","Adventure","PEGI_7"
"6616","Farm for your Life","PPSA02833","PS5","Нет","849,00 TL","Farm for your Life: 849,00 TL; Farm for your Life: 849,00 TL","Нет","Да","","https://store.playstation.com/en-tr/concept/10002273","2021-06-23","Adventure","PEGI_3"
"6618","Farm Frenzy: Refreshed","PPSA22849","PS4, PS5","Нет","429,00 TL","Farm Frenzy: Refreshed: 429,00 TL; Farm Frenzy: Refreshed: 429,00 TL","Нет","Да","","https://store.playstation.com/en-tr/concept/10003018","2025-04-17","Adventure","PEGI_3"
"6619","Farlands","PPSA37668","PS4, PS5","Нет","774,00 TL","Farlands: 774,00 TL","Нет","Да","","https://store.playstation.com/en-tr/concept/10019517","2026-07-16","Adventure","PEGI_3"
"6620","Faraday Protocol","CUSA28588","PS4","Нет","1.079,00 TL","","Нет","Да","","https://store.playstation.com/en-tr/concept/10003109","2021-08-11","Puzzle","PEGI_3"
"6621","Fantasy General II: Invasion","CUSA18256","PS4","Нет","1.149,00 TL","","Нет","Нет","","https://store.playstation.com/en-tr/concept/235365","2020-07-29","Strategy","PEGI_12"
"6622","Farm Builder","CUSA44540","PS4","Нет","229,00 TL","","Нет","Да","","https://store.playstation.com/en-tr/concept/10008877","2023-09-21","Brain Training","PEGI_3"
"6623","Farm Tycoon","PPSA20238","PS5","Нет","2.579,00 TL","Farm Tycoon: 2.579,00 TL; Farm Tycoon: 2.579,00 TL","Нет","Нет","","https://store.playstation.com/en-tr/concept/10009590","2023-12-15","Strategy","PEGI_3"
"6624","Farmer's Life","PPSA28983","PS5","Нет","699,00 TL","","Нет","Да","","https://store.playstation.com/en-tr/concept/10012797","2025-06-25","Simulator","PEGI_18"
"6625","Farmagia","PPSA21474","PS5","Нет","524,70 TL","Farmagia: 524,70 TL; Digital Deluxe Edition: 2.099,00 TL","Нет","Нет","","https://store.playstation.com/en-tr/concept/10009622","2024-10-31","Role Playing Games","PEGI_12"
"6626","Fashion Police Squad","PPSA07355","PS4, PS5","Нет","730,00 TL","","Нет","Да","","https://store.playstation.com/en-tr/concept/10004917","2023-02-02","Shooter","PEGI_12"
"6627","Farworld Pioneers","PPSA13377","PS4, PS5","Нет","525,00 TL","","Нет","Да","","https://store.playstation.com/en-tr/concept/10007173","2023-08-15","Adventure","PEGI_16"
"6628","Faster Than Bolt","PPSA23937","PS5","Нет","90,00 TL","Faster Than Bolt: 90,00 TL; Faster Than Bolt: 73,50 TL","Нет","Нет","","https://store.playstation.com/en-tr/concept/10011460","2024-07-25","Sport","PEGI_3"
"6629","Farm Manager 2022","CUSA32729","PS4","Нет","525,00 TL","","Нет","Да","","https://store.playstation.com/en-tr/concept/10004696","2022-04-28","Simulation","PEGI_3"
"6630","Farming TriPeaks Solitaire","PPSA36653","PS5","Нет","215,00 TL","Farming TriPeaks Solitaire: 215,00 TL; Farming TriPeaks Solitaire: 215,00 TL","Нет","Нет","","https://store.playstation.com/en-tr/concept/10018952","2026-03-13","Casual","PEGI_3"
"6631","Fastest on the Buzzer","CUSA40839","PS4","Нет","349,00 TL","","Нет","Нет","","https://store.playstation.com/en-tr/concept/10007377","2023-06-22","Quiz","PEGI_3"
"6632","Fe","CUSA08977","PS4","Нет","849,00 TL","","Нет","Нет","EA Access","https://store.playstation.com/en-tr/concept/227356","2018-02-15","Action","PEGI_7"
"6633","Feist","CUSA05995","PS4","Нет","515,00 TL","","Нет","Да","","https://store.playstation.com/en-tr/concept/221906","2016-12-16","Action","PEGI_7"
"6634","Fear Effect 2: Retro Helix","PPSA32246","PS4, PS5","Нет","429,00 TL","","Нет","Нет","","https://store.playstation.com/en-tr/concept/10016390","2026-02-26","Adventure","PEGI_18"
"6635","Feather","CUSA16303","PS4","Нет","63,00 TL","","Нет","Да","","https://store.playstation.com/en-tr/concept/234459","2020-09-30","Adventure","PEGI_3"
"6636","Fatal Slash","PPSA34898","PS5","Нет","283,00 TL","","Нет","Нет","","https://store.playstation.com/en-tr/concept/10017882","2025-12-18","Fighting","PEGI_16"
"6637","Fear the Spotlight","PPSA22699","PS4, PS5","Нет","699,00 TL","","Нет","Да","","https://store.playstation.com/en-tr/concept/10010737","2024-10-22","Horror","PEGI_12"
"6638","Faye Falling","PPSA26441","PS4, PS5","Нет","171,50 TL","","Нет","Нет","","https://store.playstation.com/en-tr/concept/10012836","2025-08-12","Role Playing Games","PEGI_7"
"6639","Fate/Samurai Remnant","PPSA07422","PS4, PS5","Нет","1.749,00 TL","Digital Deluxe Edition: 2.579,00 TL","Нет","Нет","PS Plus Extra","https://store.playstation.com/en-tr/concept/10004920","2023-09-28","Action","PEGI_16"
"6640","Fear Effect","PPSA27321","PS5","Нет","429,00 TL","Fear Effect: 429,00 TL; Fear Effect: 429,00 TL","Нет","Нет","","https://store.playstation.com/en-tr/concept/10013135","2025-08-28","Action","PEGI_16"
"6641","Fast Striker [Cross-Buy]","CUSA13677","PS4","Нет","300,00 TL","","Нет","Нет","","https://store.playstation.com/en-tr/concept/232811","2018-10-16","Action","PEGI_7"
"6642","Fast Gear","CUSA53640","PS4","Нет","515,00 TL","Fast Gear: 515,00 TL","Нет","Да","","https://store.playstation.com/en-tr/concept/10000611","2025-07-31","Simulation","PEGI_3"
"6643","FatalZone","CUSA52922","PS4","Нет","300,00 TL","","Нет","Да","","https://store.playstation.com/en-tr/concept/10012928","2025-10-02","Casual","PEGI_16"
"6644","Feeble Light","PPSA16523","PS4, PS5","Нет","215,00 TL","","Нет","Нет","","https://store.playstation.com/en-tr/concept/10008408","2023-07-06","Shooter","PEGI_7"
"6645","Fear of BIOSEC","CUSA52080","PS4","Нет","129,00 TL","Fear of BIOSEC Avatar Bundle: 102,80 TL; Fear of BIOSEC: 129,00 TL","Нет","Нет","","https://store.playstation.com/en-tr/concept/10013187","2025-02-15","Horror","PEGI_7"
"6646","FBC: Firebreak","PPSA25944","PS5","Нет","849,00 TL","Deluxe Edition: 1.299,00 TL","Нет","Да","PS Plus Extra","https://store.playstation.com/en-tr/concept/10012303","2025-06-17","Action","PEGI_16"
"6647","FATAL FURY BATTLE ARCHIVES VOL.2","CUSA04153","PS4","Нет","649,00 TL","","Нет","Нет","","https://store.playstation.com/en-tr/concept/207664","2017-03-27","Action","PEGI_12"
"6648","Fate/EXTELLA LINK","CUSA12090","PS4","Нет","349,80 TL","Fate/EXTELLA LINK Digital Deluxe Edition: 2.099,00 TL; Fate/EXTELLA LINK: 349,80 TL","Нет","Нет","","https://store.playstation.com/en-tr/concept/229048","2019-03-21","Action","PEGI_12"
"6649","Fell Seal: Arbiter's Mark","CUSA13263","PS4","Нет","1.079,00 TL","","Нет","Да","","https://store.playstation.com/en-tr/concept/232626","2019-04-29","Role Playing Games","PEGI_7"
"6650","Fear Effect Sedna","CUSA10162","PS4","Нет","209,70 TL","","Нет","Нет","","https://store.playstation.com/en-tr/concept/230277","2018-03-06","Action","PEGI_16"
"6651","Fenix Furia","CUSA04120","PS4","Нет","525,00 TL","","Нет","Нет","","https://store.playstation.com/en-tr/concept/221884","2016-06-06","Adventure","PEGI_7"
"6652","Feral Fury","CUSA10393","PS4","Нет","343,00 TL","","Нет","Нет","","https://store.playstation.com/en-tr/concept/231273","2017-12-22","Action","PEGI_16"
"6653","Fetch Re;Quest","PPSA32187","PS4, PS5","Нет","649,00 TL","","Нет","Нет","","https://store.playstation.com/en-tr/concept/10016359","2026-03-11","Adventure","PEGI_12"
"6654","Fate Seeker II","PPSA20632","PS5","Нет","524,50 TL","Fate Seeker II: 524,50 TL","Нет","Нет","","https://store.playstation.com/en-tr/concept/10008118","2024-07-03","Adventure","PEGI_12"
"6655","Feudal Bros - Tonosama #1","PPSA27090","PS4, PS5","Нет","209,00 TL","","Нет","Нет","","https://store.playstation.com/en-tr/concept/10013227","2025-04-03","Fighting","PEGI_7"
"6656","Fight'N Rage","PPSA06284","PS4, PS5","Нет","849,00 TL","","Нет","Нет","","https://store.playstation.com/en-tr/concept/235138","2023-03-01","Action","PEGI_12"
"6657","Fight of Animals: Arena","CUSA39307","PS4","Нет","549,00 TL","","Нет","Нет","","https://store.playstation.com/en-tr/concept/10006832","2023-01-11","Fighting","PEGI_7"
"6658","Figment","CUSA15657","PS4","Нет","699,00 TL","Figment - Game & Dynamic Theme Bundle: 94,90 TL; Figment: 699,00 TL","Нет","Да","","https://store.playstation.com/en-tr/concept/233243","2019-05-13","Adventure","PEGI_12"
"6659","FILE 9","PPSA33076","PS5","Нет","2.799,00 TL","","Нет","Нет","","https://store.playstation.com/en-tr/concept/10016829","2026-06-17","Adventure","PEGI_12"
"6660","Fight of Animals","CUSA19514","PS4","Нет","549,00 TL","","Нет","Нет","","https://store.playstation.com/en-tr/concept/10000613","2020-09-23","Arcade","PEGI_7"
"6661","Figment 2: Creed Valley","PPSA05979","PS5","Нет","875,00 TL","Figment 2: Creed Valley: 875,00 TL; Figment 1 + Figment 2: 1.749,00 TL","Нет","Да","","https://store.playstation.com/en-tr/concept/10004222","2023-03-09","Adventure","PEGI_7"
"6662","Fifty Words by POWGI","CUSA17188","PS4","Нет","343,00 TL","","Нет","Нет","","https://store.playstation.com/en-tr/concept/234857","2019-09-02","Casual","PEGI_3"
"6663","Fight of Steel: Infinity Warrior","CUSA39299","PS4","Нет","649,00 TL","","Нет","Нет","","https://store.playstation.com/en-tr/concept/10006831","2023-01-11","Fighting","PEGI_12"
"6664","FIA European Truck Racing Championship","CUSA14594","PS4","Нет","699,00 TL","","Нет","Да","PS Plus Extra","https://store.playstation.com/en-tr/concept/233081","2019-07-31","Driving/Racing","PEGI_3"
"6665","Fight of Gods","CUSA19285","PS4","Нет","687,00 TL","","Нет","Нет","","https://store.playstation.com/en-tr/concept/10000389","2020-07-15","Fighting","PEGI_12"
"6666","File Destined","PPSA35071","PS5","Нет","429,00 TL","","Нет","Да","","https://store.playstation.com/en-tr/concept/10017986","2026-03-26","Horror","PEGI_18"
"6667","Fill-a-Pix: Phil's Epic Adventure","CUSA12207","PS4","Нет","343,00 TL","","Нет","Нет","","https://store.playstation.com/en-tr/concept/232226","2018-07-23","Brain Training","PEGI_3"
"6669","fig.","CUSA40199","PS4","Нет","36,75 TL","","Нет","Да","","https://store.playstation.com/en-tr/concept/10006964","2023-03-20","Arcade","PEGI_7"
"6670","Fight Club World - Fighting Game","PPSA28396","PS5","Нет","1.299,00 TL","Fight Club World - Fighting Game: 1.299,00 TL; Fight Club World - Fighting Game: 1.299,00 TL","Нет","Нет","","https://store.playstation.com/en-tr/concept/10014136","2025-04-02","Fighting","PEGI_12"
"6671","Fights in Tight Spaces","CUSA32961","PS4","Нет","1.079,00 TL","Fights in Tight Spaces: 1.079,00 TL; Complete Edition: 1.299,00 TL","Нет","Да","","https://store.playstation.com/en-tr/concept/10004694","2023-05-24","Fighting","PEGI_16"
"6672","Fight","CUSA24974","PS4","Нет","69,80 TL","","Нет","Нет","","https://store.playstation.com/en-tr/concept/10001659","2020-11-11","Fighting","PEGI_16"
"6673","Fimbul","CUSA13404","PS4","Нет","649,00 TL","","Нет","Да","","https://store.playstation.com/en-tr/concept/232697","2019-02-27","Action","PEGI_16"
"6674","Filthy Animals | Heist Simulator","CUSA39286","PS4","Нет","699,00 TL","","Нет","Нет","","https://store.playstation.com/en-tr/concept/10006314","2023-05-11","Casual","PEGI_7"
"6675","FINAL FANTASY III","CUSA33826","PS4","Нет","629,00 TL","","Нет","Да","","https://store.playstation.com/en-tr/concept/10002341","2023-04-19","Role Playing Games","PEGI_7"
"6676","FINAL FANTASY II","CUSA33822","PS4","Нет","419,00 TL","","Нет","Да","","https://store.playstation.com/en-tr/concept/10002340","2023-04-19","Role Playing Games","PEGI_7"
"6677","Final Assault","CUSA19583","PS4","Нет","429,00 TL","","Нет","Нет","","https://store.playstation.com/en-tr/concept/234711","2020-11-04","Action","PEGI_12"
"6678","Find Room 96","PPSA25576","PS5","Нет","104,25 TL","Find Room 96: 104,25 TL; Find Room 96: 128,25 TL","Нет","Да","","https://store.playstation.com/en-tr/concept/10012223","2025-01-21","Puzzle","PEGI_3"
"6679","Find Me","CUSA46182","PS4","Нет","215,00 TL","","Нет","Нет","","https://store.playstation.com/en-tr/concept/10004191","2023-12-10","Adventure","PEGI_7"
"6680","Finger Punch","CUSA57134","PS4","Нет","387,00 TL","","Нет","Нет","","https://store.playstation.com/en-tr/concept/10017282","2025-11-26","Arcade","PEGI_16"
"6681","Final Vendetta","PPSA07058","PS4, PS5","Нет","1.079,00 TL","","Нет","Нет","","https://store.playstation.com/en-tr/concept/10004778","2022-06-16","Fighting","PEGI_12"
"6682","FINAL SWORD","PPSA07780","PS5","Нет","595,00 TL","Standard Edition: 595,00 TL; Standard Edition: 595,00 TL","Нет","Да","","https://store.playstation.com/en-tr/concept/10003565","2022-05-19","Role Playing Games","PEGI_12"
"6683","Final Shot","PPSA19605","PS4, PS5","Нет","257,00 TL","","Нет","Да","","https://store.playstation.com/en-tr/concept/10009517","2024-02-22","Action","PEGI_16"
"6684","FINAL FANTASY IV","CUSA33830","PS4","Нет","629,00 TL","","Нет","Да","","https://store.playstation.com/en-tr/concept/10002342","2023-04-19","Role Playing Games","PEGI_7"
"6685","Final Zone","PPSA26090","PS4, PS5","Нет","257,00 TL","","Нет","Нет","","https://store.playstation.com/en-tr/concept/10012596","2025-05-08","Action","PEGI_12"
"6686","FINAL FANTASY V","CUSA33834","PS4","Нет","629,00 TL","","Нет","Да","","https://store.playstation.com/en-tr/concept/10002343","2023-04-19","Role Playing Games","PEGI_7"
"6687","Find Love Or Die Trying","PPSA19863","PS4, PS5","Нет","455,00 TL","Find Love Or Die Trying PS4® & PS5®: 455,00 TL; Find Love Or Die Trying PS4® & PS5®: 455,00 TL","Нет","Нет","","https://store.playstation.com/en-tr/concept/10009695","2024-11-21","Adventure","PEGI_16"
"6688","FINAL FANTASY TACTICS - The Ivalice Chronicles","PPSA21783","PS4, PS5","Нет","2.579,00 TL","Standard Edition: 2.579,00 TL; Deluxe Edition: 2.999,00 TL","Нет","Нет","","https://store.playstation.com/en-tr/concept/10008527","2025-09-29","Strategy","PEGI_12"
"6689","Finding the Soul Orb","PPSA08303","PS4, PS5","Нет","300,00 TL","Indie Essentials - Walking Simulators PS4 & PS5: 244,65 TL; Finding the Soul Orb PS4 & PS5: 300,00 TL","Нет","Да","","https://store.playstation.com/en-tr/concept/10005348","2022-11-22","Adventure","PEGI_12"
"6690","Find Sort Match","PPSA30846","PS5","Нет","549,00 TL","Find Sort Match: 549,00 TL; Find Sort Match: 549,00 TL","Нет","Да","","https://store.playstation.com/en-tr/concept/10015552","2025-08-28","Puzzle","PEGI_3"
"6691","Final Horizon","CUSA00464","PS4","Нет","515,00 TL","","Нет","Нет","","https://store.playstation.com/en-tr/concept/201550","2014-12-02","Strategy","PEGI_7"
"6692","Find My Frogs","PPSA36602","PS5","Нет","119,70 TL","Find My Frogs: 119,70 TL; Find My Frogs: 119,70 TL","Нет","Да","","https://store.playstation.com/en-tr/concept/10018914","2026-04-15","Puzzle","PEGI_3"
"6693","Finding Paradise","PPSA30511","PS5","Нет","429,00 TL","","Нет","Да","","https://store.playstation.com/en-tr/concept/10015371","2025-10-08","Adventure","PEGI_7"
"6694","Final Frontier Story","CUSA55562","PS4","Нет","549,00 TL","","Нет","Нет","","https://store.playstation.com/en-tr/concept/10015889","2026-04-01","Shooter","PEGI_7"
"6695","Fireball 2","PPSA28832","PS5","Нет","245,00 TL","","Нет","Нет","","https://store.playstation.com/en-tr/concept/10014335","2025-05-06","Arcade","PEGI_3"
"6696","Firefighters: Airport Heroes","CUSA17862","PS4","Нет","1.299,00 TL","","Нет","Нет","","https://store.playstation.com/en-tr/concept/235140","2020-06-24","Simulation","PEGI_3"
"6697","Finis","PPSA18588","PS4, PS5","Нет","472,00 TL","","Нет","Нет","","https://store.playstation.com/en-tr/concept/10009232","2023-10-26","Action","PEGI_7"
"6698","Firegirl: Hack 'n Splash Rescue DX","PPSA05856","PS5","Нет","629,00 TL","Firegirl: Hack 'n Splash Rescue DX: 629,00 TL; Firegirl: Hack 'n Splash Rescue DX: 629,00 TL","Нет","Да","","https://store.playstation.com/en-tr/concept/10004162","2022-06-22","Action","PEGI_7"
"6699","Firefighters: Airport Fire Department","CUSA09025","PS4","Нет","1.079,00 TL","","Нет","Нет","","https://store.playstation.com/en-tr/concept/228684","2017-09-28","Simulation","PEGI_3"
"6700","Fire jump","PPSA33962","PS5","Нет","64,00 TL","","Нет","Нет","","https://store.playstation.com/en-tr/concept/10017308","2025-12-11","Casual","PEGI_12"
"6701","Firefight!","PPSA17306","PS5","Нет","279,00 TL","","Нет","Нет","","https://store.playstation.com/en-tr/concept/10007364","2023-08-29","Action","PEGI_7"
"6702","Fist of the North Star: Lost Paradise","CUSA12781","PS4","Нет","699,00 TL","Fist of the North Star: Lost Paradise: 699,00 TL","Нет","Нет","","https://store.playstation.com/en-tr/concept/229801","2018-10-02","Action","PEGI_18"
"6703","Fishing: Barents Sea","CUSA14615","PS4","Нет","529,00 TL","","Нет","Да","","https://store.playstation.com/en-tr/concept/233224","2019-12-12","Simulation","PEGI_7"
"6704","F.I.S.T.: Forged In Shadow Torch","PPSA03969","PS4, PS5","Нет","649,00 TL","","Нет","Да","","https://store.playstation.com/en-tr/concept/10002960","2021-09-06","Action","PEGI_12"
"6705","Flame Over","CUSA01841","PS4","Нет","472,00 TL","","Нет","Нет","","https://store.playstation.com/en-tr/concept/201522","2015-09-16","Action","PEGI_7"
"6706","Fivies","CUSA36040","PS4","Нет","75,00 TL","","Нет","Нет","","https://store.playstation.com/en-tr/concept/10005488","2022-10-07","Casual","PEGI_3"
"6707","Flaskoman","CUSA44511","PS4","Нет","139,00 TL","","Нет","Да","","https://store.playstation.com/en-tr/concept/10008932","2024-04-12","Adventure","PEGI_3"
"6708","Flashback","CUSA13390","PS4","Нет","69,80 TL","","Нет","Нет","","https://store.playstation.com/en-tr/concept/232760","2018-11-19","Action","PEGI_12"
"6709","Flat Kingdom Paper's","PPSA07031","PS4, PS5","Нет","343,00 TL","","Нет","Нет","","https://store.playstation.com/en-tr/concept/10004770","2022-03-31","Adventure","PEGI_7"
"6710","First Time In Hawaii","PPSA19549","PS5","Нет","21,45 TL","","Нет","Нет","","https://store.playstation.com/en-tr/concept/10009576","2023-11-27","Adventure","PEGI_3"
"6711","Flat Heroes","CUSA23047","PS4","Нет","429,00 TL","Flat Heroes: 429,00 TL","Нет","Да","","https://store.playstation.com/en-tr/concept/10000017","2020-01-13","Action","PEGI_3"
"6712","Fishing Sim World: Bass Pro","CUSA23960","PS4","Нет","349,80 TL","","Нет","Да","","https://store.playstation.com/en-tr/concept/10001074","2020-11-03","Simulation","PEGI_3"
"6713","Flee The Fallen","PPSA36984","PS5","Нет","255,00 TL","","Нет","Да","","https://store.playstation.com/en-tr/concept/10019105","2026-04-08","Action","PEGI_16"
"6714","Flame Keeper","PPSA29461","PS5","Нет","515,00 TL","Flame Keeper: 515,00 TL; Avatar Edition: 601,00 TL","Нет","Нет","","https://store.playstation.com/en-tr/concept/10014792","2025-07-24","Arcade","PEGI_7"
"6715","First Class Trouble","PPSA02561","PS4, PS5","Нет","1.259,00 TL","","Нет","Да","","https://store.playstation.com/en-tr/concept/10002089","2021-11-02","Party","PEGI_18"
"6716","Flatland: Prologue","CUSA25878","PS4","Нет","85,00 TL","","Нет","Нет","","https://store.playstation.com/en-tr/concept/10002020","2021-01-28","Arcade","PEGI_3"
"6717","Fire Pro Wrestling World","CUSA07804","PS4","Нет","1.749,00 TL","Fire Pro Wrestling World - Deluxe Edition: 3.149,00 TL; Fire Pro Wrestling World: 1.749,00 TL","Нет","Нет","","https://store.playstation.com/en-tr/concept/227752","2018-09-27","Sport","PEGI_12"
"6718","Flappy Eros","PPSA24392","PS5","Нет","42,00 TL","Flappy Eros: 42,00 TL; Flappy Eros: 42,00 TL","Нет","Нет","","https://store.playstation.com/en-tr/concept/10009457","2025-06-05","Arcade","PEGI_3"
"6719","Flatland Vol. 2","CUSA24411","PS4","Нет","171,00 TL","","Нет","Нет","","https://store.playstation.com/en-tr/concept/10001386","2021-07-02","Adventure","PEGI_7"
"6720","First Time In Paris","PPSA14068","PS5","Нет","32,45 TL","","Нет","Нет","","https://store.playstation.com/en-tr/concept/10007496","2023-03-17","Adventure","PEGI_3"
"6721","Fishbowl","PPSA21469","PS5","Нет","429,00 TL","Fishbowl: 429,00 TL","Нет","Нет","","https://store.playstation.com/en-tr/concept/10009812","2026-03-30","Role Playing Games","PEGI_7"
"6722","Flewfie's Adventure","CUSA34054","PS4","Нет","193,50 TL","","Нет","Нет","","https://store.playstation.com/en-tr/concept/10003995","2022-05-31","Adventure","PEGI_3"
"6723","Flightpath: Adventures in Venaris","PPSA15523","PS4, PS5","Нет","139,60 TL","","Нет","Нет","","https://store.playstation.com/en-tr/concept/10008036","2024-04-02","Shooter","PEGI_7"
"6724","Flight of Light","CUSA06758","PS4","Нет","387,00 TL","","Нет","Нет","","https://store.playstation.com/en-tr/concept/225165","2018-04-06","Music/Rhythm","PEGI_3"
"6725","Flatland Vol.1","CUSA18738","PS4","Нет","215,00 TL","","Нет","Нет","","https://store.playstation.com/en-tr/concept/10000387","2020-11-17","Arcade","PEGI_3"
"6726","Flinthook","CUSA07566","PS4","Нет","580,00 TL","","Нет","Нет","","https://store.playstation.com/en-tr/concept/227119","2017-04-17","Action","PEGI_7"
"6727","FlipCat","PPSA32855","PS5","Нет","215,00 TL","FlipCat: 215,00 TL; FlipCat: 215,00 TL","Нет","Нет","","https://store.playstation.com/en-tr/concept/10016708","2026-04-02","Adventure","PEGI_3"
"6728","Flowers by POWGI","PPSA04798","PS4, PS5","Нет","343,00 TL","","Нет","Нет","","https://store.playstation.com/en-tr/concept/10003556","2021-10-25","Brain Training","PEGI_3"
"6729","Flying Candy","PPSA35922","PS4, PS5","Нет","215,00 TL","","Нет","Нет","","https://store.playstation.com/en-tr/concept/10018519","2026-03-15","Arcade","PEGI_3"
"6730","Flying Soldiers","CUSA20588","PS4","Нет","529,00 TL","Flying Soldiers (Game + Avatar Pack): 52,50 TL; Flying Soldiers: 529,00 TL","Нет","Да","","https://store.playstation.com/en-tr/concept/10001222","2020-09-17","Family","PEGI_7"
"6731","Fly Corp","PPSA26248","PS4, PS5","Нет","262,50 TL","","Нет","Да","","https://store.playstation.com/en-tr/concept/10012713","2024-11-29","Strategy","PEGI_3"
"6732","Fluffy Milo","PPSA15397","PS4, PS5","Нет","215,00 TL","","Нет","Да","","https://store.playstation.com/en-tr/concept/10007981","2023-08-08","Family","PEGI_3"
"6733","Flower Shop: Summer In Fairbrook","PPSA07084","PS4, PS5","Нет","349,00 TL","","Нет","Нет","","https://store.playstation.com/en-tr/concept/10004801","2022-04-14","Adventure","PEGI_12"
"6734","Flutter Bombs","CUSA17190","PS4","Нет","429,00 TL","","Нет","Нет","","https://store.playstation.com/en-tr/concept/234548","2020-09-09","Action","PEGI_7"
"6735","Flowers Are Dead","CUSA16134","PS4","Нет","839,00 TL","","Нет","Нет","","https://store.playstation.com/en-tr/concept/234381","2020-02-26","Adventure","PEGI_16"
"6736","Floor 9","PPSA36356","PS5","Нет","257,00 TL","Floor 9: 257,00 TL; Floor 9: 257,00 TL","Нет","Да","","https://store.playstation.com/en-tr/concept/10018781","2026-04-23","Horror","PEGI_7"
"6737","FLUSTER CLUCK","CUSA01085","PS4","Нет","387,00 TL","","Нет","Нет","","https://store.playstation.com/en-tr/concept/201501","2014-10-22","Action","PEGI_7"
"6738","Flynn and Freckles","CUSA09872","PS4","Нет","429,00 TL","","Нет","Нет","","https://store.playstation.com/en-tr/concept/229947","2018-04-03","Action","PEGI_7"
"6739","Flower Shop: Winter In Fairbrook","PPSA20201","PS4, PS5","Нет","171,60 TL","Flower Shop: Winter In Fairbrook PS4® & PS5®: 171,60 TL; Flower Shop: The Complete Story: 649,00 TL","Нет","Нет","","https://store.playstation.com/en-tr/concept/10009821","2024-03-21","Adventure","PEGI_12"
"6740","Flying Sushi","PPSA28516","PS5","Нет","300,00 TL","Flying Sushi: 300,00 TL; Flying Sushi: 300,00 TL","Нет","Нет","","https://store.playstation.com/en-tr/concept/10014185","2025-03-27","Arcade","PEGI_3"
"6741","Fluffy Cubed","CUSA31750","PS4","Нет","139,00 TL","","Нет","Нет","","https://store.playstation.com/en-tr/concept/10004278","2022-02-16","Puzzle","PEGI_3"
"6743","Flock","PPSA16583","PS4, PS5","Нет","699,00 TL","","Нет","Нет","","https://store.playstation.com/en-tr/concept/10008437","2024-07-16","Adventure","PEGI_3"
"6744","Flipping Death","CUSA10799","PS4","Нет","699,00 TL","","Нет","Нет","","https://store.playstation.com/en-tr/concept/231920","2018-08-06","Puzzle","PEGI_12"
"6745","Flynn: Son of Crimson","CUSA27767","PS4","Нет","849,00 TL","","Нет","Да","","https://store.playstation.com/en-tr/concept/10002804","2021-09-15","Adventure","PEGI_7"
"6746","Fly Punch Boom!","PPSA24276","PS5","Нет","525,00 TL","Fly Punch Boom!: 525,00 TL; Fly Punch Boom!: 525,00 TL","Нет","Да","","https://store.playstation.com/en-tr/concept/10011523","2025-02-06","Fighting","PEGI_7"
"6748","Fly the Plane","PPSA17938","PS5","Нет","64,00 TL","Fly the Plane: 64,00 TL; Fly the Plane: 64,00 TL","Нет","Нет","","https://store.playstation.com/en-tr/concept/10008993","2023-08-24","Arcade","PEGI_3"
"6749","Flockers","CUSA00854","PS4","Нет","85,80 TL","","Нет","Да","","https://store.playstation.com/en-tr/concept/201507","2014-09-18","Puzzle","PEGI_16"
"6750","Forager","CUSA13959","PS4","Нет","849,00 TL","","Нет","Да","","https://store.playstation.com/en-tr/concept/232939","2019-07-29","Adventure","PEGI_3"
"6751","Foregone","CUSA25044","PS4","Нет","849,00 TL","","Нет","Да","","https://store.playstation.com/en-tr/concept/10000926","2020-10-13","Adventure","PEGI_12"
"6752","Football Quiz","PPSA29330","PS5","Нет","42,00 TL","","Нет","Нет","","https://store.playstation.com/en-tr/concept/10014712","2025-04-14","Quiz","PEGI_3"
"6753","Football 26 League Superstar","CUSA51876","PS4","Нет","389,40 TL","","Нет","Нет","","https://store.playstation.com/en-tr/concept/10013041","2026-02-04","Action","PEGI_3"
"6754","Follia - Dear Father","CUSA19587","PS4","Нет","1.419,00 TL","","Нет","Нет","","https://store.playstation.com/en-tr/concept/234012","2020-12-15","Horror","PEGI_18"
"6755","Football, Tactics & Glory – Treble","PPSA29174","PS5","Нет","1.499,00 TL","Football, Tactics & Glory – Treble Deluxe Edition: 1.499,00 TL; Football, Tactics & Glory – Treble Deluxe Edition: 1.499,00 TL","Нет","Нет","","https://store.playstation.com/en-tr/concept/10014618","2025-11-19","Sport","PEGI_3"
"6756","Food Boy","PPSA15356","PS5","Нет","515,00 TL","Food Boy: 515,00 TL; Food Boy: 515,00 TL","Нет","Да","","https://store.playstation.com/en-tr/concept/10007747","2024-09-23","Arcade","PEGI_7"
"6757","Food Truck Tycoon","PPSA13530","PS5","Нет","257,00 TL","Food Truck Tycoon: 257,00 TL; Food Truck Tycoon: 257,00 TL","Нет","Нет","","https://store.playstation.com/en-tr/concept/10006834","2023-08-10","Puzzle","PEGI_3"
"6758","Football Nation VR Tournament 2018","CUSA09874","PS4","Нет","259,00 TL","SUPER SPORTS BAR & FOOTBALL VR BUNDLE: 580,00 TL","Нет","Нет","","https://store.playstation.com/en-tr/concept/229841","2018-06-06","Casual","PEGI_3"
"6759","Football Kick-ups","PPSA37932","PS5","Нет","300,00 TL","","Нет","Нет","","https://store.playstation.com/en-tr/concept/10019682","2026-06-25","Sport","PEGI_3"
"6760","Folly of the Wizards","PPSA28159","PS5","Нет","1.299,00 TL","","Нет","Нет","","https://store.playstation.com/en-tr/concept/10013976","2025-09-18","Adventure","PEGI_16"
"6761","Fobia - St. Dinfna Hotel","PPSA05626","PS5","Нет","1.049,00 TL","Standard: 1.049,00 TL; Standard: 1.049,00 TL","Нет","Да","","https://store.playstation.com/en-tr/concept/10004006","2022-06-28","Horror","PEGI_16"
"6762","FORECLOSED","PPSA02490","PS5","Нет","699,00 TL","FORECLOSED: 699,00 TL; FORECLOSED: 699,00 TL","Нет","Да","","https://store.playstation.com/en-tr/concept/10001120","2021-08-11","Action","PEGI_16"
"6763","Football Game","CUSA17957","PS4","Нет","43,00 TL","","Нет","Нет","","https://store.playstation.com/en-tr/concept/235177","2019-11-06","Adventure","PEGI_16"
"6764","FOCUS on YOU","CUSA15838","PS4","Нет","1.749,00 TL","FOCUS on YOU Complete Edition: 1.949,00 TL; FOCUS on YOU: 1.749,00 TL","Нет","Нет","","https://store.playstation.com/en-tr/concept/233156","2019-07-08","Adventure","PEGI_3"
"6765","FORENSIC - M.E. Protocol","PPSA37488","PS5","Нет","537,00 TL","","Нет","Да","","https://store.playstation.com/en-tr/concept/10019410","2026-05-28","Adventure","PEGI_18"
"6766","Forest Camp Story","CUSA29744","PS4","Нет","549,00 TL","","Нет","Да","","https://store.playstation.com/en-tr/concept/10003553","2023-02-08","Simulation","PEGI_3"
"6767","Football, Tactics & Glory","CUSA15207","PS4","Нет","1.749,00 TL","","Нет","Да","","https://store.playstation.com/en-tr/concept/233499","2020-01-21","Sport","PEGI_3"
"6768","Forest of Deceit","PPSA34937","PS5","Нет","429,00 TL","Forest of Deceit: 429,00 TL; Forest of Deceit: 429,00 TL","Нет","Нет","","https://store.playstation.com/en-tr/concept/10017743","2026-07-12","Party","PEGI_3"
"6769","Forest Farm","PPSA17582","PS5","Нет","849,00 TL","","Нет","Да","","https://store.playstation.com/en-tr/concept/10007921","2024-03-28","Family","PEGI_3"
"6770","Forest Golf Planner","CUSA32773","PS4","Нет","515,00 TL","","Нет","Нет","","https://store.playstation.com/en-tr/concept/10004720","2024-02-21","Simulation","PEGI_3"
"6771","Fomography","PPSA27993","PS5","Нет","849,00 TL","","Нет","Да","","https://store.playstation.com/en-tr/concept/10013846","2025-05-28","Adventure","PEGI_7"
"6772","Forestry 2017 - The Simulation","CUSA04691","PS4","Нет","849,00 TL","","Нет","Да","","https://store.playstation.com/en-tr/concept/217089","2016-10-28","Simulation","PEGI_3"
"6773","Forgotlings","PPSA37912","PS5","Нет","849,00 TL","","Нет","Да","","https://store.playstation.com/en-tr/concept/10016145","2026-06-18","Action","PEGI_12"
"6774","Fort Defense North Menace","CUSA06146","PS4","Нет","300,00 TL","","Нет","Да","","https://store.playstation.com/en-tr/concept/214284","2017-10-24","Strategy","PEGI_7"
"6775","ForeVR Cornhole","PPSA17110","PS5","Нет","429,00 TL","","Нет","Нет","","https://store.playstation.com/en-tr/concept/10008659","2024-06-21","Sport","PEGI_3"
"6776","Forklift Extreme","PPSA18758","PS5","Нет","649,00 TL","Forklift Extreme: Deluxe Edition: 649,00 TL; Forklift Extreme: Deluxe Edition: 649,00 TL","Нет","Да","","https://store.playstation.com/en-tr/concept/10009004","2023-10-12","Educational","PEGI_3"
"6777","Forests, Fields and Fortresses","PPSA24536","PS4, PS5","Нет","175,00 TL","","Нет","Да","","https://store.playstation.com/en-tr/concept/10011773","2024-08-29","Strategy","PEGI_3"
"6778","Forrader Hero","PPSA19738","PS4, PS5","Нет","86,00 TL","","Нет","Да","","https://store.playstation.com/en-tr/concept/10009643","2024-03-28","Action","PEGI_16"
"6779","Forklift 2024 - The Simulation","PPSA15985","PS5","Нет","649,00 TL","Forklift 2024 - The Simulation: 649,00 TL; Forklift 2024 - The Simulation: 649,00 TL","Нет","Да","","https://store.playstation.com/en-tr/concept/10008200","2023-05-24","Driving/Racing","PEGI_3"
"6780","Forklift 2025 Simulator","CUSA55896","PS4","Нет","274,50 TL","","Нет","Нет","","https://store.playstation.com/en-tr/concept/10016194","2025-10-08","Unique","PEGI_3"
"6781","forma.8","CUSA00471","PS4","Нет","429,00 TL","","Нет","Да","","https://store.playstation.com/en-tr/concept/201623","2017-02-22","Adventure","PEGI_7"
"6782","ForeVR Pool","PPSA17108","PS5","Нет","949,00 TL","","Нет","Нет","","https://store.playstation.com/en-tr/concept/10008662","2023-12-03","Sport","PEGI_3"
"6783","Forgive Me Father","CUSA40247","PS4","Нет","1.079,00 TL","","Нет","Да","","https://store.playstation.com/en-tr/concept/10007143","2023-09-28","Shooter","PEGI_18"
"6784","ForeVR Bowl","PPSA17112","PS5","Нет","949,00 TL","","Нет","Нет","","https://store.playstation.com/en-tr/concept/10004228","2023-12-19","Casual","PEGI_3"
"6785","FORM","CUSA19040","PS4","Нет","649,00 TL","","Нет","Нет","","https://store.playstation.com/en-tr/concept/10000516","2020-04-06","Adventure","PEGI_7"
"6786","Forgotten Hill Disillusion","PPSA05790","PS4, PS5","Нет","215,00 TL","","Нет","Да","","https://store.playstation.com/en-tr/concept/10004114","2021-12-16","Adventure","PEGI_12"
"6787","Formula Retro Racing - World Tour","CUSA38314","PS4","Нет","816,00 TL","","Нет","Да","","https://store.playstation.com/en-tr/concept/10006414","2023-04-20","Driving/Racing","PEGI_3"
"6788","Forgotten Fields","CUSA51178","PS4","Нет","472,00 TL","","Нет","Нет","","https://store.playstation.com/en-tr/concept/10012518","2025-05-14","Casual","PEGI_12"
"6789","ForRace GT2D","CUSA46588","PS4","Нет","595,00 TL","","Нет","Нет","","https://store.playstation.com/en-tr/concept/10008734","2024-03-13","Driving/Racing","PEGI_3"
"6790","For Luna the Bell Tolls","PPSA35481","PS5","Нет","1.160,00 TL","For Luna the Bell Tolls: 1.160,00 TL; For Luna the Bell Tolls: 1.160,00 TL","Нет","Да","","https://store.playstation.com/en-tr/concept/10018251","2026-04-25","Adventure","PEGI_3"
"6791","Formula Retro Racing","CUSA29612","PS4","Нет","209,00 TL","","Нет","Нет","","https://store.playstation.com/en-tr/concept/10002219","2021-11-25","Driving/Racing","PEGI_3"
"6793","Forgotton Anne","CUSA08146","PS4","Нет","816,00 TL","","Нет","Нет","","https://store.playstation.com/en-tr/concept/229091","2018-05-14","Adventure","PEGI_12"
"6794","For the Warp","PPSA25674","PS5","Нет","629,00 TL","For the Warp: 629,00 TL; For the Warp: 629,00 TL","Нет","Нет","","https://store.playstation.com/en-tr/concept/10010120","2024-10-30","Strategy","PEGI_7"
"6795","Fortress Challenge - Fort Boyard","PPSA21876","PS4, PS5","Нет","279,80 TL","","Нет","Нет","","https://store.playstation.com/en-tr/concept/10010532","2024-06-26","Family","PEGI_3"
"6796","Fox's Zen House","CUSA56635","PS4","Нет","64,00 TL","Fox's Zen House: 64,00 TL; Idle Bundle: Fox's Zen House + Finger Fitness: 85,00 TL","Нет","Нет","","https://store.playstation.com/en-tr/concept/10016831","2025-10-12","Arcade","PEGI_3"
"6797","Fragments of Him","CUSA05901","PS4","Нет","349,00 TL","","Нет","Нет","","https://store.playstation.com/en-tr/concept/221888","2017-09-26","Adventure","PEGI_16"
"6798","Freddi Fish 2: The Case of The Haunted Schoolhouse","CUSA44894","PS4","Нет","525,00 TL","","Нет","Нет","","https://store.playstation.com/en-tr/concept/10009082","2024-05-02","Adventure","PEGI_3"
"6799","Foto Boy: Flashstar","PPSA27750","PS4, PS5","Нет","209,00 TL","","Нет","Нет","","https://store.playstation.com/en-tr/concept/10013634","2025-05-22","Adventure","PEGI_16"
"6800","Frame Cat","PPSA30695","PS4, PS5","Нет","215,00 TL","","Нет","Нет","","https://store.playstation.com/en-tr/concept/10015477","2025-06-22","Adventure","PEGI_3"
"6801","Four Kings: Video Poker","CUSA27105","PS4","Нет","215,00 TL","","Нет","Нет","","https://store.playstation.com/en-tr/concept/10002536","2021-06-08","Casual","PEGI_18"
"6802","Freakout: Calamity TV Show","CUSA18388","PS4","Нет","472,00 TL","","Нет","Да","","https://store.playstation.com/en-tr/concept/235424","2020-04-16","Action","PEGI_16"
"6803","Fred and Jeff: The Atomic Sulfate","PPSA33739","PS4, PS5","Нет","154,20 TL","","Нет","Нет","","https://store.playstation.com/en-tr/concept/10017165","2026-01-29","Adventure","PEGI_12"
"6804","Fortress S","PPSA17895","PS5","Нет","699,00 TL","","Нет","Нет","","https://store.playstation.com/en-tr/concept/10008800","2024-03-27","Arcade","PEGI_7"
"6805","Foto Boy: A New Job","PPSA27749","PS4, PS5","Нет","209,00 TL","","Нет","Нет","","https://store.playstation.com/en-tr/concept/10013633","2025-02-27","Adventure","PEGI_16"
"6806","Forward to the sky","PPSA35027","PS5","Нет","1.749,00 TL","Forward to the sky: 1.749,00 TL; Forward to the sky: 1.749,00 TL","Нет","Нет","","https://store.playstation.com/en-tr/concept/10010177","2026-07-08","Adventure","PEGI_7"
"6807","FoxyRush","PPSA21933","PS4, PS5","Нет","86,00 TL","","Нет","Да","","https://store.playstation.com/en-tr/concept/10010562","2024-05-16","Casual","PEGI_3"
"6808","Fort Triumph","CUSA26249","PS4","Нет","849,00 TL","","Нет","Да","","https://store.playstation.com/en-tr/concept/10002184","2021-08-13","Strategy","PEGI_12"
"6809","Fractured Minds","CUSA11446","PS4","Нет","85,00 TL","","Нет","Да","","https://store.playstation.com/en-tr/concept/231839","2019-11-15","Adventure","PEGI_7"
"6810","Frank and Drake","PPSA09560","PS4, PS5","Нет","549,00 TL","","Нет","Нет","","https://store.playstation.com/en-tr/concept/10005893","2023-07-19","Adventure","PEGI_16"
"6811","FOX n FORESTS","CUSA12044","PS4","Нет","429,00 TL","","Нет","Нет","","https://store.playstation.com/en-tr/concept/232156","2018-05-16","Adventure","PEGI_7"
"6812","Freddi Fish 5: The Case of the Creature of Coral Cove","CUSA44923","PS4","Нет","525,00 TL","","Нет","Нет","","https://store.playstation.com/en-tr/concept/10009105","2024-05-02","Adventure","PEGI_3"
"6813","Freddi Fish 4: The Case of The Hogfish Rustlers of Briny Gulch","CUSA44896","PS4","Нет","525,00 TL","","Нет","Нет","","https://store.playstation.com/en-tr/concept/10009083","2023-12-14","Adventure","PEGI_3"
"6814","Fossil Hunters","CUSA10718","PS4","Нет","601,00 TL","","Нет","Нет","","https://store.playstation.com/en-tr/concept/231081","2018-09-11","Adventure","PEGI_3"
"6815","Freddi","PPSA27824","PS5","Нет","1.749,00 TL","Freddi Fish Collection: 1.749,00 TL; Freddi Fish Collection: 1.749,00 TL","Нет","Нет","","https://store.playstation.com/en-tr/concept/10010196","2025-02-10","Adventure","PEGI_3"
"6816","Freddi Fish and the Case of the Missing Kelp Seeds","CUSA44891","PS4","Нет","525,00 TL","","Нет","Нет","","https://store.playstation.com/en-tr/concept/10009081","2024-02-29","Adventure","PEGI_3"
"6817","Freddi Fish 3: The Case of the Stolen Conch Shell","CUSA35523","PS4","Нет","525,00 TL","","Нет","Нет","","https://store.playstation.com/en-tr/concept/10005745","2022-11-02","Adventure","PEGI_3"
"6818","Fossilfuel 2","PPSA26091","PS5","Нет","699,00 TL","","Нет","Нет","","https://store.playstation.com/en-tr/concept/10012556","2024-11-29","Horror","PEGI_18"
"6819","Freddy Spaghetti","PPSA02654","PS4, PS5","Нет","175,00 TL","","Нет","Нет","","https://store.playstation.com/en-tr/concept/10000995","2020-12-15","Casual","PEGI_3"
"6820","FREEDIVER: Triton Down","CUSA17369","PS4","Нет","649,00 TL","","Нет","Нет","","https://store.playstation.com/en-tr/concept/234922","2020-03-02","Action","PEGI_12"
"6821","Frisky Business","CUSA08900","PS4","Нет","429,00 TL","","Нет","Нет","","https://store.playstation.com/en-tr/concept/227120","2017-08-02","Action","PEGI_18"
"6822","Frido","CUSA39281","PS4","Нет","175,00 TL","","Нет","Нет","","https://store.playstation.com/en-tr/concept/10006843","2023-01-19","Arcade","PEGI_3"
"6823","Freezer Pops","PPSA08998","PS4, PS5","Нет","349,00 TL","","Нет","Нет","","https://store.playstation.com/en-tr/concept/10005654","2022-09-29","Adventure","PEGI_16"
"6824","Frog Hop","CUSA41040","PS4","Нет","215,00 TL","","Нет","Да","","https://store.playstation.com/en-tr/concept/10002970","2023-02-22","Adventure","PEGI_3"
"6825","FROGUE","CUSA48574","PS4","Нет","175,00 TL","","Нет","Да","","https://store.playstation.com/en-tr/concept/10010561","2024-06-26","Action","PEGI_7"
"6826","Freedom Finger","CUSA18462","PS4","Нет","245,00 TL","","Нет","Да","","https://store.playstation.com/en-tr/concept/10000262","2020-03-23","Action","PEGI_16"
"6827","Fresh Start","PPSA16829","PS5","Нет","699,00 TL","","Нет","Нет","","https://store.playstation.com/en-tr/concept/10008533","2023-09-13","Simulation","PEGI_3"
"6828","Freddy Farmer","PPSA29482","PS5","Нет","257,00 TL","Freddy Farmer: 257,00 TL; Freddy Farmer: 300,00 TL","Нет","Нет","","https://store.playstation.com/en-tr/concept/10014808","2025-05-01","Arcade","PEGI_3"
"6829","Frogging Up: Frog Climb Rage Game","CUSA56608","PS4","Нет","278,85 TL","","Нет","Нет","","https://store.playstation.com/en-tr/concept/10016815","2025-11-14","Adventure","PEGI_3"
"6830","Freedom Planet","CUSA08821","PS4","Нет","629,00 TL","","Нет","Нет","","https://store.playstation.com/en-tr/concept/223023","2017-09-10","Action","PEGI_12"
"6831","FROGUN","PPSA07446","PS4, PS5","Нет","649,00 TL","FROGUN - Basic Edition: 649,00 TL; FROGUN - DELUXE EDITION: 1.079,00 TL","Нет","Нет","","https://store.playstation.com/en-tr/concept/10004970","2022-08-02","Adventure","PEGI_3"
"6832","For The King","CUSA12941","PS4","Нет","1.079,00 TL","","Нет","Да","PS Plus Extra","https://store.playstation.com/en-tr/concept/232512","2019-05-06","Role Playing Games","PEGI_12"
"6833","Froggie - A Retro Platformer","PPSA19491","PS4, PS5","Нет","215,00 TL","","Нет","Нет","","https://store.playstation.com/en-tr/concept/10009557","2024-02-20","Action","PEGI_3"
"6834","Froggy Crossing","CUSA43809","PS4","Нет","139,00 TL","","Нет","Нет","","https://store.playstation.com/en-tr/concept/10008589","2023-07-07","Arcade","PEGI_3"
"6835","Freshly Frosted","CUSA17030","PS4","Нет","201,24 TL","","Нет","Да","","https://store.playstation.com/en-tr/concept/234790","2022-06-09","Casual","PEGI_3"
"6836","Free Throw Basketball","CUSA37877","PS4","Нет","175,00 TL","","Нет","Нет","","https://store.playstation.com/en-tr/concept/10006485","2022-10-13","Sport","PEGI_3"
"6837","From Shadows","CUSA27045","PS4","Нет","175,00 TL","","Нет","Да","","https://store.playstation.com/en-tr/concept/10002511","2021-05-26","Action","PEGI_16"
"6838","Frogurai","PPSA20556","PS4, PS5","Нет","215,00 TL","","Нет","Да","","https://store.playstation.com/en-tr/concept/10009992","2024-07-18","Puzzle","PEGI_7"
"6839","Fresh Tracks","PPSA31097","PS5","Нет","1.079,00 TL","Fresh Tracks: 1.079,00 TL","Нет","Нет","","https://store.playstation.com/en-tr/concept/10013297","2025-08-26","Music/Rhythm","PEGI_12"
"6840","From the Bunker","PPSA34206","PS5","Нет","257,00 TL","From the Bunker: 257,00 TL; From the Bunker: 257,00 TL","Нет","Да","","https://store.playstation.com/en-tr/concept/10017471","2026-02-06","Action","PEGI_7"
"6841","From Space","PPSA15550","PS4, PS5","Нет","649,00 TL","From Space Resistance Bundle: 849,00 TL; From Space: 649,00 TL","Нет","Да","","https://store.playstation.com/en-tr/concept/10008008","2023-10-12","Action","PEGI_12"
"6842","Frogun Encore","PPSA21412","PS4, PS5","Нет","549,00 TL","Frogun Encore: 549,00 TL","Нет","Нет","","https://store.playstation.com/en-tr/concept/10010338","2024-06-25","Adventure","PEGI_3"
"6843","Frog Detective: The Entire Mystery","PPSA06617","PS4, PS5","Нет","849,00 TL","","Нет","Нет","","https://store.playstation.com/en-tr/concept/10004552","2023-10-26","Adventure","PEGI_3"
"6844","Fueled Up","CUSA32197","PS4","Нет","699,00 TL","","Нет","Нет","","https://store.playstation.com/en-tr/concept/10004492","2022-10-12","Casual","PEGI_3"
"6845","Frost","CUSA09136","PS4","Нет","549,00 TL","Frost Deluxe Edition: 649,00 TL; Frost: 549,00 TL; Card Game Bundle Vol.1: 1.031,00 TL","Нет","Нет","","https://store.playstation.com/en-tr/concept/228747","2018-07-17","—","PEGI_7"
"6846","Frutakia 2","PPSA08295","PS4, PS5","Нет","171,00 TL","","Нет","Да","","https://store.playstation.com/en-tr/concept/231082","2022-06-08","Brain Training","PEGI_3"
"6847","Fruit Collector","PPSA31567","PS5","Нет","73,00 TL","","Нет","Нет","","https://store.playstation.com/en-tr/concept/10015977","2025-07-16","Casual","PEGI_3"
"6848","Fruits Slot Machine","PPSA38263","PS5","Нет","171,00 TL","","Нет","Нет","","https://store.playstation.com/en-tr/concept/10019865","2026-06-05","Casual","PEGI_18"
"6849","Frontball Planet","PPSA09078","PS4, PS5","Нет","649,00 TL","","Нет","Нет","","https://store.playstation.com/en-tr/concept/10005694","2023-11-09","Sport","PEGI_3"
"6850","FullBlast","CUSA12344","PS4","Нет","257,00 TL","","Нет","Да","","https://store.playstation.com/en-tr/concept/232260","2018-09-05","—","PEGI_7"
"6851","Frozen Rune","PPSA35666","PS5","Нет","215,00 TL","","Нет","Нет","","https://store.playstation.com/en-tr/concept/10018382","2026-04-09","Adventure","PEGI_3"
"6852","Fruitbus","PPSA28771","PS5","Нет","699,00 TL","","Нет","Да","","https://store.playstation.com/en-tr/concept/10014364","2025-06-19","Simulation","PEGI_3"
"6853","Fruit Mountain","PPSA22464","PS4, PS5","Нет","116,10 TL","","Нет","Да","","https://store.playstation.com/en-tr/concept/10010566","2024-06-12","Puzzle","PEGI_3"
"6854","Full Mojo Rampage","CUSA03202","PS4","Нет","549,00 TL","","Нет","Нет","","https://store.playstation.com/en-tr/concept/207798","2016-06-28","Action","PEGI_12"
"6855","Fujii - A Magical Gardening Adventure","CUSA17421","PS4","Нет","315,00 TL","","Нет","Да","","https://store.playstation.com/en-tr/concept/234824","2022-03-28","Adventure","PEGI_3"
"6856","Frontier Pilot Simulator","PPSA20480","PS5","Нет","1.299,00 TL","","Да","Да","","https://store.playstation.com/en-tr/concept/10007150","2024-03-26","Adventure","PEGI_7"
"6857","Frontier Hunter: Erza’s Wheel of Fortune","PPSA20253","PS5","Нет","1.365,00 TL","Frontier Hunter: Erza’s Wheel of Fortune: 1.365,00 TL; Frontier hunter - Deluxe Edition: 2.099,00 TL","Нет","Да","","https://store.playstation.com/en-tr/concept/10009836","2024-07-26","Role Playing Games","PEGI_12"
"6858","Full Metal Sergeant","PPSA20786","PS5","Нет","429,00 TL","Full Metal Sergeant: 429,00 TL; Full Metal Sergeant: 429,00 TL","Нет","Нет","","https://store.playstation.com/en-tr/concept/10008733","2024-05-01","Strategy","PEGI_12"
"6859","Fuga: Melodies of Steel 3","PPSA25219","PS4, PS5","Нет","1.749,00 TL","Standard Edition: 1.749,00 TL; Deluxe Edition: 2.579,00 TL; Ultimate Edition: 2.999,00 TL","Нет","Нет","","https://store.playstation.com/en-tr/concept/10012099","2025-05-29","Role Playing Games","PEGI_12"
"6860","Fuga : Melodies of Steel 2","PPSA09339","PS4, PS5","Нет","1.749,00 TL","Standard Edition: 1.749,00 TL; Deluxe Edition: 2.579,00 TL; Ultimate Edition: 2.999,00 TL","Нет","Да","","https://store.playstation.com/en-tr/concept/10005777","2023-05-11","Role Playing Games","PEGI_12"
"6861","Funk of Titans","CUSA02824","PS4","Нет","300,00 TL","","Нет","Нет","","https://store.playstation.com/en-tr/concept/216205","2016-06-21","Action","PEGI_12"
"6862","Fuga: Melodies of Steel","PPSA03703","PS4, PS5","Нет","1.749,00 TL","Standard Edition: 1.749,00 TL; Fuga: Melodies of Steel 1 & 2 - Double Pack: 3.249,00 TL; Ultimate Edition: 2.999,00 TL; Deluxe Edition: 2.579,00 TL","Нет","Да","","https://store.playstation.com/en-tr/concept/10001520","2021-09-22","Role Playing Games","PEGI_16"
"6863","Frost Survival – Winter","CUSA57225","PS4","Нет","389,40 TL","","Нет","Нет","","https://store.playstation.com/en-tr/concept/10017342","2026-03-19","Action","PEGI_16"
"6864","Fuel Station Simulator","PPSA26800","PS5","Нет","315,00 TL","","Нет","Да","","https://store.playstation.com/en-tr/concept/10013038","2025-03-23","Simulator","PEGI_3"
"6865","Full Void","PPSA09392","PS4, PS5","Нет","649,00 TL","","Нет","Нет","","https://store.playstation.com/en-tr/concept/10005070","2023-11-30","Adventure","PEGI_7"
"6866","FULL METAL SCHOOLGIRL","PPSA26581","PS5","Нет","2.149,00 TL","Deluxe Edition: 2.799,00 TL","Нет","Нет","","https://store.playstation.com/en-tr/concept/10012949","2025-10-22","Action","PEGI_16"
"6867","Fusion Paradox","PPSA15915","PS5","Нет","69,80 TL","Fusion Paradox: 69,80 TL; Fusion Paradox: 69,80 TL","Нет","Да","","https://store.playstation.com/en-tr/concept/10008171","2023-10-31","Adventure","PEGI_7"
"6868","FZ: Formation Z","PPSA29081","PS5","Нет","1.299,00 TL","","Нет","Нет","","https://store.playstation.com/en-tr/concept/10007115","2026-05-21","Shooter","PEGI_7"
"6869","Future Unfolding","CUSA08513","PS4","Нет","849,00 TL","","Нет","Нет","","https://store.playstation.com/en-tr/concept/228412","2017-05-15","Adventure","PEGI_7"
"6870","Funtoon's World","CUSA41723","PS4","Нет","245,00 TL","","Нет","Нет","","https://store.playstation.com/en-tr/concept/10007759","2023-03-25","Family","PEGI_3"
"6871","Futbol Break Head to Head","PPSA06429","PS5","Нет","343,00 TL","Futbol Break Head to Head: 343,00 TL; Futbol Break Head to Head - Avatar Full Game Bundle: 279,00 TL; Futbol Break Head to Head: 343,00 TL","Нет","Нет","","https://store.playstation.com/en-tr/concept/10004446","2022-01-15","Arcade","PEGI_3"
"6872","Galacticare","PPSA15606","PS5","Нет","747,25 TL","","Нет","Да","","https://store.playstation.com/en-tr/concept/10008023","2024-05-23","Strategy","PEGI_12"
"6873","FU'UN SUPER COMBO","CUSA04154","PS4","Нет","649,00 TL","","Нет","Нет","","https://store.playstation.com/en-tr/concept/207808","2016-12-23","Action","PEGI_12"
"6874","Futbol Kicks","PPSA26472","PS5","Нет","300,00 TL","Futbol Kicks: 300,00 TL; Futbol Kicks: 300,00 TL","Нет","Нет","","https://store.playstation.com/en-tr/concept/10012830","2024-12-06","Casual","PEGI_3"
"6875","Gabbuchi","CUSA16514","PS4","Нет","111,60 TL","","Нет","Нет","","https://store.playstation.com/en-tr/concept/234539","2019-07-18","Puzzle","PEGI_3"
"6876","Funny Animal Cafe","PPSA33464","PS5","Нет","300,00 TL","Funny Animal Cafe: 300,00 TL; Funny Animal Cafe: 300,00 TL","Нет","Да","","https://store.playstation.com/en-tr/concept/10017015","2025-11-21","Simulation","PEGI_3"
"6877","Furwind","CUSA15130","PS4","Нет","429,00 TL","","Нет","Нет","","https://store.playstation.com/en-tr/concept/233459","2019-06-27","Action","PEGI_7"
"6878","Furious Bikers","PPSA24543","PS4, PS5","Нет","175,00 TL","","Нет","Нет","","https://store.playstation.com/en-tr/concept/10011778","2024-11-28","Driving/Racing","PEGI_7"
"6879","Future Knight","PPSA36522","PS5","Нет","649,00 TL","","Нет","Нет","","https://store.playstation.com/en-tr/concept/10018873","2026-08-01","Adventure","PEGI_12"
"6880","#Funtime","CUSA17692","PS4","Нет","129,80 TL","","Нет","Да","","https://store.playstation.com/en-tr/concept/235073","2020-07-15","Action","PEGI_3"
"6881","FutureGrind","CUSA14179","PS4","Нет","429,00 TL","","Нет","Нет","","https://store.playstation.com/en-tr/concept/225162","2019-01-22","Arcade","PEGI_7"
"6883","Fury of Dracula","CUSA29805","PS4","Нет","1.299,00 TL","","Нет","Нет","","https://store.playstation.com/en-tr/concept/10003555","2021-10-27","Strategy","PEGI_12"
"6884","Futbol Break","PPSA06291","PS5","Нет","343,00 TL","Futbol Break: 343,00 TL; Futbol Break - Avatar Full Game Bundle: 279,00 TL; Futbol Break: 343,00 TL","Нет","Нет","","https://store.playstation.com/en-tr/concept/10004327","2022-01-28","Arcade","PEGI_3"
"6885","Futuridium EP Deluxe","CUSA00702","PS4","Нет","429,00 TL","","Нет","Нет","","https://store.playstation.com/en-tr/concept/201486","2014-10-01","Action","PEGI_3"
"6886","Galactic Invasion","CUSA46132","PS4","Нет","175,00 TL","","Нет","Нет","","https://store.playstation.com/en-tr/concept/10009642","2023-10-28","Arcade","PEGI_7"
"6887","Galactic Cat","PPSA29097","PS5","Нет","245,00 TL","Galactic Cat: 245,00 TL; 5 Avatar Galactic Cat Bundle: 147,00 TL; Galactic Cat: 245,00 TL; 5 Avatar Galactic Cat Bundle: 147,00 TL","Нет","Нет","","https://store.playstation.com/en-tr/concept/10014496","2025-04-19","Arcade","PEGI_3"
"6888","Galactic Lords","PPSA20267","PS5","Нет","105,00 TL","Galactic Lords: 105,00 TL; Galactic Lords: 105,00 TL","Нет","Нет","","https://store.playstation.com/en-tr/concept/10008027","2023-12-14","Arcade","PEGI_3"
"6889","Galacticon","PPSA31526","PS5","Нет","215,00 TL","Galacticon: 215,00 TL; Galacticon: 215,00 TL","Нет","Нет","","https://store.playstation.com/en-tr/concept/10015948","2025-07-17","Arcade","PEGI_3"
"6891","Galactic Wars EX","PPSA06571","PS4, PS5","Нет","343,00 TL","","Нет","Нет","","https://store.playstation.com/en-tr/concept/10004519","2022-04-21","Action","PEGI_3"
"6892","Galagi Shooter","CUSA33903","PS4","Нет","107,00 TL","","Нет","Нет","","https://store.playstation.com/en-tr/concept/10005159","2022-05-05","Arcade","PEGI_7"
"6893","Galaxy Shooter","CUSA31037","PS4","Нет","215,00 TL","","Нет","Нет","","https://store.playstation.com/en-tr/concept/10004032","2021-11-04","Shooter","PEGI_12"
"6894","Garbage Pail Kids: Mad Mike and the Quest for Stale Gum","CUSA32222","PS4","Нет","429,00 TL","","Нет","Нет","","https://store.playstation.com/en-tr/concept/10004504","2022-10-25","Action","PEGI_12"
"6895","GALAK-Z","CUSA03146","PS4","Нет","849,00 TL","","Нет","Нет","","https://store.playstation.com/en-tr/concept/201743","2015-08-05","Shooter","PEGI_12"
"6896","Gaps by POWGI","PPSA03849","PS4, PS5","Нет","343,00 TL","","Нет","Нет","","https://store.playstation.com/en-tr/concept/10002984","2021-07-19","Puzzle","PEGI_3"
"6897","Game Type DX","CUSA33496","PS4","Нет","257,00 TL","","Нет","Нет","","https://store.playstation.com/en-tr/concept/10004621","2022-11-16","Action","PEGI_7"
"6898","Ganryu 2 : Hakuma Kojiro","CUSA32758","PS4","Нет","529,00 TL","","Нет","Нет","","https://store.playstation.com/en-tr/concept/10003327","2022-03-09","Action","PEGI_12"
"6899","Gal, Geek and Summer ギャルと優等生と夏休み","CUSA56365","PS4","Нет","687,00 TL","","Нет","Да","","https://store.playstation.com/en-tr/concept/10016556","2025-10-01","Adventure","PEGI_12"
"6900","Gallop Glory: Obstacle Racing & Horse Simulator","CUSA48157","PS4","Нет","246,35 TL","","Нет","Нет","","https://store.playstation.com/en-tr/concept/10010645","2024-05-09","Simulation","PEGI_3"
"6901","Galagi Shooter Ultimate Blast","PPSA28390","PS5","Нет","215,00 TL","Galagi Shooter Ultimate Blast: 215,00 TL; Galagi Shooter Ultimate Blast: 215,00 TL","Нет","Нет","","https://store.playstation.com/en-tr/concept/10014128","2025-02-14","Arcade","PEGI_3"
"6902","Gal*Gun: Double Peace","CUSA04606","PS4","Нет","174,75 TL","Gal*Gun: Double Peace - Ultimate Edition: 349,75 TL; Gal*Gun: Double Peace: 174,75 TL","Нет","Нет","","https://store.playstation.com/en-tr/concept/201746","2016-07-21","Action","PEGI_16"
"6903","Galaxy Roll","PPSA31574","PS5","Нет","85,00 TL","","Нет","Нет","","https://store.playstation.com/en-tr/concept/10015980","2025-08-07","Arcade","PEGI_3"
"6904","Gamer Quest","PPSA25934","PS5","Нет","64,00 TL","","Нет","Нет","","https://store.playstation.com/en-tr/concept/10012503","2024-10-14","Quiz","PEGI_3"
"6905","Gal*Gun 2","CUSA11341","PS4","Нет","262,25 TL","Gal*Gun 2 - Complete Edition: 524,75 TL; Gal*Gun 2: 262,25 TL","Нет","Нет","","https://store.playstation.com/en-tr/concept/231735","2018-04-12","Shooter","PEGI_16"
"6906","Galaxy Squad","CUSA28330","PS4","Нет","61,38 TL","","Нет","Да","","https://store.playstation.com/en-tr/concept/10003029","2021-08-31","Strategy","PEGI_12"
"6907","Galaxy of Pen & Paper +1 Edition","CUSA11766","PS4","Нет","649,00 TL","","Нет","Нет","","https://store.playstation.com/en-tr/concept/231951","2020-04-06","Adventure","PEGI_7"
"6908","GAME The Strongest Job Is Apparently Not a Hero or a Sage, but an Appraiser (Provisional)!~Dungeon and Mystery Girl~","PPSA35472","PS5","Нет","664,30 TL","GAME The Strongest Job Is Apparently Not a Hero or a Sage, but an Appraiser (Provisional)!~Dungeon and Mystery Girl~: 664,30 TL; GAME The Strongest Job Is Apparently Not a Hero or a Sage, but an Appraiser (Provisional)!~Dungeon and Mystery Girl~: 664,30 TL","Нет","Нет","","https://store.playstation.com/en-tr/concept/10018248","2026-04-22","Shooter","PEGI_7"
"6909","Ganbare! Super Strikers","PPSA07916","PS4, PS5","Нет","349,00 TL","Ganbare! Super Strikers: 349,00 TL; Ganbare! Super Strikers PS4 & PS5: 349,00 TL","Нет","Да","","https://store.playstation.com/en-tr/concept/235045","2022-06-14","Adventure","PEGI_3"
"6910","Game Tengoku CruisinMix Special","CUSA09724","PS4","Нет","454,65 TL","","Нет","Нет","","https://store.playstation.com/en-tr/concept/228752","2018-12-04","Shooter","PEGI_7"
"6911","Gardener's Path","PPSA05775","PS4, PS5","Нет","175,00 TL","","Нет","Да","","https://store.playstation.com/en-tr/concept/10004108","2021-12-21","Puzzle","PEGI_7"
"6912","Game Over Please: Puzzle Arcade Game","PPSA35382","PS4, PS5","Нет","240,10 TL","","Нет","Да","","https://store.playstation.com/en-tr/concept/10018172","2026-05-29","Arcade","PEGI_3"
"6913","Gardenia","CUSA30459","PS4","Нет","849,00 TL","","Да","Да","","https://store.playstation.com/en-tr/concept/10003820","2022-10-27","Adventure","PEGI_3"
"6915","Garden Life: A Cozy Simulator","PPSA14171","PS4, PS5","Нет","1.399,00 TL","Standard Edition: 1.399,00 TL; Garden Party Edition: 1.599,00 TL","Нет","Да","","https://store.playstation.com/en-tr/concept/10007320","2024-02-22","Simulation","PEGI_3"
"6916","Garden of the Sea","PPSA10767","PS5","Нет","699,00 TL","","Нет","Да","","https://store.playstation.com/en-tr/concept/10006345","2023-02-21","Casual","PEGI_3"
"6917","G-Darius HD","CUSA20683","PS4","Нет","1.049,00 TL","","Нет","Нет","","https://store.playstation.com/en-tr/concept/10001491","2021-09-27","Arcade","PEGI_7"
"6918","Gematombe","PPSA15462","PS4, PS5","Нет","525,00 TL","","Нет","Нет","","https://store.playstation.com/en-tr/concept/10007999","2023-04-27","Puzzle","PEGI_3"
"6919","Garden Witch Life","PPSA20203","PS5","Нет","356,66 TL","","Нет","Нет","","https://store.playstation.com/en-tr/concept/10009822","2024-09-11","Simulation","PEGI_3"
"6920","Gas Guzzlers Extreme","CUSA16138","PS4","Нет","849,00 TL","","Нет","Нет","","https://store.playstation.com/en-tr/concept/233981","2019-11-25","Driving/Racing","PEGI_18"
"6921","Gekido Kintaro's Revenge","CUSA12255","PS4","Нет","429,00 TL","","Нет","Нет","","https://store.playstation.com/en-tr/concept/232187","2018-05-31","Arcade","PEGI_12"
"6922","Gargoyles","CUSA33790","PS4","Нет","649,00 TL","","Нет","Нет","","https://store.playstation.com/en-tr/concept/10005121","2023-10-19","Action","PEGI_7"
"6923","Gauntlet","CUSA00690","PS4","Нет","699,00 TL","","Да","Да","","https://store.playstation.com/en-tr/concept/201815","2015-08-11","Action","PEGI_16"
"6924","Gearshifters","CUSA20035","PS4","Нет","1.079,00 TL","","Нет","Да","","https://store.playstation.com/en-tr/concept/10000670","2021-09-29","Driving/Racing","PEGI_7"
"6925","Gecko Gods","PPSA19536","PS5","Нет","849,00 TL","","Нет","Нет","","https://store.playstation.com/en-tr/concept/10005839","2026-04-15","Puzzle","PEGI_7"
"6926","Garlic","PPSA15830","PS4, PS5","Нет","525,00 TL","","Нет","Нет","","https://store.playstation.com/en-tr/concept/10008147","2023-07-06","Action","PEGI_12"
"6928","Gas Station Manager 2026","CUSA56444","PS4","Нет","649,00 TL","","Нет","Нет","","https://store.playstation.com/en-tr/concept/10016643","2026-02-25","Simulation","PEGI_3"
"6929","Gav-Gav Odyssey","CUSA32259","PS4","Нет","215,00 TL","","Нет","Да","","https://store.playstation.com/en-tr/concept/10004511","2022-01-25","Puzzle","PEGI_3"
"6930","Geki Yaba Runner","CUSA57319","PS4","Нет","215,00 TL","","Нет","Да","","https://store.playstation.com/en-tr/concept/10017438","2025-12-23","Arcade","PEGI_3"
"6931","Gelly Break Deluxe","CUSA28594","PS4","Нет","849,00 TL","","Нет","Нет","","https://store.playstation.com/en-tr/concept/10003059","2021-08-16","Adventure","PEGI_7"
"6932","Gem Jam","PPSA31095","PS5","Нет","85,00 TL","","Нет","Нет","","https://store.playstation.com/en-tr/concept/10015686","2025-07-10","Puzzle","PEGI_3"
"6933","GAZZLERS","PPSA13475","PS5","Нет","429,00 TL","","Нет","Нет","","https://store.playstation.com/en-tr/concept/10006463","2023-10-04","Unique","PEGI_7"
"6934","Gem Smashers","CUSA03740","PS4","Нет","192,00 TL","","Нет","Нет","","https://store.playstation.com/en-tr/concept/207397","2017-02-24","Family","PEGI_3"
"6935","Gemini: Heroes Reborn","CUSA03924","PS4","Нет","649,00 TL","","Нет","Нет","","https://store.playstation.com/en-tr/concept/216251","2016-03-09","Action","PEGI_16"
"6936","Ghost Blade HD","CUSA05594","PS4","Нет","387,00 TL","","Нет","Нет","","https://store.playstation.com/en-tr/concept/221695","2017-02-28","Action","PEGI_7"
"6937","Ghost 1.0","CUSA09635","PS4","Нет","349,00 TL","","Да","Да","","https://store.playstation.com/en-tr/concept/229769","2019-07-19","Action","PEGI_12"
"6938","Gemz","PPSA22741","PS5","Нет","343,00 TL","Gemz Double Game Bundle: 279,00 TL; Gemz 6 Avatar Bundle: 245,00 TL; Gemz: 343,00 TL; Gemz Double Game Bundle: 279,00 TL; Gemz 6 Avatar Bundle: 245,00 TL; Gemz: 300,00 TL","Нет","Нет","","https://store.playstation.com/en-tr/concept/10010842","2024-04-24","Casual","PEGI_12"
"6939","Gemz Burst","PPSA30908","PS5","Нет","215,00 TL","Gemz Burst Avatar Bundle: 300,00 TL; Gemz Burst: 215,00 TL; Gemz Burst Avatar Bundle: 300,00 TL; Gemz Burst: 215,00 TL","Нет","Нет","","https://store.playstation.com/en-tr/concept/10015572","2025-06-26","Casual","PEGI_3"
"6940","Genesis Alpha One","CUSA10869","PS4","Нет","1.049,00 TL","Genesis Alpha One: 1.049,00 TL; Deluxe Edition: 1.049,00 TL","Нет","Да","","https://store.playstation.com/en-tr/concept/231084","2019-01-28","Shooter","PEGI_16"
"6941","Genotype","PPSA19133","PS5","Нет","1.079,00 TL","","Нет","Нет","","https://store.playstation.com/en-tr/concept/10009406","2024-03-22","Shooter","PEGI_12"
"6942","Touhou Genso Wanderer Reloaded","CUSA11854","PS4","Нет","1.749,00 TL","","Нет","Нет","","https://store.playstation.com/en-tr/concept/231947","2018-07-20","Role Playing Games","PEGI_16"
"6943","Geometric Sniper Z","PPSA18095","PS5","Нет","139,00 TL","Geometric Sniper Z: 139,00 TL; Geometric Sniper Z: 139,00 TL","Нет","Нет","","https://store.playstation.com/en-tr/concept/10009047","2024-02-21","Action","PEGI_16"
"6944","GENSOU Skydrift","CUSA19487","PS4","Нет","769,00 TL","","Нет","Нет","","https://store.playstation.com/en-tr/concept/234537","2021-03-08","Driving/Racing","PEGI_3"
"6945","Geometric Feel The Beats","CUSA34499","PS4","Нет","215,00 TL","","Нет","Нет","","https://store.playstation.com/en-tr/concept/10005341","2022-11-09","Shooter","PEGI_3"
"6946","Get Even","CUSA03415","PS4","Нет","1.049,00 TL","","Нет","Да","","https://store.playstation.com/en-tr/concept/207361","2017-06-23","Action","PEGI_16"
"6947","Geometric Sniper","PPSA08439","PS5","Нет","129,00 TL","Geometric Sniper: 129,00 TL; Geometric Sniper: 129,00 TL","Нет","Нет","","https://store.playstation.com/en-tr/concept/10005399","2022-11-09","Action","PEGI_12"
"6948","Genopanic","PPSA27736","PS5","Нет","455,00 TL","","Нет","Да","","https://store.playstation.com/en-tr/concept/10013185","2025-05-14","Arcade","PEGI_7"
"6949","Geometry Wars 3: Dimensions Evolved","CUSA00801","PS4","Нет","649,00 TL","","Нет","Нет","","https://store.playstation.com/en-tr/concept/201860","2014-11-26","Shooter","PEGI_3"
"6950","Ghost Files: Memory of a Crime","CUSA19512","PS4","Нет","649,00 TL","","Нет","Да","","https://store.playstation.com/en-tr/concept/10000615","2020-05-05","Adventure","PEGI_16"
"6951","Germanfest","PPSA25547","PS5","Нет","300,00 TL","Germanfest: 300,00 TL; Germanfest: 300,00 TL","Нет","Нет","","https://store.playstation.com/en-tr/concept/10012259","2024-12-17","Arcade","PEGI_16"
"6952","Geometric Sniper - Blood in Paris","PPSA09504","PS5","Нет","21,00 TL","Geometric Sniper - Blood in Paris: 21,00 TL; Geometric Sniper - Blood in Paris: 21,00 TL","Нет","Нет","","https://store.playstation.com/en-tr/concept/10005845","2023-02-15","Action","PEGI_12"
"6953","Ghost Files: The Face of Guilt","PPSA15631","PS4, PS5","Нет","774,00 TL","Crime Files Bundle: 1.547,00 TL","Нет","Да","","https://store.playstation.com/en-tr/concept/10008082","2023-06-15","Adventure","PEGI_12"
"6954","Ghostbusters: Rise of the Ghost Lord","PPSA13332","PS5","Нет","1.049,00 TL","Standard Edition: 1.049,00 TL; Full Containment Edition: 1.949,00 TL","Нет","Нет","","https://store.playstation.com/en-tr/concept/10007130","2023-10-26","Action","PEGI_12"
"6955","Ghost Giant","CUSA15339","PS4","Нет","1.079,00 TL","","Нет","Нет","","https://store.playstation.com/en-tr/concept/232419","2019-04-15","Adventure","PEGI_3"
"6956","Ghost Parade","CUSA17202","PS4","Нет","1.749,00 TL","","Нет","Нет","","https://store.playstation.com/en-tr/concept/234382","2019-10-30","Adventure","PEGI_7"
"6957","Ghosthunter","PPSA21974","PS4, PS5","Нет","429,00 TL","","Да","Да","","https://store.playstation.com/en-tr/concept/10010578","2024-06-18","Action","PEGI_12"
"6958","Ghost of a Tale","CUSA14370","PS4","Нет","875,00 TL","","Нет","Да","","https://store.playstation.com/en-tr/concept/233085","2019-03-11","Adventure","PEGI_12"
"6959","Gift","PPSA20929","PS5","Нет","875,00 TL","","Нет","Да","","https://store.playstation.com/en-tr/concept/10009587","2024-05-08","Action","PEGI_7"
"6960","Ghost Signal: A Stellaris Game","PPSA17013","PS5","Нет","349,00 TL","","Нет","Нет","","https://store.playstation.com/en-tr/concept/10008624","2023-10-05","Action","PEGI_7"
"6961","Ghost Teen Escape from Limbo","PPSA22830","PS4, PS5","Нет","215,00 TL","","Нет","Нет","","https://store.playstation.com/en-tr/concept/10010908","2024-06-04","Action","PEGI_7"
"6962","G.I. JOE: WRATH OF COBRA","PPSA23704","PS5","Нет","879,00 TL","","Нет","Да","","https://store.playstation.com/en-tr/concept/10011146","2024-11-21","Action","PEGI_12"
"6963","Giant Machines 2017","PPSA28916","PS5","Нет","769,00 TL","Machines & Mines Bundle: 1.399,00 TL; Giant Machines 2017: 769,00 TL","Нет","Да","","https://store.playstation.com/en-tr/concept/10014452","2025-08-07","Simulation","PEGI_16"
"6964","Gigantic","PPSA06862","PS5","Нет","699,00 TL","Gigantic: Rampage Edition: 699,00 TL; Gigantic: Rampage Edition: 699,00 TL","Нет","Да","","https://store.playstation.com/en-tr/concept/10004505","2024-04-09","Action","PEGI_12"
"6965","GIGA WRECKER ALT.","CUSA13802","PS4","Нет","879,00 TL","","Нет","Да","","https://store.playstation.com/en-tr/concept/232874","2019-04-29","Action","PEGI_7"
"6966","Gibbon: Beyond the Trees","PPSA03930","PS4, PS5","Нет","489,00 TL","","Нет","Да","","https://store.playstation.com/en-tr/concept/10002624","2023-05-31","Adventure","PEGI_12"
"6967","Ghost Trick: Phantom Detective","CUSA34042","PS4","Нет","1.749,00 TL","Ghost Trick: Phantom Detective: 1.749,00 TL","Нет","Нет","","https://store.playstation.com/en-tr/concept/10005211","2023-06-29","Adventure","PEGI_12"
"6968","Giant Chase","PPSA34375","PS5","Нет","85,00 TL","","Нет","Нет","","https://store.playstation.com/en-tr/concept/10017561","2026-02-05","Casual","PEGI_7"
"6969","Ghost Sweeper","CUSA31034","PS4","Нет","215,00 TL","","Нет","Нет","","https://store.playstation.com/en-tr/concept/10004007","2021-11-05","Action","PEGI_3"
"6970","Giana Sisters: Dream Runners","CUSA02689","PS4","Нет","429,00 TL","","Нет","Да","","https://store.playstation.com/en-tr/concept/201670","2015-08-19","Action","PEGI_7"
"6971","Ghost Song","PPSA09232","PS4, PS5","Нет","849,00 TL","","Нет","Да","","https://store.playstation.com/en-tr/concept/10005004","2022-11-03","Action","PEGI_12"
"6972","Ghoulboy","CUSA16224","PS4","Нет","343,00 TL","Ghoulboy Game + Theme: 85,75 TL; Ghoulboy: 343,00 TL","Нет","Нет","","https://store.playstation.com/en-tr/concept/233676","2019-09-24","Action","PEGI_7"
"6973","GIGASWORD","PPSA27766","PS4, PS5","Нет","649,00 TL","GIGASWORD: 649,00 TL","Нет","Да","","https://store.playstation.com/en-tr/concept/10013651","2025-11-13","Action","PEGI_12"
"6974","Giana Sisters: Twisted Dreams – Director’s Cut","CUSA01452","PS4","Нет","525,00 TL","","Нет","Да","","https://store.playstation.com/en-tr/concept/201669","2014-12-09","Puzzle","PEGI_7"
"6975","Ghost Town","PPSA20805","PS5","Нет","1.079,00 TL","","Нет","Нет","","https://store.playstation.com/en-tr/concept/10010082","2025-12-01","Adventure","PEGI_12"
"6976","Ghosts 'n Goblins Resurrection","CUSA24163","PS4","Нет","1.049,00 TL","","Нет","Нет","","https://store.playstation.com/en-tr/concept/10001057","2021-05-31","Action","PEGI_12"
"6977","Gigapocalypse","PPSA08098","PS4, PS5","Нет","349,00 TL","","Нет","Нет","","https://store.playstation.com/en-tr/concept/10004978","2022-08-04","Action","PEGI_7"
"6978","Ginga Force","CUSA19582","PS4","Нет","699,00 TL","","Нет","Нет","","https://store.playstation.com/en-tr/concept/10000639","2020-09-24","Unique","PEGI_12"
"6979","Ghoulie’s Garden","CUSA52332","PS4","Нет","129,00 TL","Ghoulie’s Garden: 129,00 TL; Ghoulie’s Garden: 129,00 TL","Нет","Нет","","https://store.playstation.com/en-tr/concept/10013377","2024-12-19","Family","PEGI_3"
"6980","Gimmick!","CUSA41291","PS4","Нет","157,50 TL","","Нет","Нет","","https://store.playstation.com/en-tr/concept/10006506","2023-07-06","Action","PEGI_3"
"6981","Giraffe and Annika","CUSA19321","PS4","Нет","1.049,00 TL","","Нет","Нет","","https://store.playstation.com/en-tr/concept/10000503","2020-08-27","Adventure","PEGI_7"
"6982","Ginger - The Tooth Fairy","PPSA30503","PS5","Нет","245,00 TL","Ginger - The Tooth Fairy: 245,00 TL; Ginger - The Tooth Fairy: 245,00 TL","Нет","Нет","","https://store.playstation.com/en-tr/concept/10011043","2025-05-22","Adventure","PEGI_3"
"6983","Girlfriend from Hell","PPSA25275","PS5","Нет","70,00 TL","Girlfriend from Hell: 70,00 TL; Girlfriend from Hell: 70,00 TL","Нет","Да","","https://store.playstation.com/en-tr/concept/10012124","2025-02-13","Puzzle","PEGI_7"
"6984","Girls of the Tower","PPSA30373","PS5","Нет","649,00 TL","","Нет","Нет","","https://store.playstation.com/en-tr/concept/10015283","2025-08-15","Fighting","PEGI_12"
"6985","Gloomy Eyes","PPSA30376","PS5","Нет","1.079,00 TL","Gloomy Eyes: 1.079,00 TL; Deluxe Edition: 1.299,00 TL","Нет","Нет","","https://store.playstation.com/en-tr/concept/10015287","2025-09-11","Adventure","PEGI_7"
"6986","Gitaroo-Man","PPSA34548","PS4, PS5","Нет","343,00 TL","","Нет","Нет","","https://store.playstation.com/en-tr/concept/10017591","2026-06-16","Music/Rhythm","PEGI_3"
"6987","Gladmort","CUSA53256","PS4","Нет","649,00 TL","","Нет","Нет","","https://store.playstation.com/en-tr/concept/10012422","2025-03-27","Action","PEGI_12"
"6988","Glover (QUByte Classics)","PPSA22303","PS4, PS5","Нет","849,00 TL","","Нет","Нет","","https://store.playstation.com/en-tr/concept/10005966","2025-02-27","Adventure","PEGI_3"
"6989","Glittering Sword","CUSA26243","PS4","Нет","215,00 TL","","Нет","Да","","https://store.playstation.com/en-tr/concept/10002175","2021-02-04","Adventure","PEGI_16"
"6990","Glaive: Brick Breaker","CUSA26965","PS4","Нет","429,00 TL","","Нет","Нет","","https://store.playstation.com/en-tr/concept/10000401","2021-03-17","Unique","PEGI_3"
"6991","Globs & Ghosts","CUSA43727","PS4","Нет","175,00 TL","","Нет","Нет","","https://store.playstation.com/en-tr/concept/10008542","2023-06-30","Arcade","PEGI_3"
"6992","Glitch Blaster's Waifu","PPSA26423","PS4, PS5","Нет","175,00 TL","","Нет","Нет","","https://store.playstation.com/en-tr/concept/10012828","2024-11-28","Arcade","PEGI_16"
"6993","GLO","PPSA04943","PS4, PS5","Нет","215,00 TL","","Нет","Нет","","https://store.playstation.com/en-tr/concept/10003135","2021-09-08","Action","PEGI_3"
"6994","Glass Masquerade","CUSA12353","PS4","Нет","515,00 TL","Glass Masquerade Double Pack Bundle: 949,00 TL; Glass Masquerade Deluxe Edition: 1.079,00 TL; Glass Masquerade: 515,00 TL","Нет","Да","","https://store.playstation.com/en-tr/concept/232267","2019-02-06","Puzzle","PEGI_3"
"6995","GluMe","PPSA35589","PS4, PS5","Нет","215,00 TL","","Нет","Да","","https://store.playstation.com/en-tr/concept/10018332","2026-04-21","Puzzle","PEGI_3"
"6996","Glitch Busters: Stuck On You","CUSA29976","PS4","Нет","699,00 TL","","Нет","Нет","","https://store.playstation.com/en-tr/concept/10003652","2023-05-22","Action","PEGI_7"
"6997","Gleylancer","PPSA05154","PS4, PS5","Нет","257,00 TL","","Нет","Нет","","https://store.playstation.com/en-tr/concept/10003740","2021-10-14","Arcade","PEGI_7"
"6998","Glass Masquerade 2: Illusions","CUSA16841","PS4","Нет","515,00 TL","Glass Masquerade 2: Illusions Original Soundtrack: 215,00 TL; Glass Masquerade 2: Illusions Deluxe Edition: 1.299,00 TL; Glass Masquerade 2: Illusions: 515,00 TL","Нет","Да","","https://store.playstation.com/en-tr/concept/234712","2020-02-12","Puzzle","PEGI_7"
"6999","Gladiator: Blades of Fury","CUSA14509","PS4","Нет","157,00 TL","","Нет","Да","","https://store.playstation.com/en-tr/concept/233189","2019-04-04","Sport","PEGI_16"
"7000","Glyphs of Gitzan","PPSA22887","PS4, PS5","Нет","175,00 TL","","Нет","Нет","","https://store.playstation.com/en-tr/concept/10010928","2024-06-18","Puzzle","PEGI_7"
"7001","Glam's Incredible Run: Escape from Dukha","CUSA32086","PS4","Нет","35,00 TL","","Нет","Нет","","https://store.playstation.com/en-tr/concept/10004442","2022-03-30","Action","PEGI_3"
"7002","Glitch Hero","PPSA25305","PS5","Нет","515,00 TL","Glitch Hero: 515,00 TL; Glitch Hero: 515,00 TL","Нет","Нет","","https://store.playstation.com/en-tr/concept/10012132","2024-11-14","Educational","PEGI_7"
"7003","Gloomhaven","PPSA08116","PS4, PS5","Нет","1.749,00 TL","Gloomhaven Gold Edition: 1.749,00 TL","Нет","Нет","","https://store.playstation.com/en-tr/concept/10005240","2023-09-18","Strategy","PEGI_12"
"7004","GNOG","CUSA06298","PS4","Нет","623,00 TL","","Нет","Да","","https://store.playstation.com/en-tr/concept/217120","2017-05-02","Puzzle","PEGI_7"
"7005","Gnomes and Knights","PPSA28231","PS5","Нет","279,00 TL","Gnomes and Knights: 279,00 TL; Gnomes and Knights: 279,00 TL","Да","Да","","https://store.playstation.com/en-tr/concept/10014018","2025-04-24","Adventure","PEGI_7"
"7006","Gnomes Garden","CUSA13876","PS4","Нет","193,00 TL","Gnomes Garden 3 in 1 Bundle: 387,00 TL; Gnomes Garden: 193,00 TL","Нет","Да","","https://store.playstation.com/en-tr/concept/229915","2018-10-16","Casual","PEGI_3"
"7007","God Damn The Garden","PPSA09008","PS4, PS5","Нет","86,00 TL","","Нет","Да","","https://store.playstation.com/en-tr/concept/10005660","2022-10-13","Adventure","PEGI_12"
"7008","Gnomes Garden 3: The thief of castles","CUSA09444","PS4","Нет","193,00 TL","Gnomes Garden 3: The thief of castles & Portal of Evil: 343,00 TL; Gnomes Garden 3: The thief of castles & Doodle God: 343,00 TL; Gnomes Garden 3: The thief of castles: 193,00 TL","Нет","Да","","https://store.playstation.com/en-tr/concept/229064","2018-07-24","Casual","PEGI_3"
"7009","God of Rock","PPSA10822","PS4, PS5","Нет","1.049,00 TL","","Нет","Да","","https://store.playstation.com/en-tr/concept/10005216","2023-04-17","Fighting","PEGI_12"
"7011","Gnomes Garden: New home","CUSA13874","PS4","Нет","193,00 TL","","Нет","Да","","https://store.playstation.com/en-tr/concept/229917","2018-12-04","Family","PEGI_3"
"7012","Gnomes Garden: Lost King","CUSA14429","PS4","Нет","215,00 TL","","Нет","Да","","https://store.playstation.com/en-tr/concept/233134","2020-10-14","Strategy","PEGI_3"
"7013","Gnomes Garden: Halloween","CUSA28284","PS4","Нет","215,00 TL","","Нет","Да","","https://store.playstation.com/en-tr/concept/10002994","2022-10-05","Strategy","PEGI_3"
"7014","God bless, or Goddess","PPSA33090","PS5","Нет","679,20 TL","God bless, or Goddess: 679,20 TL; God bless, or Goddess: 679,20 TL","Нет","Нет","","https://store.playstation.com/en-tr/concept/10016654","2026-01-15","Simulation","PEGI_16"
"7015","Gobliiins Collection","PPSA21153","PS5","Нет","1.079,00 TL","","Нет","Нет","","https://store.playstation.com/en-tr/concept/10010240","2026-05-27","Adventure","PEGI_16"
"7016","GODBREAKERS","PPSA32175","PS5","Нет","1.160,00 TL","GODBREAKERS: 1.160,00 TL; GODBREAKERS: Deluxe Edition: 1.299,00 TL; GODBREAKERS: Juice Edition: 1.419,00 TL","Нет","Да","","https://store.playstation.com/en-tr/concept/10010891","2025-10-23","Action","PEGI_7"
"7017","GODS EATER BURST","PPSA07716","PS4, PS5","Нет","429,00 TL","","Нет","Нет","","https://store.playstation.com/en-tr/concept/10005103","2024-03-19","Action","PEGI_16"
"7018","Go All Out","CUSA32573","PS4","Нет","1.419,00 TL","","Нет","Нет","","https://store.playstation.com/en-tr/concept/10001746","2023-10-06","Fighting","PEGI_12"
"7019","God Eater 3","CUSA13326","PS4","Нет","2.499,00 TL","God Eater 3: 2.499,00 TL","Нет","Да","","https://store.playstation.com/en-tr/concept/232599","2019-02-07","Action","PEGI_12"
"7020","God Of Riffs: Battle for the Metalverse","PPSA17870","PS5","Нет","849,00 TL","","Нет","Нет","","https://store.playstation.com/en-tr/concept/10008965","2026-01-13","Music/Rhythm","PEGI_7"
"7021","Godstrike","CUSA29664","PS4","Нет","529,00 TL","","Нет","Да","","https://store.playstation.com/en-tr/concept/10002448","2021-10-14","Action","PEGI_7"
"7022","GNOSIA","PPSA16091","PS5","Нет","1.049,00 TL","GNOSIA: 1.049,00 TL; GNOSIA: 1.049,00 TL","Нет","Нет","","https://store.playstation.com/en-tr/concept/10008230","2023-12-13","Adventure","PEGI_12"
"7023","Goblins","PPSA23537","PS5","Нет","245,00 TL","Goblins 3 Game Bundle: 419,00 TL; Goblins: 245,00 TL; Goblins 3 Game Bundle: 419,00 TL; Goblins: 245,00 TL","Нет","Нет","","https://store.playstation.com/en-tr/concept/10011200","2024-06-16","Casual","PEGI_7"
"7024","Goblin Slayer","PPSA28006","PS5","Нет","245,00 TL","Goblin Slayer: 245,00 TL; 6 Avatar Goblin Slayer Bundle: 147,00 TL; Goblin Slayer: 245,00 TL; 6 Avatar Goblin Slayer Bundle: 147,00 TL","Нет","Нет","","https://store.playstation.com/en-tr/concept/10013810","2025-03-14","Arcade","PEGI_7"
"7025","Gnomes Garden: Christmas Story","CUSA28281","PS4","Нет","215,00 TL","","Нет","Да","","https://store.playstation.com/en-tr/concept/10002993","2022-11-15","Casual","PEGI_3"
"7026","Go Go Jump!!!","PPSA16879","PS4, PS5","Нет","349,00 TL","","Нет","Нет","","https://store.playstation.com/en-tr/concept/10008559","2024-06-25","Family","PEGI_7"
"7027","God Wars","PPSA30732","PS5","Нет","649,00 TL","","Нет","Да","","https://store.playstation.com/en-tr/concept/10015493","2025-07-17","Action","PEGI_12"
"7028","Go Fight Fantastic!","PPSA23277","PS5","Нет","215,00 TL","Go Fight Fantastic!: 215,00 TL; Go Fight Fantastic!: 215,00 TL","Нет","Нет","","https://store.playstation.com/en-tr/concept/10011091","2025-03-06","Action","PEGI_3"
"7029","Go! Go! Mister Chickums","PPSA35174","PS5","Нет","429,00 TL","","Нет","Да","","https://store.playstation.com/en-tr/concept/10018064","2026-04-02","Arcade","PEGI_3"
"7030","Going Under","CUSA19050","PS4","Нет","699,00 TL","","Нет","Да","","https://store.playstation.com/en-tr/concept/10000258","2020-09-23","Action","PEGI_12"
"7031","Golazo! Football League","CUSA16607","PS4","Нет","525,00 TL","","Нет","Да","","https://store.playstation.com/en-tr/concept/234603","2019-11-27","Sport","PEGI_3"
"7032","Golf Guys","CUSA46685","PS4","Нет","52,50 TL","Golf Guys: Complete Edition: 75,33 TL; Golf Guys: 52,50 TL; Gold Edition: 209,00 TL","Нет","Да","","https://store.playstation.com/en-tr/concept/10009907","2024-01-18","Sport","PEGI_3"
"7033","Golf Up Bundle","PPSA26446","PS4, PS5","Нет","429,00 TL","Golf Up Bundle: 429,00 TL; Golf Up Bundle: 429,00 TL; Golf Up: 245,00 TL","Нет","Нет","","https://store.playstation.com/en-tr/concept/10012841","2025-07-03","Sport","PEGI_3"
"7034","Golf","CUSA23638","PS4","Нет","315,00 TL","","Нет","Нет","","https://store.playstation.com/en-tr/concept/10001072","2020-08-12","Sport","PEGI_3"
"7035","Golf Club Nostalgia","CUSA27458","PS4","Нет","349,00 TL","Golf Club Nostalgia: 349,00 TL; Avatar Edition: 515,00 TL","Нет","Да","","https://store.playstation.com/en-tr/concept/10002679","2021-09-02","Adventure","PEGI_16"
"7036","GOLF VS ZOMBIES","PPSA22516","PS4, PS5","Нет","349,00 TL","","Нет","Да","","https://store.playstation.com/en-tr/concept/10010768","2024-07-25","Arcade","PEGI_16"
"7037","Golfing Over It with Alva Majo","PPSA27950","PS4, PS5","Нет","215,00 TL","","Нет","Да","","https://store.playstation.com/en-tr/concept/10013805","2026-02-26","Arcade","PEGI_3"
"7038","Golden Force","CUSA25791","PS4","Нет","849,00 TL","","Нет","Нет","","https://store.playstation.com/en-tr/concept/10001783","2021-01-27","Action","PEGI_7"
"7039","Golf Zero","CUSA20410","PS4","Нет","215,00 TL","","Нет","Да","","https://store.playstation.com/en-tr/concept/10000905","2020-09-07","Arcade","PEGI_3"
"7040","Golem","CUSA12088","PS4","Нет","1.079,00 TL","","Нет","Нет","","https://store.playstation.com/en-tr/concept/217116","2019-11-18","Action","PEGI_7"
"7041","Golden Tee Arcade Classics","PPSA30186","PS4, PS5","Нет","558,25 TL","","Нет","Нет","","https://store.playstation.com/en-tr/concept/10015188","2025-07-16","Sport","PEGI_3"
"7042","Golden Rails 5","PPSA24800","PS5","Нет","42,90 TL","","Нет","Да","","https://store.playstation.com/en-tr/concept/10011906","2024-09-01","Strategy","PEGI_3"
"7043","Golden Sunshine Beside You","PPSA33029","PS5","Нет","1.160,00 TL","Golden Sunshine Beside You: 1.160,00 TL; Golden Sunshine Beside You: 1.160,00 TL","Нет","Да","","https://store.playstation.com/en-tr/concept/10016787","2025-11-07","Adventure","PEGI_3"
"7044","Golden Racing","PPSA28941","PS5","Нет","41,40 TL","","Нет","Нет","","https://store.playstation.com/en-tr/concept/10014469","2025-03-15","Driving/Racing","PEGI_3"
"7045","Golem Gates","CUSA15574","PS4","Нет","1.079,00 TL","","Нет","Нет","","https://store.playstation.com/en-tr/concept/232479","2019-05-29","Strategy","PEGI_12"
"7046","Golf Up Tropical","PPSA27956","PS5","Нет","245,00 TL","","Нет","Нет","","https://store.playstation.com/en-tr/concept/10013811","2025-04-17","Sport","PEGI_3"
"7047","Gone Home","CUSA01223","PS4","Нет","649,00 TL","","Нет","Нет","","https://store.playstation.com/en-tr/concept/201835","2016-02-11","Adventure","PEGI_16"
"7048","Golazo! 2","CUSA26634","PS4","Нет","649,00 TL","Golazo! 2: 649,00 TL; Soccer Cup 2022: 687,00 TL; Pixel Soccer: 559,00 TL","Нет","Нет","","https://store.playstation.com/en-tr/concept/10002345","2022-11-03","Sport","PEGI_3"
"7049","GoobnBalloonsDX","CUSA48037","PS4","Нет","429,00 TL","","Нет","Нет","","https://store.playstation.com/en-tr/concept/10010591","2024-09-11","Family","PEGI_3"
"7050","Goodbye Volcano High","PPSA16242","PS4, PS5","Нет","875,00 TL","","Нет","Да","","https://store.playstation.com/en-tr/concept/10007198","2023-08-29","Music/Rhythm","PEGI_16"
"7051","GoNNER","CUSA11613","PS4","Нет","349,00 TL","","Нет","Да","","https://store.playstation.com/en-tr/concept/231889","2018-05-14","Arcade","PEGI_7"
"7052","Go Mecha Ball","PPSA23369","PS5","Нет","816,00 TL","","Нет","Да","","https://store.playstation.com/en-tr/concept/10011035","2024-09-25","Arcade","PEGI_7"
"7053","GONNER 2","CUSA23372","PS4","Нет","91,00 TL","Standard Edition: 91,00 TL; Lose Your Head Deluxe: 699,00 TL","Нет","Да","","https://store.playstation.com/en-tr/concept/10000937","2020-11-23","Arcade","PEGI_7"
"7054","Gorogoa","CUSA11643","PS4","Нет","525,00 TL","","Нет","Да","","https://store.playstation.com/en-tr/concept/231898","2018-05-21","Family","PEGI_3"
"7055","Goosebumps: Terror in Little Creek","PPSA27305","PS5","Нет","1.749,00 TL","Standard Edition: 1.749,00 TL; Frightmare Edition: 859,60 TL","Нет","Нет","","https://store.playstation.com/en-tr/concept/10013351","2025-08-28","Horror","PEGI_12"
"7056","Goodnight Universe","PPSA29727","PS5","Нет","849,00 TL","","Нет","Нет","","https://store.playstation.com/en-tr/concept/10014923","2025-11-11","Adventure","PEGI_12"
"7057","Goodbye World","PPSA13797","PS5","Нет","549,00 TL","Goodbye World: 549,00 TL; Goodbye World: 549,00 TL","Нет","Нет","","https://store.playstation.com/en-tr/concept/10007285","2023-06-30","Adventure","PEGI_3"
"7058","GORSD","CUSA20625","PS4","Нет","730,00 TL","","Нет","Да","","https://store.playstation.com/en-tr/concept/10001192","2020-09-17","Action","PEGI_7"
"7059","Gourmet Warriors (QUByte Classics)","CUSA44384","PS4","Нет","429,00 TL","","Нет","Нет","","https://store.playstation.com/en-tr/concept/10005472","2023-08-30","Fighting","PEGI_12"
"7060","Gore Doctor","PPSA27760","PS5","Нет","699,00 TL","","Нет","Нет","","https://store.playstation.com/en-tr/concept/10013646","2025-05-27","Horror","PEGI_18"
"7061","GoonyaFighter JigglyHapticEdition","PPSA02010","PS5","Нет","351,20 TL","","Нет","Нет","","https://store.playstation.com/en-tr/concept/10000593","2020-11-11","Casual","PEGI_7"
"7062","GOST of Time","PPSA26948","PS5","Нет","128,70 TL","GOST of Time: 128,70 TL; GOST of Time: 128,70 TL","Нет","Да","","https://store.playstation.com/en-tr/concept/10013119","2025-08-14","Puzzle","PEGI_16"
"7063","Goritaire","PPSA35315","PS4, PS5","Нет","215,00 TL","","Нет","Нет","","https://store.playstation.com/en-tr/concept/10016254","2026-03-18","Puzzle","PEGI_3"
"7064","Gordian Rooms 2","PPSA25933","PS5","Нет","1.079,00 TL","","Нет","Да","","https://store.playstation.com/en-tr/concept/10012501","2026-03-02","Adventure","PEGI_7"
"7065","GOOD DOG, BAD DOG","CUSA24775","PS4","Нет","730,00 TL","","Нет","Нет","","https://store.playstation.com/en-tr/concept/10001287","2020-10-14","Casual","PEGI_7"
"7066","G-Police","PPSA15806","PS4, PS5","Нет","429,00 TL","","Нет","Нет","","https://store.playstation.com/en-tr/concept/10008137","2024-05-21","Action","PEGI_12"
"7067","Goons: Legends & Mayhem","PPSA11505","PS5","Нет","849,00 TL","","Нет","Нет","","https://store.playstation.com/en-tr/concept/10006606","2024-04-11","Adventure","PEGI_7"
"7068","Grabitoons!","PPSA28802","PS5","Нет","279,00 TL","Grabitoons!: 279,00 TL; Grabitoons!: 279,00 TL","Нет","Нет","","https://store.playstation.com/en-tr/concept/10014387","2025-03-25","Casual","PEGI_3"
"7069","Goonya Monster","PPSA06909","PS5","Нет","476,00 TL","","Нет","Нет","","https://store.playstation.com/en-tr/concept/10004710","2022-12-04","Action","PEGI_7"
"7070","Grab the Bottle","CUSA11477","PS4","Нет","41,80 TL","","Нет","Нет","","https://store.playstation.com/en-tr/concept/231778","2018-06-20","Puzzle","PEGI_3"
"7071","GRADIUS ORIGINS","PPSA19724","PS5","Нет","1.749,00 TL","","Нет","Нет","","https://store.playstation.com/en-tr/concept/10009638","2025-08-06","Shooter","PEGI_7"
"7072","Grand classic auto","PPSA32252","PS5","Нет","730,00 TL","Grand classic auto: 730,00 TL; Grand classic auto: 730,00 TL","Нет","Нет","","https://store.playstation.com/en-tr/concept/10016392","2025-08-16","Simulation","PEGI_3"
"7073","Granblue Fantasy: Versus","CUSA17547","PS4","Нет","849,00 TL","Granblue Fantasy: Versus - Legendary Edition: 2.149,00 TL; Granblue Fantasy: Versus: 849,00 TL","Нет","Нет","","https://store.playstation.com/en-tr/concept/234059","2021-12-14","Fighting","PEGI_12"
"7074","Grandia","CUSA43160","PS4, PS5","Нет","537,00 TL","","Нет","Нет","","https://store.playstation.com/en-tr/concept/10008233","2023-11-21","Role Playing Games","PEGI_7"
"7075","Grand Ages: Medieval","CUSA02501","PS4","Нет","324,75 TL","","Да","Да","PS Plus Extra","https://store.playstation.com/en-tr/concept/201954","2015-10-08","Role Playing Games","PEGI_12"
"7076","GRANDIA","CUSA43590","PS4","Нет","1.749,00 TL","","Нет","Нет","","https://store.playstation.com/en-tr/concept/10008436","2024-03-26","Role Playing Games","PEGI_12"
"7077","Grand Poker Casino","PPSA32948","PS5","Нет","171,00 TL","Grand Poker Casino: 171,00 TL; Grand Poker Casino: 171,00 TL","Нет","Нет","","https://store.playstation.com/en-tr/concept/10016750","2025-10-23","Casual","PEGI_18"
"7078","GRAVEN","PPSA09614","PS4, PS5","Нет","1.299,00 TL","","Нет","Да","","https://store.playstation.com/en-tr/concept/10001474","2024-06-25","Role Playing Games","PEGI_16"
"7080","Grand Prix Rock 'N Racing","PPSA06912","PS5","Нет","279,00 TL","Grand Prix Rock 'N Racing: 279,00 TL; Grand Prix Rock 'N Racing: 343,00 TL","Нет","Нет","","https://store.playstation.com/en-tr/concept/221699","2022-05-05","Family","PEGI_3"
"7081","GRAPPIN","PPSA26493","PS5","Нет","129,80 TL","","Нет","Нет","","https://store.playstation.com/en-tr/concept/10012872","2025-07-03","Adventure","PEGI_3"
"7082","Graveyard Girls","PPSA11549","PS4, PS5","Нет","257,00 TL","","Нет","Нет","","https://store.playstation.com/en-tr/concept/10006630","2024-01-30","Adventure","PEGI_16"
"7083","Grass Cutter - Mutated Lawns","CUSA16046","PS4","Нет","49,00 TL","","Нет","Да","","https://store.playstation.com/en-tr/concept/234308","2019-07-09","Action","PEGI_3"
"7084","Grand Prix Story","CUSA23784","PS4","Нет","455,00 TL","","Нет","Нет","","https://store.playstation.com/en-tr/concept/10000508","2021-04-28","Simulation","PEGI_3"
"7085","Gravitar: Recharged","PPSA07625","PS5","Нет","315,00 TL","Gravitar: Recharged: 315,00 TL; Gravitar: Recharged: 315,00 TL","Нет","Да","","https://store.playstation.com/en-tr/concept/10005063","2022-06-01","Arcade","PEGI_3"
"7086","GraviFire","PPSA02899","PS5","Нет","43,75 TL","GraviFire: 43,75 TL; GraviFire: 43,75 TL","Нет","Да","","https://store.playstation.com/en-tr/concept/10002240","2021-03-02","Puzzle","PEGI_3"
"7087","Gravel","CUSA07863","PS4","Нет","849,00 TL","Gravel Special Edition: 1.299,00 TL; Gravel: 849,00 TL","Нет","Нет","","https://store.playstation.com/en-tr/concept/227396","2018-02-26","Driving/Racing","PEGI_3"
"7088","Grand Slam Tennis","CUSA34343","PS4","Нет","139,00 TL","","Нет","Нет","","https://store.playstation.com/en-tr/concept/10005331","2022-06-23","Sport","PEGI_3"
"7089","Grand Kingdom","CUSA04630","PS4","Нет","1.749,00 TL","","Нет","Нет","","https://store.playstation.com/en-tr/concept/201951","2016-06-16","Strategy","PEGI_12"
"7090","Gravitational","CUSA28200","PS4","Нет","429,00 TL","","Нет","Нет","","https://store.playstation.com/en-tr/concept/10002979","2021-11-10","Action","PEGI_12"
"7091","Grand Saudi Hajwala","CUSA56932","PS4","Нет","730,00 TL","","Нет","Нет","","https://store.playstation.com/en-tr/concept/10017125","2025-10-22","Simulation","PEGI_3"
"7092","Gravity Circuit","PPSA10677","PS4, PS5","Нет","769,00 TL","","Нет","Нет","","https://store.playstation.com/en-tr/concept/10006297","2023-07-13","Action","PEGI_7"
"7093","Gravity Crash Portable","PPSA13498","PS4, PS5","Нет","429,00 TL","","Нет","Нет","","https://store.playstation.com/en-tr/concept/10007237","2025-03-07","Arcade","PEGI_7"
"7094","Gravity Error","CUSA17829","PS4","Нет","322,00 TL","","Нет","Нет","","https://store.playstation.com/en-tr/concept/217131","2020-01-15","Casual","PEGI_3"
"7095","Gravitators","PPSA08525","PS4, PS5","Нет","249,00 TL","","Нет","Нет","","https://store.playstation.com/en-tr/concept/10005433","2024-08-08","Shooter","PEGI_7"
"7096","Gravity Duck","CUSA15330","PS4","Нет","215,00 TL","","Нет","Да","","https://store.playstation.com/en-tr/concept/233553","2019-08-14","Arcade","PEGI_3"
"7097","Gravity Heroes","CUSA25328","PS4","Нет","131,25 TL","","Нет","Нет","","https://store.playstation.com/en-tr/concept/10001803","2021-04-08","Arcade","PEGI_7"
"7098","Grand Prix Racing Universal","PPSA23759","PS5","Нет","175,00 TL","Grand Prix Racing Universal: 175,00 TL; Grand Prix Racing Universal: 175,00 TL","Нет","Нет","","https://store.playstation.com/en-tr/concept/10011256","2024-06-09","Driving/Racing","PEGI_3"
"7099","Gravity Escape","PPSA27133","PS5","Нет","349,00 TL","","Нет","Нет","","https://store.playstation.com/en-tr/concept/10013249","2025-01-08","Role Playing Games","PEGI_7"
"7100","Gravity Jump","PPSA28528","PS5","Нет","42,00 TL","Gravity Jump: 42,00 TL; Gravity Jump: 42,00 TL","Нет","Нет","","https://store.playstation.com/en-tr/concept/10014218","2025-03-04","Casual","PEGI_3"
"7101","Greed 3: Old Enemies Returning","PPSA23130","PS5","Нет","699,00 TL","Greed 3: Old Enemies Returning: 699,00 TL; Greed 3: Old Enemies Returning: 529,00 TL","Нет","Нет","","https://store.playstation.com/en-tr/concept/10011036","2024-06-20","Adventure","PEGI_7"
"7102","GREEN The Life Algorithm","CUSA23061","PS4","Нет","215,00 TL","","Нет","Да","","https://store.playstation.com/en-tr/concept/10000021","2019-11-22","Strategy","PEGI_7"
"7103","Greak: Memories of Azur","PPSA02849","PS4, PS5","Нет","699,00 TL","","Нет","Да","","https://store.playstation.com/en-tr/concept/10002329","2021-08-16","Puzzle","PEGI_7"
"7104","Gravity Strike","PPSA28874","PS5","Нет","245,00 TL","Gravity Strike: 245,00 TL; 5 Avatar Gravity Strike Bundle: 147,00 TL; Gravity Strike: 245,00 TL; 5 Avatar Gravity Strike Bundle: 147,00 TL","Нет","Нет","","https://store.playstation.com/en-tr/concept/10014428","2025-04-03","Arcade","PEGI_3"
"7105","Greedland","PPSA32765","PS5","Нет","549,00 TL","","Нет","Да","","https://store.playstation.com/en-tr/concept/10016675","2026-05-06","Shooter","PEGI_12"
"7106","Green Soldiers Heroes: Extreme Bikers","PPSA32258","PS5","Нет","215,00 TL","Green Soldiers Heroes: Extreme Bikers: 215,00 TL","Нет","Нет","","https://store.playstation.com/en-tr/concept/10016391","2025-10-09","Driving/Racing","PEGI_3"
"7107","Gravity Thrust","CUSA41107","PS4","Нет","209,00 TL","","Нет","Да","","https://store.playstation.com/en-tr/concept/10007493","2023-02-23","Action","PEGI_3"
"7108","Grey Skies: A War of the Worlds Story","CUSA20627","PS4","Нет","649,00 TL","","Нет","Нет","","https://store.playstation.com/en-tr/concept/10001337","2020-11-04","Horror","PEGI_16"
"7109","Graze Counter GM","PPSA08264","PS5","Нет","439,00 TL","Graze Counter GM: 439,00 TL; Graze Counter GM: 439,00 TL","Нет","Нет","","https://store.playstation.com/en-tr/concept/10004441","2023-01-18","Action","PEGI_7"
"7110","Gray Dawn","PPSA20542","PS4, PS5","Нет","849,00 TL","","Нет","Да","","https://store.playstation.com/en-tr/concept/10002718","2024-04-28","Adventure","PEGI_16"
"7111","Greed: The Mad Scientist","PPSA20737","PS5","Нет","699,00 TL","Greed: The Mad Scientist: 699,00 TL; Greed Series: 1.575,00 TL; Greed: The Mad Scientist: 529,00 TL; Greed Series: 1.229,00 TL","Нет","Нет","","https://store.playstation.com/en-tr/concept/10008100","2024-02-29","Adventure","PEGI_7"
"7112","Greed 2: Forbidden Experiments","PPSA23239","PS5","Нет","468,33 TL","Greed 2: Forbidden Experiments: 468,33 TL; Greed 2: Forbidden Experiments: 354,43 TL","Нет","Нет","","https://store.playstation.com/en-tr/concept/10011093","2024-05-16","Adventure","PEGI_7"
"7113","Grayland","PPSA30895","PS5","Нет","429,00 TL","","Нет","Нет","","https://store.playstation.com/en-tr/concept/10015601","2025-10-23","Action","PEGI_3"
"7114","Gravity Rush 2","CUSA04943","PS4","Нет","1.399,00 TL","Gravity Rush™ 2 – Original Soundtrack: 343,00 TL","Нет","Да","PS Plus Extra","https://store.playstation.com/en-tr/concept/221698","2017-01-17","Action","PEGI_12"
"7115","Gridz Keeper","PPSA33604","PS4, PS5","Нет","129,00 TL","","Нет","Нет","","https://store.playstation.com/en-tr/concept/10017105","2026-01-06","Casual","PEGI_3"
"7116","Griffin","PPSA26109","PS4, PS5","Нет","257,00 TL","","Нет","Нет","","https://store.playstation.com/en-tr/concept/10012615","2025-07-10","Shooter","PEGI_12"
"7117","Grief like a stray dog","PPSA28894","PS5","Нет","171,60 TL","Grief like a stray dog: 171,60 TL; Grief like a stray dog: 171,60 TL","Да","Да","","https://store.playstation.com/en-tr/concept/10014444","2025-09-25","Adventure","PEGI_7"
"7118","Grim Fandango","CUSA01858","PS4","Нет","649,00 TL","","Нет","Нет","","https://store.playstation.com/en-tr/concept/201876","2024-02-28","Adventure","PEGI_12"
"7119","GrimGrimoire OnceMore","PPSA08947","PS4, PS5","Нет","1.749,00 TL","GrimGrimoire OnceMore: 1.749,00 TL","Нет","Нет","","https://store.playstation.com/en-tr/concept/10004766","2023-04-07","Strategy","PEGI_12"
"7120","Grim Legends 3: The Dark City","CUSA11689","PS4","Нет","649,00 TL","Grim Legends Collection: 1.547,00 TL; Grim Legends 3: The Dark City Deluxe: 849,00 TL","Нет","Да","","https://store.playstation.com/en-tr/concept/231921","2018-05-10","Adventure","PEGI_16"
"7121","GRIME","PPSA03278","PS4, PS5","Нет","875,00 TL","","Нет","Да","","https://store.playstation.com/en-tr/concept/10002537","2022-12-14","Action","PEGI_12"
"7122","Gruta","PPSA15741","PS4, PS5","Нет","175,00 TL","","Нет","Нет","","https://store.playstation.com/en-tr/concept/10008125","2023-05-04","Action","PEGI_7"
"7123","Grind Survivors","PPSA33559","PS5","Нет","454,30 TL","Grind Survivors: Deluxe: 541,80 TL; Grind Survivors: 454,30 TL","Нет","Нет","","https://store.playstation.com/en-tr/concept/10017062","2026-03-16","Action","PEGI_16"
"7124","Grood","CUSA23908","PS4","Нет","175,00 TL","","Нет","Да","","https://store.playstation.com/en-tr/concept/10001157","2020-10-22","Action","PEGI_7"
"7125","Grow Home","CUSA02900","PS4","Нет","343,00 TL","","Нет","Нет","","https://store.playstation.com/en-tr/concept/201875","2015-08-31","Adventure","PEGI_3"
"7126","Groundhog Day: Like Father Like Son","CUSA13068","PS4","Нет","649,00 TL","","Нет","Нет","","https://store.playstation.com/en-tr/concept/232494","2019-09-17","Adventure","PEGI_16"
"7127","Ground Zero: Texas","CUSA26068","PS4","Нет","774,00 TL","","Нет","Нет","","https://store.playstation.com/en-tr/concept/235369","2021-03-22","Unique","PEGI_16"
"7128","Grotto","PPSA06015","PS5","Нет","549,00 TL","Grotto: 549,00 TL; Grotto: 549,00 TL","Нет","Нет","","https://store.playstation.com/en-tr/concept/10003939","2024-01-25","Adventure","PEGI_16"
"7129","Grizzland","PPSA06066","PS5","Нет","175,00 TL","Grizzland: 175,00 TL; Grizzland: 175,00 TL","Нет","Да","","https://store.playstation.com/en-tr/concept/235228","2022-06-02","Action","PEGI_3"
"7130","Grieve","PPSA23774","PS5","Нет","816,00 TL","","Нет","Да","","https://store.playstation.com/en-tr/concept/10010116","2024-08-04","Shooter","PEGI_16"
"7131","GRIP","CUSA11004","PS4","Нет","1.749,00 TL","GRIP Digital Deluxe: 2.149,00 TL; GRIP: 1.749,00 TL","Нет","Нет","","https://store.playstation.com/en-tr/concept/231294","2018-11-05","Action","PEGI_7"
"7132","Grindstone","PPSA05828","PS4, PS5","Нет","849,00 TL","","Нет","Да","","https://store.playstation.com/en-tr/concept/10004095","2023-05-03","Puzzle","PEGI_7"
"7133","Grow: Song of the Evertree","CUSA25487","PS4","Нет","875,00 TL","","Нет","Да","","https://store.playstation.com/en-tr/concept/10001480","2021-11-16","Adventure","PEGI_3"
"7134","Gruniożerca Trilogy","PPSA30667","PS5","Нет","150,00 TL","","Нет","Нет","","https://store.playstation.com/en-tr/concept/10015449","2025-10-22","Action","PEGI_3"
"7135","Gryphon Knight Epic","CUSA20624","PS4","Нет","549,00 TL","","Нет","Да","","https://store.playstation.com/en-tr/concept/10001321","2020-09-10","Shooter","PEGI_7"
"7136","Guacamelee! 2","CUSA07112","PS4","Нет","699,00 TL","Guacamelee! 2 Complete: 1.031,00 TL; Guacamelee! 2: 699,00 TL","Нет","Да","","https://store.playstation.com/en-tr/concept/227336","2018-08-20","Action","PEGI_12"
"7137","GUILTY GEAR Xrd Rev.2","CUSA08260","PS4","Нет","349,75 TL","","Нет","Нет","","https://store.playstation.com/en-tr/concept/227122","2017-05-25","Arcade","PEGI_12"
"7138","Guards","CUSA25541","PS4","Нет","175,00 TL","","Нет","Да","","https://store.playstation.com/en-tr/concept/10001888","2021-05-20","Strategy","PEGI_7"
"7139","GUNBARICH","CUSA32902","PS4","Нет","387,00 TL","","Нет","Нет","","https://store.playstation.com/en-tr/concept/10001931","2022-08-03","Shooter","PEGI_3"
"7140","GUNBIRD","CUSA32273","PS4","Нет","387,00 TL","","Нет","Нет","","https://store.playstation.com/en-tr/concept/10001922","2022-07-27","Shooter","PEGI_7"
"7141","Guardian Force - Saturn Tribute","CUSA28965","PS4","Нет","649,00 TL","","Нет","Нет","","https://store.playstation.com/en-tr/concept/10003052","2021-09-29","Shooter","PEGI_7"
"7142","GUNBIRD 2","CUSA32275","PS4","Нет","387,00 TL","","Нет","Нет","","https://store.playstation.com/en-tr/concept/10001926","2022-08-03","Shooter","PEGI_7"
"7143","Guilty Gear Xrd -Sign","CUSA01689","PS4","Нет","849,00 TL","","Нет","Нет","","https://store.playstation.com/en-tr/concept/201753","2015-06-02","Fighting","PEGI_16"
"7144","Guardian of Lore","PPSA05894","PS4, PS5","Нет","601,00 TL","","Нет","Нет","","https://store.playstation.com/en-tr/concept/10004175","2021-12-13","Role Playing Games","PEGI_12"
"7145","GUNGUNGUN","PPSA04746","PS4, PS5","Нет","215,00 TL","","Нет","Нет","","https://store.playstation.com/en-tr/concept/10003502","2022-01-31","Arcade","PEGI_7"
"7146","Gunship: Zombie","PPSA28537","PS5","Нет","51,00 TL","","Нет","Нет","","https://store.playstation.com/en-tr/concept/10014225","2025-04-19","Action","PEGI_7"
"7147","Guns of Icarus Alliance","CUSA11511","PS4","Нет","215,00 TL","","Нет","Нет","","https://store.playstation.com/en-tr/concept/231281","2018-05-01","Adventure","PEGI_12"
"7148","Guns'n'Stories: Bulletproof VR","CUSA12620","PS4","Нет","349,00 TL","","Да","Да","","https://store.playstation.com/en-tr/concept/232393","2018-12-10","Action","PEGI_16"
"7149","Gunkid 99","PPSA04306","PS4, PS5","Нет","300,00 TL","","Нет","Нет","","https://store.playstation.com/en-tr/concept/10003217","2021-11-02","Action","PEGI_3"
"7150","GUN BRO","CUSA50334","PS4","Нет","124,83 TL","","Нет","Нет","","https://store.playstation.com/en-tr/concept/10012009","2024-12-04","Action","PEGI_7"
"7151","GUNGRAVE VR U.N","CUSA13335","PS4","Нет","157,50 TL","GUNGRAVE VR: Loaded Coffin Edition: 1.399,00 TL; GUNGRAVE VR U.N: 157,50 TL","Нет","Нет","","https://store.playstation.com/en-tr/concept/214209","2018-12-07","Shooter","PEGI_16"
"7152","Guns N' Runs","CUSA29294","PS4","Нет","549,00 TL","","Нет","Нет","","https://store.playstation.com/en-tr/concept/10003363","2022-03-10","Action","PEGI_7"
"7153","Gun Crazy","CUSA19075","PS4","Нет","215,00 TL","","Нет","Нет","","https://store.playstation.com/en-tr/concept/10000391","2020-04-28","Action","PEGI_7"
"7154","Gunman Tales","PPSA07192","PS4, PS5","Нет","245,00 TL","","Нет","Нет","","https://store.playstation.com/en-tr/concept/10004847","2023-03-02","Action","PEGI_7"
"7155","GUNGRAVE VR","CUSA13276","PS4","Нет","209,80 TL","","Нет","Нет","","https://store.playstation.com/en-tr/concept/229720","2018-12-07","Shooter","PEGI_16"
"7156","Gunvolt Chronicles: Luminous Avenger iX 2","PPSA04843","PS4, PS5","Нет","839,00 TL","","Нет","Нет","","https://store.playstation.com/en-tr/concept/10003539","2022-01-26","Action","PEGI_7"
"7157","Gunvolt Chronicles: Luminous Avenger iX with Bonus","CUSA16573","PS4","Нет","525,00 TL","","Нет","Нет","","https://store.playstation.com/en-tr/concept/234545","2019-09-30","Action","PEGI_12"
"7158","Gunboat God","PPSA34003","PS5","Нет","411,75 TL","","Нет","Да","","https://store.playstation.com/en-tr/concept/10017081","2026-04-29","Shooter","PEGI_7"
"7159","GUNDAM VERSUS","CUSA08799","PS4","Нет","699,00 TL","","Нет","Нет","","https://store.playstation.com/en-tr/concept/227154","2017-09-28","Action","PEGI_12"
"7160","Gunhead","PPSA16544","PS5","Нет","730,00 TL","Gunhead: 730,00 TL","Нет","Нет","","https://store.playstation.com/en-tr/concept/10008395","2023-11-07","Shooter","PEGI_7"
"7161","Gunsmith Master Simulator","CUSA56480","PS4","Нет","356,95 TL","","Нет","Нет","","https://store.playstation.com/en-tr/concept/10016691","2025-11-12","Shooter","PEGI_7"
"7162","Guts & Glory","CUSA11675","PS4","Нет","525,00 TL","","Нет","Да","","https://store.playstation.com/en-tr/concept/231915","2018-07-18","Arcade","PEGI_18"
"7163","Guts 'N Goals","PPSA04388","PS5","Нет","549,00 TL","Guts 'N Goals: 549,00 TL; Guts 'N Goals: 549,00 TL","Нет","Нет","","https://store.playstation.com/en-tr/concept/10002092","2021-09-02","Arcade","PEGI_7"
"7164","Gunvolt Chronicles: Luminous Avenger iX 1+2","PPSA36065","PS5","Нет","1.079,00 TL","","Нет","Нет","","https://store.playstation.com/en-tr/concept/10018605","2026-07-08","Action","PEGI_12"
"7165","GUNVOLT RECORDS Cychronicle","PPSA17590","PS5","Нет","469,00 TL","GUNVOLT RECORDS Cychronicle: 469,00 TL; GUNVOLT RECORDS Cychronicle: 469,00 TL","Нет","Нет","","https://store.playstation.com/en-tr/concept/10008857","2024-02-14","Music/Rhythm","PEGI_7"
"7166","Guts 'n Grunts Jr.","PPSA35149","PS5","Нет","105,00 TL","Guts 'n Grunts Jr.: 105,00 TL; Guts 'n Grunts Jr.: 105,00 TL","Нет","Нет","","https://store.playstation.com/en-tr/concept/10018041","2026-01-22","Action","PEGI_3"
"7167","Gutwhale","PPSA03727","PS4, PS5","Нет","175,00 TL","","Нет","Нет","","https://store.playstation.com/en-tr/concept/10002905","2021-05-20","Action","PEGI_16"
"7168","Guts 'n Grunts Sr.","PPSA36777","PS5","Нет","105,00 TL","Guts 'n Grunts Sr.: 105,00 TL; Guts 'n Grunts Sr.: 105,00 TL","Нет","Нет","","https://store.playstation.com/en-tr/concept/10019014","2026-04-23","Action","PEGI_3"
"7169","Gym Business : Fitness Empire Simulator","CUSA51255","PS4","Нет","235,95 TL","","Нет","Нет","","https://store.playstation.com/en-tr/concept/10012560","2025-12-30","Casual","PEGI_3"
"7170","Gym Manager","PPSA29456","PS5","Нет","215,00 TL","Gym Manager: 215,00 TL; Gym Manager: 215,00 TL","Нет","Да","","https://store.playstation.com/en-tr/concept/10014788","2025-07-16","Simulator","PEGI_12"
"7171","Gynoug","PPSA05374","PS4, PS5","Нет","209,00 TL","Gynoug PS4 & PS5: 209,00 TL; Gleylancer and Gynoug: Classic Shmups Pack PS4® & PS5®: 283,20 TL","Нет","Нет","","https://store.playstation.com/en-tr/concept/10003850","2021-11-11","Action","PEGI_7"
"7172",".hack//G.U. Last Recode","CUSA07691","PS4","Нет","2.099,00 TL",".hack//G.U. Last Recode: 2.099,00 TL","Нет","Нет","","https://store.playstation.com/en-tr/concept/230675","2017-11-03","Role Playing Games","PEGI_12"
"7173","Habroxia","PPSA16876","PS4, PS5","Нет","171,60 TL","","Нет","Нет","","https://store.playstation.com/en-tr/concept/234013","2023-11-20","Arcade","PEGI_7"
"7174","HAJWALA 2","PPSA21912","PS5","Нет","163,20 TL","","Нет","Нет","","https://store.playstation.com/en-tr/concept/10004039","2024-12-11","Simulation","PEGI_3"
"7175","Hajwala Qatar","PPSA32940","PS5","Нет","687,00 TL","Hajwala Qatar: 687,00 TL; Hajwala Qatar: 687,00 TL","Нет","Нет","","https://store.playstation.com/en-tr/concept/10016747","2025-09-30","Simulator","PEGI_3"
"7176","HAJWALA","CUSA11340","PS4","Нет","262,50 TL","","Нет","Нет","","https://store.playstation.com/en-tr/concept/231738","2018-04-10","Driving/Racing","PEGI_3"
"7177","Hacky Zack","CUSA11781","PS4","Нет","429,00 TL","","Нет","Нет","","https://store.playstation.com/en-tr/concept/231983","2019-02-13","Action","PEGI_3"
"7178","Halloween Candy Break 2","CUSA30600","PS4","Нет","343,00 TL","Halloween Candy Break 2 - Avatar Full Game Bundle: 279,00 TL; Halloween Candy Break 2: 343,00 TL","Нет","Нет","","https://store.playstation.com/en-tr/concept/10003877","2021-10-01","Arcade","PEGI_3"
"7179","Hajwala Of Riyadh","PPSA32708","PS5","Нет","730,00 TL","Hajwala Of Riyadh: 730,00 TL; Hajwala Of Riyadh: 687,00 TL","Нет","Нет","","https://store.playstation.com/en-tr/concept/10016641","2025-09-30","Simulation","PEGI_3"
"7180","Hajwala Dubai","PPSA33040","PS5","Нет","687,00 TL","Hajwala Dubai: 687,00 TL; Hajwala Dubai: 687,00 TL","Нет","Нет","","https://store.playstation.com/en-tr/concept/10016794","2025-11-13","Simulator","PEGI_3"
"7181","Halloween 1985","PPSA28786","PS4, PS5","Нет","215,00 TL","","Нет","Нет","","https://store.playstation.com/en-tr/concept/10014372","2025-10-28","Puzzle","PEGI_7"
"7182","Habroxia 2","PPSA04577","PS4, PS5","Нет","171,60 TL","","Нет","Нет","","https://store.playstation.com/en-tr/concept/10003408","2022-04-23","Shooter","PEGI_12"
"7183","Hajwala Drift X","PPSA33584","PS5","Нет","687,00 TL","Hajwala Drift X: 687,00 TL; Hajwala Drift X: 687,00 TL","Нет","Нет","","https://store.playstation.com/en-tr/concept/10017089","2025-10-08","Simulator","PEGI_3"
"7184","Halloween Bubble Shooter","CUSA45576","PS4","Нет","69,00 TL","","Нет","Нет","","https://store.playstation.com/en-tr/concept/10009397","2023-10-25","Puzzle","PEGI_3"
"7185","Halloween Candy Break Head to Head","CUSA25995","PS4","Нет","343,00 TL","","Нет","Нет","","https://store.playstation.com/en-tr/concept/10002068","2020-12-04","Casual","PEGI_3"
"7186","Halloween Candy Break 2 Head to Head","CUSA30537","PS4","Нет","343,00 TL","Halloween Candy Break 2 Head to Head - Avatar Full Game Bundle: 279,00 TL; Halloween Candy Break 2 Head to Head: 343,00 TL","Нет","Нет","","https://store.playstation.com/en-tr/concept/10003853","2021-09-28","Arcade","PEGI_3"
"7187","Haimrik","CUSA10251","PS4","Нет","699,00 TL","","Нет","Да","","https://store.playstation.com/en-tr/concept/229803","2018-06-18","Action","PEGI_16"
"7188","Halloween Forever","CUSA14534","PS4","Нет","429,00 TL","","Нет","Нет","","https://store.playstation.com/en-tr/concept/232227","2019-06-24","Action","PEGI_7"
"7189","Halloween Candy Run","PPSA10171","PS5","Нет","279,00 TL","Halloween Candy Run – 10 Premium Avatar Bundle: 279,00 TL; Halloween Candy Run: 279,00 TL; 3 Game Halloween Bundle: 167,60 TL","Нет","Нет","","https://store.playstation.com/en-tr/concept/10006139","2022-10-20","Casual","PEGI_3"
"7190","Halloween Candy Break","CUSA25148","PS4","Нет","343,00 TL","Halloween Candy Break: 343,00 TL; Avatar Bundle Halloween Candy Break: 171,50 TL","Нет","Нет","","https://store.playstation.com/en-tr/concept/10001736","2020-10-09","Casual","PEGI_3"
"7191","Halloween Pumpkin Brawl","PPSA25371","PS5","Нет","300,00 TL","Halloween Pumpkin Brawl: 300,00 TL; Halloween Pumpkin Brawl: 300,00 TL","Нет","Нет","","https://store.playstation.com/en-tr/concept/10012117","2024-09-19","Arcade","PEGI_3"
"7192","Halloween Candy Fun","PPSA10068","PS5","Нет","125,00 TL","Halloween Candy Fun: 125,00 TL; Halloween Candy Fun: 125,00 TL","Нет","Нет","","https://store.playstation.com/en-tr/concept/10006106","2022-10-07","Casual","PEGI_3"
"7193","Halloween Pinball","PPSA09563","PS4, PS5","Нет","129,00 TL","","Нет","Нет","","https://store.playstation.com/en-tr/concept/10005894","2022-10-27","Arcade","PEGI_3"
"7194","Happy Drummer","CUSA11164","PS4","Нет","601,00 TL","","Нет","Нет","","https://store.playstation.com/en-tr/concept/229069","2018-03-18","Music/Rhythm","PEGI_3"
"7195","Hannah VCR","PPSA29124","PS5","Нет","116,10 TL","","Нет","Нет","","https://store.playstation.com/en-tr/concept/10014567","2025-12-19","Puzzle","PEGI_3"
"7196","Hand in Hand","PPSA29226","PS5","Нет","515,00 TL","Hand in Hand: 515,00 TL; Hand in Hand: 515,00 TL","Нет","Да","","https://store.playstation.com/en-tr/concept/10010139","2025-04-11","Puzzle","PEGI_7"
"7197","Hammerwatch","PPSA07174","PS5","Нет","699,00 TL","Standard: 699,00 TL; Standard: 699,00 TL","Нет","Да","","https://store.playstation.com/en-tr/concept/10004837","2023-12-12","Action","PEGI_12"
"7198","Hand of Fate","CUSA01321","PS4","Нет","774,00 TL","Hand of Fate Deluxe Edition: 849,00 TL; Hand of Fate: 774,00 TL","Нет","Да","","https://store.playstation.com/en-tr/concept/202038","2015-02-18","Action","PEGI_16"
"7199","#Halloween, Super Puzzles Dream","PPSA19174","PS5","Нет","175,00 TL","","Нет","Нет","","https://store.playstation.com/en-tr/concept/10009435","2023-10-30","Brain Training","PEGI_7"
"7200","Hammerwatch","CUSA03394","PS4","Нет","429,00 TL","","Нет","Нет","","https://store.playstation.com/en-tr/concept/217157","2017-12-19","Action","PEGI_7"
"7201","Handball 17","CUSA05580","PS4","Нет","349,00 TL","","Нет","Нет","","https://store.playstation.com/en-tr/concept/222857","2016-11-10","Sport","PEGI_3"
"7202","Haneda Girl","PPSA34568","PS5","Нет","649,00 TL","","Нет","Да","","https://store.playstation.com/en-tr/concept/10017697","2026-05-06","Action","PEGI_7"
"7203","Hannah’s Day","PPSA28421","PS5","Нет","343,00 TL","Hannah’s Day: 343,00 TL; Hannah’s Day: 343,00 TL","Да","Да","","https://store.playstation.com/en-tr/concept/10014150","2025-05-16","Adventure","PEGI_12"
"7204","Hamstory","PPSA37823","PS5","Нет","215,00 TL","Hamstory: 215,00 TL; Hamstory: 215,00 TL","Нет","Да","","https://store.playstation.com/en-tr/concept/10019614","2026-06-04","Family","PEGI_3"
"7205","Hamster on Rails","PPSA13607","PS5","Нет","1.031,00 TL","Hamster on Rails: 1.031,00 TL; Hamster on Rails: 1.031,00 TL","Нет","Да","","https://store.playstation.com/en-tr/concept/10007268","2023-11-15","Family","PEGI_3"
"7206","Happy Ball Rush","PPSA35607","PS5","Нет","107,00 TL","Happy Ball Rush: 107,00 TL; Happy Ball Rush: 107,00 TL","Нет","Нет","","https://store.playstation.com/en-tr/concept/10018346","2026-01-26","Shooter","PEGI_3"
"7207","Happi Basudei","PPSA20122","PS5","Нет","175,00 TL","Happi Basudei: 175,00 TL; Happi Basudei: 175,00 TL","Нет","Нет","","https://store.playstation.com/en-tr/concept/10007682","2023-11-18","Arcade","PEGI_3"
"7208","Hand of Fate 2","CUSA05329","PS4","Нет","1.079,00 TL","","Нет","Да","","https://store.playstation.com/en-tr/concept/221726","2017-11-09","Action","PEGI_16"
"7209","Hannah","PPSA28860","PS4, PS5","Нет","636,75 TL","","Нет","Да","","https://store.playstation.com/en-tr/concept/10012897","2025-10-30","Horror","PEGI_16"
"7210","Handyman: House Repair and Flip","PPSA32482","PS5","Нет","387,00 TL","","Нет","Нет","","https://store.playstation.com/en-tr/concept/10016521","2025-11-22","Simulator","PEGI_3"
"7211","Happy Drummer VR","CUSA11185","PS4","Нет","601,00 TL","","Нет","Нет","","https://store.playstation.com/en-tr/concept/232110","2018-03-19","Music/Rhythm","PEGI_3"
"7212","HappyFunland","PPSA16911","PS5","Нет","211,60 TL","","Нет","Нет","","https://store.playstation.com/en-tr/concept/10008565","2024-03-22","Horror","PEGI_18"
"7213","Hard Reset Redux","CUSA04050","PS4","Нет","1.031,00 TL","","Нет","Да","","https://store.playstation.com/en-tr/concept/217207","2016-06-08","Shooter","PEGI_18"
"7214","HARDCORE MECHA","CUSA17456","PS4","Нет","849,00 TL","","Нет","Да","","https://store.playstation.com/en-tr/concept/232976","2020-01-13","Action","PEGI_16"
"7215","Happy Words","CUSA45563","PS4","Нет","349,00 TL","","Нет","Да","","https://store.playstation.com/en-tr/concept/10009393","2023-10-12","Brain Training","PEGI_3"
"7216","Harvest Moon: Save the Homeland","CUSA06610","PS4","Нет","649,00 TL","","Нет","Нет","","https://store.playstation.com/en-tr/concept/202070","2017-05-09","Role Playing Games","PEGI_3"
"7217","Harmony: The Fall of Reverie","PPSA12342","PS5","Нет","875,00 TL","Harmony: The Fall of Reverie: 875,00 TL","Нет","Нет","","https://store.playstation.com/en-tr/concept/10006833","2023-06-22","Casual","PEGI_16"
"7218","Happy's Humble Burger Farm","CUSA29967","PS4","Нет","699,00 TL","","Нет","Да","","https://store.playstation.com/en-tr/concept/10003648","2021-12-03","Arcade","PEGI_12"
"7219","Harvest Moon: A Wonderful Life","CUSA06609","PS4","Нет","649,00 TL","","Нет","Нет","","https://store.playstation.com/en-tr/concept/202065","2017-03-28","Role Playing Games","PEGI_3"
"7220","Hatsune Miku Logic Paint S","PPSA33503","PS4, PS5","Нет","480,80 TL","","Нет","Да","","https://store.playstation.com/en-tr/concept/10017030","2026-03-19","Puzzle","PEGI_3"
"7221","Harvest Moon: Home Sweet Home","PPSA28625","PS5","Нет","1.749,00 TL","","Нет","Нет","","https://store.playstation.com/en-tr/concept/10014280","2025-10-29","Simulation","PEGI_3"
"7222","Harvest Moon: Light of Hope","CUSA10873","PS4","Нет","1.399,00 TL","Harvest Moon: Light of Hope Special Edition Deluxe: 1.599,00 TL; Harvest Moon: Light of Hope Special Edition: 1.399,00 TL","Нет","Нет","","https://store.playstation.com/en-tr/concept/230279","2018-06-25","Adventure","PEGI_3"
"7223","Haste","PPSA30035","PS5","Нет","652,80 TL","","Нет","Да","","https://store.playstation.com/en-tr/concept/10014870","2026-04-01","Action","PEGI_7"
"7224","HASBRO FAMILY FUN PACK","CUSA03312","PS4","Нет","1.749,00 TL","","Нет","Да","","https://store.playstation.com/en-tr/concept/201916","2015-10-22","Family","PEGI_12"
"7225","Hatsune Miku VR","CUSA17093","PS4","Нет","539,50 TL","","Нет","Нет","","https://store.playstation.com/en-tr/concept/234826","2019-12-04","Music/Rhythm","PEGI_3"
"7226","Hatsune Miku Logic Paint S+","PPSA29783","PS4, PS5","Нет","519,20 TL","Hatsune Miku Logic Paint S+: 519,20 TL; Hatsune Miku Logic Paint S and Hatsune Miku Logic Paint S+: 1.160,00 TL","Нет","Да","","https://store.playstation.com/en-tr/concept/10014587","2025-07-24","Puzzle","PEGI_3"
"7228","Harmony Chronicles: Cat our of the bag","PPSA31416","PS5","Нет","257,40 TL","","Нет","Да","","https://store.playstation.com/en-tr/concept/10015892","2025-09-02","Adventure","PEGI_3"
"7229","Haunted House","PPSA07607","PS5","Нет","849,00 TL","Haunted House: 849,00 TL; Haunted House: 849,00 TL","Нет","Нет","","https://store.playstation.com/en-tr/concept/10005049","2023-10-11","Horror","PEGI_7"
"7230","Haunted - Poppy's Nightmare","CUSA40299","PS4","Нет","64,00 TL","","Нет","Нет","","https://store.playstation.com/en-tr/concept/10007163","2025-10-28","Adventure","PEGI_7"
"7231","Harvest Moon: Mad Dash","CUSA17322","PS4","Нет","699,00 TL","","Нет","Нет","","https://store.playstation.com/en-tr/concept/234631","2019-10-28","Action","PEGI_3"
"7233","Hatup","PPSA09587","PS4, PS5","Нет","215,00 TL","","Нет","Да","","https://store.playstation.com/en-tr/concept/10005905","2022-11-01","Puzzle","PEGI_3"
"7234","Hauntii","PPSA16678","PS4, PS5","Нет","849,00 TL","","Нет","Нет","","https://store.playstation.com/en-tr/concept/10008400","2024-05-23","Adventure","PEGI_7"
"7235","Hauntsville","PPSA32527","PS5","Нет","774,00 TL","","Нет","Нет","","https://store.playstation.com/en-tr/concept/10016476","2026-05-13","Shooter","PEGI_16"
"7236","Hayfever","CUSA18282","PS4","Нет","623,00 TL","","Нет","Да","","https://store.playstation.com/en-tr/concept/235391","2020-02-24","Puzzle","PEGI_3"
"7237","Harvest Moon: The Winds of Anthos","PPSA15693","PS4, PS5","Нет","2.149,00 TL","Standard: 2.149,00 TL; Bundle: 1.379,40 TL; Bundle: 1.379,40 TL","Нет","Нет","","https://store.playstation.com/en-tr/concept/10005202","2023-10-05","Role Playing Games","PEGI_3"
"7238","Headmaster","CUSA06297","PS4","Нет","849,00 TL","","Нет","Нет","","https://store.playstation.com/en-tr/concept/221724","2017-01-24","Party","PEGI_12"
"7239","Heads Up! Phones","PPSA18411","PS4, PS5","Нет","1.399,00 TL","","Нет","Нет","","https://store.playstation.com/en-tr/concept/10009154","2023-11-09","Casual","PEGI_12"
"7240","Headlander","CUSA04127","PS4","Нет","849,00 TL","","Нет","Да","","https://store.playstation.com/en-tr/concept/208401","2016-07-26","Action","PEGI_12"
"7241","Heal","PPSA03370","PS4, PS5","Нет","257,00 TL","","Нет","Да","","https://store.playstation.com/en-tr/concept/10002496","2021-04-15","Adventure","PEGI_7"
"7242","Heart of the Forest","PPSA33752","PS4, PS5","Нет","549,00 TL","","Нет","Да","","https://store.playstation.com/en-tr/concept/10017178","2026-02-12","Horror","PEGI_16"
"7243","Headbangers: Rhythm Royale","PPSA07258","PS4, PS5","Нет","215,80 TL","Headbangers: Rhythm Royale: 215,80 TL; Digital Deluxe Edition: 1.049,00 TL","Нет","Да","","https://store.playstation.com/en-tr/concept/10004875","2023-10-31","Music/Rhythm","PEGI_7"
"7244","Heart&Slash","CUSA04531","PS4","Нет","649,00 TL","","Нет","Да","","https://store.playstation.com/en-tr/concept/216310","2016-06-23","Arcade","PEGI_7"
"7245","Headbangers in Holiday Hell","PPSA10724","PS4, PS5","Нет","209,00 TL","","Нет","Нет","","https://store.playstation.com/en-tr/concept/10006332","2022-12-20","Arcade","PEGI_16"
"7246","Heading Out","PPSA30521","PS5","Нет","849,00 TL","Standard Edition: 849,00 TL; Choose Your Adventure Bundle: 1.499,00 TL; Deluxe Edition: 949,00 TL","Нет","Да","","https://store.playstation.com/en-tr/concept/10015378","2025-08-29","Unique","PEGI_16"
"7247","Headsnatchers","CUSA12872","PS4","Нет","525,00 TL","","Нет","Да","","https://store.playstation.com/en-tr/concept/232495","2020-07-27","Party","PEGI_3"
"7248","Headspun","CUSA16902","PS4","Нет","449,00 TL","","Нет","Нет","","https://store.playstation.com/en-tr/concept/234749","2019-08-27","Adventure","PEGI_16"
"7249","HeadHunters","PPSA30236","PS4, PS5","Нет","649,00 TL","","Нет","Да","","https://store.playstation.com/en-tr/concept/10015228","2026-03-18","Action","PEGI_3"
"7250","Harmony's Odyssey","PPSA16825","PS4, PS5","Нет","26,25 TL","Puzzle Paradise Bundle PS4 & PS5: 479,00 TL; Puzzle Paradise Bundle PS4 & PS5: 479,00 TL; Harmony's Odyssey Deluxe Edition: 699,00 TL; Harmony's Odyssey: 26,25 TL","Нет","Да","","https://store.playstation.com/en-tr/concept/10008514","2023-10-18","Puzzle","PEGI_3"
"7251","Hazel Sky","CUSA33989","PS4","Нет","1.079,00 TL","","Нет","Да","","https://store.playstation.com/en-tr/concept/10002185","2022-07-18","Action","PEGI_16"
"7252","HEAVEN SEEKER ――The Savior of This Cruel World","CUSA50058","PS4","Нет","699,00 TL","","Нет","Нет","","https://store.playstation.com/en-tr/concept/10011618","2024-12-04","Action","PEGI_12"
"7253","Haunted House Renovator","PPSA33486","PS5","Нет","849,00 TL","","Нет","Да","","https://store.playstation.com/en-tr/concept/10013891","2026-01-23","Simulation","PEGI_7"
"7254","Heaven's Vault","CUSA11824","PS4","Нет","949,00 TL","","Нет","Нет","","https://store.playstation.com/en-tr/concept/232038","2019-04-15","Adventure","PEGI_7"
"7255","Heian City Story","CUSA52016","PS4","Нет","549,00 TL","","Нет","Нет","","https://store.playstation.com/en-tr/concept/10013128","2025-07-02","Strategy","PEGI_7"
"7256","Helheim Hassle","CUSA24987","PS4","Нет","559,00 TL","","Нет","Да","","https://store.playstation.com/en-tr/concept/10001666","2021-01-11","Adventure","PEGI_12"
"7257","Heavy Duty","PPSA33463","PS5","Нет","387,00 TL","Heavy Duty: 387,00 TL; Heavy Duty: 387,00 TL","Нет","Да","","https://store.playstation.com/en-tr/concept/10017009","2025-12-26","Simulation","PEGI_3"
"7258","Heavy Burden","CUSA44262","PS4","Нет","429,00 TL","","Нет","Да","","https://store.playstation.com/en-tr/concept/10008812","2024-01-23","Adventure","PEGI_3"
"7259","Heavy Fire: Red Shadow","CUSA10915","PS4","Нет","1.749,00 TL","","Нет","Да","","https://store.playstation.com/en-tr/concept/233023","2019-06-28","Shooter","PEGI_16"
"7260","Heaven Jump","PPSA20875","PS5","Нет","68,00 TL","Heaven Jump: 68,00 TL; Heaven Jump: 68,00 TL","Нет","Нет","","https://store.playstation.com/en-tr/concept/10010124","2024-03-21","Adventure","PEGI_3"
"7261","Hegzis","PPSA27349","PS4, PS5","Нет","175,00 TL","","Нет","Нет","","https://store.playstation.com/en-tr/concept/10013374","2025-04-22","Casual","PEGI_3"
"7262","Heliborne","PPSA21439","PS4, PS5","Нет","367,15 TL","Klabater Bundle: 2.099,00 TL; Heliborne: 367,15 TL; Fly High Bundle: 551,25 TL; Fly High Bundle: 551,25 TL","Нет","Да","","https://store.playstation.com/en-tr/concept/10002349","2024-03-24","Action","PEGI_16"
"7263","HellGunner","PPSA06997","PS4, PS5","Нет","175,00 TL","","Нет","Нет","","https://store.playstation.com/en-tr/concept/10004748","2022-05-12","Action","PEGI_7"
"7264","HELLFRONT: HONEYMOON","CUSA13948","PS4","Нет","429,00 TL","","Нет","Да","","https://store.playstation.com/en-tr/concept/232929","2018-12-19","Action","PEGI_7"
"7265","Hell's High Harmonizers","PPSA04685","PS5","Нет","472,00 TL","","Нет","Нет","","https://store.playstation.com/en-tr/concept/10003368","2022-06-16","Adventure","PEGI_3"
"7266","Hell Warders","CUSA13537","PS4","Нет","131,25 TL","","Нет","Да","","https://store.playstation.com/en-tr/concept/232459","2019-02-20","Strategy","PEGI_16"
"7267","HELLMUT: THE BADASS FROM HELL","CUSA14942","PS4","Нет","449,00 TL","","Нет","Да","","https://store.playstation.com/en-tr/concept/233390","2019-06-05","Shooter","PEGI_16"
"7268","HeliCity Demolition Man","CUSA49393","PS4","Нет","85,00 TL","","Нет","Нет","","https://store.playstation.com/en-tr/concept/10011405","2024-08-30","Action","PEGI_16"
"7269","Help Will Come Tomorrow","CUSA19251","PS4","Нет","699,00 TL","","Нет","Да","","https://store.playstation.com/en-tr/concept/10000464","2020-04-20","Strategy","PEGI_16"
"7270","Hell Pie","PPSA07508","PS4, PS5","Нет","875,00 TL","","Нет","Да","","https://store.playstation.com/en-tr/concept/10004873","2022-07-21","Action","PEGI_16"
"7271","Hell of an Office","PPSA25363","PS5","Нет","601,00 TL","Hell of an Office: 601,00 TL; Hell of an Office: 601,00 TL","Нет","Да","","https://store.playstation.com/en-tr/concept/10012064","2025-08-05","Action","PEGI_12"
"7272","Hellpoint","PPSA05588","PS4, PS5","Нет","1.229,00 TL","","Нет","Да","","https://store.playstation.com/en-tr/concept/235113","2022-07-12","Action","PEGI_12"
"7273","Hellbreachers","PPSA03255","PS4, PS5","Нет","175,00 TL","","Нет","Да","","https://store.playstation.com/en-tr/concept/10002277","2021-03-23","Action","PEGI_7"
"7274","Hell Is Other Demons","PPSA31748","PS4, PS5","Нет","515,00 TL","","Нет","Нет","","https://store.playstation.com/en-tr/concept/10016120","2025-10-28","Action","PEGI_7"
"7275","Hell Well","PPSA17869","PS4, PS5","Нет","215,00 TL","","Нет","Нет","","https://store.playstation.com/en-tr/concept/10008964","2023-12-12","Action","PEGI_7"
"7276","HELLCARD","CUSA47297","PS4","Нет","1.031,00 TL","","Нет","Да","","https://store.playstation.com/en-tr/concept/10010223","2025-09-10","Strategy","PEGI_7"
"7277","Helvetii","CUSA31801","PS4","Нет","101,15 TL","","Нет","Нет","","https://store.playstation.com/en-tr/concept/10004323","2023-02-02","Action","PEGI_12"
"7278","Helix Jump","CUSA46683","PS4","Нет","52,50 TL","Helix Jump: Complete Edition: 73,50 TL; Helix Jump: 52,50 TL","Нет","Нет","","https://store.playstation.com/en-tr/concept/10009906","2024-01-25","Arcade","PEGI_3"
"7279","Hell is Us","PPSA09259","PS5","Нет","2.579,00 TL","Deluxe Edition: 3.449,00 TL; RoboCop Col. + Hell is Us: 4.299,00 TL","Нет","Да","","https://store.playstation.com/en-tr/concept/10005051","2025-09-04","Action","PEGI_16"
"7280","Herdling","PPSA28151","PS5","Нет","1.031,00 TL","","Нет","Да","","https://store.playstation.com/en-tr/concept/10013966","2025-08-21","Adventure","PEGI_12"
"7281","Hentai vs. Evil","PPSA03566","PS4, PS5","Нет","104,70 TL","","Нет","Да","","https://store.playstation.com/en-tr/concept/10002276","2021-05-26","Shooter","PEGI_16"
"7282","Hentai Girls Succubus","CUSA53181","PS4","Нет","157,05 TL","","Нет","Нет","","https://store.playstation.com/en-tr/concept/10013909","2025-05-21","Puzzle","PEGI_12"
"7283","Henry Halfhead","PPSA27177","PS5","Нет","601,00 TL","","Нет","Да","","https://store.playstation.com/en-tr/concept/10013281","2025-09-16","Adventure","PEGI_3"
"7284","Heritage of Eternal Splitting","PPSA21967","PS5","Нет","42,00 TL","Heritage of Eternal Splitting with Avatar Bundle: 86,00 TL; Heritage of Eternal Splitting: 42,00 TL; Heritage of Eternal Splitting with Avatar Bundle: 86,00 TL; Heritage of Eternal Splitting: 42,00 TL","Нет","Нет","","https://store.playstation.com/en-tr/concept/10010573","2024-04-26","Action","PEGI_3"
"7285","Heretic's Fork","PPSA25132","PS5","Нет","429,00 TL","Heretic's Fork: 429,00 TL; Heretic's Fork: 429,00 TL","Нет","Да","","https://store.playstation.com/en-tr/concept/10010510","2024-11-14","Action","PEGI_12"
"7286","Hermitage: Strange Case Files","PPSA04017","PS5","Нет","699,00 TL","Hermitage: Strange Case Files: 699,00 TL; Hermitage: Strange Case Files: 699,00 TL","Нет","Нет","","https://store.playstation.com/en-tr/concept/10001872","2021-10-25","Horror","PEGI_16"
"7287","Heroine Anthem Zero 2 : Scalescars Oath","PPSA14192","PS5","Нет","1.949,00 TL","Heroine Anthem Zero 2: Scalescars Oath: 1.949,00 TL; Heroine Anthem Zero 2: Scalescars Oath: 1.676,00 TL","Нет","Нет","","https://store.playstation.com/en-tr/concept/10001779","2024-02-22","Role Playing Games","PEGI_12"
"7288","Heroes Battle Awakening","PPSA34306","PS4, PS5","Нет","107,50 TL","","Нет","Нет","","https://store.playstation.com/en-tr/concept/10017526","2026-01-27","Casual","PEGI_7"
"7289","Hero Siege","PPSA21541","PS5","Нет","849,00 TL","","Нет","Нет","","https://store.playstation.com/en-tr/concept/10010354","2026-04-02","Action","PEGI_12"
"7290","Hero Express","CUSA16324","PS4","Нет","215,00 TL","","Нет","Нет","","https://store.playstation.com/en-tr/concept/234475","2020-07-14","Adventure","PEGI_3"
"7291","Here They Lie","CUSA05344","PS4","Нет","849,00 TL","","Да","Да","","https://store.playstation.com/en-tr/concept/224872","2017-01-24","Action","PEGI_18"
"7292","Herodes","CUSA41386","PS4","Нет","215,00 TL","","Нет","Нет","","https://store.playstation.com/en-tr/concept/10007633","2023-05-10","Shooter","PEGI_7"
"7293","Hero Survival","PPSA15980","PS5","Нет","43,75 TL","Hero Survival: 43,75 TL; Hero Survival: 43,75 TL","Нет","Да","","https://store.playstation.com/en-tr/concept/10008196","2023-10-26","Arcade","PEGI_7"
"7294","Heroine Anthem Zero Episode 1","CUSA10575","PS4","Нет","549,00 TL","","Нет","Нет","","https://store.playstation.com/en-tr/concept/231097","2018-02-28","Adventure","PEGI_16"
"7295","Hero Defense","CUSA09036","PS4","Нет","1.049,00 TL","","Нет","Да","","https://store.playstation.com/en-tr/concept/228765","2018-08-16","Strategy","PEGI_7"
"7296","Heroes of Hammerwatch","CUSA24520","PS4","Нет","849,00 TL","Hammerwatch: Heroic Bundle: 1.079,00 TL; Heroes of Hammerwatch - Ultimate Edition: 849,00 TL","Нет","Нет","","https://store.playstation.com/en-tr/concept/232806","2020-11-30","Action","PEGI_12"
"7297","Hero-U: Rogue to Redemption","PPSA16010","PS5","Нет","125,80 TL","Hero-U: Rogue to Redemption: 125,80 TL; Hero-U: Rogue to Redemption: 125,80 TL","Нет","Нет","","https://store.playstation.com/en-tr/concept/10008209","2025-04-23","Role Playing Games","PEGI_12"
"7298","Hero Must Die. Again","CUSA17422","PS4","Нет","612,15 TL","","Нет","Нет","","https://store.playstation.com/en-tr/concept/234953","2020-02-25","Role Playing Games","PEGI_12"
"7299","Hero Wheels","PPSA33200","PS5","Нет","59,50 TL","","Нет","Нет","","https://store.playstation.com/en-tr/concept/10016889","2025-12-11","Driving/Racing","PEGI_3"
"7300","HexaMaze","CUSA14817","PS4","Нет","349,00 TL","","Нет","Нет","","https://store.playstation.com/en-tr/concept/232949","2019-03-04","Brain Training","PEGI_3"
"7301","Hero of Fate","PPSA27878","PS5","Нет","525,00 TL","","Нет","Нет","","https://store.playstation.com/en-tr/concept/10013722","2025-01-30","Adventure","PEGI_7"
"7302","Hexapoda","PPSA29070","PS5","Нет","549,00 TL","","Нет","Нет","","https://store.playstation.com/en-tr/concept/10010172","2025-10-23","Shooter","PEGI_12"
"7303","Hexa River","PPSA25955","PS5","Нет","61,25 TL","","Нет","Нет","","https://store.playstation.com/en-tr/concept/10012515","2024-10-17","Puzzle","PEGI_3"
"7304","Hex Gambit: Respawned","PPSA03408","PS4, PS5","Нет","649,00 TL","","Нет","Да","","https://store.playstation.com/en-tr/concept/10002702","2024-03-06","Strategy","PEGI_7"
"7305","Heroes of Mount Dragon","PPSA30045","PS5","Нет","816,00 TL","","Нет","Нет","","https://store.playstation.com/en-tr/concept/10015114","2025-09-25","Action","PEGI_7"
"7306","HexaScape: Cyber Defense","PPSA24763","PS5","Нет","525,00 TL","","Нет","Нет","","https://store.playstation.com/en-tr/concept/10011891","2025-01-29","Puzzle","PEGI_7"
"7307","Hexologic","PPSA17401","PS5","Нет","17,45 TL","Hexologic: 17,45 TL; Hexologic: 17,45 TL","Нет","Да","","https://store.playstation.com/en-tr/concept/10008776","2024-01-16","Brain Training","PEGI_3"
"7308","Hexa Road","PPSA31067","PS5","Нет","75,25 TL","","Нет","Нет","","https://store.playstation.com/en-tr/concept/10015666","2025-07-03","Puzzle","PEGI_3"
"7309","Hidden Cats in Christmas","PPSA34913","PS5","Нет","171,00 TL","Hidden Cats in Christmas: 171,00 TL; Hidden Cats in Christmas: 171,00 TL","Нет","Нет","","https://store.playstation.com/en-tr/concept/10017901","2026-02-04","Puzzle","PEGI_3"
"7310","Hidden Cats in London","PPSA15937","PS5","Нет","31,50 TL","Hidden Cats in London: 31,50 TL; Hidden Cats in London: 31,50 TL","Нет","Нет","","https://store.playstation.com/en-tr/concept/10008176","2023-10-18","Brain Training","PEGI_3"
"7311","Hidden Bunny","PPSA16549","PS5","Нет","34,50 TL","Hidden Bunny: 34,50 TL; Hidden Bunny: 34,50 TL","Нет","Нет","","https://store.playstation.com/en-tr/concept/10008425","2023-05-22","Puzzle","PEGI_3"
"7312","Hex Tunnel Touch","CUSA12066","PS4","Нет","215,00 TL","","Нет","Нет","","https://store.playstation.com/en-tr/concept/232206","2018-05-01","Arcade","PEGI_3"
"7313","Hidden Memories of The Gardens Between","PPSA31362","PS5","Нет","849,00 TL","","Нет","Да","","https://store.playstation.com/en-tr/concept/10015854","2025-08-12","Puzzle","PEGI_3"
"7314","Hidden Object Adventure Bundle","PPSA13588","PS5","Нет","1.171,83 TL","Hidden Object Adventure Bundle: 1.171,83 TL; Collectors Edition: 699,00 TL; Hidden Object Adventure Bundle: 870,33 TL; Collectors Edition: 529,00 TL","Нет","Да","","https://store.playstation.com/en-tr/concept/10006601","2025-05-08","Adventure","PEGI_12"
"7315","Hidden Shapes: Animals + Lovely Cats","CUSA31850","PS4","Нет","139,00 TL","","Нет","Нет","","https://store.playstation.com/en-tr/concept/10004346","2022-04-13","Puzzle","PEGI_3"
"7316","Heroland","CUSA17115","PS4","Нет","157,35 TL","","Нет","Нет","","https://store.playstation.com/en-tr/concept/234383","2020-01-31","Role Playing Games","PEGI_12"
"7317","Hex Tunnel","CUSA11648","PS4","Нет","215,00 TL","","Нет","Нет","","https://store.playstation.com/en-tr/concept/229079","2018-03-06","Arcade","PEGI_3"
"7318","Hidden Paws Mystery","PPSA10340","PS5","Нет","139,00 TL","Hidden Paws Mystery: 139,00 TL; Hidden Paws Mystery: 139,00 TL","Нет","Да","","https://store.playstation.com/en-tr/concept/10006135","2023-02-22","Adventure","PEGI_3"
"7319","Hidden Cat Outlaws","PPSA28364","PS5","Нет","105,00 TL","Hidden Cat Outlaws: 105,00 TL; Hidden Cat Outlaws: 105,00 TL","Нет","Нет","","https://store.playstation.com/en-tr/concept/10014103","2025-06-04","Puzzle","PEGI_3"
"7320","Hidden","CUSA18710","PS4","Нет","63,00 TL","","Нет","Нет","","https://store.playstation.com/en-tr/concept/10000399","2020-07-03","Adventure","PEGI_16"
"7321","Hidden Shapes: Cat Realm + Trick or Cats","CUSA43876","PS4","Нет","175,00 TL","","Нет","Нет","","https://store.playstation.com/en-tr/concept/10008488","2023-08-16","Puzzle","PEGI_3"
"7322","HIDDEN DRAGON LEGEND","CUSA09562","PS4","Нет","601,00 TL","","Нет","Нет","","https://store.playstation.com/en-tr/concept/228764","2017-09-18","Fighting","PEGI_16"
"7323","Hextreme Void","PPSA34211","PS4, PS5","Нет","129,00 TL","","Нет","Нет","","https://store.playstation.com/en-tr/concept/10017476","2026-01-20","Action","PEGI_3"
"7324","Hidden Paws","PPSA10651","PS5","Нет","41,70 TL","Hidden Paws: 41,70 TL; Hidden Paws: 41,70 TL","Нет","Да","","https://store.playstation.com/en-tr/concept/10006293","2023-12-13","Casual","PEGI_3"
"7325","Hidden Object Adventure Bundle 2","PPSA13575","PS5","Нет","1.749,00 TL","Witch's Pranks: Frog's Fortune - Collectors Edition: 699,00 TL; Hidden Object Adventure Bundle 2: 1.749,00 TL; Witch's Pranks: Frog's Fortune - Collectors Edition: 529,00 TL; Hidden Object Adventure Bundle 2: 1.299,00 TL","Нет","Нет","","https://store.playstation.com/en-tr/concept/10006600","2025-12-18","Family","PEGI_7"
"7326","Hidden Shapes: Black Skull + Old West","CUSA34421","PS4","Нет","139,00 TL","","Нет","Нет","","https://store.playstation.com/en-tr/concept/10005329","2022-08-24","Puzzle","PEGI_3"
"7327","Hidden Through Time 2: Myths & Magic","PPSA18325","PS5","Нет","439,00 TL","","Нет","Да","","https://store.playstation.com/en-tr/concept/10009130","2024-01-24","Puzzle","PEGI_3"
"7328","Hidden Through Time 2: Discovery","PPSA22832","PS5","Нет","389,00 TL","","Нет","Да","","https://store.playstation.com/en-tr/concept/10010909","2024-08-12","Puzzle","PEGI_7"
"7329","High On Life","PPSA15389","PS4, PS5","Нет","1.399,00 TL","High On Life: 1.399,00 TL; High On Life + DLC Bundle: 1.749,00 TL","Нет","Нет","","https://store.playstation.com/en-tr/concept/10007961","2023-07-22","Shooter","PEGI_18"
"7330","High School Dirty Secrets","PPSA32092","PS5","Нет","537,00 TL","","Нет","Да","","https://store.playstation.com/en-tr/concept/10016304","2025-11-06","Adventure","PEGI_18"
"7331","Hidden Words","PPSA35308","PS5","Нет","85,00 TL","Hidden Words: 85,00 TL; Hidden Words: 85,00 TL","Нет","Нет","","https://store.playstation.com/en-tr/concept/10018128","2026-05-22","Puzzle","PEGI_3"
"7332","Hide The Corpse","PPSA27764","PS5","Нет","421,85 TL","","Нет","Нет","","https://store.playstation.com/en-tr/concept/10013649","2025-08-18","Puzzle","PEGI_12"
"7333","Highschool Romance","PPSA04938","PS4, PS5","Нет","549,00 TL","","Нет","Нет","","https://store.playstation.com/en-tr/concept/10003631","2021-09-08","Adventure","PEGI_12"
"7334","HEROish","PPSA09833","PS5","Нет","429,00 TL","HEROish: 429,00 TL; HEROish: 429,00 TL","Нет","Да","","https://store.playstation.com/en-tr/concept/10005311","2022-12-16","Action","PEGI_7"
"7335","High Sea Saga DX","CUSA43789","PS4","Нет","515,00 TL","","Нет","Нет","","https://store.playstation.com/en-tr/concept/10008584","2024-01-31","Adventure","PEGI_7"
"7336","Hobo: Tough Life","CUSA29679","PS4","Нет","1.079,00 TL","","Нет","Да","","https://store.playstation.com/en-tr/concept/10003404","2023-02-22","Role Playing Games","PEGI_16"
"7337","Highway Drifter: Hajwala Simulator","PPSA19706","PS5","Нет","730,00 TL","Highway Drifter: Hajwala Simulator: 730,00 TL; Highway Drifter: Hajwala Simulator: 515,00 TL","Нет","Нет","","https://store.playstation.com/en-tr/concept/10009634","2024-02-01","Simulation","PEGI_3"
"7338","Hindsight 20/20 - Wrath of the Raakshasa","PPSA04276","PS4, PS5","Нет","537,00 TL","","Нет","Нет","","https://store.playstation.com/en-tr/concept/234943","2021-09-09","Role Playing Games","PEGI_16"
"7339","Hirogami","PPSA29173","PS5","Нет","816,00 TL","","Нет","Нет","","https://store.playstation.com/en-tr/concept/10014615","2025-09-03","Action","PEGI_3"
"7340","Himno","CUSA17038","PS4","Нет","215,00 TL","","Нет","Да","","https://store.playstation.com/en-tr/concept/234799","2019-09-04","Adventure","PEGI_3"
"7341","Hohokum","CUSA00143","PS4","Нет","549,00 TL","","Нет","Да","","https://store.playstation.com/en-tr/concept/201943","2014-08-12","Action","PEGI_3"
"7342","Hoggy2","CUSA15328","PS4","Нет","215,00 TL","","Нет","Нет","","https://store.playstation.com/en-tr/concept/233041","2019-07-24","Adventure","PEGI_3"
"7343","Highwater","PPSA14282","PS5","Нет","849,00 TL","","Нет","Нет","","https://store.playstation.com/en-tr/concept/10007580","2024-03-14","Action","PEGI_12"
"7344","Hirilun","PPSA15471","PS4, PS5","Нет","171,60 TL","","Нет","Да","","https://store.playstation.com/en-tr/concept/10008003","2023-12-14","Action","PEGI_3"
"7345","Highway Racer","PPSA22596","PS5","Нет","85,00 TL","Highway Racer: 85,00 TL; Highway Racer: 85,00 TL","Нет","Нет","","https://store.playstation.com/en-tr/concept/10010801","2024-05-02","Driving/Racing","PEGI_3"
"7346","Hindsight","PPSA08896","PS4, PS5","Нет","529,00 TL","","Нет","Да","","https://store.playstation.com/en-tr/concept/10005608","2022-12-06","Adventure","PEGI_3"
"7347","Him &","CUSA33570","PS4","Нет","171,00 TL","","Нет","Нет","","https://store.playstation.com/en-tr/concept/10004918","2022-06-22","Brain Training","PEGI_3"
"7348","Hob","CUSA08319","PS4","Нет","699,00 TL","","Нет","Да","","https://store.playstation.com/en-tr/concept/228738","2017-09-25","Action","PEGI_12"
"7349","Hiveswap Friendsim","PPSA12440","PS4, PS5","Нет","78,75 TL","Hiveswap Friendsim: 78,75 TL; Pestersim: 125,85 TL","Нет","Нет","","https://store.playstation.com/en-tr/concept/10005271","2023-12-07","Adventure","PEGI_12"
"7350","Highway Driving","CUSA34065","PS4","Нет","349,00 TL","","Нет","Да","","https://store.playstation.com/en-tr/concept/10005228","2022-08-04","Simulation","PEGI_7"
"7351","HIVE: Altenum Wars","CUSA10025","PS4","Нет","429,00 TL","HIVE: Altenum Wars Ultimate Edition: 601,00 TL; HIVE: Altenum Wars Special Edition: 515,00 TL; HIVE: Altenum Wars Deluxe Edition: 549,00 TL; HIVE: Altenum Wars: 429,00 TL","Нет","Да","","https://store.playstation.com/en-tr/concept/230377","2018-05-01","Shooter","PEGI_16"
"7352","Ho Ho & Move","PPSA34949","PS5","Нет","129,00 TL","Ho Ho & Move: 129,00 TL; Ho Ho & Move: 129,00 TL","Нет","Нет","","https://store.playstation.com/en-tr/concept/10017926","2026-01-22","Puzzle","PEGI_3"
"7353","HoloBall","CUSA06488","PS4","Нет","649,00 TL","","Нет","Нет","","https://store.playstation.com/en-tr/concept/223070","2017-01-24","Sport","PEGI_3"
"7354","Hole Digging Beach Simulator","CUSA54858","PS4","Нет","78,75 TL","","Нет","Нет","","https://store.playstation.com/en-tr/concept/10015349","2025-05-21","Simulation","PEGI_3"
"7355","Hokko Life","CUSA30507","PS4","Нет","139,80 TL","","Нет","Да","","https://store.playstation.com/en-tr/concept/10003839","2022-09-26","Simulation","PEGI_3"
"7356","Hole Switch","PPSA32871","PS5","Нет","59,50 TL","","Нет","Нет","","https://store.playstation.com/en-tr/concept/10016717","2025-10-30","Arcade","PEGI_3"
"7357","High Times","PPSA36803","PS5","Нет","1.031,00 TL","High Times: 1.031,00 TL; Digital Deluxe Edition: 1.749,00 TL","Нет","Нет","","https://store.playstation.com/en-tr/concept/10018802","2026-07-23","Simulation","PEGI_16"
"7358","Holo's Hanafuda","PPSA31496","PS5","Нет","1.079,00 TL","Holo's Hanafuda: 1.079,00 TL; Holo's Hanafuda: 1.079,00 TL","Нет","Нет","","https://store.playstation.com/en-tr/concept/10013845","2025-07-30","Adventure","PEGI_3"
"7359","Home - A Unique Horror Adventure","CUSA01421","PS4","Нет","215,00 TL","Home Alone With You Bundle: 472,00 TL; Home - A Unique Horror Adventure: 215,00 TL","Нет","Нет","","https://store.playstation.com/en-tr/concept/202043","2015-04-14","Adventure","PEGI_7"
"7360","Home Deco Builder","CUSA53608","PS4","Нет","315,00 TL","","Нет","Нет","","https://store.playstation.com/en-tr/concept/10014292","2025-03-11","Simulation","PEGI_3"
"7361","Home Safety Hotline","PPSA23105","PS4, PS5","Нет","849,00 TL","","Нет","Да","","https://store.playstation.com/en-tr/concept/10011019","2024-09-20","Simulation","PEGI_12"
"7362","Hood Story: Kaito Yamazaki","PPSA18931","PS5","Нет","849,00 TL","","Нет","Нет","","https://store.playstation.com/en-tr/concept/10009321","2024-06-03","Fighting","PEGI_16"
"7363","Holy Potatoes: What the Hell?!","CUSA12062","PS4","Нет","525,00 TL","","Нет","Нет","","https://store.playstation.com/en-tr/concept/232177","2020-06-04","Arcade","PEGI_3"
"7364","HoPiKo","CUSA04557","PS4","Нет","300,00 TL","","Нет","Да","","https://store.playstation.com/en-tr/concept/216266","2016-10-18","Arcade","PEGI_3"
"7365","Holy Potatoes! A Weapon Shop?!","CUSA13023","PS4","Нет","525,00 TL","","Нет","Да","","https://store.playstation.com/en-tr/concept/232174","2018-07-10","Strategy","PEGI_3"
"7366","Hopping Girl Kohane EX","CUSA38391","PS4","Нет","599,00 TL","","Нет","Нет","","https://store.playstation.com/en-tr/concept/10005787","2023-02-15","Action","PEGI_3"
"7367","HOLYHUNT","PPSA15359","PS5","Нет","215,00 TL","","Нет","Да","","https://store.playstation.com/en-tr/concept/10007667","2025-02-06","Action","PEGI_7"
"7368","Holy Potatoes! We're In Space?!","CUSA13024","PS4","Нет","525,00 TL","Holy Potatoes! We're In Space?!: 525,00 TL; Holy Potatoes! A Bundle?!: 875,00 TL","Нет","Да","","https://store.playstation.com/en-tr/concept/232175","2019-01-14","Adventure","PEGI_7"
"7369","Hoomanz!","PPSA33306","PS5","Нет","193,00 TL","","Нет","Да","","https://store.playstation.com/en-tr/concept/10016936","2026-07-20","Family","PEGI_3"
"7370","Home Sweet Home","CUSA14950","PS4","Нет","1.299,00 TL","","Нет","Нет","","https://store.playstation.com/en-tr/concept/232421","2019-05-31","Horror","PEGI_16"
"7371","Horizon Shift '81","CUSA15415","PS4","Нет","245,00 TL","","Нет","Да","","https://store.playstation.com/en-tr/concept/233588","2019-06-10","Shooter","PEGI_3"
"7372","Horace","CUSA35789","PS4","Нет","649,00 TL","","Нет","Нет","","https://store.playstation.com/en-tr/concept/10005698","2023-02-28","Adventure","PEGI_12"
"7373","Hoof & Seek","PPSA35628","PS5","Нет","129,00 TL","Hoof & Seek: 129,00 TL; Hoof & Seek: 129,00 TL","Нет","Нет","","https://store.playstation.com/en-tr/concept/10018354","2026-03-19","Puzzle","PEGI_3"
"7374","Hook","PPSA30926","PS5","Нет","215,00 TL","Hook: Complete Edition: 215,00 TL; Hook: Complete Edition: 215,00 TL","Нет","Нет","","https://store.playstation.com/en-tr/concept/10015622","2025-09-02","Puzzle","PEGI_3"
"7375","Homebody","PPSA09750","PS4, PS5","Нет","816,00 TL","","Нет","Нет","","https://store.playstation.com/en-tr/concept/10005979","2023-06-01","Horror","PEGI_16"
"7376","Hoop Shoot","PPSA30180","PS5","Нет","105,00 TL","","Нет","Нет","","https://store.playstation.com/en-tr/concept/10015185","2025-05-08","Arcade","PEGI_3"
"7377","Horatio Goes Snowboarding","PPSA05421","PS4, PS5","Нет","300,00 TL","","Нет","Нет","","https://store.playstation.com/en-tr/concept/10003887","2021-12-21","Action","PEGI_3"
"7378","Horror Bar VR","CUSA27247","PS4","Нет","699,00 TL","","Нет","Да","","https://store.playstation.com/en-tr/concept/10002420","2022-05-11","Casual","PEGI_7"
"7379","HordeCore","PPSA18205","PS4, PS5","Нет","139,05 TL","","Нет","Да","","https://store.playstation.com/en-tr/concept/10008656","2025-04-09","Arcade","PEGI_12"
"7380","Horror Adventure","CUSA33255","PS4","Нет","315,00 TL","Horror Adventure: Zombie Edition (PSVR2): 429,00 TL; Horror Adventure: Zombie Edition (VR): 349,00 TL; Horror Adventure: Zombie Edition: 315,00 TL","Да","Да","","https://store.playstation.com/en-tr/concept/10004903","2024-12-12","Horror","PEGI_16"
"7381","Horror Break","PPSA08076","PS5","Нет","343,00 TL","Horror Break: 343,00 TL; Halloween Mega Game Bundle: 525,00 TL; 5 Avatar Horror Break Bundle: 147,00 TL; Horror Break Mega Game Bundle: 699,00 TL; Horror Break - Avatar Full Game Bundle: 279,00 TL; Horror Break: 343,00 TL; Halloween Mega Game Bundle: 525,00 TL; 5 Avatar Horror Break Bundle: 147,00 TL","Нет","Нет","","https://store.playstation.com/en-tr/concept/10003441","2022-05-27","Arcade","PEGI_7"
"7382","Home Run High","CUSA24053","PS4","Нет","455,00 TL","","Нет","Нет","","https://store.playstation.com/en-tr/concept/10001239","2021-08-18","Simulation","PEGI_3"
"7383","Horror Run","PPSA07954","PS5","Нет","343,00 TL","Horror Run Triple Play Bundle: 455,00 TL; Horror Run: 343,00 TL; Horror Run Triple Play Bundle: 455,00 TL; Horror Run - Avatar Full Game Bundle: 279,00 TL; Horror Run: 343,00 TL","Нет","Нет","","https://store.playstation.com/en-tr/concept/10005209","2022-05-13","Casual","PEGI_3"
"7384","Horror Clash","PPSA25187","PS5","Нет","300,00 TL","Horror Clash: 300,00 TL; Halloween Clash Bundle: 300,00 TL; Horror Clash: 300,00 TL; Halloween Clash Bundle: 300,00 TL","Нет","Нет","","https://store.playstation.com/en-tr/concept/10012000","2024-10-03","Arcade","PEGI_7"
"7385","HORSE STORE SIMULATOR","CUSA53951","PS4","Нет","356,95 TL","","Нет","Нет","","https://store.playstation.com/en-tr/concept/10014572","2025-11-13","Simulation","PEGI_3"
"7386","Horror Break Head to Head","CUSA29661","PS4","Нет","343,00 TL","Horror Break Head to Head - Avatar Full Game Bundle: 279,00 TL; Horror Break Head to Head: 343,00 TL","Нет","Нет","","https://store.playstation.com/en-tr/concept/10003522","2021-09-03","Arcade","PEGI_7"
"7387","Horror Fun","PPSA09153","PS5","Нет","125,00 TL","Horror Fun Triple Play Bundle: 209,00 TL; Horror Fun: 125,00 TL; Horror Fun Triple Play Bundle: 209,00 TL; Horror Fun: 125,00 TL","Нет","Нет","","https://store.playstation.com/en-tr/concept/10005725","2022-08-25","Casual","PEGI_3"
"7388","Horse Dash","PPSA30350","PS5","Нет","64,00 TL","Horse Dash: 64,00 TL; Horse Dash: 64,00 TL","Нет","Нет","","https://store.playstation.com/en-tr/concept/10015275","2025-06-07","Puzzle","PEGI_7"
"7389","Hotel Infinity","PPSA15964","PS5","Нет","594,30 TL","Manifold Garden & Hotel Infinity bundle: 714,45 TL; Hotel Infinity: 594,30 TL","Нет","Да","","https://store.playstation.com/en-tr/concept/10008186","2025-11-12","Puzzle","PEGI_3"
"7390","Horror Night with Tung Tung Tung Sahur","PPSA30444","PS5","Нет","387,00 TL","Horror Night with Tung Tung Tung Sahur: 387,00 TL; Horror Night with Tung Tung Tung Sahur: 387,00 TL","Нет","Нет","","https://store.playstation.com/en-tr/concept/10015329","2025-07-11","Horror","PEGI_16"
"7391","HORROR TALES: The Wine","PPSA03638","PS4, PS5","Нет","649,00 TL","","Нет","Да","","https://store.playstation.com/en-tr/concept/10002840","2021-07-30","Horror","PEGI_12"
"7392","Horror Tales: The Beggar","PPSA22252","PS4, PS5","Нет","649,00 TL","","Нет","Да","","https://store.playstation.com/en-tr/concept/10010683","2024-06-17","Horror","PEGI_16"
"7393","Horse Club Adventures 2: Hazelwood Stories","PPSA10969","PS5","Нет","849,00 TL","Horse Club™ Adventures 2: Hazelwood Stories: 849,00 TL; Horse Club™ Adventures 2: Hazelwood Stories: 849,00 TL","Нет","Нет","","https://store.playstation.com/en-tr/concept/10005001","2022-11-23","Adventure","PEGI_3"
"7394","Horse Racing 2016","CUSA04561","PS4","Нет","349,00 TL","Racing Game Pack: 455,00 TL","Нет","Нет","","https://store.playstation.com/en-tr/concept/217204","2017-04-09","Sport","PEGI_3"
"7395","Hotel Transylvania: Scary-Tale Adventures","PPSA05046","PS4, PS5","Нет","1.399,00 TL","","Нет","Да","PS Plus Extra","https://store.playstation.com/en-tr/concept/10001919","2022-03-10","Family","PEGI_7"
"7396","Horror & Sports Pinball","PPSA19895","PS4, PS5","Нет","154,50 TL","","Нет","Нет","","https://store.playstation.com/en-tr/concept/10009705","2024-01-04","Arcade","PEGI_3"
"7397","Hotel R'n'R","PPSA19414","PS4, PS5","Нет","902,00 TL","","Нет","Нет","","https://store.playstation.com/en-tr/concept/10000320","2023-12-20","Action","PEGI_12"
"7398","Horse Tales: Emerald Valley Ranch","PPSA02771","PS4, PS5","Нет","279,80 TL","Wildlife Adventures Collection – 3 in 1: 624,75 TL; Horse Tales: Emerald Valley Ranch: 279,80 TL; Deluxe: 1.749,00 TL","Нет","Нет","","https://store.playstation.com/en-tr/concept/10002234","2022-11-02","Adventure","PEGI_3"
"7399","Host 714","CUSA34501","PS4","Нет","175,00 TL","","Нет","Нет","","https://store.playstation.com/en-tr/concept/10005227","2022-09-28","Action","PEGI_16"
"7400","Hotline Miami 2: Wrong Number","CUSA00371","PS4","Нет","699,00 TL","Hotline Miami Collection: 699,00 TL","Нет","Нет","","https://store.playstation.com/en-tr/concept/202007","2015-03-10","Action","PEGI_18"
"7401","Hot Springs Story","CUSA23667","PS4","Нет","455,00 TL","","Нет","Да","","https://store.playstation.com/en-tr/concept/10000518","2021-03-24","Simulation","PEGI_3"
"7402","Hotshot Racing","CUSA11573","PS4","Нет","849,00 TL","Race Your Friends Bundle: 1.499,00 TL","Нет","Да","PS Plus Extra","https://store.playstation.com/en-tr/concept/231863","2020-08-12","Driving/Racing","PEGI_7"
"7403","Hot Rod Mayhem","PPSA28387","PS4, PS5","Нет","699,00 TL","","Нет","Нет","","https://store.playstation.com/en-tr/concept/10014125","2025-04-15","Driving/Racing","PEGI_3"
"7404","Hotel Empire - Check Inn","PPSA38335","PS5","Нет","519,20 TL","","Нет","Да","","https://store.playstation.com/en-tr/concept/10019619","2026-08-13","Strategy","PEGI_3"
"7406","Howl","PPSA17779","PS5","Нет","349,00 TL","","Нет","Нет","","https://store.playstation.com/en-tr/concept/10008778","2024-01-22","Strategy","PEGI_12"
"7407","House Of 1000 Doors: Evil Inside","PPSA18694","PS5","Нет","32,45 TL","","Нет","Нет","","https://store.playstation.com/en-tr/concept/10009271","2023-10-26","Adventure","PEGI_7"
"7408","Hot Stakes Casino - American Roulette","PPSA31453","PS4, PS5","Нет","215,00 TL","","Нет","Да","","https://store.playstation.com/en-tr/concept/10015913","2025-09-09","Puzzle","PEGI_18"
"7409","HOW TO: SUPERHERO!","PPSA26427","PS5","Нет","699,00 TL","","Нет","Нет","","https://store.playstation.com/en-tr/concept/10012831","2024-12-08","Arcade","PEGI_7"
"7410","Hover Racer","CUSA35281","PS4","Нет","175,00 TL","","Нет","Нет","","https://store.playstation.com/en-tr/concept/10005665","2022-08-19","Driving/Racing","PEGI_7"
"7411","House of Golf 2","PPSA21965","PS5","Нет","1.547,00 TL","","Нет","Да","","https://store.playstation.com/en-tr/concept/10010541","2024-08-16","Sport","PEGI_3"
"7412","Hot Tentacles Shooter","PPSA09092","PS4, PS5","Нет","129,00 TL","","Нет","Нет","","https://store.playstation.com/en-tr/concept/10005704","2022-09-29","Arcade","PEGI_16"
"7413","Hue","CUSA05065","PS4","Нет","649,00 TL","","Нет","Да","","https://store.playstation.com/en-tr/concept/221896","2016-11-28","Adventure","PEGI_3"
"7414","Hourglass","PPSA07145","PS5","Нет","774,00 TL","Hourglass: 774,00 TL; Hourglass: 774,00 TL","Нет","Да","","https://store.playstation.com/en-tr/concept/10004822","2022-06-29","Adventure","PEGI_3"
"7415","How to Fool a Liar King","PPSA09967","PS4, PS5","Нет","525,00 TL","","Нет","Да","","https://store.playstation.com/en-tr/concept/10006075","2022-11-25","Adventure","PEGI_12"
"7416","House","PPSA18827","PS5","Нет","601,00 TL","House: 601,00 TL; House: 601,00 TL","Нет","Да","","https://store.playstation.com/en-tr/concept/10009303","2024-03-28","Horror","PEGI_16"
"7417","Hover","CUSA08066","PS4","Нет","1.079,00 TL","","Нет","Да","","https://store.playstation.com/en-tr/concept/227363","2018-09-17","Action","PEGI_7"
"7418","How to Sing to Open Your Heart","PPSA22727","PS4, PS5","Нет","525,00 TL","","Нет","Нет","","https://store.playstation.com/en-tr/concept/10010784","2024-06-27","Adventure","PEGI_12"
"7419","Humble Haunted House","PPSA21762","PS5","Нет","549,00 TL","","Нет","Нет","","https://store.playstation.com/en-tr/concept/10010476","2025-12-17","Action","PEGI_7"
"7420","How 2 Escape","PPSA15229","PS5","Нет","525,00 TL","How 2 Escape: 525,00 TL; How 2 Escape: 525,00 TL","Нет","Нет","","https://store.playstation.com/en-tr/concept/10007914","2023-08-30","Adventure","PEGI_7"
"7421","How to take off your Mask","CUSA25140","PS4","Нет","194,70 TL","","Нет","Да","","https://store.playstation.com/en-tr/concept/10001731","2021-02-04","Adventure","PEGI_12"
"7422","Human Bowling","PPSA32169","PS5","Нет","85,00 TL","","Нет","Нет","","https://store.playstation.com/en-tr/concept/10016349","2025-08-28","Arcade","PEGI_3"
"7423","House Builder Overtime","PPSA21566","PS5","Нет","1.299,00 TL","House Builder Overtime: 1.299,00 TL; House Builder: 649,00 TL","Нет","Да","","https://store.playstation.com/en-tr/concept/10005439","2024-10-16","Simulator","PEGI_3"
"7424","Humongous","CUSA33980","PS4","Нет","2.099,00 TL","","Нет","Нет","","https://store.playstation.com/en-tr/concept/10005168","2022-12-26","Adventure","PEGI_12"
"7425","How 2 Escape: Lost Submarine","PPSA30135","PS4, PS5","Нет","455,00 TL","How 2 Escape: Lost Submarine: 455,00 TL; Collection: 875,00 TL","Нет","Нет","","https://store.playstation.com/en-tr/concept/10014662","2025-06-24","Puzzle","PEGI_7"
"7426","Hunt and Fight: Action RPG","PPSA24419","PS4, PS5","Нет","429,00 TL","","Нет","Нет","","https://store.playstation.com/en-tr/concept/10011714","2024-11-05","Role Playing Games","PEGI_7"
"7427","How We Soar","CUSA06675","PS4","Нет","849,00 TL","","Нет","Нет","","https://store.playstation.com/en-tr/concept/225191","2017-01-26","Casual","PEGI_3"
"7428","HUNTER×HUNTER NEN×IMPACT","PPSA24274","PS5","Нет","2.579,00 TL","Standard Edition: 2.579,00 TL; Deluxe Edition: 3.249,00 TL","Нет","Нет","","https://store.playstation.com/en-tr/concept/10007325","2025-07-17","Fighting","PEGI_16"
"7429","Hunt","CUSA23669","PS4","Нет","69,80 TL","","Нет","Нет","","https://store.playstation.com/en-tr/concept/10001084","2020-08-20","Shooter","PEGI_12"
"7430","Hyper Echelon","CUSA34884","PS4","Нет","549,00 TL","","Нет","Нет","","https://store.playstation.com/en-tr/concept/10005515","2025-12-23","Arcade","PEGI_7"
"7431","Hyperdimension Neptunia Re;Birth2 SISTERS GENERATION","CUSA54118","PS4","Нет","1.299,00 TL","","Нет","Нет","","https://store.playstation.com/en-tr/concept/10010638","2025-10-28","Role Playing Games","PEGI_12"
"7432","Hyper-5","PPSA08305","PS4, PS5","Нет","429,00 TL","","Нет","Нет","","https://store.playstation.com/en-tr/concept/10005349","2023-04-11","Action","PEGI_12"
"7433","Hypercar Racing","PPSA27876","PS4, PS5","Нет","128,70 TL","","Нет","Нет","","https://store.playstation.com/en-tr/concept/10013721","2025-12-24","Driving/Racing","PEGI_3"
"7434","Hyperdrive inn","PPSA38314","PS5","Нет","649,00 TL","","Нет","Нет","","https://store.playstation.com/en-tr/concept/10019897","2026-07-30","Adventure","PEGI_3"
"7435","Hyperdimension Neptunia Re;Birth3 V GENERATION","CUSA54120","PS4","Нет","1.299,00 TL","","Нет","Нет","","https://store.playstation.com/en-tr/concept/10010639","2025-10-28","Role Playing Games","PEGI_12"
"7436","Hyperdimension Neptunia Re;Birth1+","CUSA54076","PS4","Нет","1.299,00 TL","Birth Game Bundle: 2.579,00 TL; Birth1+: 1.299,00 TL","Нет","Нет","","https://store.playstation.com/en-tr/concept/10014679","2025-10-28","Role Playing Games","PEGI_12"
"7437","Hyper Jam","CUSA11737","PS4","Нет","687,00 TL","","Нет","Нет","","https://store.playstation.com/en-tr/concept/231942","2019-03-12","Action","PEGI_16"
"7439","Hyper Gunsport","PPSA12539","PS5","Нет","429,00 TL","Hyper Gunsport: 429,00 TL; Hyper Gunsport: 429,00 TL","Нет","Нет","","https://store.playstation.com/en-tr/concept/10005140","2023-01-12","Sport","PEGI_7"
"7440","Hustle Kings VR","CUSA05634","PS4","Нет","849,00 TL","Hustle Kings™ VR: 849,00 TL","Нет","Да","","https://store.playstation.com/en-tr/concept/222257","2017-01-23","Sport","PEGI_3"
"7441","HYKE:Northern Light(s)","PPSA20160","PS5","Нет","1.246,00 TL","","Нет","Да","","https://store.playstation.com/en-tr/concept/10009771","2025-09-19","Role Playing Games","PEGI_7"
"7442","Hunter Shooting Camp","CUSA37727","PS4","Нет","349,00 TL","","Нет","Нет","","https://store.playstation.com/en-tr/concept/10006443","2022-10-13","Shooter","PEGI_16"
"7443","Hunt The Night","PPSA30868","PS5","Нет","849,00 TL","","Нет","Да","","https://store.playstation.com/en-tr/concept/10015589","2026-02-25","Action","PEGI_16"
"7444","Hydraulic Press","CUSA57065","PS4","Нет","429,00 TL","","Нет","Нет","","https://store.playstation.com/en-tr/concept/10017229","2025-10-24","Simulation","PEGI_3"
"7445","Hymer 2000","PPSA33157","PS4, PS5","Нет","215,00 TL","","Нет","Нет","","https://store.playstation.com/en-tr/concept/10016865","2025-11-13","Puzzle","PEGI_3"
"7446","HYPERWIRED","PPSA34434","PS4, PS5","Нет","343,00 TL","HYPERWIRED: 343,00 TL","Нет","Нет","","https://store.playstation.com/en-tr/concept/10017592","2026-07-02","Action","PEGI_7"
"7447","HyperParasite","CUSA18306","PS4","Нет","129,80 TL","","Нет","Да","","https://store.playstation.com/en-tr/concept/235406","2020-04-03","Action","PEGI_16"
"7448","Hyper Turbo Boost","PPSA21521","PS5","Нет","349,00 TL","","Нет","Нет","","https://store.playstation.com/en-tr/concept/10010386","2024-03-14","Driving/Racing","PEGI_7"
"7449","Hyper Mirror Run","PPSA27278","PS4, PS5","Нет","175,00 TL","","Нет","Нет","","https://store.playstation.com/en-tr/concept/10013335","2025-03-13","Casual","PEGI_7"
"7450","Hyper Shapes","PPSA13449","PS4, PS5","Нет","215,00 TL","","Нет","Нет","","https://store.playstation.com/en-tr/concept/10007224","2023-01-26","Casual","PEGI_3"
"7451","Hyper Sentinel","CUSA09008","PS4","Нет","245,00 TL","","Нет","Нет","","https://store.playstation.com/en-tr/concept/229071","2018-05-10","Action","PEGI_3"
"7452","Hyper Team Recon","PPSA25557","PS4, PS5","Нет","849,00 TL","Hyper Team Recon: 849,00 TL","Нет","Нет","","https://store.playstation.com/en-tr/concept/10012272","2025-09-23","Adventure","PEGI_3"
"7453","Hypertension ✓ ","CUSA44055","PS4","Нет","105,00 TL","Hypertension Avatar Pack: 34,80 TL; Hypertension: 105,00 TL","Нет","Нет","","https://store.playstation.com/en-tr/concept/10008705","2023-07-12","Action","PEGI_3"
"7455","Icebound Secrets: The Frostwood Bane","PPSA32717","PS5","Нет","549,00 TL","","Нет","Нет","","https://store.playstation.com/en-tr/concept/10016650","2025-12-08","Adventure","PEGI_7"
"7456","Ice Jump","PPSA30013","PS5","Нет","47,45 TL","","Нет","Нет","","https://store.playstation.com/en-tr/concept/10015087","2025-05-07","Casual","PEGI_3"
"7457","I Am Dead","PPSA02617","PS4, PS5","Нет","699,00 TL","","Нет","Да","","https://store.playstation.com/en-tr/concept/10002127","2021-08-09","Adventure","PEGI_7"
"7458","Idle Devils","PPSA26516","PS5","Нет","419,00 TL","Idle Devils: 419,00 TL; Ultimate Edition: 1.299,00 TL; Deluxe Edition: 849,00 TL","Нет","Нет","","https://store.playstation.com/en-tr/concept/10012887","2024-11-20","Role Playing Games","PEGI_12"
"7459","I am an Air Traffic Controller AIRPORT HERO Centrair 20TH ANNIVERSARY","CUSA51970","PS4","Нет","1.949,00 TL","","Нет","Нет","","https://store.playstation.com/en-tr/concept/10013099","2024-12-12","Simulation","PEGI_3"
"7460","Hypnospace Outlaw","CUSA19126","PS4","Нет","730,00 TL","","Нет","Нет","","https://store.playstation.com/en-tr/concept/10000418","2020-08-27","Unique","PEGI_12"
"7461","Iconoclasts","CUSA09325","PS4","Нет","849,00 TL","","Нет","Нет","","https://store.playstation.com/en-tr/concept/229153","2018-01-22","Action","PEGI_12"
"7462","Ice Crush 10.000 BC","CUSA48928","PS4","Нет","34,50 TL","","Нет","Нет","","https://store.playstation.com/en-tr/concept/10011054","2024-05-15","Casual","PEGI_3"
"7463","I am Bread","CUSA03047","PS4","Нет","455,00 TL","","Нет","Да","PS Plus Extra","https://store.playstation.com/en-tr/concept/202132","2015-08-24","Action","PEGI_7"
"7464","I Am The Hero","CUSA10464","PS4","Нет","429,00 TL","","Нет","Да","","https://store.playstation.com/en-tr/concept/231101","2018-11-28","Adventure","PEGI_12"
"7465","I, AI","PPSA08387","PS5","Нет","174,50 TL","","Нет","Да","","https://store.playstation.com/en-tr/concept/10001043","2022-09-22","Action","PEGI_7"
"7466","I Am Your Beast","PPSA28514","PS5","Нет","551,85 TL","","Нет","Нет","","https://store.playstation.com/en-tr/concept/10014148","2025-06-24","Shooter","PEGI_16"
"7467","Ice Cream Super Stacking Slot Machine","CUSA54977","PS4","Нет","24,15 TL","","Нет","Нет","","https://store.playstation.com/en-tr/concept/10015437","2025-05-23","Arcade","PEGI_3"
"7468","Ib","PPSA17838","PS5","Нет","649,00 TL","Ib: 649,00 TL; Ib: 649,00 TL","Нет","Нет","","https://store.playstation.com/en-tr/concept/10008940","2024-03-13","Adventure","PEGI_12"
"7469","I Hate Running Backwards","CUSA11880","PS4","Нет","649,00 TL","","Нет","Да","","https://store.playstation.com/en-tr/concept/232066","2018-05-22","Action","PEGI_7"
"7470","Ice Cream Break Head to Head","PPSA06212","PS5","Нет","343,00 TL","Ice Cream Break Head to Head: 343,00 TL; Ice Cream Break Head to Head - Avatar Full Game Bundle: 279,00 TL; Ice Cream Break Head to Head: 343,00 TL","Нет","Нет","","https://store.playstation.com/en-tr/concept/10004223","2022-01-14","Arcade","PEGI_3"
"7471","IDOL MAKER VR","PPSA20879","PS5","Нет","525,00 TL","","Нет","Нет","","https://store.playstation.com/en-tr/concept/10010125","2024-11-20","Simulation","PEGI_3"
"7472","Idol Manager","PPSA05841","PS5","Нет","879,00 TL","Idol Manager: 879,00 TL; Idol Manager: 875,00 TL","Нет","Да","","https://store.playstation.com/en-tr/concept/10004153","2022-08-24","Simulation","PEGI_12"
"7473","I Got Isekai'd into a Shmup","PPSA29069","PS5","Нет","549,00 TL","","Нет","Нет","","https://store.playstation.com/en-tr/concept/10014550","2025-10-16","Arcade","PEGI_12"
"7474","I Am Future: Cozy Apocalypse Survival","PPSA28867","PS5","Нет","849,00 TL","","Нет","Да","","https://store.playstation.com/en-tr/concept/10014424","2026-01-08","Simulation","PEGI_3"
"7475","I Expect You To Die 2","CUSA27601","PS4","Нет","875,00 TL","","Нет","Нет","","https://store.playstation.com/en-tr/concept/10002732","2021-08-23","Puzzle","PEGI_7"
"7476","I Have No Mouth, and I Must Scream","PPSA28836","PS4, PS5","Нет","429,00 TL","","Нет","Нет","","https://store.playstation.com/en-tr/concept/10012592","2025-03-27","Horror","PEGI_16"
"7477","I Expect You To Die","CUSA07396","PS4","Нет","875,00 TL","","Нет","Нет","","https://store.playstation.com/en-tr/concept/221938","2017-04-03","Puzzle","PEGI_7"
"7478","IKARUGA","CUSA11525","PS4","Нет","349,00 TL","","Нет","Нет","","https://store.playstation.com/en-tr/concept/231304","2018-06-29","Shooter","PEGI_7"
"7479","Ikenfell","CUSA23937","PS4","Нет","849,00 TL","","Нет","Нет","","https://store.playstation.com/en-tr/concept/10001167","2020-10-08","Role Playing Games","PEGI_7"
"7480","I love Finding Wild Friends","PPSA24816","PS5","Нет","21,45 TL","","Нет","Нет","","https://store.playstation.com/en-tr/concept/10011910","2024-10-24","Adventure","PEGI_3"
"7481","Ikkarus and the Prince of Sin","PPSA18598","PS4, PS5","Нет","104,70 TL","","Нет","Нет","","https://store.playstation.com/en-tr/concept/10009238","2024-01-09","Role Playing Games","PEGI_16"
"7482","I Love Finding Birds","PPSA15290","PS5","Нет","21,45 TL","","Нет","Нет","","https://store.playstation.com/en-tr/concept/10007937","2023-10-21","Adventure","PEGI_3"
"7483","I Love Finding Cats!","PPSA14100","PS5","Нет","21,45 TL","","Нет","Нет","","https://store.playstation.com/en-tr/concept/10007510","2023-10-20","Adventure","PEGI_3"
"7484","Imagine Earth","PPSA03992","PS4, PS5","Нет","1.079,00 TL","","Нет","Да","","https://store.playstation.com/en-tr/concept/10001900","2024-05-08","Strategy","PEGI_3"
"7485","I Love Finding Pups!","PPSA14102","PS5","Нет","32,45 TL","","Нет","Нет","","https://store.playstation.com/en-tr/concept/10007511","2023-04-24","Adventure","PEGI_3"
"7486","Ikai","PPSA06585","PS5","Нет","571,00 TL","Ikai: 571,00 TL; Ikai: 549,00 TL","Нет","Нет","","https://store.playstation.com/en-tr/concept/10004529","2022-03-29","Horror","PEGI_16"
"7487","Ikonei Island: An Earthlock Adventure","CUSA43342","PS4","Нет","463,95 TL","","Нет","Нет","","https://store.playstation.com/en-tr/concept/10008361","2024-03-21","Adventure","PEGI_7"
"7488","I Love Finding MORE Pups","PPSA14108","PS5","Нет","32,45 TL","","Нет","Нет","","https://store.playstation.com/en-tr/concept/10007514","2023-03-31","Adventure","PEGI_3"
"7489","I Love Finding Cats & Pups","PPSA23506","PS5","Нет","21,45 TL","","Нет","Нет","","https://store.playstation.com/en-tr/concept/10011220","2024-06-17","Adventure","PEGI_3"
"7490","I'LL KILL HER","PPSA16100","PS5","Нет","171,00 TL","I'LL KILL HER: 171,00 TL; I'LL KILL HER: 171,00 TL","Нет","Да","","https://store.playstation.com/en-tr/concept/10008234","2023-06-29","Unique","PEGI_16"
"7491","I'm in Love With Your Dead Grandmother","PPSA13939","PS5","Нет","215,00 TL","I'm in Love With Your Dead Grandmother: 215,00 TL; I'm in Love With Your Dead Grandmother: 215,00 TL","Нет","Нет","","https://store.playstation.com/en-tr/concept/10005437","2023-08-18","Unique","PEGI_16"
"7492","I Love Finding Furbabies","PPSA19553","PS5","Нет","21,45 TL","","Нет","Нет","","https://store.playstation.com/en-tr/concept/10009578","2023-11-20","Adventure","PEGI_3"
"7493","I Love Finding MORE Cats","PPSA14106","PS5","Нет","32,45 TL","","Нет","Нет","","https://store.playstation.com/en-tr/concept/10007513","2023-03-30","Adventure","PEGI_3"
"7494","I'm Hungry","CUSA15302","PS4","Нет","595,00 TL","","Нет","Да","","https://store.playstation.com/en-tr/concept/231779","2019-07-03","Casual","PEGI_3"
"7495","I Love Food","PPSA06816","PS4, PS5","Нет","215,00 TL","","Нет","Нет","","https://store.playstation.com/en-tr/concept/10004664","2022-04-20","Puzzle","PEGI_3"
"7496","Immortal Legacy: The Jade Cipher","CUSA17066","PS4","Нет","849,00 TL","","Нет","Нет","","https://store.playstation.com/en-tr/concept/10001004","2020-03-29","Adventure","PEGI_18"
"7497","Immortal Legacy: The Jade Cipher","CUSA09438","PS4","Нет","849,00 TL","","Нет","Нет","","https://store.playstation.com/en-tr/concept/233461","2019-04-16","Action","PEGI_18"
"7498","I'm in Love With Your Dead Grandmother Presents: Noah SmallJohnson's Puzzle Game","CUSA43175","PS4","Нет","215,00 TL","Basic Normie Edition: 215,00 TL; Mega Chad Edition: 300,00 TL","Нет","Нет","","https://store.playstation.com/en-tr/concept/10008116","2023-04-21","Arcade","PEGI_12"
"7499","Immortal Planet","CUSA17125","PS4","Нет","525,00 TL","","Нет","Нет","","https://store.playstation.com/en-tr/concept/234833","2019-12-05","Action","PEGI_16"
"7501","Immortal Redneck","CUSA07811","PS4","Нет","849,00 TL","","Нет","Да","","https://store.playstation.com/en-tr/concept/227381","2018-02-27","Arcade","PEGI_16"
"7502","Immortus Temporus","PPSA06371","PS5","Нет","215,00 TL","Immortus Temporus: 215,00 TL; Immortus Temporus: 215,00 TL","Нет","Да","","https://store.playstation.com/en-tr/concept/10003416","2022-06-16","Puzzle","PEGI_3"
"7503","Independence Day Break","CUSA28414","PS4","Нет","279,00 TL","Independence Day Break - Avatar Full Game Bundle: 279,00 TL; Independence Day Break: 279,00 TL; Holiday Break Mega Game Bundle: 849,00 TL","Нет","Нет","","https://store.playstation.com/en-tr/concept/10003049","2021-06-25","Arcade","PEGI_3"
"7504","Indie All Star Vol 1","CUSA51011","PS4, PS5","Нет","2.099,00 TL","","Нет","Да","","https://store.playstation.com/en-tr/concept/10012393","2024-09-12","Action","PEGI_16"
"7505","In Celebration of Violence","PPSA21627","PS5","Нет","455,00 TL","","Нет","Нет","","https://store.playstation.com/en-tr/concept/10010435","2024-03-14","Role Playing Games","PEGI_16"
"7506","Indie All Star Vol 4","CUSA51632","PS4, PS5","Нет","3.149,00 TL","","Да","Да","","https://store.playstation.com/en-tr/concept/10012889","2024-10-29","Action","PEGI_16"
"7507","Indie All Star Vol 3","CUSA51633","PS4, PS5","Нет","2.099,00 TL","","Нет","Да","","https://store.playstation.com/en-tr/concept/10012888","2024-10-24","Action","PEGI_16"
"7508","INAYAH – Life After Gods","PPSA31250","PS5","Нет","774,00 TL","","Нет","Да","","https://store.playstation.com/en-tr/concept/10015780","2025-08-18","Action","PEGI_16"
"7509","I'm on Observation Duty 7","PPSA27281","PS4, PS5","Нет","515,00 TL","","Нет","Да","","https://store.playstation.com/en-tr/concept/10013341","2025-08-15","Horror","PEGI_12"
"7510","Indie All Star Vol 2","CUSA51631","PS4, PS5","Нет","1.399,00 TL","","Нет","Да","","https://store.playstation.com/en-tr/concept/10012885","2024-10-21","Action","PEGI_16"
"7511","In Death","CUSA13639","PS4","Нет","1.299,00 TL","","Нет","Нет","","https://store.playstation.com/en-tr/concept/232793","2018-11-27","Action","PEGI_16"
"7512","Industria","PPSA06605","PS5","Нет","699,00 TL","","Нет","Да","","https://store.playstation.com/en-tr/concept/10004546","2022-06-09","Action","PEGI_12"
"7513","I'm on Observation Duty 8","PPSA33049","PS5","Нет","515,00 TL","","Нет","Да","","https://store.playstation.com/en-tr/concept/10016799","2025-12-05","Puzzle","PEGI_12"
"7514","Indiecalypse","CUSA19518","PS4","Нет","549,00 TL","","Нет","Нет","","https://store.playstation.com/en-tr/concept/10000618","2020-06-25","Adventure","PEGI_16"
"7515","I'm on Observation Duty 6","PPSA20943","PS5","Нет","419,00 TL","","Нет","Да","","https://store.playstation.com/en-tr/concept/10010146","2024-10-26","Horror","PEGI_16"
"7516","Indoor Baseball","PPSA36867","PS5","Нет","649,00 TL","","Нет","Нет","","https://store.playstation.com/en-tr/concept/10016283","2026-04-24","Sport","PEGI_3"
"7517","Independence Day Break Head to Head","CUSA28827","PS4","Нет","279,00 TL","Independence Day Break Head to Head - Avatar Full Game Bundle: 279,00 TL; Independence Day Break Head to Head: 279,00 TL","Нет","Нет","","https://store.playstation.com/en-tr/concept/10003205","2021-06-11","Arcade","PEGI_3"
"7518","Inescapable: No Rules, No Rescue","PPSA12367","PS5","Нет","524,70 TL","Inescapable: No Rules, No Rescue: 524,70 TL; Inescapable: No Rules, No Rescue: 524,70 TL","Нет","Нет","","https://store.playstation.com/en-tr/concept/10006582","2023-10-18","Adventure","PEGI_18"
"7519","Indigo 7 Quest for Love","PPSA08581","PS5","Нет","525,00 TL","Indigo 7 Quest for Love: 525,00 TL; Indigo 7 Quest for Love: 525,00 TL","Нет","Нет","","https://store.playstation.com/en-tr/concept/10002865","2022-06-27","Puzzle","PEGI_3"
"7520","Indie All Star Vol 5","CUSA51705","PS4, PS5","Нет","2.799,00 TL","","Нет","Да","","https://store.playstation.com/en-tr/concept/10012942","2024-11-06","Action","PEGI_16"
"7521","Inertial Drift","PPSA04896","PS4, PS5","Нет","174,75 TL","Inertial Drift - Twilight Rivals Edition: 262,25 TL; Inertial Drift: 174,75 TL","Нет","Да","","https://store.playstation.com/en-tr/concept/234957","2022-11-14","Driving/Racing","PEGI_3"
"7522","Indoor Kickball","PPSA15713","PS5","Нет","649,00 TL","","Нет","Нет","","https://store.playstation.com/en-tr/concept/10007628","2023-09-28","Family","PEGI_3"
"7523","Independence Day Run","PPSA10869","PS5","Нет","279,00 TL","Independence Day Run: 279,00 TL; Premium Edition: 279,00 TL","Нет","Нет","","https://store.playstation.com/en-tr/concept/10006373","2022-12-15","Casual","PEGI_3"
"7524","In Between","CUSA04307","PS4","Нет","419,00 TL","","Нет","Да","","https://store.playstation.com/en-tr/concept/221731","2019-10-01","Puzzle","PEGI_7"
"7525","In Extremis DX","CUSA30665","PS4","Нет","175,00 TL","","Нет","Нет","","https://store.playstation.com/en-tr/concept/10003901","2022-11-16","Shooter","PEGI_7"
"7526","Infinite - Beyond the Mind","CUSA17624","PS4","Нет","387,00 TL","","Нет","Да","","https://store.playstation.com/en-tr/concept/235046","2020-05-06","Adventure","PEGI_7"
"7527","Infinite Tanks WWII","CUSA26664","PS4","Нет","849,00 TL","","Нет","Да","","https://store.playstation.com/en-tr/concept/10002350","2022-01-11","Action","PEGI_12"
"7528","Injection π23 'No Name, No Number'","CUSA33143","PS4","Нет","429,00 TL","","Нет","Нет","","https://store.playstation.com/en-tr/concept/10004809","2022-04-22","Horror","PEGI_18"
"7529","Infestor","PPSA03559","PS4, PS5","Нет","215,00 TL","","Нет","Да","","https://store.playstation.com/en-tr/concept/10000997","2021-05-06","Action","PEGI_7"
"7530","In Fair Spirits","PPSA36171","PS4, PS5","Нет","387,00 TL","","Нет","Нет","","https://store.playstation.com/en-tr/concept/10018662","2026-07-02","Adventure","PEGI_12"
"7531","Infernax","CUSA30994","PS4","Нет","849,00 TL","","Нет","Да","","https://store.playstation.com/en-tr/concept/10003982","2022-02-14","Adventure","PEGI_16"
"7532","Injection π23 'No Name, No Number' - Expansion Events","CUSA33145","PS4","Нет","215,00 TL","","Нет","Нет","","https://store.playstation.com/en-tr/concept/10004863","2022-04-22","Horror","PEGI_18"
"7533","Infinite Arrow","CUSA30236","PS4","Нет","215,00 TL","","Нет","Нет","","https://store.playstation.com/en-tr/concept/10001972","2021-09-12","Casual","PEGI_3"
"7534","Infini","PPSA04256","PS4, PS5","Нет","85,80 TL","","Нет","Нет","","https://store.playstation.com/en-tr/concept/10002919","2023-05-17","Puzzle","PEGI_12"
"7535","Infinos 2","CUSA43428","PS4","Нет","215,00 TL","","Нет","Нет","","https://store.playstation.com/en-tr/concept/10008398","2025-10-15","Shooter","PEGI_7"
"7536","Infinite Inside","PPSA20665","PS5","Нет","455,00 TL","","Нет","Нет","","https://store.playstation.com/en-tr/concept/10010044","2024-07-11","Unique","PEGI_3"
"7537","Inflatables","PPSA32064","PS5","Нет","85,00 TL","","Нет","Нет","","https://store.playstation.com/en-tr/concept/10016287","2025-08-14","Arcade","PEGI_7"
"7538","Infinity Runner","CUSA00808","PS4","Нет","300,00 TL","","Нет","Нет","","https://store.playstation.com/en-tr/concept/202148","2015-04-21","Action","PEGI_12"
"7539","Infinite Minigolf","CUSA07813","PS4","Нет","649,00 TL","","Нет","Нет","","https://store.playstation.com/en-tr/concept/227378","2017-07-24","Sport","PEGI_3"
"7540","Injection π23 'Tabula Rasa'","PPSA18405","PS5","Нет","1.299,00 TL","","Нет","Да","","https://store.playstation.com/en-tr/concept/10009151","2025-12-22","Strategy","PEGI_16"
"7541","Inhuman Resources: A Literary Machination","PPSA35203","PS5","Нет","649,00 TL","","Нет","Нет","","https://store.playstation.com/en-tr/concept/10018088","2026-04-16","Role Playing Games","PEGI_7"
"7542","Infinifactory","CUSA02937","PS4","Нет","1.031,00 TL","","Нет","Нет","","https://store.playstation.com/en-tr/concept/202150","2016-01-15","Puzzle","PEGI_12"
"7543","Infinos","CUSA45595","PS4","Нет","215,00 TL","","Нет","Нет","","https://store.playstation.com/en-tr/concept/10009412","2025-10-15","Shooter","PEGI_7"
"7544","Inked: A Tale of Love","CUSA29776","PS4","Нет","429,00 TL","","Нет","Да","","https://store.playstation.com/en-tr/concept/10003122","2021-09-09","Adventure","PEGI_7"
"7545","Injection π23 'No name, no number'","CUSA14711","PS4","Нет","429,00 TL","","Нет","Нет","","https://store.playstation.com/en-tr/concept/233259","2019-06-03","Horror","PEGI_18"
"7546","Ink Inside","PPSA25659","PS5","Нет","429,00 TL","","Нет","Нет","","https://store.playstation.com/en-tr/concept/10011260","2025-12-11","Action","PEGI_3"
"7547","INK","CUSA08952","PS4","Нет","429,00 TL","","Нет","Нет","","https://store.playstation.com/en-tr/concept/227146","2017-09-19","Adventure","PEGI_3"
"7548","Inkling Cats : Beneath the dreams","PPSA36526","PS5","Нет","649,00 TL","","Нет","Нет","","https://store.playstation.com/en-tr/concept/10018874","2026-04-02","Action","PEGI_7"
"7549","InnerSpace","CUSA07734","PS4","Нет","849,00 TL","","Нет","Да","","https://store.playstation.com/en-tr/concept/227380","2018-01-16","Adventure","PEGI_3"
"7550","Instant Sports Plus","PPSA04320","PS4, PS5","Нет","699,00 TL","Instant Sports Plus: 699,00 TL; Instant Sports Bundle: 397,50 TL","Нет","Нет","","https://store.playstation.com/en-tr/concept/10003240","2021-11-25","Party","PEGI_3"
"7551","Inkventure","PPSA29751","PS4, PS5","Нет","215,00 TL","","Нет","Нет","","https://store.playstation.com/en-tr/concept/10014945","2025-06-05","Puzzle","PEGI_3"
"7552","In Stars and Time","PPSA13937","PS5","Нет","466,95 TL","In Stars and Time: 466,95 TL; In Stars and Time: 466,95 TL","Нет","Нет","","https://store.playstation.com/en-tr/concept/10007419","2023-11-20","Role Playing Games","PEGI_12"
"7553","InkSplosion","CUSA11651","PS4","Нет","215,00 TL","","Нет","Да","","https://store.playstation.com/en-tr/concept/231895","2018-05-09","Action","PEGI_3"
"7554","Inspector Waffles: Early Days","PPSA27035","PS4, PS5","Нет","214,50 TL","","Нет","Нет","","https://store.playstation.com/en-tr/concept/10013175","2025-09-11","Adventure","PEGI_12"
"7555","Inside My Radio","CUSA01097","PS4","Нет","525,00 TL","","Нет","Да","","https://store.playstation.com/en-tr/concept/216305","2016-01-19","Action","PEGI_7"
"7556","Insectum - Epic Battles of Bugs","PPSA23691","PS5","Нет","52,35 TL","","Нет","Нет","","https://store.playstation.com/en-tr/concept/10011327","2024-10-02","Strategy","PEGI_7"
"7557","In My Shadow","CUSA30272","PS4","Нет","515,00 TL","","Нет","Да","","https://store.playstation.com/en-tr/concept/10003401","2022-02-10","Puzzle","PEGI_3"
"7558","In Space We Brawl","CUSA01257","PS4","Нет","171,00 TL","","Нет","Нет","","https://store.playstation.com/en-tr/concept/202135","2014-10-10","Arcade","PEGI_7"
"7559","In Nightmare","PPSA06109","PS5","Нет","699,00 TL","In Nightmare: 699,00 TL; In Nightmare: 699,00 TL","Нет","Да","","https://store.playstation.com/en-tr/concept/10002650","2022-03-29","Horror","PEGI_12"
"7560","Instant Sports Winter Games","PPSA08073","PS4, PS5","Нет","699,00 TL","","Нет","Нет","","https://store.playstation.com/en-tr/concept/10005264","2022-07-21","Party","PEGI_3"
"7561","Innocence Island","PPSA09306","PS5","Нет","849,00 TL","Innocence Island: 849,00 TL; Innocence Island: 849,00 TL","Нет","Нет","","https://store.playstation.com/en-tr/concept/10005773","2022-10-11","Adventure","PEGI_16"
"7562","Insane Robots","CUSA06319","PS4","Нет","849,00 TL","Insane Robots - Deluxe Edition: 1.419,00 TL; Insane Robots: 849,00 TL; Insane Robots - Season Pass: 649,00 TL","Нет","Нет","","https://store.playstation.com/en-tr/concept/231759","2018-07-10","Casual","PEGI_7"
"7563","Ink & Paper: DoodleCut","CUSA57403","PS4","Нет","215,00 TL","Standard Edition: 215,00 TL; Complete Edition: 300,00 TL","Нет","Нет","","https://store.playstation.com/en-tr/concept/10017520","2025-12-23","Family","PEGI_3"
"7564","INSTANT SPORTS All-Stars","PPSA07519","PS5","Нет","879,00 TL","INSTANT SPORTS All-Stars: 879,00 TL; INSTANT SPORTS All-Stars: 875,00 TL","Нет","Нет","","https://store.playstation.com/en-tr/concept/10005021","2022-07-03","Sport","PEGI_3"
"7565","Instruments of Destruction","PPSA30796","PS5","Нет","849,00 TL","","Нет","Да","","https://store.playstation.com/en-tr/concept/10015527","2025-10-23","Action","PEGI_7"
"7566","International Basketball","CUSA45497","PS4","Нет","175,00 TL","","Нет","Нет","","https://store.playstation.com/en-tr/concept/10009353","2023-10-06","Sport","PEGI_3"
"7567","inKONBINI: One Store. Many Stories","PPSA24262","PS4, PS5","Нет","1.079,00 TL","Digital Deluxe Edition: 1.160,00 TL","Нет","Да","","https://store.playstation.com/en-tr/concept/10011644","2026-04-30","Casual","PEGI_3"
"7568","International Table Tennis","CUSA32139","PS4","Нет","175,00 TL","","Нет","Нет","","https://store.playstation.com/en-tr/concept/10004464","2022-03-10","Sport","PEGI_3"
"7569","Into Black","PPSA27338","PS5","Нет","584,55 TL","","Нет","Нет","","https://store.playstation.com/en-tr/concept/10013367","2025-08-27","Role Playing Games","PEGI_7"
"7571","Into the Restless Ruins","PPSA27589","PS5","Нет","529,00 TL","Into the Restless Ruins: 529,00 TL","Нет","Да","","https://store.playstation.com/en-tr/concept/10013512","2025-05-15","Arcade","PEGI_7"
"7572","ION Shift","PPSA33996","PS5","Нет","515,00 TL","ION Shift: 515,00 TL; ION Shift: 515,00 TL","Нет","Да","","https://store.playstation.com/en-tr/concept/10017323","2025-12-19","Shooter","PEGI_16"
"7573","Into the Slimy Mines","PPSA36363","PS5","Нет","411,75 TL","Into the Slimy Ruins: 863,20 TL; Into the Slimy Mines: 411,75 TL","Нет","Да","","https://store.playstation.com/en-tr/concept/10018784","2026-05-29","Arcade","PEGI_7"
"7574","INVERSUS Deluxe","CUSA04189","PS4","Нет","623,00 TL","","Нет","Да","","https://store.playstation.com/en-tr/concept/217196","2016-08-16","Action","PEGI_3"
"7575","Irem Collection Volume 1","PPSA16530","PS4, PS5","Нет","879,00 TL","","Нет","Нет","","https://store.playstation.com/en-tr/concept/10008412","2023-11-20","Arcade","PEGI_7"
"7576","INVECTOR: RHYTHM GALAXY","CUSA44030","PS4","Нет","1.079,00 TL","","Нет","Да","","https://store.playstation.com/en-tr/concept/10008686","2024-02-08","Music/Rhythm","PEGI_3"
"7577","Into Death and Beyond","PPSA28137","PS5","Нет","349,00 TL","","Нет","Нет","","https://store.playstation.com/en-tr/concept/10013146","2025-03-06","Horror","PEGI_16"
"7578","Invisigun Reloaded","CUSA17191","PS4","Нет","215,00 TL","","Нет","Нет","","https://store.playstation.com/en-tr/concept/234827","2019-09-24","Action","PEGI_7"
"7579","Intruders: Hide and Seek","CUSA09446","PS4","Нет","849,00 TL","","Нет","Нет","","https://store.playstation.com/en-tr/concept/229126","2019-02-12","Horror","PEGI_18"
"7580","Invisible, Inc.","CUSA04281","PS4","Нет","174,75 TL","","Нет","Нет","","https://store.playstation.com/en-tr/concept/216301","2016-04-19","Strategy","PEGI_16"
"7581","iO","CUSA04542","PS4","Нет","343,00 TL","","Нет","Нет","","https://store.playstation.com/en-tr/concept/217173","2017-02-14","Action","PEGI_3"
"7582","Invasion","PPSA19197","PS5","Нет","300,00 TL","Invasion: 300,00 TL; Arcade Double Game Bundle: 167,40 TL; Invasion: 300,00 TL; Arcade Double Game Bundle: 167,40 TL","Нет","Нет","","https://store.playstation.com/en-tr/concept/10009444","2023-10-31","Arcade","PEGI_3"
"7583","In Trusted Hands","PPSA35892","PS4, PS5","Нет","429,00 TL","","Нет","Да","","https://store.playstation.com/en-tr/concept/10018504","2026-05-07","Simulator","PEGI_12"
"7584","Intrepid Izzy","PPSA10103","PS4, PS5","Нет","389,00 TL","","Нет","Нет","","https://store.playstation.com/en-tr/concept/10006122","2022-12-01","Action","PEGI_7"
"7585","IN-VERT","CUSA17824","PS4","Нет","215,00 TL","","Нет","Да","","https://store.playstation.com/en-tr/concept/235091","2020-01-07","Adventure","PEGI_3"
"7586","Irem Collection Volume 2","PPSA24705","PS4, PS5","Нет","875,00 TL","Digital Edition: 875,00 TL; Irem Collection Volume 1-2: 1.749,00 TL","Нет","Нет","","https://store.playstation.com/en-tr/concept/10011863","2024-11-14","Shooter","PEGI_7"
"7587","Invocation: The Festival of Souls","PPSA23513","PS5","Нет","27,60 TL","Invocation: The Festival of Souls: 27,60 TL; ITFOS Avatar Bundle PS5: 70,00 TL; Invocation: The Festival of Souls: 27,60 TL; ITFOS Theme Avatar Bundle PS4: 70,00 TL","Нет","Нет","","https://store.playstation.com/en-tr/concept/10011221","2024-07-26","Action","PEGI_7"
"7588","Irem Collection Volume 3","PPSA28507","PS4, PS5","Нет","1.079,00 TL","","Нет","Нет","","https://store.playstation.com/en-tr/concept/10014201","2025-07-01","Shooter","PEGI_7"
"7589","In Sound Mind","PPSA04921","PS5","Нет","1.499,00 TL","Standard Edition (PS5): 1.499,00 TL; Deluxe Edition (PS5): 1.749,00 TL","Нет","Да","","https://store.playstation.com/en-tr/concept/10001487","2021-09-28","Horror","PEGI_12"
"7590","Invasion Of Space 2","CUSA50341","PS4","Нет","107,00 TL","","Нет","Нет","","https://store.playstation.com/en-tr/concept/10012012","2024-09-30","Adventure","PEGI_7"
"7591","Iris and the Giant","CUSA40546","PS4","Нет","525,00 TL","Iris and the Giant: 525,00 TL; Deluxe Soundtrack Edition: 89,25 TL","Нет","Да","","https://store.playstation.com/en-tr/concept/10007266","2023-03-02","Puzzle","PEGI_7"
"7592","Iris.Fall","CUSA24668","PS4","Нет","849,00 TL","","Нет","Да","","https://store.playstation.com/en-tr/concept/10000769","2021-01-06","Strategy","PEGI_7"
"7593","I, Robot","PPSA25423","PS5","Нет","649,00 TL","I, Robot: 649,00 TL; I, Robot: 649,00 TL","Нет","Нет","","https://store.playstation.com/en-tr/concept/10012198","2025-04-16","Arcade","PEGI_3"
"7594","Ironclad Tactics","CUSA01571","PS4","Нет","649,00 TL","","Нет","Нет","","https://store.playstation.com/en-tr/concept/202178","2015-01-21","Strategy","PEGI_12"
"7595","Ironcast","CUSA02530","PS4","Нет","549,00 TL","Ironcast: Complete Collection: 687,00 TL; Ironcast: 549,00 TL","Нет","Нет","","https://store.playstation.com/en-tr/concept/202179","2016-03-02","Puzzle","PEGI_12"
"7596","IRON CRYPTICLE","CUSA07110","PS4","Нет","387,00 TL","","Нет","Нет","","https://store.playstation.com/en-tr/concept/229982","2017-07-10","Horror","PEGI_7"
"7597","- Isekai Tragic Love - 異世界最強勇者の悲恋物語","CUSA45644","PS4","Нет","687,00 TL","","Нет","Да","","https://store.playstation.com/en-tr/concept/10009428","2024-12-18","Adventure","PEGI_16"
"7598","Island Rescue","PPSA30530","PS5","Нет","129,00 TL","","Нет","Нет","","https://store.playstation.com/en-tr/concept/10015381","2025-06-12","Puzzle","PEGI_3"
"7599","It Could Happen to You","PPSA24300","PS4, PS5","Нет","175,00 TL","","Нет","Нет","","https://store.playstation.com/en-tr/concept/10011658","2024-10-17","Adventure","PEGI_16"
"7600","Island Flight Simulator","CUSA07870","PS4","Нет","699,00 TL","","Нет","Нет","","https://store.playstation.com/en-tr/concept/228766","2017-06-19","Family","PEGI_3"
"7601","It Came From Space and Ate Our Brains","CUSA18002","PS4","Нет","649,00 TL","","Нет","Да","","https://store.playstation.com/en-tr/concept/221729","2020-01-27","Arcade","PEGI_7"
"7602","Irony Curtain: From Matryoshka with Love","CUSA11691","PS4","Нет","849,00 TL","Irony Curtain: From Matryoshka with Love - Original Soundtrack: 215,00 TL; Irony Curtain: From Matryoshka with Love: 849,00 TL; Irony Curtain - Revolutionary Edition: 1.299,00 TL; Comrade Rabbit Bundle: 1.079,00 TL","Нет","Нет","","https://store.playstation.com/en-tr/concept/231922","2019-06-24","Adventure","PEGI_16"
"7603","Itadaki Smash","CUSA27555","PS4","Нет","78,75 TL","","Нет","Нет","","https://store.playstation.com/en-tr/concept/10002730","2021-05-20","Action","PEGI_12"
"7604","ISLANDERS","CUSA28006","PS4","Нет","175,00 TL","","Нет","Нет","","https://store.playstation.com/en-tr/concept/10002911","2021-08-25","Casual","PEGI_3"
"7605","Is this Game Trying to Kill Me?","PPSA27570","PS5","Нет","419,40 TL","","Нет","Да","","https://store.playstation.com/en-tr/concept/10013490","2025-04-03","Adventure","PEGI_16"
"7606","Iron Heart","CUSA50205","PS4","Нет","429,00 TL","","Нет","Да","","https://store.playstation.com/en-tr/concept/10011932","2024-10-25","Strategy","PEGI_7"
"7607","Iron Danger","PPSA12357","PS5","Нет","699,00 TL","","Нет","Да","","https://store.playstation.com/en-tr/concept/10006844","2023-08-16","Strategy","PEGI_16"
"7608","Is It Wrong to Try to Pick Up Girls in a Dungeon? Familia Myth Infinite Combate","CUSA18909","PS4","Нет","349,75 TL","","Нет","Нет","","https://store.playstation.com/en-tr/concept/225205","2020-08-07","Role Playing Games","PEGI_12"
"7609","Island Farmer","PPSA33628","PS5","Нет","150,00 TL","","Нет","Да","","https://store.playstation.com/en-tr/concept/10016291","2026-08-13","Family","PEGI_3"
"7610","Isolation Instinct: Farming, Craft, Survival","CUSA49643","PS4","Нет","113,75 TL","","Нет","Нет","","https://store.playstation.com/en-tr/concept/10011543","2024-08-05","Adventure","PEGI_12"
"7611","It's Quiz Time","CUSA07336","PS4","Нет","1.079,00 TL","","Нет","Нет","","https://store.playstation.com/en-tr/concept/227376","2017-11-27","Casual","PEGI_3"
"7612","It Reaches","PPSA36073","PS5","Нет","849,00 TL","","Нет","Да","","https://store.playstation.com/en-tr/concept/10018589","2026-05-25","Horror","PEGI_16"
"7613","ISLANDERS: New Shores","PPSA26224","PS5","Нет","429,00 TL","ISLANDERS: New Shores: 429,00 TL; The Scenic Builders Pack: 515,00 TL; The Full Archipelago Bundle: 649,00 TL; Island Hopping Bundle: 580,00 TL","Нет","Да","","https://store.playstation.com/en-tr/concept/10012470","2025-07-10","Puzzle","PEGI_3"
"7614","- Isekai Harem Saver - ハーレム過ぎる異世界は俺が救う","CUSA45655","PS4","Нет","687,00 TL","","Нет","Да","","https://store.playstation.com/en-tr/concept/10009431","2024-10-15","Adventure","PEGI_16"
"7615","Is Today Another Day?","PPSA37641","PS5","Нет","193,00 TL","Is Today Another Day?: 193,00 TL; Is Today Another Day?: 193,00 TL","Нет","Да","","https://store.playstation.com/en-tr/concept/10019501","2026-06-19","Adventure","PEGI_16"
"7616","IXION","PPSA23281","PS5","Нет","1.499,00 TL","","Нет","Да","","https://store.playstation.com/en-tr/concept/10009170","2025-04-08","Strategy","PEGI_7"
"7617","It's Quiz Time Guinness World Records 2026 Edition","PPSA34612","PS4, PS5","Нет","1.299,00 TL","It's Quiz Time: Mega Pack: 1.079,00 TL; It's Quiz Time Guinness World Records 2026 Edition PS4 & PS5: 1.299,00 TL","Нет","Нет","","https://store.playstation.com/en-tr/concept/10016529","2026-02-11","Quiz","PEGI_3"
"7618","I, Zombie","CUSA06797","PS4","Нет","31,40 TL","","Нет","Нет","","https://store.playstation.com/en-tr/concept/225206","2016-11-23","Action","PEGI_7"
"7619","Jack Holmes: Master Of Puppets","PPSA19370","PS5","Нет","259,60 TL","","Нет","Да","","https://store.playstation.com/en-tr/concept/10009503","2024-05-01","Horror","PEGI_18"
"7620","Jack Move","CUSA32155","PS4","Нет","849,00 TL","","Нет","Да","","https://store.playstation.com/en-tr/concept/10004467","2022-09-20","Role Playing Games","PEGI_12"
"7621","Jaleco Sports: Goal!","PPSA33237","PS5","Нет","257,25 TL","","Нет","Нет","","https://store.playstation.com/en-tr/concept/10015687","2025-11-20","Sport","PEGI_3"
"7622","JakX: Combat Racing","CUSA07992","PS4","Нет","525,00 TL","","Нет","Нет","","https://store.playstation.com/en-tr/concept/229131","2017-12-05","Action","PEGI_12"
"7623","Jay and Silent Bob: Chronic Blunt Punch","PPSA34438","PS5","Нет","849,00 TL","","Нет","Нет","","https://store.playstation.com/en-tr/concept/10017598","2026-04-20","Fighting","PEGI_16"
"7624","Jack N’ Jill","CUSA12944","PS4","Нет","215,00 TL","","Нет","Да","","https://store.playstation.com/en-tr/concept/232514","2018-09-26","Adventure","PEGI_3"
"7625","JankBrain","CUSA25680","PS4","Нет","107,00 TL","","Нет","Нет","","https://store.playstation.com/en-tr/concept/10001455","2021-01-28","Action","PEGI_7"
"7626","Jak and Daxter: The Lost Frontier","PPSA14325","PS4, PS5","Нет","429,00 TL","","Нет","Нет","","https://store.playstation.com/en-tr/concept/10007600","2024-03-19","Adventure","PEGI_12"
"7627","Jak II: Renegade","CUSA07990","PS4","Нет","525,00 TL","","Нет","Нет","","https://store.playstation.com/en-tr/concept/202185","2017-12-05","Action","PEGI_12"
"7628","Jamestown+","CUSA02212","PS4","Нет","687,00 TL","","Нет","Нет","","https://store.playstation.com/en-tr/concept/202259","2015-03-17","Action","PEGI_7"
"7629","JackQuest: The Tale of the Sword","CUSA14231","PS4","Нет","515,00 TL","","Нет","Да","","https://store.playstation.com/en-tr/concept/233050","2019-01-23","Action","PEGI_7"
"7630","JAWS","PPSA35505","PS5","Нет","649,00 TL","","Нет","Нет","","https://store.playstation.com/en-tr/concept/10018282","2026-02-12","Action","PEGI_3"
"7631","Jaleco Sports: Goal! 2","PPSA33565","PS5","Нет","257,25 TL","","Нет","Нет","","https://store.playstation.com/en-tr/concept/10017067","2026-04-02","Sport","PEGI_3"
"7632","Jak 3","CUSA07991","PS4","Нет","525,00 TL","","Нет","Да","","https://store.playstation.com/en-tr/concept/202184","2017-12-05","Action","PEGI_12"
"7633","Japanese Rail Sim: Journey to Kyoto","CUSA28510","PS4","Нет","2.149,00 TL","","Нет","Нет","","https://store.playstation.com/en-tr/concept/10001462","2021-06-22","Simulation","PEGI_3"
"7634","Jaleco Sports: Bases Loaded 2","PPSA33566","PS5","Нет","257,25 TL","","Нет","Нет","","https://store.playstation.com/en-tr/concept/10017068","2026-04-02","Sport","PEGI_3"
"7635","Jay and Silent Bob: Mall Brawl","CUSA28505","PS4","Нет","774,00 TL","","Нет","Нет","","https://store.playstation.com/en-tr/concept/10002106","2021-05-19","Arcade","PEGI_7"
"7636","Japanese Rail Sim: Hakone Town of Natural Beauty and Hot Springs","CUSA50612","PS4","Нет","2.149,00 TL","","Нет","Нет","","https://store.playstation.com/en-tr/concept/10012164","2024-12-20","Simulator","PEGI_3"
"7637","Jaleco Sports: Bases Loaded","PPSA33238","PS5","Нет","257,25 TL","","Нет","Нет","","https://store.playstation.com/en-tr/concept/10014747","2025-11-20","Sport","PEGI_3"
"7638","Jaden & Jasmine II: Lost Memories","PPSA25728","PS5","Нет","687,00 TL","","Нет","Нет","","https://store.playstation.com/en-tr/concept/10012374","2026-03-31","Unique","PEGI_16"
"7639","Jazzpunk: Director's Cut","CUSA05228","PS4","Нет","629,00 TL","","Нет","Нет","","https://store.playstation.com/en-tr/concept/221707","2016-10-19","Action","PEGI_16"
"7640","Jeanne d'Arc","PPSA13995","PS4, PS5","Нет","429,00 TL","","Нет","Нет","","https://store.playstation.com/en-tr/concept/10007464","2024-07-16","Role Playing Games","PEGI_7"
"7641","JellyCar Worlds","PPSA33746","PS5","Нет","283,00 TL","JellyCar Worlds: 283,00 TL; JellyCar Worlds: 283,00 TL","Нет","Да","","https://store.playstation.com/en-tr/concept/10016938","2025-12-04","Unique","PEGI_3"
"7642","Jetpack Kiwi","PPSA24298","PS4, PS5","Нет","209,00 TL","","Нет","Нет","","https://store.playstation.com/en-tr/concept/10011657","2024-11-07","Casual","PEGI_3"
"7643","Jewel Match Solitaire L'Amour","PPSA34801","PS5","Нет","225,00 TL","","Нет","Нет","","https://store.playstation.com/en-tr/concept/10017822","2026-02-12","Casual","PEGI_3"
"7644","Jewel Match Solitaire 2","PPSA25112","PS5","Нет","21,45 TL","","Нет","Нет","","https://store.playstation.com/en-tr/concept/10012045","2024-11-19","Casual","PEGI_3"
"7645","Jet Set Knights","CUSA20332","PS4","Нет","349,00 TL","","Нет","Да","","https://store.playstation.com/en-tr/concept/10000869","2020-09-22","Action","PEGI_18"
"7646","Jewel Match Solitaire: Winterscapes","PPSA14137","PS5","Нет","32,45 TL","","Нет","Нет","","https://store.playstation.com/en-tr/concept/10007529","2023-05-29","Casual","PEGI_3"
"7647","Jettomero: Hero of the Universe","CUSA11028","PS4","Нет","429,00 TL","","Нет","Да","","https://store.playstation.com/en-tr/concept/231102","2018-02-26","Action","PEGI_7"
"7648","Jewel Match Solitaire: Winterscapes 2","PPSA21674","PS5","Нет","21,45 TL","","Нет","Нет","","https://store.playstation.com/en-tr/concept/10010452","2024-03-21","Casual","PEGI_3"
"7649","Jewel Rotation","CUSA18370","PS4","Нет","209,00 TL","","Нет","Нет","","https://store.playstation.com/en-tr/concept/235417","2025-01-17","Unique","PEGI_3"
"7650","Jewel Match Atlantis Solitaire","PPSA21598","PS5","Нет","42,90 TL","","Нет","Нет","","https://store.playstation.com/en-tr/concept/10010422","2024-05-20","Casual","PEGI_3"
"7651","Jewel Match Twilight Solitaire","PPSA14135","PS5","Нет","32,45 TL","","Нет","Нет","","https://store.playstation.com/en-tr/concept/10007528","2023-04-28","Casual","PEGI_7"
"7652","Jewel Fever 2","CUSA14369","PS4","Нет","209,00 TL","","Нет","Нет","","https://store.playstation.com/en-tr/concept/233103","2018-11-27","Casual","PEGI_3"
"7653","Jet Rider 2","PPSA17995","PS4, PS5","Нет","429,00 TL","","Нет","Нет","","https://store.playstation.com/en-tr/concept/10009010","2024-02-20","Driving/Racing","PEGI_7"
"7654","Jewel Fever 3","CUSA50891","PS4","Нет","209,00 TL","","Нет","Нет","","https://store.playstation.com/en-tr/concept/10012286","2025-01-16","Puzzle","PEGI_3"
"7655","JETT: The Far Shore + Given Time","PPSA01754","PS4, PS5","Нет","1.299,00 TL","JETT: The Far Shore + Given Time: 1.299,00 TL; JETT: The Far Shore + Given Time: 1.299,00 TL","Нет","Нет","","https://store.playstation.com/en-tr/concept/10001026","2021-10-04","Action","PEGI_7"
"7656","Jett Rider","PPSA20379","PS4, PS5","Нет","537,00 TL","","Нет","Нет","","https://store.playstation.com/en-tr/concept/10009901","2024-01-25","Action","PEGI_7"
"7657","Jewel Match Solitaire","PPSA14139","PS5","Нет","21,45 TL","","Нет","Нет","","https://store.playstation.com/en-tr/concept/10007530","2023-11-02","Casual","PEGI_3"
"7658","Jewel Match Solitaire X","PPSA36988","PS5","Нет","255,00 TL","","Нет","Нет","","https://store.playstation.com/en-tr/concept/10019106","2026-05-01","Casual","PEGI_3"
"7659","JIGSAW CHRONICLES: Haunting Tales","PPSA26217","PS5","Нет","175,00 TL","","Нет","Нет","","https://store.playstation.com/en-tr/concept/10012693","2024-11-02","Puzzle","PEGI_3"
"7660","JEX","PPSA25294","PS5","Нет","129,00 TL","JEX: 129,00 TL; JEX: 129,00 TL","Нет","Нет","","https://store.playstation.com/en-tr/concept/10012128","2024-09-22","Action","PEGI_3"
"7661","JIGSAW CHRONICLES: Heroes of Legend","PPSA25752","PS5","Нет","34,50 TL","JIGSAW CHRONICLES: Heroes of Legend I Avatar Pack: 175,00 TL; JIGSAW CHRONICLES: Heroes of Legend: 34,50 TL","Нет","Нет","","https://store.playstation.com/en-tr/concept/10012391","2024-09-22","Puzzle","PEGI_3"
"7662","Jigsaw Tetra Avatar Bundle","CUSA47104","PS4","Нет","34,80 TL","Jigsaw Tetra Avatar Bundle: 34,80 TL; Jigsaw Tetra: 34,50 TL; Jigsaw Tetra Avatar Bundle: 34,80 TL; Jigsaw Tetra: 34,50 TL","Нет","Нет","","https://store.playstation.com/en-tr/concept/10010126","2024-03-01","Puzzle","PEGI_3"
"7663","Jingle Strike VR Bowling","PPSA34016","PS5","Нет","343,00 TL","","Нет","Нет","","https://store.playstation.com/en-tr/concept/10016551","2026-06-26","Sport","PEGI_3"
"7664","JIGSAW CHRONICLES: Most Wanted","PPSA26488","PS5","Нет","69,00 TL","","Нет","Нет","","https://store.playstation.com/en-tr/concept/10012862","2024-12-05","Puzzle","PEGI_3"
"7665","Jelly & Toast","PPSA28093","PS4, PS5","Нет","215,00 TL","","Нет","Да","","https://store.playstation.com/en-tr/concept/10013930","2026-01-08","Arcade","PEGI_3"
"7666","Jimmy and the Pulsating Mass","PPSA17204","PS4, PS5","Нет","849,00 TL","","Нет","Нет","","https://store.playstation.com/en-tr/concept/10008700","2026-02-03","Role Playing Games","PEGI_12"
"7667","Jet Rider","PPSA16535","PS4, PS5","Нет","429,00 TL","","Нет","Нет","","https://store.playstation.com/en-tr/concept/10008415","2025-03-07","Driving/Racing","PEGI_7"
"7668","Jitsu Squad","PPSA09828","PS5","Нет","1.049,00 TL","Jitsu Squad: 1.049,00 TL; Jitsu Squad: 1.049,00 TL","Нет","Нет","","https://store.playstation.com/en-tr/concept/10006019","2022-12-08","Action","PEGI_16"
"7669","Jisei: The First Case HD","CUSA20165","PS4","Нет","43,00 TL","","Нет","Нет","","https://store.playstation.com/en-tr/concept/10000750","2020-07-21","Adventure","PEGI_12"
"7670","Juicy Realm","PPSA19816","PS5","Нет","649,00 TL","Juicy Realm: 649,00 TL; Juicy Realm: 601,00 TL","Нет","Нет","","https://store.playstation.com/en-tr/concept/10009462","2024-03-14","Action","PEGI_7"
"7671","Journey Collector’s Edition","CUSA02172","PS4","Нет","1.079,00 TL","","Нет","Нет","","https://store.playstation.com/en-tr/concept/215384","2015-09-29","Adventure","PEGI_7"
"7672","Josh Journey: Darkness Totems","CUSA33974","PS4","Нет","489,00 TL","","Нет","Да","","https://store.playstation.com/en-tr/concept/10005188","2022-10-05","Adventure","PEGI_7"
"7673","Jolt Family Robot Racer","CUSA10399","PS4","Нет","215,00 TL","","Нет","Нет","","https://store.playstation.com/en-tr/concept/231103","2018-03-06","Arcade","PEGI_3"
"7674","Jumbo Airport Story","CUSA40519","PS4","Нет","515,00 TL","","Нет","Нет","","https://store.playstation.com/en-tr/concept/10007250","2023-08-02","Simulation","PEGI_3"
"7675","Joe Wander and the Enigmatic adventures","PPSA07829","PS5","Нет","1.299,00 TL","","Нет","Да","","https://store.playstation.com/en-tr/concept/10005152","2023-03-18","Puzzle","PEGI_7"
"7676","John Fart : Text-iverse of Crazyness","PPSA35522","PS5","Нет","215,00 TL","John Fart: Text-iverse of Crazyness: 215,00 TL; John Fart: Text-iverse of Crazyness: 215,00 TL","Нет","Нет","","https://store.playstation.com/en-tr/concept/10006501","2026-03-27","Adventure","PEGI_12"
"7677","Judero","PPSA30798","PS5","Нет","730,00 TL","","Нет","Нет","","https://store.playstation.com/en-tr/concept/10015522","2025-10-03","Action","PEGI_12"
"7678","Jumanji: Wild Adventures","PPSA08978","PS4, PS5","Нет","1.399,00 TL","","Нет","Нет","","https://store.playstation.com/en-tr/concept/10004449","2023-11-02","Action","PEGI_7"
"7679","Jujubos","CUSA45382","PS4","Нет","215,00 TL","","Нет","Нет","","https://store.playstation.com/en-tr/concept/10005064","2023-10-18","Adventure","PEGI_3"
"7680","Jotun","CUSA05293","PS4","Нет","525,00 TL","","Нет","Да","","https://store.playstation.com/en-tr/concept/221912","2016-09-09","Action","PEGI_12"
"7681","Journey of the Broken Circle","CUSA26381","PS4","Нет","343,00 TL","","Нет","Нет","","https://store.playstation.com/en-tr/concept/10002238","2021-03-12","Action","PEGI_7"
"7682","Jump Challenge!","PPSA05860","PS5","Нет","283,00 TL","Jump Challenge!: 283,00 TL; Jump Challenge!: 283,00 TL","Нет","Да","","https://store.playstation.com/en-tr/concept/10004167","2022-11-18","Action","PEGI_3"
"7683","Juiced Fruit Racing","PPSA33038","PS5","Нет","649,00 TL","Juiced Fruit Racing: 649,00 TL; Juiced Fruit Racing: 649,00 TL","Нет","Нет","","https://store.playstation.com/en-tr/concept/10016791","2025-10-23","Driving/Racing","PEGI_3"
"7684","Jump King","CUSA18514","PS4","Нет","164,70 TL","","Нет","Да","","https://store.playstation.com/en-tr/concept/10000308","2020-06-08","Adventure","PEGI_3"
"7685","Jump Man","PPSA24888","PS5","Нет","215,00 TL","Jump Man: 215,00 TL; Jump Man: 215,00 TL","Нет","Нет","","https://store.playstation.com/en-tr/concept/10011937","2025-03-05","Arcade","PEGI_12"
"7686","23 seconds to 5","CUSA24472","PS4","Нет","472,00 TL","","Нет","Нет","","https://store.playstation.com/en-tr/concept/10001274","2021-07-31","Action","PEGI_3"
"7687","Jumping Flash!","PPSA06359","PS4, PS5","Нет","429,00 TL","","Нет","Нет","","https://store.playstation.com/en-tr/concept/10004413","2025-03-07","Adventure","PEGI_3"
"7688","Jump Stars","CUSA05801","PS4","Нет","429,00 TL","","Нет","Да","","https://store.playstation.com/en-tr/concept/222849","2017-06-05","Party","PEGI_3"
"7689","Joe's Diner","CUSA03774","PS4","Нет","649,00 TL","","Нет","Нет","","https://store.playstation.com/en-tr/concept/216295","2016-09-07","Adventure","PEGI_7"
"7690","Journey of a Special Average Balloon","PPSA32234","PS4, PS5","Нет","193,00 TL","","Нет","Нет","","https://store.playstation.com/en-tr/concept/10016380","2025-09-15","Casual","PEGI_3"
"7691","Just Find It 3","PPSA23869","PS5","Нет","42,90 TL","","Нет","Нет","","https://store.playstation.com/en-tr/concept/10011433","2024-07-15","Casual","PEGI_3"
"7692","JURNAL RISA: DARK DESTINY","PPSA32300","PS5","Нет","679,20 TL","","Нет","Нет","","https://store.playstation.com/en-tr/concept/10016423","2026-06-17","Adventure","PEGI_16"
"7693","Jupiter & Mars","CUSA12578","PS4","Нет","525,00 TL","","Нет","Нет","","https://store.playstation.com/en-tr/concept/229983","2019-05-08","Adventure","PEGI_3"
"7694","Justice Sucks","PPSA06713","PS4, PS5","Нет","699,00 TL","","Нет","Да","","https://store.playstation.com/en-tr/concept/10004611","2022-09-08","Arcade","PEGI_16"
"7695","Just Find It 4","PPSA28561","PS5","Нет","85,80 TL","","Нет","Нет","","https://store.playstation.com/en-tr/concept/10014240","2025-03-13","Casual","PEGI_3"
"7696","Just a Phrase by POWGI","CUSA17521","PS4","Нет","343,00 TL","","Нет","Нет","","https://store.playstation.com/en-tr/concept/234989","2020-02-03","Casual","PEGI_3"
"7697","Just Deserts","PPSA35430","PS4, PS5","Нет","429,00 TL","","Нет","Нет","","https://store.playstation.com/en-tr/concept/10018211","2026-03-26","Adventure","PEGI_16"
"7698","Just Die Already","CUSA25705","PS4","Нет","601,00 TL","4-Player Co-op Bundle: 1.749,00 TL; Old Flames Bundle: 1.299,00 TL; Just Die Already: 601,00 TL","Нет","Да","","https://store.playstation.com/en-tr/concept/233233","2021-05-19","Unique","PEGI_12"
"7699","Just Find It 2","PPSA21690","PS5","Нет","21,45 TL","","Нет","Нет","","https://store.playstation.com/en-tr/concept/10010456","2024-03-21","Adventure","PEGI_3"
"7700","Justice Ninja Casey","PPSA27064","PS4, PS5","Нет","209,00 TL","","Нет","Нет","","https://store.playstation.com/en-tr/concept/10013206","2025-02-27","Adventure","PEGI_7"
"7701","Just Find It","PPSA21436","PS5","Нет","21,45 TL","","Нет","Нет","","https://store.playstation.com/en-tr/concept/10010349","2024-03-13","Puzzle","PEGI_3"
"7702","Just Deal With It!","CUSA11505","PS4","Нет","849,00 TL","","Нет","Нет","","https://store.playstation.com/en-tr/concept/231801","2018-11-14","Casual","PEGI_12"
"7703","Jusant","PPSA10264","PS5","Нет","1.079,00 TL","","Нет","Да","","https://store.playstation.com/en-tr/concept/10006168","2023-10-30","Adventure","PEGI_3"
"7704","Junkyard Builder","PPSA30927","PS5","Нет","649,00 TL","Junkyard Builder & Farmer's Life Bundle: 1.419,00 TL; Junkyard Builder & Arena Renovation Bundle: 1.419,00 TL; Junkyard Builder: 649,00 TL","Нет","Да","","https://store.playstation.com/en-tr/concept/10015623","2025-10-21","Simulator","PEGI_3"
"7705","Just Crow Things","PPSA27621","PS5","Нет","769,00 TL","Just Crow Things: 769,00 TL; Just Crow Things: 769,00 TL","Нет","Да","","https://store.playstation.com/en-tr/concept/10012571","2025-03-18","Puzzle","PEGI_7"
"7706","Just Ignore Them","CUSA15839","PS4","Нет","215,00 TL","","Нет","Нет","","https://store.playstation.com/en-tr/concept/234061","2019-10-22","Adventure","PEGI_16"
"7707","Juufuutei Raden's Guide for Pixel Museum","CUSA56735","PS4","Нет","849,00 TL","Juufuutei Raden™'s Guide for Pixel Museum: 849,00 TL","Нет","Нет","","https://store.playstation.com/en-tr/concept/10016920","2025-12-10","Puzzle","PEGI_3"
"7708","Just In Time Incorporated","CUSA11575","PS4","Нет","215,00 TL","","Нет","Нет","","https://store.playstation.com/en-tr/concept/231760","2018-04-23","Action","PEGI_12"
"7709","Jurassic Pinball","PPSA08382","PS4, PS5","Нет","31,50 TL","","Нет","Нет","","https://store.playstation.com/en-tr/concept/10005376","2022-06-09","Arcade","PEGI_3"
"7710","Junkster","PPSA22450","PS5","Нет","429,00 TL","","Нет","Да","","https://store.playstation.com/en-tr/concept/10010682","2026-06-16","Family","PEGI_7"
"7711","Kaboomania","PPSA35884","PS5","Нет","429,00 TL","","Нет","Нет","","https://store.playstation.com/en-tr/concept/10018498","2026-08-12","Action","PEGI_7"
"7712","Kaichu: The Kaiju Dating Sim","PPSA08454","PS4, PS5","Нет","429,00 TL","","Нет","Нет","","https://store.playstation.com/en-tr/concept/10005406","2022-09-07","Role Playing Games","PEGI_12"
"7713","Kabounce","CUSA10466","PS4","Нет","649,00 TL","Kabounce Digital Deluxe Edition: 849,00 TL; Kabounce: 649,00 TL","Нет","Да","","https://store.playstation.com/en-tr/concept/231315","2018-05-29","Action","PEGI_3"
"7714","Kaiju Big Battel: Fighto Fantasy","PPSA28371","PS4, PS5","Нет","699,00 TL","","Нет","Нет","","https://store.playstation.com/en-tr/concept/10014107","2025-05-13","Role Playing Games","PEGI_7"
"7715","Karma City Police","PPSA28320","PS4, PS5","Нет","515,00 TL","","Нет","Нет","","https://store.playstation.com/en-tr/concept/10014073","2025-07-17","Adventure","PEGI_12"
"7716","Kaiju Wars","CUSA33612","PS4","Нет","699,00 TL","Kaiju Wars: 699,00 TL; Deluxe Edition: 153,80 TL","Нет","Да","","https://store.playstation.com/en-tr/concept/10005040","2022-11-10","Strategy","PEGI_7"
"7717","OKAMI HD","CUSA08364","PS4","Нет","699,00 TL","","Нет","Нет","","https://store.playstation.com/en-tr/concept/216640","2017-12-11","Adventure","PEGI_12"
"7718","KAMITSUBAKI CITY REGENERATE","CUSA54740","PS4","Нет","749,50 TL","","Нет","Нет","","https://store.playstation.com/en-tr/concept/10015170","2025-09-03","Adventure","PEGI_12"
"7719","Karma. Incarnation 1","CUSA28054","PS4","Нет","429,00 TL","","Нет","Нет","","https://store.playstation.com/en-tr/concept/10002929","2021-05-13","Adventure","PEGI_3"
"7720","KarmaZoo","PPSA12380","PS5","Нет","429,00 TL","","Нет","Да","","https://store.playstation.com/en-tr/concept/10006504","2023-11-13","Action","PEGI_3"
"7721","Kara Fantasy","PPSA28129","PS4, PS5","Нет","209,00 TL","","Нет","Да","","https://store.playstation.com/en-tr/concept/10013952","2025-03-27","Role Playing Games","PEGI_7"
"7722","KAMiBAKO - Mythology of Cube","PPSA19595","PS4, PS5","Нет","1.299,00 TL","KAMiBAKO - Mythology of Cube -: 1.299,00 TL","Нет","Нет","","https://store.playstation.com/en-tr/concept/10008937","2025-01-29","Role Playing Games","PEGI_7"
"7723","Kamikaze Lassplanes","PPSA36442","PS5","Нет","849,00 TL","Standard Edition: 849,00 TL; Deluxe Edition: 949,00 TL","Нет","Нет","","https://store.playstation.com/en-tr/concept/10018776","2026-04-24","Action","PEGI_12"
"7724","Katamari Damacy REROLL","CUSA24205","PS4","Нет","262,25 TL","","Нет","Нет","","https://store.playstation.com/en-tr/concept/10001045","2020-11-19","Action","PEGI_3"
"7725","Kargast","PPSA05812","PS4, PS5","Нет","429,00 TL","","Нет","Нет","","https://store.playstation.com/en-tr/concept/10004136","2023-05-16","Adventure","PEGI_7"
"7726","Kalinur","PPSA16992","PS4, PS5","Нет","257,00 TL","","Нет","Нет","","https://store.playstation.com/en-tr/concept/10008604","2023-08-29","Action","PEGI_7"
"7727","Kaku - Ancient Seal","PPSA30797","PS5","Нет","1.299,00 TL","","Нет","Да","","https://store.playstation.com/en-tr/concept/10015528","2025-10-16","Adventure","PEGI_12"
"7728","Karakulo 21","PPSA38577","PS5","Нет","257,00 TL","","Нет","Да","","https://store.playstation.com/en-tr/concept/10020075","2026-08-13","Horror","PEGI_3"
"7729","Kansei: The Second Turn HD","PPSA05784","PS4, PS5","Нет","279,00 TL","","Нет","Нет","","https://store.playstation.com/en-tr/concept/10004111","2022-01-13","Adventure","PEGI_7"
"7730","Karate Survivor","PPSA29713","PS5","Нет","257,00 TL","Karate Survivor: 257,00 TL; Karate Survivor: 179,90 TL","Нет","Да","","https://store.playstation.com/en-tr/concept/10014856","2025-08-27","Casual","PEGI_12"
"7731","Kamiwaza: Way of the Thief","CUSA32577","PS4","Нет","1.399,00 TL","","Нет","Нет","","https://store.playstation.com/en-tr/concept/10004620","2022-10-14","Action","PEGI_12"
"7732","KATANA KAMI: A Way of the Samurai Story","CUSA16934","PS4","Нет","1.049,00 TL","","Нет","Нет","","https://store.playstation.com/en-tr/concept/234370","2020-02-19","Action","PEGI_16"
"7733","Katana Kata","PPSA06543","PS5","Нет","525,00 TL","Katana Kata: 525,00 TL; Katana Kata: 525,00 TL","Нет","Да","","https://store.playstation.com/en-tr/concept/10002149","2024-08-22","Action","PEGI_18"
"7734","Kairobotica","CUSA23955","PS4","Нет","455,00 TL","","Нет","Нет","","https://store.playstation.com/en-tr/concept/10001173","2021-11-17","Simulation","PEGI_3"
"7735","Kat-tastic Hidden Object","PPSA37227","PS5","Нет","255,00 TL","","Нет","Нет","","https://store.playstation.com/en-tr/concept/10019259","2026-06-04","Casual","PEGI_3"
"7736","Kamikaze Veggies","CUSA33423","PS4","Нет","559,00 TL","","Нет","Да","","https://store.playstation.com/en-tr/concept/10004715","2022-12-08","Adventure","PEGI_12"
"7737","KAUIL’S TREASURE","CUSA25418","PS4","Нет","236,00 TL","","Нет","Нет","","https://store.playstation.com/en-tr/concept/10001832","2020-12-16","Adventure","PEGI_7"
"7738","Khara The Game","CUSA11045","PS4","Нет","429,00 TL","","Нет","Нет","","https://store.playstation.com/en-tr/concept/231287","2018-05-16","Adventure","PEGI_12"
"7739","Ki11er Clutter","PPSA14122","PS5","Нет","21,45 TL","","Нет","Нет","","https://store.playstation.com/en-tr/concept/10007521","2023-11-02","Puzzle","PEGI_3"
"7740","Kero Blaster","CUSA06010","PS4","Нет","419,00 TL","","Нет","Да","","https://store.playstation.com/en-tr/concept/222853","2017-04-11","Action","PEGI_3"
"7741","Ken Follett's The Pillars of the Earth","CUSA08560","PS4","Нет","499,00 TL","","Нет","Да","","https://store.playstation.com/en-tr/concept/227222","2017-08-15","Adventure","PEGI_16"
"7742","Kenshō","PPSA38334","PS5","Нет","649,00 TL","","Нет","Да","","https://store.playstation.com/en-tr/concept/10019907","2026-07-02","Puzzle","PEGI_7"
"7743","KAWAII SLIME ARENA","PPSA10967","PS4, PS5","Нет","257,00 TL","","Нет","Нет","","https://store.playstation.com/en-tr/concept/10006413","2022-12-15","Shooter","PEGI_12"
"7744","Kiai Resonance","CUSA19540","PS4","Нет","343,00 TL","","Нет","Нет","","https://store.playstation.com/en-tr/concept/10000624","2021-08-11","Fighting","PEGI_16"
"7745","Keeper's Toll","PPSA28623","PS4, PS5","Нет","245,00 TL","","Нет","Да","","https://store.playstation.com/en-tr/concept/10014278","2025-06-10","Adventure","PEGI_16"
"7746","Kholat","CUSA04252","PS4","Нет","174,75 TL","","Нет","Да","","https://store.playstation.com/en-tr/concept/216317","2016-03-07","Adventure","PEGI_12"
"7747","Kawaii Deathu Desu","CUSA25081","PS4","Нет","150,00 TL","","Нет","Да","","https://store.playstation.com/en-tr/concept/10000844","2020-11-30","Action","PEGI_12"
"7748","KEJORA","PPSA29708","PS5","Нет","594,30 TL","KEJORA: 594,30 TL; KEJORA: 594,30 TL","Нет","Нет","","https://store.playstation.com/en-tr/concept/10014900","2026-01-14","Adventure","PEGI_7"
"7749","Key of Heaven","PPSA07537","PS4, PS5","Нет","429,00 TL","","Нет","Нет","","https://store.playstation.com/en-tr/concept/10005028","2025-03-07","Role Playing Games","PEGI_12"
"7750","Kick & Fennick","CUSA03859","PS4","Нет","649,00 TL","","Нет","Нет","","https://store.playstation.com/en-tr/concept/202287","2016-06-02","Action","PEGI_7"
"7751","Kemono Heroes","PPSA24321","PS4, PS5","Нет","649,00 TL","","Нет","Нет","","https://store.playstation.com/en-tr/concept/10011666","2025-03-27","Action","PEGI_7"
"7752","Keylocker | Turn Based Cyberpunk Action","PPSA23172","PS5","Нет","849,00 TL","","Нет","Нет","","https://store.playstation.com/en-tr/concept/10011063","2024-09-18","Role Playing Games","PEGI_7"
"7753","Kick it, Bunny!","CUSA30577","PS4","Нет","249,00 TL","","Нет","Да","","https://store.playstation.com/en-tr/concept/10003865","2021-10-13","Puzzle","PEGI_3"
"7754","Keep Talking and Nobody Explodes","CUSA06561","PS4","Нет","525,00 TL","","Нет","Нет","","https://store.playstation.com/en-tr/concept/224859","2017-01-23","Simulation","PEGI_3"
"7755","Kentucky Route Zero","PPSA15802","PS4, PS5","Нет","769,00 TL","","Нет","Да","","https://store.playstation.com/en-tr/concept/229797","2023-08-17","Unique","PEGI_12"
"7756","Kawaii Puzzle Quest 2","PPSA31853","PS5","Нет","25,60 TL","Kawaii Puzzle Quest 2 Avatar Bundle: 86,00 TL; Kawaii Puzzle Quest 2: 25,60 TL; Kawaii Puzzle Quest 2: 25,60 TL","Нет","Нет","","https://store.playstation.com/en-tr/concept/10016182","2025-08-08","Puzzle","PEGI_12"
"7757","Kid Ball Adventure","PPSA08460","PS4, PS5","Нет","175,00 TL","","Нет","Да","","https://store.playstation.com/en-tr/concept/10005410","2022-08-23","Action","PEGI_3"
"7758","Kids On Site - Hard","PPSA23501","PS5","Нет","649,00 TL","Kids On Site - Hard Hat Edition: 649,00 TL; Kids On Site - Hard Hat Edition: 774,00 TL","Нет","Нет","","https://store.playstation.com/en-tr/concept/10004892","2026-05-07","Simulation","PEGI_3"
"7760","Kids Learn","CUSA47094","PS4","Нет","279,00 TL","Kids Learn: 279,00 TL","Нет","Нет","","https://store.playstation.com/en-tr/concept/10010123","2024-01-19","Puzzle","PEGI_3"
"7761","KickBeat","CUSA00401","PS4","Нет","429,00 TL","","Нет","Нет","","https://store.playstation.com/en-tr/concept/202285","2014-09-16","Fighting","PEGI_12"
"7762","Kiko's Apple Adventure","PPSA36974","PS4, PS5","Нет","257,00 TL","","Нет","Нет","","https://store.playstation.com/en-tr/concept/10019103","2026-05-29","Puzzle","PEGI_3"
"7763","Kind Heart Defenders","CUSA43891","PS4","Нет","257,00 TL","","Нет","Да","","https://store.playstation.com/en-tr/concept/10008627","2023-09-21","Strategy","PEGI_3"
"7764","Killing Time: Resurrected","PPSA24075","PS4, PS5","Нет","1.079,00 TL","","Нет","Нет","","https://store.playstation.com/en-tr/concept/10011545","2024-10-18","Shooter","PEGI_16"
"7765","Kill The Bad Guy","CUSA04997","PS4","Нет","245,00 TL","","Нет","Да","","https://store.playstation.com/en-tr/concept/217220","2017-01-31","Fighting","PEGI_16"
"7766","Kingblade: Medieval TCG Card Shop","PPSA34991","PS5","Нет","429,00 TL","","Нет","Да","","https://store.playstation.com/en-tr/concept/10017949","2026-02-22","Simulator","PEGI_3"
"7767","KILLALLZOMBIES","CUSA00849","PS4","Нет","429,00 TL","","Нет","Нет","","https://store.playstation.com/en-tr/concept/202326","2014-11-12","Action","PEGI_16"
"7768","Kingdom Eighties","PPSA13581","PS5","Нет","146,65 TL","","Нет","Да","","https://store.playstation.com/en-tr/concept/10007265","2023-10-16","Strategy","PEGI_7"
"7769","KINGDOM HEARTS HD 1.5 + 2.5 ReMIX","CUSA05786","PS4","Нет","1.749,00 TL","","Нет","Нет","","https://store.playstation.com/en-tr/concept/225697","2017-03-30","Role Playing Games","PEGI_12"
"7770","Kill It With Fire","CUSA24061","PS4","Нет","525,00 TL","Kill It With Fire: 525,00 TL; Exterminator Edition: 699,00 TL","Нет","Да","","https://store.playstation.com/en-tr/concept/10001230","2021-03-04","Action","PEGI_7"
"7771","Kinetica","CUSA01947","PS4","Нет","429,00 TL","","Нет","Нет","","https://store.playstation.com/en-tr/concept/202368","2016-05-16","Driving/Racing","PEGI_7"
"7772","KILL IT WITH FIRE! 2","PPSA15735","PS5","Нет","649,00 TL","","Нет","Нет","","https://store.playstation.com/en-tr/concept/10008124","2025-11-25","Horror","PEGI_7"
"7773","Killer Klowns From Outer Space: The Game","PPSA18774","PS5","Нет","699,50 TL","Killer Klowns From Outer Space: The Game: 699,50 TL; Digital Deluxe: 1.049,50 TL","Нет","Нет","","https://store.playstation.com/en-tr/concept/10009210","2024-05-28","Horror","PEGI_18"
"7774","King Arthur: Knight's Tale","PPSA17880","PS5","Нет","1.949,00 TL","","Нет","Да","","https://store.playstation.com/en-tr/concept/10008967","2024-02-18","Role Playing Games","PEGI_16"
"7775","Kine","CUSA23052","PS4","Нет","849,00 TL","","Нет","Нет","","https://store.playstation.com/en-tr/concept/10000018","2019-10-08","Puzzle","PEGI_3"
"7776","KINGDOM HEARTS Collection [I～III]","PPSA35901","PS5","Да","3.449,00 TL","KINGDOM HEARTS III + Re Mind (DLC): 1.749,00 TL; KINGDOM HEARTS HD 2.8 Final Chapter Prologue: 1.749,00 TL; KINGDOM HEARTS Collection [I～III]: 3.449,00 TL; KINGDOM HEARTS -HD 1.5+2.5 ReMIX-: 1.749,00 TL","Нет","Нет","","https://store.playstation.com/en-tr/concept/10018494","2026-10-05","Role Playing Games","PEGI_12"
"7777","Kingdom of Arcadia","PPSA03293","PS4, PS5","Нет","209,00 TL","","Нет","Нет","","https://store.playstation.com/en-tr/concept/10001317","2021-04-13","Action","PEGI_7"
"7778","King Arthur: Legion IX","PPSA22803","PS5","Нет","849,00 TL","","Нет","Да","","https://store.playstation.com/en-tr/concept/10010880","2025-05-06","Role Playing Games","PEGI_16"
"7779","Kiln","PPSA34512","PS5","Нет","799,00 TL","Kiln: 799,00 TL; Kiln Fired Up Edition: 1.199,00 TL","Нет","Да","","https://store.playstation.com/en-tr/concept/10017667","2026-04-23","Action","PEGI_7"
"7780","Kingdom of Asteborg","PPSA22055","PS5","Нет","1.499,00 TL","Kingdom of Asteborg: 1.499,00 TL; Kingdom of Asteborg: 1.419,00 TL","Нет","Нет","","https://store.playstation.com/en-tr/concept/10010610","2025-02-27","Adventure","PEGI_12"
"7781","Kingdom: New Lands","CUSA10900","PS4","Нет","525,00 TL","","Нет","Да","PS Plus Extra","https://store.playstation.com/en-tr/concept/231088","2018-01-15","Action","PEGI_7"
"7782","Kiki - A Vibrant 3D Platformer","PPSA22885","PS4, PS5","Нет","175,00 TL","","Нет","Нет","","https://store.playstation.com/en-tr/concept/10010927","2024-09-10","Puzzle","PEGI_7"
"7784","Killsquad","CUSA31668","PS4","Нет","1.299,00 TL","","Нет","Да","","https://store.playstation.com/en-tr/concept/10004269","2023-07-20","Action","PEGI_12"
"7785","KINGDOM HEARTS HD 2.8 Final Chapter Prologue","CUSA05787","PS4","Нет","2.299,00 TL","","Нет","Нет","","https://store.playstation.com/en-tr/concept/221709","2017-01-24","Role Playing Games","PEGI_12"
"7786","King Oddball","PPSA02148","PS4, PS5","Нет","215,00 TL","","Нет","Нет","","https://store.playstation.com/en-tr/concept/202378","2020-11-11","Puzzle","PEGI_3"
"7787","King of Ping Pong: MEGAMIX","PPSA28645","PS4, PS5","Нет","300,00 TL","","Нет","Нет","","https://store.playstation.com/en-tr/concept/10014290","2025-09-16","Adventure","PEGI_7"
"7788","King of the Hat","CUSA43014","PS4","Нет","774,00 TL","","Нет","Да","","https://store.playstation.com/en-tr/concept/10003031","2023-08-24","Action","PEGI_7"
"7789","Kingdom's Dungeon Rage","CUSA48297","PS4","Нет","209,00 TL","","Нет","Нет","","https://store.playstation.com/en-tr/concept/10010713","2024-06-27","Puzzle","PEGI_7"
"7790","kingdom of drift","CUSA33875","PS4","Нет","849,00 TL","","Нет","Нет","","https://store.playstation.com/en-tr/concept/10005148","2022-05-14","Driving/Racing","PEGI_3"
"7791","King's Heir: Rise to the Throne","CUSA14262","PS4","Нет","649,00 TL","Enchanted Kingdoms Bundle: 1.547,00 TL","Нет","Нет","","https://store.playstation.com/en-tr/concept/233065","2018-12-14","Adventure","PEGI_12"
"7792","Kingdom of Blades","CUSA13011","PS4","Нет","472,00 TL","","Нет","Нет","","https://store.playstation.com/en-tr/concept/232330","2019-01-15","Action","PEGI_7"
"7793","King of drift 2","PPSA28374","PS5","Нет","849,00 TL","King of drift 2: 849,00 TL; King of drift 2: 849,00 TL","Нет","Нет","","https://store.playstation.com/en-tr/concept/10014110","2025-04-28","Driving/Racing","PEGI_3"
"7794","Kingdom's Return: Time-Eating Fruit and the Ancient Monster","PPSA34247","PS5","Нет","549,00 TL","","Нет","Нет","","https://store.playstation.com/en-tr/concept/10017494","2026-04-22","Action","PEGI_3"
"7795","King of Tokyo","PPSA27029","PS5","Нет","1.299,00 TL","","Нет","Нет","","https://store.playstation.com/en-tr/concept/10013147","2026-05-20","Family","PEGI_7"
"7796","King Drift and hajwalah","CUSA13232","PS4","Нет","484,00 TL","","Нет","Нет","","https://store.playstation.com/en-tr/concept/233555","2019-01-24","Driving/Racing","PEGI_3"
"7797","Kitten'd","CUSA16040","PS4","Нет","902,00 TL","","Нет","Да","","https://store.playstation.com/en-tr/concept/234316","2019-11-17","Casual","PEGI_3"
"7798","Kingdom of Aurelia - Mystery of the Poisoned Dagger","PPSA11495","PS5","Нет","699,00 TL","Kingdom of Aurelia - Mystery of the Poisoned Dagger: 699,00 TL; Kingdom of Aurelia - Mystery of the Poisoned Dagger: 529,00 TL","Нет","Да","","https://store.playstation.com/en-tr/concept/10006599","2022-12-24","Family","PEGI_12"
"7799","KinnikuNeko: SUPER MUSCLE CAT","PPSA28908","PS4, PS5","Нет","629,00 TL","","Нет","Да","","https://store.playstation.com/en-tr/concept/10010857","2025-03-19","Arcade","PEGI_12"
"7800","Kittengumi Short: Chapter 0","PPSA33053","PS5","Нет","111,15 TL","PS4/PS5 Cross-Buy: 257,00 TL; Kittengumi Short: Chapter 0: 111,15 TL; Complete Story: 171,75 TL; Kittengumi Short: Chapter 0: 171,00 TL; Avatar Edition: 300,00 TL","Нет","Да","","https://store.playstation.com/en-tr/concept/10016812","2025-10-16","Adventure","PEGI_3"
"7801","Kitaria Fables","PPSA02528","PS4, PS5","Нет","174,75 TL","Standard: 174,75 TL; Deluxe Edition: 218,75 TL","Нет","Да","","https://store.playstation.com/en-tr/concept/10001835","2021-09-01","Role Playing Games","PEGI_7"
"7802","Kitten Island","PPSA19298","PS5","Нет","35,00 TL","Kitten Island: 35,00 TL; Kitten Island: 35,00 TL","Нет","Нет","","https://store.playstation.com/en-tr/concept/10009477","2024-03-30","Action","PEGI_7"
"7803","Kittengumi: The Sakabato's Thief","PPSA14467","PS4, PS5","Нет","85,80 TL","Kittengumi: The Sakabato's Thief: 85,80 TL; Nya Edition: 455,00 TL","Нет","Нет","","https://store.playstation.com/en-tr/concept/10007658","2023-10-12","Adventure","PEGI_12"
"7804","King's Quest - Chapter 1: A Knight to Remember","CUSA02014","PS4","Нет","1.299,00 TL","King's Quest: The Complete Collection: 1.299,00 TL","Нет","Нет","","https://store.playstation.com/en-tr/concept/202341","2015-07-29","Adventure","PEGI_12"
"7806","Kitten Hero","PPSA17792","PS4, PS5","Нет","215,00 TL","","Нет","Нет","","https://store.playstation.com/en-tr/concept/10008925","2024-01-11","Puzzle","PEGI_3"
"7807","Kinki Spiritual Affairs Bureau","PPSA29297","PS5","Нет","412,00 TL","","Нет","Нет","","https://store.playstation.com/en-tr/concept/10014681","2025-07-15","Horror","PEGI_16"
"7808","King Leo","PPSA05336","PS5","Нет","849,00 TL","King Leo: 849,00 TL; King Leo: 849,00 TL","Нет","Нет","","https://store.playstation.com/en-tr/concept/10003822","2021-12-14","Action","PEGI_3"
"7809","Kitten Island 2","PPSA32564","PS5","Нет","215,00 TL","Kitten Island 2: 215,00 TL; Kitten Island 2: 86,00 TL","Нет","Нет","","https://store.playstation.com/en-tr/concept/10016586","2025-09-11","Action","PEGI_3"
"7810","Kitty Powers' Matchmaker","CUSA06985","PS4","Нет","429,00 TL","","Нет","Нет","","https://store.playstation.com/en-tr/concept/227143","2017-02-07","Arcade","PEGI_12"
"7811","Knight's Night!","PPSA29261","PS4, PS5","Нет","175,00 TL","","Нет","Да","","https://store.playstation.com/en-tr/concept/10014668","2025-05-20","Family","PEGI_3"
"7812","Knee Deep","CUSA05222","PS4","Нет","525,00 TL","","Нет","Нет","","https://store.playstation.com/en-tr/concept/222851","2017-01-31","Adventure","PEGI_16"
"7813","Klang 2","PPSA01597","PS4, PS5","Нет","649,00 TL","","Нет","Да","","https://store.playstation.com/en-tr/concept/10001061","2021-11-17","Action","PEGI_12"
"7814","Knights of Pen and Paper +1","CUSA11548","PS4","Нет","849,00 TL","Knights of Pen and Paper Bundle: 1.225,00 TL; Knights of Pen and Paper +1 Deluxier Edition: 849,00 TL","Нет","Нет","","https://store.playstation.com/en-tr/concept/221918","2018-05-28","Strategy","PEGI_7"
"7815","-KLAUS","CUSA03875","PS4","Нет","215,00 TL","-KLAUS-: 215,00 TL","Нет","Да","","https://store.playstation.com/en-tr/concept/202321","2016-01-24","Puzzle","PEGI_7"
"7816","Klaus Lee - Thunderballs","CUSA43165","PS4","Нет","455,00 TL","","Нет","Да","","https://store.playstation.com/en-tr/concept/10008292","2025-06-25","Arcade","PEGI_7"
"7817","Knockout League","CUSA11642","PS4","Нет","849,00 TL","","Нет","Нет","","https://store.playstation.com/en-tr/concept/231325","2018-03-08","Sport","PEGI_12"
"7818","Knock on the Coffin Lid","PPSA28296","PS5","Нет","1.229,00 TL","","Нет","Да","","https://store.playstation.com/en-tr/concept/10013738","2025-05-21","Strategy","PEGI_16"
"7819","Knights of Pen & Paper 2","CUSA12626","PS4","Нет","649,00 TL","","Нет","Да","","https://store.playstation.com/en-tr/concept/221710","2018-12-10","Adventure","PEGI_7"
"7820","Knights & Guns","PPSA14415","PS5","Нет","257,00 TL","","Нет","Нет","","https://store.playstation.com/en-tr/concept/10007640","2024-06-27","Shooter","PEGI_7"
"7821","Knot","CUSA05047","PS4","Нет","193,00 TL","","Нет","Нет","","https://store.playstation.com/en-tr/concept/221713","2016-07-19","Puzzle","PEGI_3"
"7822","Knights of the Round Peg","PPSA29993","PS5","Нет","150,15 TL","","Нет","Нет","","https://store.playstation.com/en-tr/concept/10015072","2025-07-17","Arcade","PEGI_3"
"7823","Knightin'+","PPSA07289","PS5","Нет","257,00 TL","Knightin'+: 257,00 TL; Knightin'+: 257,00 TL","Нет","Да","","https://store.playstation.com/en-tr/concept/235178","2022-04-18","Action","PEGI_7"
"7824","Knightica","PPSA31335","PS5","Нет","649,00 TL","Knightica: 649,00 TL; Knightica: 649,00 TL","Нет","Да","","https://store.playstation.com/en-tr/concept/10015838","2025-08-21","Strategy","PEGI_7"
"7825","Klonoa Phantasy Reverie Series","PPSA04795","PS4, PS5","Нет","1.749,00 TL","Standard Edition: 1.749,00 TL","Нет","Нет","","https://store.playstation.com/en-tr/concept/10003540","2022-07-07","Action","PEGI_7"
"7826","Know by Heart...","CUSA29623","PS4","Нет","649,00 TL","","Да","Да","","https://store.playstation.com/en-tr/concept/10002750","2022-02-10","Adventure","PEGI_12"
"7827","Knights and Bikes","CUSA13273","PS4","Нет","902,00 TL","","Нет","Нет","","https://store.playstation.com/en-tr/concept/232629","2019-08-26","Action","PEGI_7"
"7828","KOI: GAME AND EXCLUSIVE THEME BUNDLE","CUSA05104","PS4","Нет","387,00 TL","","Нет","Нет","","https://store.playstation.com/en-tr/concept/216314","2016-05-03","Adventure","PEGI_3"
"7829","Knowledge Keeper","PPSA19753","PS5","Нет","35,00 TL","Knowledge Keeper: 35,00 TL; Knowledge Keeper: 35,00 TL","Нет","Да","","https://store.playstation.com/en-tr/concept/10009647","2024-04-02","Puzzle","PEGI_7"
"7830","Knight's Retreat","CUSA24415","PS4","Нет","171,00 TL","","Нет","Нет","","https://store.playstation.com/en-tr/concept/10001389","2021-02-12","Casual","PEGI_3"
"7831","Koa and the Five Pirates of Mara","PPSA12432","PS5","Нет","209,70 TL","Koa and the Five Pirates of Mara: 209,70 TL; Koa and the Five Pirates of Mara: 209,70 TL","Нет","Нет","","https://store.playstation.com/en-tr/concept/10006845","2023-07-26","Adventure","PEGI_3"
"7832","Knight vs Giant: The Broken Excalibur","PPSA16155","PS5","Нет","104,85 TL","","Нет","Нет","","https://store.playstation.com/en-tr/concept/10007760","2023-10-04","Action","PEGI_7"
"7833","Knowledge, or know Lady","PPSA30883","PS5","Нет","649,00 TL","Knowledge, or know Lady: 649,00 TL; Knowledge, or know Lady: 649,00 TL","Нет","Нет","","https://store.playstation.com/en-tr/concept/10013320","2025-08-08","Simulation","PEGI_16"
"7834","Koihime Enbu RyoRaiRai","CUSA06753","PS4","Нет","324,50 TL","","Нет","Нет","","https://store.playstation.com/en-tr/concept/232269","2018-07-12","Arcade","PEGI_12"
"7835","Kotenok","PPSA31732","PS4, PS5","Нет","215,00 TL","","Нет","Да","","https://store.playstation.com/en-tr/concept/10016107","2025-10-14","Puzzle","PEGI_3"
"7836","Koira","PPSA24757","PS5","Нет","629,00 TL","","Нет","Да","","https://store.playstation.com/en-tr/concept/10011889","2025-04-01","Adventure","PEGI_7"
"7837","Korix","CUSA05966","PS4","Нет","849,00 TL","","Нет","Нет","","https://store.playstation.com/en-tr/concept/223046","2017-03-27","Strategy","PEGI_3"
"7838","Koumajou Remilia: Scarlet Symphony","PPSA21098","PS5","Нет","1.049,00 TL","","Нет","Нет","","https://store.playstation.com/en-tr/concept/10008699","2024-08-07","Arcade","PEGI_7"
"7839","KreatureKind","PPSA30209","PS5","Нет","509,00 TL","","Нет","Да","","https://store.playstation.com/en-tr/concept/10014360","2025-06-27","Strategy","PEGI_3"
"7840","Koloro","CUSA18055","PS4","Нет","87,25 TL","","Нет","Нет","","https://store.playstation.com/en-tr/concept/235222","2020-06-04","Action","PEGI_7"
"7841","Krimson","PPSA19808","PS5","Нет","429,00 TL","Krimson: 429,00 TL; Krimson: 429,00 TL","Нет","Нет","","https://store.playstation.com/en-tr/concept/10009665","2024-03-20","Horror","PEGI_7"
"7842","K-ONE maths dimension","PPSA23495","PS5","Нет","429,00 TL","","Нет","Нет","","https://store.playstation.com/en-tr/concept/10011077","2024-06-26","Educational","PEGI_3"
"7843","Konrad's Kittens","CUSA09683","PS4","Нет","515,00 TL","Konrad's Kittens Bundle: 549,00 TL; Konrad's Kittens: 515,00 TL; Cat Theme Bundle: 649,00 TL","Нет","Да","","https://store.playstation.com/en-tr/concept/229974","2018-02-22","Simulation","PEGI_3"
"7844","KOWLOON HIGHSCHOOL CHRONICLE","CUSA27034","PS4","Нет","174,75 TL","","Нет","Нет","","https://store.playstation.com/en-tr/concept/10001720","2022-03-18","Role Playing Games","PEGI_12"
"7845","Kotodama: The 7 Mysteries of Fujisawa","CUSA15305","PS4","Нет","219,75 TL","","Нет","Нет","","https://store.playstation.com/en-tr/concept/233531","2019-05-31","Role Playing Games","PEGI_12"
"7846","KORG Gadget for PlayStation","PPSA29699","PS5","Нет","1.074,50 TL","","Нет","Нет","","https://store.playstation.com/en-tr/concept/10014894","2025-06-26","Unique","PEGI_3"
"7847","Kristala","PPSA33491","PS5","Нет","1.399,20 TL","Standard Edition: 1.399,20 TL; Deluxe Edition: 2.149,00 TL; Ultimate Edition: 2.799,00 TL","Нет","Нет","","https://store.playstation.com/en-tr/concept/10016721","2026-04-23","Action","PEGI_12"
"7848","Kombinera","PPSA06552","PS5","Нет","525,00 TL","Kombinera: 525,00 TL; Kombinera: 525,00 TL","Нет","Да","","https://store.playstation.com/en-tr/concept/10004513","2022-04-06","Puzzle","PEGI_3"
"7849","K-pop Idol Stories: Road to Debut","PPSA26510","PS5","Нет","849,00 TL","","Нет","Нет","","https://store.playstation.com/en-tr/concept/10012877","2026-07-16","Simulation","PEGI_7"
"7850","Krinkle Krusher","CUSA04694","PS4","Нет","175,00 TL","","Нет","Нет","","https://store.playstation.com/en-tr/concept/202409","2016-08-04","Casual","PEGI_7"
"7851","Koi-Koi : Love Blossoms","PPSA19652","PS5","Нет","1.749,00 TL","","Нет","Нет","","https://store.playstation.com/en-tr/concept/10007409","2023-11-16","Adventure","PEGI_12"
"7852","Korza MOTOR","PPSA28484","PS5","Нет","816,00 TL","Korza MOTOR: 816,00 TL; Korza MOTOR: 816,00 TL","Нет","Нет","","https://store.playstation.com/en-tr/concept/10014181","2025-02-20","Driving/Racing","PEGI_3"
"7853","Krut: The Mythic Wings","PPSA05207","PS4, PS5","Нет","429,00 TL","","Нет","Да","","https://store.playstation.com/en-tr/concept/10003773","2022-07-11","Action","PEGI_12"
"7854","Kumi-Daiko Beatoff","CUSA44821","PS4","Нет","129,00 TL","","Нет","Нет","","https://store.playstation.com/en-tr/concept/10009041","2023-11-08","Arcade","PEGI_3"
"7855","Kung Fury: Street Rage","CUSA33290","PS4","Нет","849,00 TL","","Нет","Да","","https://store.playstation.com/en-tr/concept/202358","2023-03-14","Action","PEGI_16"
"7856","KungFu Kickball","PPSA03410","PS4, PS5","Нет","849,00 TL","","Нет","Да","","https://store.playstation.com/en-tr/concept/234819","2022-02-09","Unique","PEGI_7"
"7857","Double Dragon & Kunio-kun: Retro Brawler Bundle","CUSA16878","PS4","Нет","1.547,00 TL","","Нет","Нет","","https://store.playstation.com/en-tr/concept/231808","2020-08-06","Action","PEGI_12"
"7858","Kunitsu-Gami: Path of the Goddess","PPSA19577","PS4, PS5","Нет","1.749,00 TL","Okami + Kunitsu-Gami Bundle: 1.749,00 TL; Kunitsu-Gami: Path of the Goddess PS4 & PS5: 1.749,00 TL","Нет","Да","","https://store.playstation.com/en-tr/concept/10008719","2024-07-18","Action","PEGI_16"
"7859","KUUKIYOMI 3: Consider It More and More!! - Father to Son","CUSA29078","PS4","Нет","193,00 TL","","Нет","Нет","","https://store.playstation.com/en-tr/concept/10003276","2021-09-02","Party","PEGI_12"
"7860","Kurushi Final: Mental Blocks","PPSA06353","PS4, PS5","Нет","429,00 TL","","Нет","Нет","","https://store.playstation.com/en-tr/concept/10004412","2025-03-07","Puzzle","PEGI_3"
"7861","LA Cops","CUSA01901","PS4","Нет","26,25 TL","","Нет","Да","","https://store.playstation.com/en-tr/concept/202435","2015-04-21","Action","PEGI_16"
"7862","Labyrinth","PPSA15298","PS5","Нет","699,00 TL","Labyrinth: 699,00 TL; Junior Labyrinth: 429,00 TL; Labyrinth: 699,00 TL; Junior Labyrinth: 429,00 TL","Нет","Да","","https://store.playstation.com/en-tr/concept/10007938","2023-09-13","Casual","PEGI_3"
"7863","Kurushi","PPSA06356","PS4, PS5","Нет","429,00 TL","","Нет","Нет","","https://store.playstation.com/en-tr/concept/10004410","2025-03-07","Puzzle","PEGI_3"
"7864","KUUKIYOMI 2: Consider It More! - New Era","CUSA25704","PS4","Нет","193,00 TL","","Нет","Нет","","https://store.playstation.com/en-tr/concept/10001966","2020-12-08","Party","PEGI_12"
"7865","Kwaidan ～Azuma manor story～","CUSA17880","PS4","Нет","549,00 TL","","Нет","Нет","","https://store.playstation.com/en-tr/concept/231316","2020-01-30","Action","PEGI_16"
"7866","Kyle is Famous","PPSA21752","PS5","Нет","128,70 TL","","Нет","Нет","","https://store.playstation.com/en-tr/concept/10010471","2025-10-15","Adventure","PEGI_3"
"7867","Labyrinth of Zangetsu","CUSA32780","PS4","Нет","262,25 TL","","Нет","Нет","","https://store.playstation.com/en-tr/concept/10002574","2023-04-19","Role Playing Games","PEGI_12"
"7868","Laid-Back Camp - Virtual - Lake Motosu","CUSA20686","PS4","Нет","902,00 TL","","Нет","Нет","","https://store.playstation.com/en-tr/concept/10001512","2021-03-04","Adventure","PEGI_3"
"7869","Kyurinaga's Revenge","CUSA04413","PS4","Нет","89,95 TL","","Нет","Нет","","https://store.playstation.com/en-tr/concept/222854","2016-10-25","Action","PEGI_7"
"7870","LABYRINTH OF THE DEMON KING","PPSA12424","PS4, PS5","Нет","699,00 TL","LABYRINTH OF THE DEMON KING: 699,00 TL","Нет","Да","","https://store.playstation.com/en-tr/concept/10006880","2025-05-13","Action","PEGI_18"
"7871","Kusan: City of Wolves","PPSA29617","PS5","Нет","649,00 TL","Kusan: City of Wolves: 649,00 TL","Нет","Да","","https://store.playstation.com/en-tr/concept/10014861","2026-07-29","Arcade","PEGI_16"
"7872","Kuroi Tsubasa","PPSA14306","PS4, PS5","Нет","215,00 TL","","Нет","Нет","","https://store.playstation.com/en-tr/concept/10007595","2023-06-01","Adventure","PEGI_12"
"7873","Labyrinth of Refrain: Coven of Dusk","CUSA10136","PS4","Нет","1.749,00 TL","","Нет","Нет","","https://store.playstation.com/en-tr/concept/231689","2018-09-21","Role Playing Games","PEGI_16"
"7874","Laid-Back Camp - Virtual - Fumoto Campsite","CUSA20685","PS4","Нет","902,00 TL","","Нет","Нет","","https://store.playstation.com/en-tr/concept/10001513","2021-04-07","Adventure","PEGI_3"
"7875","Kyukyoku TigerHeli -TOAPLAN ARCADE GARAGE","CUSA57876","PS4","Нет","1.299,00 TL","","Нет","Нет","","https://store.playstation.com/en-tr/concept/10000481","2026-02-26","Shooter","PEGI_7"
"7876","Ladders by POWGI","PPSA03022","PS4, PS5","Нет","343,00 TL","","Нет","Нет","","https://store.playstation.com/en-tr/concept/10002460","2021-04-25","Brain Training","PEGI_3"
"7877","KVARK","PPSA26856","PS5","Нет","849,00 TL","KVARK: 849,00 TL; KVARK (PS4): 849,00 TL","Нет","Да","","https://store.playstation.com/en-tr/concept/10012925","2025-05-15","Shooter","PEGI_18"
"7878","LA-MULANA 2","CUSA17435","PS4","Нет","875,00 TL","","Нет","Нет","","https://store.playstation.com/en-tr/concept/233428","2020-03-19","Action","PEGI_12"
"7879","Laika: Aged Through Blood","PPSA17775","PS4, PS5","Нет","699,00 TL","","Нет","Да","","https://store.playstation.com/en-tr/concept/10008824","2023-12-05","Adventure","PEGI_16"
"7880","Lamentum","CUSA29182","PS4","Нет","559,00 TL","","Нет","Да","","https://store.playstation.com/en-tr/concept/10003024","2021-08-30","Horror","PEGI_16"
"7881","Land of Mushrooms","PPSA22861","PS5","Нет","107,00 TL","Standard: 107,00 TL; Standard: 107,00 TL; ULTIMATE EDITION PS4 & PS5: 687,00 TL; PS4 & PS5 + 2 Game Modes: 256,74 TL; Halloween Edition PS4 & PS5: 279,00 TL; PS4 & PS5 Avatars Edition: 128,50 TL; PS4 & PS5: 171,00 TL","Нет","Нет","","https://store.playstation.com/en-tr/concept/10010278","2024-11-10","Party","PEGI_3"
"7882","Last Day of June","CUSA06073","PS4","Нет","699,00 TL","","Нет","Да","","https://store.playstation.com/en-tr/concept/223643","2017-08-31","Adventure","PEGI_7"
"7883","LASER DISCO DEFENDERS","CUSA05623","PS4","Нет","429,00 TL","","Нет","Нет","","https://store.playstation.com/en-tr/concept/221715","2016-11-22","Action","PEGI_7"
"7884","Last Beat Enhanced","CUSA35627","PS4","Нет","429,00 TL","","Нет","Нет","","https://store.playstation.com/en-tr/concept/10005784","2022-09-15","Arcade","PEGI_7"
"7885","Last Wings","CUSA05980","PS4","Нет","300,00 TL","","Нет","Нет","","https://store.playstation.com/en-tr/concept/216349","2016-12-07","Action","PEGI_7"
"7886","Lawn Mower Racing","PPSA27595","PS5","Нет","349,00 TL","","Нет","Нет","","https://store.playstation.com/en-tr/concept/10013517","2025-07-08","Driving/Racing","PEGI_3"
"7887","LASERPITIUM","PPSA10519","PS4, PS5","Нет","649,00 TL","","Нет","Нет","","https://store.playstation.com/en-tr/concept/10006245","2023-05-30","Action","PEGI_7"
"7888","Last Days of Lazarus","PPSA09196","PS5","Нет","699,00 TL","","Нет","Нет","","https://store.playstation.com/en-tr/concept/10005733","2022-11-29","Adventure","PEGI_18"
"7889","Last Night of Winter","PPSA12359","PS4, PS5","Нет","69,80 TL","","Нет","Нет","","https://store.playstation.com/en-tr/concept/10006849","2024-06-27","Adventure","PEGI_7"
"7890","Laundry Store Simulator","PPSA31425","PS5","Нет","649,00 TL","Laundry Store Simulator: 649,00 TL; Laundry Store Simulator: 649,00 TL","Нет","Да","","https://store.playstation.com/en-tr/concept/10015890","2025-10-31","Simulator","PEGI_3"
"7891","Last Escape: Dead Complex","PPSA24395","PS4, PS5","Нет","157,00 TL","","Нет","Нет","","https://store.playstation.com/en-tr/concept/10011701","2024-11-05","Horror","PEGI_12"
"7892","Last Stop","PPSA02288","PS4, PS5","Нет","875,00 TL","","Нет","Да","","https://store.playstation.com/en-tr/concept/10001838","2021-07-21","Adventure","PEGI_16"
"7893","Late Shift","PPSA15895","PS4, PS5","Нет","529,00 TL","The FMV Collection 2: 1.399,00 TL; Wales Interactive Bundle: 2.099,00 TL; Late Shift: 529,00 TL","Нет","Да","","https://store.playstation.com/en-tr/concept/227163","2023-05-29","Adventure","PEGI_18"
"7894","Lanternium","CUSA20412","PS4","Нет","193,00 TL","","Нет","Да","","https://store.playstation.com/en-tr/concept/10000907","2020-07-11","Adventure","PEGI_3"
"7895","Last Case of Benedict Fox","PPSA20686","PS5","Нет","1.079,00 TL","","Нет","Нет","","https://store.playstation.com/en-tr/concept/10010041","2024-03-26","Adventure","PEGI_16"
"7896","LAPIN","PPSA31661","PS4, PS5","Нет","649,00 TL","","Нет","Нет","","https://store.playstation.com/en-tr/concept/10016052","2025-10-08","Adventure","PEGI_3"
"7897","Last Time I Saw You","PPSA21318","PS5","Нет","429,00 TL","Love & Loss Bundle: 1.246,00 TL; Last Time I Saw You: 429,00 TL","Нет","Нет","","https://store.playstation.com/en-tr/concept/10010299","2024-10-09","Adventure","PEGI_12"
"7898","Lapis x Labyrinth","CUSA14697","PS4","Нет","1.049,00 TL","","Нет","Нет","","https://store.playstation.com/en-tr/concept/232963","2019-05-31","Action","PEGI_7"
"7899","Laserlife","CUSA03013","PS4","Нет","315,00 TL","","Нет","Нет","","https://store.playstation.com/en-tr/concept/202507","2015-12-23","Music/Rhythm","PEGI_7"
"7900","Last Labyrinth","PPSA13262","PS4, PS5","Нет","719,40 TL","The Tale of Onogoro + Last Labyrinth VR Adventure Pack: 1.155,00 TL; Last Labyrinth: 719,40 TL","Нет","Да","","https://store.playstation.com/en-tr/concept/233620","2023-03-22","Action","PEGI_18"
"7901","Lawn Mowing Simulator","PPSA04869","PS4, PS5","Нет","849,00 TL","Lawn Mowing Simulator PS4 & PS5: 849,00 TL; Landmark Edition: 1.079,00 TL","Нет","Да","","https://store.playstation.com/en-tr/concept/10003583","2022-03-31","Simulation","PEGI_3"
"7902","Layer Section & Galactic Attack S-Tribute","CUSA30075","PS4","Нет","1.160,00 TL","Layer Section™ & Galactic Attack™ S-Tribute: 1.160,00 TL","Нет","Нет","","https://store.playstation.com/en-tr/concept/10003482","2022-04-27","Shooter","PEGI_7"
"7903","L.A. Noire: The VR Case Files","CUSA15490","PS4","Нет","1.049,00 TL","","Нет","Да","","https://store.playstation.com/en-tr/concept/233969","2019-09-23","Adventure","PEGI_18"
"7904","Layers of Fear VR","CUSA25319","PS4","Нет","849,00 TL","","Нет","Да","","https://store.playstation.com/en-tr/concept/10001796","2021-04-29","Horror","PEGI_16"
"7905","Laws of Machine","PPSA17418","PS5","Нет","223,00 TL","Laws of Machine: 223,00 TL; Mega Bundle - 2 Games + Avatars + Themes: 537,00 TL; LAWS OF MACHINE: 150,00 TL","Нет","Да","","https://store.playstation.com/en-tr/concept/229319","2023-07-16","Adventure","PEGI_3"
"7906","Legendary Heroes","CUSA34625","PS4","Нет","215,00 TL","","Нет","Нет","","https://store.playstation.com/en-tr/concept/10005066","2022-11-23","Action","PEGI_7"
"7907","Legendary Eleven","CUSA11899","PS4","Нет","525,00 TL","","Нет","Нет","","https://store.playstation.com/en-tr/concept/232093","2019-03-28","Sport","PEGI_3"
"7908","Legendary Hoplite","PPSA24906","PS5","Нет","623,00 TL","Legendary Hoplite: 623,00 TL; Legendary Hoplite: 623,00 TL","Нет","Да","","https://store.playstation.com/en-tr/concept/10011354","2025-06-11","Role Playing Games","PEGI_12"
"7909","Legal Dungeon","CUSA28177","PS4","Нет","349,00 TL","","Нет","Нет","","https://store.playstation.com/en-tr/concept/10002971","2022-04-04","Adventure","PEGI_16"
"7910","Legacy of Kain: Defiance","PPSA26226","PS4, PS5","Нет","649,00 TL","","Нет","Нет","","https://store.playstation.com/en-tr/concept/10012698","2025-09-16","Action","PEGI_18"
"7911","LEAP","PPSA03696","PS4, PS5","Нет","529,00 TL","","Да","Да","","https://store.playstation.com/en-tr/concept/10002882","2023-02-28","Shooter","PEGI_16"
"7912","League of Evil","CUSA06504","PS4","Нет","215,00 TL","","Нет","Да","","https://store.playstation.com/en-tr/concept/224874","2018-04-10","Action","PEGI_7"
"7913","Legend of Mana","CUSA24496","PS4","Нет","1.049,00 TL","","Нет","Нет","","https://store.playstation.com/en-tr/concept/10001295","2021-06-23","Role Playing Games","PEGI_12"
"7914","League of War: VR Arena","CUSA10058","PS4","Нет","1.031,00 TL","","Нет","Нет","","https://store.playstation.com/en-tr/concept/229800","2017-11-07","Action","PEGI_12"
"7915","Legend of the Skyfish","CUSA17041","PS4","Нет","343,00 TL","","Нет","Нет","","https://store.playstation.com/en-tr/concept/234797","2019-08-28","Action","PEGI_7"
"7916","Legacy of Kain: Ascendance","PPSA35117","PS5","Нет","849,00 TL","","Нет","Да","","https://store.playstation.com/en-tr/concept/10018010","2026-03-31","Action","PEGI_16"
"7917","Legacy Of Evil","CUSA55884","PS4","Нет","537,00 TL","","Нет","Нет","","https://store.playstation.com/en-tr/concept/10010841","2025-12-17","Adventure","PEGI_7"
"7918","Legendary Fishing","CUSA12812","PS4","Нет","699,00 TL","","Нет","Нет","PS Plus Extra","https://store.playstation.com/en-tr/concept/232460","2018-09-17","Action","PEGI_3"
"7919","LEGEND BOWL","PPSA09769","PS4, PS5","Нет","1.079,00 TL","LEGEND BOWL: 1.079,00 TL; LEGEND BOWL: 1.079,00 TL","Нет","Нет","","https://store.playstation.com/en-tr/concept/10005987","2023-08-09","Sport","PEGI_3"
"7920","Legend of Keepers: Career of a Dungeon Manager","PPSA15908","PS4, PS5","Нет","699,00 TL","Turn-Based Battle Bundle: The Amazing American Circus & Legend of Keepers: 249,75 TL; Legend of Keepers: Career of a Dungeon Manager: 699,00 TL; Complete Edition: 1.229,00 TL; Complete Edition: 1.575,00 TL; Deluxe Edition: 1.575,00 TL; Overlord Bundle: 1.749,00 TL","Нет","Да","","https://store.playstation.com/en-tr/concept/10005434","2023-05-11","Strategy","PEGI_16"
"7921","Legend of Arcadieu Bundle","PPSA08166","PS4, PS5","Нет","343,00 TL","","Нет","Нет","","https://store.playstation.com/en-tr/concept/10005292","2022-06-08","Adventure","PEGI_16"
"7922","Legend of Kay Anniversary","CUSA01153","PS4","Нет","1.299,00 TL","","Нет","Нет","","https://store.playstation.com/en-tr/concept/202488","2015-07-27","Action","PEGI_12"
"7923","Laysara: Summit Kingdom","PPSA32524","PS5","Нет","1.079,00 TL","Laysara: Summit Kingdom: 1.079,00 TL; Laysara: Summit Kingdom: 1.079,00 TL","Нет","Нет","","https://store.playstation.com/en-tr/concept/10016098","2026-02-27","Strategy","PEGI_3"
"7924","Legends BMX","PPSA27556","PS5","Нет","349,00 TL","","Нет","Нет","","https://store.playstation.com/en-tr/concept/10013002","2025-03-26","Casual","PEGI_3"
"7925","League Of Champions Soccer","CUSA45079","PS4","Нет","175,00 TL","","Нет","Нет","","https://store.playstation.com/en-tr/concept/10009155","2023-09-15","Sport","PEGI_3"
"7926","Legends of Ethernal","CUSA24879","PS4","Нет","525,00 TL","","Нет","Нет","","https://store.playstation.com/en-tr/concept/10001619","2020-11-10","Adventure","PEGI_7"
"7927","Leena","PPSA32915","PS5","Нет","193,00 TL","","Нет","Нет","","https://store.playstation.com/en-tr/concept/10013539","2026-02-13","Casual","PEGI_3"
"7928","Legends of Heropolis DX","CUSA51985","PS4","Нет","384,30 TL","","Нет","Нет","","https://store.playstation.com/en-tr/concept/10013116","2025-07-16","Simulation","PEGI_7"
"7929","Legends of Talia: Arcadia","PPSA02972","PS4, PS5","Нет","64,50 TL","","Нет","Нет","","https://store.playstation.com/en-tr/concept/10001980","2021-04-07","Adventure","PEGI_12"
"7930","Legends: Saint George","PPSA30303","PS5","Нет","175,00 TL","PS4/PS5 Bundle: 245,00 TL; Legends: Saint George: 175,00 TL; Legends: Saint George: 175,00 TL; Complete Edition: 63,00 TL","Нет","Да","","https://store.playstation.com/en-tr/concept/10015254","2025-06-18","Adventure","PEGI_3"
"7931","Legion of Zombie Terrors","PPSA37439","PS5","Нет","171,00 TL","","Нет","Нет","","https://store.playstation.com/en-tr/concept/10019161","2026-05-20","Action","PEGI_7"
"7932","Lethal Cosmic Hunt","PPSA28362","PS5","Нет","300,00 TL","Lethal Cosmic Hunt: 300,00 TL; Lethal Cosmic Hunt: 300,00 TL","Нет","Нет","","https://store.playstation.com/en-tr/concept/10014100","2025-07-10","Horror","PEGI_12"
"7933","Lemon Cake","PPSA07480","PS5","Нет","279,60 TL","Lemon Cake: 279,60 TL; Bakery Bundle: 1.749,00 TL; Lemon Cake: 279,60 TL","Нет","Да","","https://store.playstation.com/en-tr/concept/10004988","2022-09-29","Simulation","PEGI_3"
"7934","LEGO Star Wars II: The Original Trilogy","PPSA14300","PS4, PS5","Нет","525,00 TL","","Нет","Нет","","https://store.playstation.com/en-tr/concept/10007589","2024-06-18","Action","PEGI_7"
"7935","LEGO Builder's Journey","PPSA05496","PS4, PS5","Нет","849,00 TL","","Нет","Да","","https://store.playstation.com/en-tr/concept/10003909","2022-04-19","Puzzle","PEGI_3"
"7936","Lempo","PPSA13681","PS5","Нет","879,00 TL","","Нет","Нет","","https://store.playstation.com/en-tr/concept/10007296","2023-09-07","Horror","PEGI_12"
"7937","LEGO Bricktales","PPSA07430","PS4, PS5","Нет","749,00 TL","","Нет","Да","","https://store.playstation.com/en-tr/concept/10004925","2022-10-12","Puzzle","PEGI_7"
"7938","Leila","PPSA28619","PS4, PS5","Нет","134,25 TL","","Нет","Да","","https://store.playstation.com/en-tr/concept/10014101","2025-04-17","Puzzle","PEGI_16"
"7939","Leo & Mia: Animal Rescue","PPSA26768","PS4, PS5","Нет","849,00 TL","","Нет","Нет","","https://store.playstation.com/en-tr/concept/10013027","2025-04-10","Adventure","PEGI_7"
"7940","Lethis - Path of Progress","PPSA03689","PS5","Нет","699,00 TL","","Нет","Нет","","https://store.playstation.com/en-tr/concept/10002879","2022-05-10","Educational","PEGI_3"
"7941","Lethal League","CUSA06135","PS4","Нет","525,00 TL","","Нет","Да","","https://store.playstation.com/en-tr/concept/223058","2017-05-09","Action","PEGI_12"
"7942","Leo: The Firefighter Cat","PPSA21709","PS4, PS5","Нет","1.079,00 TL","","Нет","Нет","","https://store.playstation.com/en-tr/concept/10010382","2024-08-29","Casual","PEGI_3"
"7944","LEGRAND LEGACY: Tale of the Fatebounds","CUSA14303","PS4","Нет","699,00 TL","","Нет","Нет","","https://store.playstation.com/en-tr/concept/229051","2019-10-02","Role Playing Games","PEGI_16"
"7945","Lethal Honor - Order of the Apocalypse","PPSA15285","PS5","Нет","1.079,00 TL","","Нет","Нет","","https://store.playstation.com/en-tr/concept/10007936","2025-10-07","Action","PEGI_16"
"7946","Leif's Adventure: Netherworld Hero","PPSA25773","PS5","Нет","699,00 TL","Leif's Adventure: Netherworld Hero: 699,00 TL","Нет","Нет","","https://store.playstation.com/en-tr/concept/10012410","2024-12-19","Action","PEGI_12"
"7947","Lethal League Blaze","CUSA13502","PS4","Нет","699,00 TL","","Нет","Да","","https://store.playstation.com/en-tr/concept/232741","2019-07-11","Action","PEGI_12"
"7948","Lets castle!","PPSA26906","PS5","Нет","229,00 TL","","Нет","Нет","","https://store.playstation.com/en-tr/concept/10013073","2025-04-29","Strategy","PEGI_3"
"7949","Let's Create! Pottery VR","CUSA18234","PS4","Нет","849,00 TL","","Нет","Да","","https://store.playstation.com/en-tr/concept/235371","2020-07-08","Adventure","PEGI_3"
"7950","Legions","PPSA18330","PS5","Нет","343,00 TL","Legions: 343,00 TL; Legions: 343,00 TL","Нет","Нет","","https://store.playstation.com/en-tr/concept/10009079","2023-08-31","Arcade","PEGI_16"
"7951","LET IT DIE: INFERNO","PPSA19053","PS5","Нет","1.079,00 TL","Standard Edition: 1.079,00 TL; Deluxe Edition: 1.949,00 TL; Ultimate Edition: 2.579,00 TL","Нет","Нет","","https://store.playstation.com/en-tr/concept/10009386","2025-12-04","Action","PEGI_16"
"7952","Let's Cook Together 2","CUSA35806","PS4","Нет","345,95 TL","","Нет","Нет","","https://store.playstation.com/en-tr/concept/10005848","2025-03-24","Party","PEGI_3"
"7953","Let's Build a Zoo & Dinosaur Island DLC Bundle","PPSA06438","PS4, PS5","Нет","1.160,00 TL","Let's Build a Zoo and Aquarium Odyssey DLC Bundle: 1.160,00 TL; Let's Build a Zoo Ultimate: 1.499,00 TL; Let's Build a Zoo & Dinosaur Island DLC Bundle: 1.160,00 TL; Let's Build a Zoo: 849,00 TL","Нет","Нет","","https://store.playstation.com/en-tr/concept/10004466","2022-09-29","Casual","PEGI_7"
"7954","Let's Sing 2017","CUSA05098","PS4","Нет","1.749,00 TL","","Нет","Нет","","https://store.playstation.com/en-tr/concept/221716","2016-10-14","Family","PEGI_12"
"7955","Let's Sing 2020","CUSA15798","PS4","Нет","1.749,00 TL","Let's Sing 2020 - Platinum Edition: 2.999,00 TL; Let's Sing 2020: 1.749,00 TL","Нет","Нет","","https://store.playstation.com/en-tr/concept/234004","2019-10-24","Party","PEGI_12"
"7956","Letter Quest","CUSA03439","PS4","Нет","429,00 TL","","Нет","Нет","","https://store.playstation.com/en-tr/concept/208909","2016-05-17","Role Playing Games","PEGI_7"
"7957","Let's Sing 2024 with International Hits","PPSA09374","PS4, PS5","Нет","1.749,00 TL","Regular: 1.749,00 TL; Platinum Edition: 2.349,00 TL; Gold Edition: 1.949,00 TL","Нет","Нет","","https://store.playstation.com/en-tr/concept/10005391","2023-11-07","Music/Rhythm","PEGI_12"
"7958","Letter Snap: Word Puzzle","PPSA36661","PS5","Нет","75,00 TL","Letter Snap: Word Puzzle: 75,00 TL; Letter Snap: Word Puzzle: 75,00 TL","Нет","Нет","","https://store.playstation.com/en-tr/concept/10018947","2026-04-11","Casual","PEGI_3"
"7959","Root Letter: Last Answer","CUSA15629","PS4","Нет","262,25 TL","","Нет","Нет","","https://store.playstation.com/en-tr/concept/232857","2019-08-30","Role Playing Games","PEGI_16"
"7960","Let Them Come","CUSA07585","PS4","Нет","279,00 TL","","Нет","Да","","https://store.playstation.com/en-tr/concept/227418","2017-12-04","Shooter","PEGI_16"
"7961","Let's School","PPSA22457","PS5","Нет","816,00 TL","","Нет","Да","","https://store.playstation.com/en-tr/concept/10010636","2024-07-16","Simulation","PEGI_3"
"7962","Let's Sing 2021","CUSA19522","PS4","Нет","1.749,00 TL","","Нет","Нет","","https://store.playstation.com/en-tr/concept/10000619","2020-11-12","Music/Rhythm","PEGI_12"
"7963","Let's Sing 2018","CUSA08893","PS4","Нет","1.749,00 TL","","Нет","Нет","","https://store.playstation.com/en-tr/concept/228784","2017-10-19","Party","PEGI_12"
"7964","Let's Sing 2019","CUSA12210","PS4","Нет","1.749,00 TL","","Нет","Нет","","https://store.playstation.com/en-tr/concept/232230","2018-10-25","Party","PEGI_12"
"7965","Letterbox by POWGI","PPSA09727","PS4, PS5","Нет","343,00 TL","","Нет","Нет","","https://store.playstation.com/en-tr/concept/10005968","2022-10-10","Brain Training","PEGI_3"
"7966","Let's Journey","PPSA23004","PS5","Нет","349,00 TL","Let's Journey: 349,00 TL; Let's Journey: 349,00 TL","Нет","Да","","https://store.playstation.com/en-tr/concept/10010968","2024-07-08","Adventure","PEGI_7"
"7967","Root Letter","CUSA05982","PS4","Нет","174,75 TL","","Нет","Нет","","https://store.playstation.com/en-tr/concept/217641","2016-10-28","Role Playing Games","PEGI_12"
"7968","Let's Sing 2022","PPSA03673","PS4, PS5","Нет","1.749,00 TL","Platinum Edition: 3.149,00 TL; Let's Sing 2022: 1.749,00 TL","Нет","Нет","","https://store.playstation.com/en-tr/concept/10002802","2021-11-22","Music/Rhythm","PEGI_12"
"7969","Let's Sing ABBA","PPSA07225","PS5","Нет","1.749,00 TL","Let's Sing ABBA: 1.749,00 TL; Let's Sing ABBA: 1.749,00 TL","Нет","Нет","","https://store.playstation.com/en-tr/concept/10004862","2022-10-03","Music/Rhythm","PEGI_3"
"7970","Let's Sing 2025 with International Hits","PPSA20597","PS4, PS5","Нет","2.349,00 TL","Regular Edition: 1.749,00 TL; Gold Edition: 1.949,00 TL; Platinum Edition: 2.349,00 TL","Нет","Нет","","https://store.playstation.com/en-tr/concept/10010007","2024-11-05","Music/Rhythm","PEGI_12"
"7971","Let's Sing 2023","PPSA05585","PS4, PS5","Нет","1.749,00 TL","","Нет","Нет","","https://store.playstation.com/en-tr/concept/10003977","2022-11-15","Music/Rhythm","PEGI_12"
"7972","Level 22","CUSA02990","PS4","Нет","343,00 TL","","Нет","Нет","","https://store.playstation.com/en-tr/concept/202428","2016-02-11","Action","PEGI_12"
"7973","Lia: Hacking Destiny","CUSA56568","PS4","Нет","649,00 TL","","Нет","Нет","","https://store.playstation.com/en-tr/concept/10016773","2025-11-12","Action","PEGI_7"
"7974","Library Of Ruina","CUSA46313","PS4","Нет","1.229,00 TL","","Нет","Нет","","https://store.playstation.com/en-tr/concept/10005836","2024-04-24","Adventure","PEGI_18"
"7975","Let Them Come: Onslaught","PPSA28341","PS5","Нет","343,00 TL","Let Them Come: Onslaught: 343,00 TL; Let Them Come: Onslaught: 343,00 TL","Нет","Да","","https://store.playstation.com/en-tr/concept/10014090","2025-11-11","Action","PEGI_16"
"7976","Lichdom: Battlemage","CUSA04741","PS4","Нет","349,00 TL","","Нет","Нет","","https://store.playstation.com/en-tr/concept/208938","2016-04-22","Action","PEGI_16"
"7977","Liberated","CUSA26980","PS4","Нет","849,00 TL","","Нет","Да","","https://store.playstation.com/en-tr/concept/10002424","2022-04-19","Action","PEGI_16"
"7978","Life Goes On: Done to Death","CUSA04833","PS4","Нет","429,00 TL","","Нет","Да","","https://store.playstation.com/en-tr/concept/208936","2016-05-26","Puzzle","PEGI_12"
"7980","Life in Willowdale: Farm Adventures","PPSA05605","PS5","Нет","849,00 TL","Life in Willowdale: Farm Adventures: 849,00 TL; Life in Willowdale: Farm Adventures: 849,00 TL","Нет","Нет","","https://store.playstation.com/en-tr/concept/10003994","2022-11-01","Adventure","PEGI_7"
"7981","Lil' Guardsman","PPSA15881","PS4, PS5","Нет","699,00 TL","","Нет","Нет","","https://store.playstation.com/en-tr/concept/10004939","2024-01-23","Unique","PEGI_12"
"7982","Lili: Child of Geos","CUSA08074","PS4","Нет","774,00 TL","","Нет","Нет","","https://store.playstation.com/en-tr/concept/228768","2017-06-20","Action","PEGI_7"
"7983","Lilliput Hero: Miniature World","PPSA29567","PS5","Нет","236,25 TL","","Нет","Нет","","https://store.playstation.com/en-tr/concept/10013527","2025-05-12","Casual","PEGI_7"
"7984","Lila's Tale and the Hidden Forest","CUSA40735","PS4","Нет","175,00 TL","","Нет","Нет","","https://store.playstation.com/en-tr/concept/10007342","2023-03-23","Adventure","PEGI_3"
"7985","Light of Life","PPSA15593","PS4, PS5","Нет","215,00 TL","","Нет","Нет","","https://store.playstation.com/en-tr/concept/10008066","2023-04-20","Action","PEGI_3"
"7986","Lightfield","CUSA07628","PS4","Нет","649,00 TL","","Нет","Нет","","https://store.playstation.com/en-tr/concept/227416","2017-09-26","Driving/Racing","PEGI_3"
"7987","Light-It Up","CUSA46505","PS4","Нет","52,50 TL","Light-It Up: Complete Edition: 83,60 TL; Light-It Up: 52,50 TL","Нет","Нет","","https://store.playstation.com/en-tr/concept/10009828","2024-04-11","Arcade","PEGI_3"
"7988","Light Up The Room","PPSA06342","PS4, PS5","Нет","215,00 TL","","Нет","Нет","","https://store.playstation.com/en-tr/concept/10004406","2022-02-17","Action","PEGI_3"
"7989","Lifeless Planet","CUSA05481","PS4","Нет","429,00 TL","","Нет","Да","","https://store.playstation.com/en-tr/concept/221923","2016-08-16","Adventure","PEGI_12"
"7990","Life of Slime","PPSA18862","PS5","Нет","35,00 TL","Life of Slime: 35,00 TL; Life of Slime: 35,00 TL","Нет","Да","","https://store.playstation.com/en-tr/concept/10009316","2024-04-04","Adventure","PEGI_12"
"7991","Life is Strange: True Colors","PPSA02047","PS4, PS5","Нет","429,00 TL","Standard Edition: 429,00 TL; Deluxe Edition: 499,01 TL; Ultimate Edition: 919,60 TL","Нет","Да","","https://store.playstation.com/en-tr/concept/235172","2021-09-09","Adventure","PEGI_16"
"7992","Lil Gator Game","PPSA17455","PS4, PS5","Нет","699,00 TL","Lil Gator Game PS4 & PS5: 699,00 TL; Gator of the Year Edition: 1.299,00 TL","Нет","Нет","","https://store.playstation.com/en-tr/concept/10008374","2023-10-10","Adventure","PEGI_3"
"7993","Lily in Puzzle World","PPSA18323","PS4, PS5","Нет","175,00 TL","","Нет","Нет","","https://store.playstation.com/en-tr/concept/10009128","2023-11-14","Action","PEGI_3"
"7994","Light Tracer","CUSA09985","PS4","Нет","549,00 TL","","Нет","Нет","","https://store.playstation.com/en-tr/concept/229188","2017-09-26","Adventure","PEGI_7"
"7995","Lifeless Moon","PPSA21899","PS4, PS5","Нет","549,00 TL","","Нет","Да","","https://store.playstation.com/en-tr/concept/10010085","2024-07-09","Action","PEGI_12"
"7996","Lingix Lingo","PPSA39045","PS5","Нет","85,00 TL","","Нет","Нет","","https://store.playstation.com/en-tr/concept/10020272","2026-08-15","Puzzle","PEGI_3"
"7997","Light Fairytale Episode 1","CUSA17129","PS4","Нет","349,00 TL","Light Fairytale Prologue Bundle: 595,00 TL; Light Fairytale Episode 2: 349,00 TL; Light Fairytale Episode 1: 349,00 TL","Нет","Нет","","https://store.playstation.com/en-tr/concept/234837","2019-11-25","Role Playing Games","PEGI_12"
"7998","Link-a-Pix Deluxe","CUSA12910","PS4","Нет","343,00 TL","","Нет","Нет","","https://store.playstation.com/en-tr/concept/232515","2020-01-06","Brain Training","PEGI_3"
"7999","Liquid Cat","PPSA33258","PS5","Нет","86,00 TL","Liquid Cat: 86,00 TL; Liquid Cat: 86,00 TL","Нет","Нет","","https://store.playstation.com/en-tr/concept/10016932","2025-09-25","Puzzle","PEGI_3"
"8000","Linn: Path of Orchards","CUSA25708","PS4","Нет","215,00 TL","","Нет","Нет","","https://store.playstation.com/en-tr/concept/10001939","2021-02-25","Puzzle","PEGI_3"
"8001","Liquor Store Simulator","PPSA34866","PS5","Нет","549,00 TL","Liquor Store Simulator & Bum Simulator: 1.160,00 TL; Liquor Store Simulator: 549,00 TL; Liquor Store Simulator & Bum Simulator: 1.160,00 TL; Liquor Store Simulator: 549,00 TL","Нет","Да","","https://store.playstation.com/en-tr/concept/10017862","2026-02-20","Simulator","PEGI_18"
"8002","LISA","PPSA06124","PS4, PS5","Нет","1.079,00 TL","LISA: The Painful - Definitive Edition: 849,00 TL; LISA: The Joyful - Definitive Edition: 429,00 TL; LISA: Definitive Edition: 1.079,00 TL","Нет","Да","","https://store.playstation.com/en-tr/concept/10004276","2023-07-18","Role Playing Games","PEGI_18"
"8003","Little Big Adventure – Twinsen’s Quest","PPSA23885","PS5","Нет","1.299,00 TL","Little Big Adventure – Twinsen’s Quest PS4 & PS5: 1.299,00 TL; Little Big Adventure – Twinsen’s Quest PS4 & PS5: 1.299,00 TL","Нет","Да","","https://store.playstation.com/en-tr/concept/10011441","2024-11-13","Adventure","PEGI_7"
"8004","Little Adventure on the Prairie","CUSA10742","PS4","Нет","68,00 TL","","Нет","Нет","","https://store.playstation.com/en-tr/concept/231358","2018-02-21","Adventure","PEGI_3"
"8005","Little Red Lie","CUSA10335","PS4","Нет","484,00 TL","","Нет","Нет","","https://store.playstation.com/en-tr/concept/225220","2018-01-09","Adventure","PEGI_18"
"8006","Little Things","PPSA36679","PS5","Нет","429,00 TL","","Нет","Нет","","https://store.playstation.com/en-tr/concept/10018958","2026-05-07","Arcade","PEGI_3"
"8007","LIT: Bend the Light","CUSA33733","PS4","Нет","343,00 TL","","Нет","Да","","https://store.playstation.com/en-tr/concept/10003911","2022-09-16","Puzzle","PEGI_3"
"8008","Little Droid","PPSA27738","PS4, PS5","Нет","167,05 TL","","Нет","Да","","https://store.playstation.com/en-tr/concept/10012613","2025-04-09","Adventure","PEGI_3"
"8009","LIVE A LIVE","PPSA08178","PS4, PS5","Нет","1.749,00 TL","LIVE A LIVE PS4&PS5: 1.749,00 TL","Нет","Нет","","https://store.playstation.com/en-tr/concept/10005297","2023-04-26","Role Playing Games","PEGI_12"
"8010","Little Disaster","PPSA15541","PS4, PS5","Нет","215,00 TL","","Нет","Нет","","https://store.playstation.com/en-tr/concept/10008045","2023-05-11","Adventure","PEGI_3"
"8011","Little League World Series Baseball 2022","PPSA04792","PS4, PS5","Нет","1.749,00 TL","","Нет","Нет","","https://store.playstation.com/en-tr/concept/10003548","2022-08-16","Sport","PEGI_3"
"8012","Little Witch Nobeta","CUSA39431","PS4","Нет","2.149,00 TL","","Нет","Нет","","https://store.playstation.com/en-tr/concept/10004011","2023-03-06","Action","PEGI_12"
"8013","Listeria Wars","CUSA42951","PS4","Нет","179,00 TL","","Нет","Да","","https://store.playstation.com/en-tr/concept/10008085","2023-12-13","Strategy","PEGI_3"
"8014","Little Witch Academia: VR Broom Racing","CUSA26442","PS4","Нет","1.419,00 TL","","Нет","Нет","","https://store.playstation.com/en-tr/concept/10002264","2021-07-15","Driving/Racing","PEGI_3"
"8015","LISTEN UP! WE TRIED TO MAKE “THOSE GAMES” EVEN MORE EXTREME! SOME THINGS HAVE TO BE LEARNED THE HARD WAY!","PPSA26514","PS4, PS5","Нет","315,00 TL","","Нет","Нет","","https://store.playstation.com/en-tr/concept/10012884","2025-04-23","Puzzle","PEGI_12"
"8016","Little Noah: Scion of Paradise","CUSA34036","PS4","Нет","525,00 TL","Special Edition: 699,00 TL; Little Noah: Scion of Paradise: 525,00 TL","Нет","Нет","","https://store.playstation.com/en-tr/concept/10004238","2022-08-10","Action","PEGI_7"
"8017","Little Goody Two Shoes","PPSA13879","PS5","Нет","419,40 TL","","Нет","Нет","","https://store.playstation.com/en-tr/concept/10007396","2023-10-31","Role Playing Games","PEGI_12"
"8018","Little Dragons Café","CUSA13063","PS4","Нет","1.599,00 TL","","Нет","Нет","","https://store.playstation.com/en-tr/concept/232240","2018-09-23","Adventure","PEGI_3"
"8019","Llamasoft: The Jeff Minter Story","PPSA18158","PS4, PS5","Нет","389,70 TL","","Нет","Нет","","https://store.playstation.com/en-tr/concept/10008403","2024-03-13","Shooter","PEGI_12"
"8020","Little Big Workshop","CUSA19606","PS4","Нет","699,00 TL","","Нет","Да","PS Plus Extra","https://store.playstation.com/en-tr/concept/10000661","2020-09-23","Unique","PEGI_3"
"8021","Little Orpheus","CUSA29264","PS4","Нет","549,00 TL","","Нет","Да","","https://store.playstation.com/en-tr/concept/10003290","2022-09-12","Family","PEGI_7"
"8022","Living with Horses: My Horse Farm","PPSA13396","PS5","Нет","699,00 TL","","Нет","Нет","","https://store.playstation.com/en-tr/concept/10007183","2023-03-24","Casual","PEGI_3"
"8023","Loaders, Inc.","PPSA35000","PS5","Нет","257,00 TL","Loaders, Inc.: 257,00 TL; Loaders, Inc.: 257,00 TL","Нет","Да","","https://store.playstation.com/en-tr/concept/10017954","2026-02-20","Simulator","PEGI_3"
"8024","Loading Human: Chapter 1","CUSA06425","PS4","Нет","349,00 TL","","Нет","Нет","","https://store.playstation.com/en-tr/concept/225699","2017-02-02","Adventure","PEGI_16"
"8025","Loan Shark","PPSA34101","PS5","Нет","215,00 TL","","Нет","Нет","","https://store.playstation.com/en-tr/concept/10017396","2026-01-18","Horror","PEGI_12"
"8026","LOLLIPOP CHAINSAW RePOP","PPSA21837","PS5","Нет","1.599,00 TL","LOLLIPOP CHAINSAW RePOP: 1.599,00 TL; LOLLIPOP CHAINSAW RePOP: 1.599,00 TL","Нет","Нет","","https://store.playstation.com/en-tr/concept/10010519","2024-10-02","Action","PEGI_18"
"8027","LogiKing","PPSA13949","PS5","Нет","649,00 TL","LogiKing: 649,00 TL; LogiKing: 649,00 TL","Нет","Нет","","https://store.playstation.com/en-tr/concept/10007423","2023-08-24","Casual","PEGI_3"
"8028","Lode Runner Legacy","CUSA17623","PS4","Нет","515,00 TL","","Нет","Нет","","https://store.playstation.com/en-tr/concept/235015","2020-01-28","Action","PEGI_3"
"8029","LocoRoco Midnight Carnival","PPSA06792","PS4, PS5","Нет","429,00 TL","","Нет","Да","","https://store.playstation.com/en-tr/concept/10004655","2025-03-07","Puzzle","PEGI_3"
"8031","Loco Parentis","CUSA43389","PS4","Нет","116,55 TL","","Да","Да","","https://store.playstation.com/en-tr/concept/10008375","2023-06-13","Horror","PEGI_16"
"8032","Lone Wolf","PPSA05957","PS4, PS5","Нет","849,00 TL","","Нет","Да","","https://store.playstation.com/en-tr/concept/10001540","2024-12-15","Action","PEGI_18"
"8033","Long Live The Queen","PPSA08321","PS4, PS5","Нет","171,60 TL","","Нет","Нет","","https://store.playstation.com/en-tr/concept/10005354","2022-07-14","Adventure","PEGI_12"
"8034","Local News with Cliff Rockslide","PPSA23444","PS5","Нет","52,35 TL","Local News with Cliff Rockslide: 52,35 TL; Local News with Cliff Rockslide: 52,35 TL","Нет","Нет","","https://store.playstation.com/en-tr/concept/10011195","2024-06-27","Adventure","PEGI_7"
"8035","Long Gone Days","PPSA17083","PS4, PS5","Нет","1.079,00 TL","","Нет","Да","","https://store.playstation.com/en-tr/concept/10008650","2023-10-10","Role Playing Games","PEGI_16"
"8036","LoBlocks","PPSA32184","PS5","Нет","68,40 TL","","Нет","Нет","","https://store.playstation.com/en-tr/concept/10016356","2025-08-29","Puzzle","PEGI_3"
"8037","Lonely Mountains: Downhill","CUSA16005","PS4","Нет","699,00 TL","Complete Edition: 949,00 TL","Нет","Да","PS Plus Extra","https://store.playstation.com/en-tr/concept/234290","2019-10-22","Sport","PEGI_3"
"8038","L.O.L. Surprise! B.B.s BORN TO TRAVEL","PPSA05727","PS4, PS5","Нет","1.399,00 TL","","Нет","Нет","","https://store.playstation.com/en-tr/concept/10004078","2022-10-06","Family","PEGI_3"
"8039","Looking for Aliens","CUSA40177","PS4","Нет","300,00 TL","","Нет","Да","","https://store.playstation.com/en-tr/concept/10007108","2023-02-09","Casual","PEGI_3"
"8040","Lock's Quest","CUSA07305","PS4","Нет","849,00 TL","","Нет","Нет","","https://store.playstation.com/en-tr/concept/227162","2017-06-05","Strategy","PEGI_7"
"8041","LogIQ Boost","PPSA36402","PS5","Нет","215,00 TL","LogIQ Boost: 215,00 TL; LogIQ Boost: 215,00 TL","Нет","Да","","https://store.playstation.com/en-tr/concept/10018524","2026-05-01","Educational","PEGI_3"
"8042","Lonely Mountains: Snow Riders","PPSA22707","PS5","Нет","1.031,00 TL","Standard: 1.031,00 TL; Supporter: 1.160,00 TL; Complete Edition: 2.579,00 TL; Autumn Edition: 2.149,00 TL","Нет","Да","","https://store.playstation.com/en-tr/concept/10010852","2025-12-15","Sport","PEGI_3"
"8043","Looking for Fael","PPSA38186","PS5","Нет","849,00 TL","","Нет","Нет","","https://store.playstation.com/en-tr/concept/10019697","2026-07-16","Adventure","PEGI_7"
"8044","Logiart Grimoire","CUSA52637","PS4","Нет","816,00 TL","Logiart Grimoire: 816,00 TL","Нет","Нет","","https://store.playstation.com/en-tr/concept/10013510","2025-04-23","Puzzle","PEGI_3"
"8045","Longboard Skate Downhill Simulator","PPSA36134","PS5","Нет","389,40 TL","","Нет","Нет","","https://store.playstation.com/en-tr/concept/10016555","2026-03-30","Driving/Racing","PEGI_3"
"8046","Look Mum No Computer","PPSA32542","PS4, PS5","Нет","649,00 TL","","Нет","Нет","","https://store.playstation.com/en-tr/concept/10016563","2026-01-22","Action","PEGI_7"
"8047","Looney Test","CUSA57288","PS4","Нет","429,00 TL","","Нет","Нет","","https://store.playstation.com/en-tr/concept/10017397","2025-10-31","Quiz","PEGI_3"
"8048","Lone Survivor: The Director's Cut","CUSA01049","PS4","Нет","429,00 TL","","Нет","Нет","","https://store.playstation.com/en-tr/concept/202537","2014-10-14","Horror","PEGI_16"
"8049","Loop","CUSA45149","PS4","Нет","69,00 TL","Loop Avatar Bundle: 70,00 TL; Loop: 69,00 TL","Нет","Нет","","https://store.playstation.com/en-tr/concept/10009189","2023-11-02","Puzzle","PEGI_3"
"8050","Loop8: Summer of Gods","CUSA36259","PS4","Нет","174,90 TL","","Нет","Нет","","https://store.playstation.com/en-tr/concept/10002119","2023-06-05","Role Playing Games","PEGI_12"
"8051","Lord Of The Click","CUSA24794","PS4","Нет","193,00 TL","","Нет","Да","","https://store.playstation.com/en-tr/concept/10001557","2020-10-22","Strategy","PEGI_7"
"8052","Loretta","PPSA19743","PS5","Нет","525,00 TL","","Нет","Да","","https://store.playstation.com/en-tr/concept/10005653","2024-04-10","Adventure","PEGI_16"
"8053","Lost Artifacts: Golden Island","CUSA14428","PS4","Нет","215,00 TL","","Нет","Да","","https://store.playstation.com/en-tr/concept/233130","2021-01-28","Unique","PEGI_3"
"8054","Loot River","PPSA13470","PS4, PS5","Нет","1.079,00 TL","","Нет","Да","","https://store.playstation.com/en-tr/concept/10007227","2023-12-19","Adventure","PEGI_16"
"8055","Loot Rascals","CUSA04478","PS4","Нет","429,00 TL","","Нет","Нет","","https://store.playstation.com/en-tr/concept/217718","2017-03-06","Adventure","PEGI_7"