"№","Название","Скидка/Список","ID игры","Платформа","Предзаказ","Обычная цена","Цены изданий","Рус. озвучка","Рус. текст","Подписки","Ссылка","Дата релиза","Жанр","PEGI"
"17","007 First Light","Основной список","PPSA11386","PS5","Нет","2.999,00 TL","007 First Light: 2.999,00 TL; Deluxe Edition: 3.449,00 TL","Нет","Да","","https://store.playstation.com/en-tr/concept/10006560","2026-05-26","Adventure","PEGI_16"
"641","60 Seconds! Reatomized","Основной список","CUSA18932","PS4","Нет","349,00 TL","","Нет","Да","","https://store.playstation.com/en-tr/concept/231873","2020-12-17","Strategy","PEGI_12"
"257","7 Days to Die","Основной список","PPSA16645","PS5","Нет","1.749,00 TL","","Нет","Да","","https://store.playstation.com/en-tr/concept/10008451","2024-07-25","Simulation","PEGI_18"
"3869","9 Monkeys of Shaolin","Основной список","CUSA16644","PS4","Нет","849,00 TL","9 Monkeys of Shaolin: 849,00 TL","Да","Да","","https://store.playstation.com/en-tr/concept/232395","2020-10-16","Action","PEGI_12"
"4062","A Hat in Time","Основной список","CUSA10028","PS4","Нет","1.299,00 TL","","Нет","Нет","PS Plus Extra","https://store.playstation.com/en-tr/concept/228903","2017-12-05","Unique","PEGI_7"
"1756","A Plague Tale: Innocence","Основной список","PPSA02387","PS4, PS5","Нет","1.399,00 TL","A Plague Tale: Innocence: 1.399,00 TL","Нет","Да","","https://store.playstation.com/en-tr/concept/231037","2021-07-05","Adventure","PEGI_18"
"471","A Plague Tale: Requiem","Основной список","PPSA02785","PS5","Нет","2.799,00 TL","A Plague Tale Bundle: 3.149,00 TL","Нет","Да","","https://store.playstation.com/en-tr/concept/10002255","2022-10-17","Adventure","PEGI_18"
"1704","A Quiet Place: The Road Ahead","Основной список","PPSA19007","PS5","Нет","346,17 TL","","Нет","Да","PS Plus Extra","https://store.playstation.com/en-tr/concept/10009366","2024-10-17","Horror","PEGI_16"
"93","A Way Out","Основной список","CUSA08004","PS4","Нет","1.049,00 TL","","Нет","Да","EA Access","https://store.playstation.com/en-tr/concept/227061","2018-03-22","Adventure","PEGI_18"
"218","ACE COMBAT 7: SKIES UNKNOWN","Основной список","CUSA07202","PS4","Нет","2.499,00 TL","Standard Edition: 2.499,00 TL; Maverick Edition: 3.649,00 TL; Maverick Ultimate Edition: 3.899,00 TL","Нет","Да","","https://store.playstation.com/en-tr/concept/221661","2019-02-18","Action","PEGI_12"
"210","ACE COMBAT 8: WINGS OF THEVE","Основной список","PPSA24913","PS5","Да","3.449,00 TL","Standard Edition: 3.449,00 TL; Deluxe Edition: 4.299,00 TL","Нет","Нет","","https://store.playstation.com/en-tr/concept/10011942","2026-10-01","Shooter","PEGI_16"
"3994","Across the Valley","Основной список","PPSA13759","PS5","Нет","849,00 TL","","Нет","Нет","","https://store.playstation.com/en-tr/concept/10007333","2023-04-05","Family","PEGI_3"
"497","Adorable Adventures","Основной список","PPSA35106","PS5","Нет","636,75 TL","","Нет","Да","","https://store.playstation.com/en-tr/concept/10017971","2026-04-29","Adventure","PEGI_3"
"2008","After the Fall","Основной список","PPSA10602","PS4, PS5","Нет","699,00 TL","Standard Edition: 699,00 TL; Deluxe Edition: 875,00 TL","Нет","Да","","https://store.playstation.com/en-tr/concept/10006271","2023-02-21","Action","PEGI_18"
"2205","After Us","Основной список","PPSA07949","PS5","Нет","259,80 TL","","Нет","Да","","https://store.playstation.com/en-tr/concept/10003563","2023-05-23","Adventure","PEGI_12"
"1290","Agatha Christie - Death on the Nile","Основной список","PPSA27765","PS5","Нет","1.749,00 TL","Agatha Christie's Deadly Voyages - 2 in 1: 2.099,30 TL; Agatha Christie - Death on the Nile: 1.749,00 TL","Нет","Нет","","https://store.playstation.com/en-tr/concept/10013650","2025-09-24","Adventure","PEGI_12"
"345","Age of Empires II","Основной список","PPSA18654","PS5","Нет","1.699,00 TL","Standard: 1.699,00 TL; Premium Edition: 1.657,50 TL; Premium Editions Bundle: 4.198,00 TL","Нет","Да","","https://store.playstation.com/en-tr/concept/10009261","2025-05-06","Strategy","PEGI_12"
"202","Age of Empires IV","Основной список","PPSA25366","PS5","Нет","999,00 TL","Standard Edition: 999,00 TL; Deluxe Edition: 1.499,00 TL; Premium Edition: 1.799,00 TL; Premium Editions Bundle: 3.899,00 TL","Нет","Да","","https://store.playstation.com/en-tr/concept/10012160","2025-11-04","Strategy","PEGI_12"
"359","Age of Mythology: Retold","Основной список","PPSA18653","PS5","Нет","599,00 TL","Standard Edition: 599,00 TL; Premium Edition: 999,00 TL","Да","Да","","https://store.playstation.com/en-tr/concept/10009260","2025-03-04","Strategy","PEGI_12"
"4056","Age of Water","Основной список","PPSA18593","PS5","Нет","1.299,00 TL","Age of Water: 1.299,00 TL; Age of Water - Silver Edition: 1.749,00 TL; Age of Water - Gold Edition: 2.149,00 TL","Нет","Да","","https://store.playstation.com/en-tr/concept/10008402","2024-04-25","Action","PEGI_12"
"2157","Age of Wonders 4","Основной список","PPSA07433","PS5","Нет","1.749,00 TL","Premium Edition: 3.149,00 TL; Collector’s Bundle: 6.449,00 TL; Age of Wonders 4: Starter Edition: 2.579,00 TL","Нет","Да","","https://store.playstation.com/en-tr/concept/10004957","2023-05-02","Strategy","PEGI_16"
"2157","Age of Wonders 4","Основной список","PPSA07433","PS5","Нет","1.749,00 TL","Premium Edition: 3.149,00 TL; Collector’s Bundle: 6.449,00 TL; Age of Wonders 4: Starter Edition: 2.579,00 TL","Нет","Да","","https://store.playstation.com/en-tr/concept/10004957","2023-05-02","Strategy","PEGI_16"
"4052","Agents of Mayhem","Основной список","CUSA03067","PS4","Нет","69,90 TL","Agents of Mayhem - Total Mayhem Bundle: 104,90 TL; Agents of Mayhem: 69,90 TL","Нет","Да","","https://store.playstation.com/en-tr/concept/211321","2017-08-18","Action","PEGI_18"
"1907","Agony","Основной список","CUSA11622","PS4","Нет","69,90 TL","","Нет","Да","","https://store.playstation.com/en-tr/concept/229728","2018-05-28","Horror","PEGI_18"
"57","Alan Wake 2","Основной список","PPSA02572","PS5","Нет","1.099,00 TL","Deluxe Edition: 1.499,00 TL","Нет","Да","","https://store.playstation.com/en-tr/concept/10002065","2023-10-27","Horror","PEGI_18"
"135","Alan Wake","Основной список","PPSA01925","PS4, PS5","Нет","879,00 TL","","Нет","Да","","https://store.playstation.com/en-tr/concept/10001478","2021-10-04","Action","PEGI_16"
"607","Alien: Isolation","Основной список","CUSA00362","PS4","Нет","1.199,00 TL","Alien: Isolation - The Collection: 1.949,00 TL; Alien: Isolation: 1.199,00 TL","Да","Да","","https://store.playstation.com/en-tr/concept/200213","2014-10-06","Horror","PEGI_18"
"1046","Alien: Rogue Incursion VR","Основной список","PPSA06448","PS5","Нет","1.399,00 TL","Standard: 1.399,00 TL; Deluxe: 2.149,00 TL","Нет","Да","","https://store.playstation.com/en-tr/concept/10004478","2024-12-19","Action","PEGI_18"
"1572","Aliens: Dark Descent","Основной список","PPSA08312","PS4, PS5","Нет","874,65 TL","","Нет","Да","","https://store.playstation.com/en-tr/concept/10005351","2023-06-19","Strategy","PEGI_16"
"851","Aliens: Fireteam Elite","Основной список","PPSA03544","PS4, PS5","Нет","1.049,00 TL","Standard: 1.049,00 TL; Ultimate Edition: 2.099,00 TL; Into The Hive Edition: 349,75 TL","Нет","Да","","https://store.playstation.com/en-tr/concept/10002794","2021-08-23","Action","PEGI_16"
"667","Alone in the Dark","Основной список","PPSA08135","PS5","Нет","699,50 TL","Standard: 699,50 TL; Digital Deluxe: 1.749,00 TL","Нет","Да","","https://store.playstation.com/en-tr/concept/10005283","2024-03-20","Horror","PEGI_18"
"4146","Alt Girl for Skoof","Основной список","PPSA36634","PS5","Нет","322,00 TL","","Да","Да","","https://store.playstation.com/en-tr/concept/10018942","2026-04-21","Adventure","PEGI_12"
"4169","Amnesia: Collection","Основной список","CUSA05457","PS4","Нет","999,00 TL","","Нет","Да","","https://store.playstation.com/en-tr/concept/221671","2016-11-21","Action","PEGI_16"
"4173","Amnesia: Rebirth","Основной список","CUSA19272","PS4","Нет","999,00 TL","","Нет","Да","","https://store.playstation.com/en-tr/concept/10000474","2020-10-19","Adventure","PEGI_18"
"884","Amnesia: The Bunker","Основной список","CUSA40995","PS4","Нет","175,00 TL","","Нет","Да","","https://store.playstation.com/en-tr/concept/10007451","2023-06-06","Horror","PEGI_18"
"142","Among Us","Основной список","PPSA03596","PS4, PS5","Нет","139,00 TL","","Нет","Да","","https://store.playstation.com/en-tr/concept/10002811","2021-12-14","Party","PEGI_7"
"568","Among Us 3D: VR","Основной список","PPSA18835","PS5","Нет","209,40 TL","","Нет","Нет","","https://store.playstation.com/en-tr/concept/10005565","2023-12-04","Party","PEGI_7"
"4180","Ancestors Legacy","Основной список","CUSA14954","PS4","Нет","1.499,00 TL","","Нет","Да","","https://store.playstation.com/en-tr/concept/233418","2019-08-12","Strategy","PEGI_18"
"752","Ancestors: The Humankind Odyssey","Основной список","CUSA13248","PS4","Нет","1.749,00 TL","","Нет","Да","","https://store.playstation.com/en-tr/concept/232664","2019-12-05","Adventure","PEGI_16"
"1513","Angry Birds VR: Isle of Pigs","Основной список","PPSA17162","PS5","Нет","699,00 TL","","Нет","Нет","","https://store.playstation.com/en-tr/concept/10008009","2023-10-10","Casual","PEGI_3"
"1513","Angry Birds VR: Isle of Pigs","Основной список","PPSA17162","PS5","Нет","699,00 TL","","Нет","Нет","","https://store.playstation.com/en-tr/concept/10008009","2023-10-10","Casual","PEGI_3"
"278","Anno 117: Pax Romana","Основной список","PPSA23559","PS5","Нет","1.469,30 TL","Anno 117: Pax Romana: 1.469,30 TL; Gold Edition: 2.204,30 TL","Нет","Да","","https://store.playstation.com/en-tr/concept/10011009","2025-11-12","Strategy","PEGI_12"
"924","Anno 1800 Console Edition - Standard","Основной список","PPSA04719","PS5","Нет","479,70 TL","Deluxe Edition: 170,70 TL","Да","Да","PS Plus Extra","https://store.playstation.com/en-tr/concept/10003143","2023-03-15","Strategy","PEGI_12"
"4224","ANOMALITH","Основной список","PPSA29380","PS5","Да","1.934,10 TL","Standard Edition: 1.934,10 TL; Digital Deluxe Edition: 2.699,10 TL","Нет","Нет","","https://store.playstation.com/en-tr/concept/10012984","2026-10-28","Action","PEGI_16"
"4247","Aphelion","Основной список","PPSA13446","PS5","Нет","1.499,00 TL","","Нет","Да","","https://store.playstation.com/en-tr/concept/10007223","2026-04-28","Adventure","PEGI_16"
"151","ARC Raiders","Основной список","PPSA04998","PS5","Нет","2.090,00 TL","Standard Edition: 2.090,00 TL; Deluxe Edition: 3.090,00 TL","Нет","Да","","https://store.playstation.com/en-tr/concept/10003610","2025-10-30","Action","PEGI_16"
"4638","ArcaniA - The Complete Tale","Основной список","CUSA01702","PS4","Нет","849,00 TL","","Да","Да","","https://store.playstation.com/en-tr/concept/200267","2015-05-08","Adventure","PEGI_16"
"169","ARK: Survival Ascended","Основной список","PPSA17101","PS5","Нет","1.599,00 TL","ARK: Survival Ascended: 1.599,00 TL; ARK: Bob's Bundle: 2.579,00 TL","Нет","Да","","https://store.playstation.com/en-tr/concept/10008286","2023-11-30","Role Playing Games","PEGI_16"
"317","ARK: Survival Evolved","Основной список","CUSA06782","PS4","Нет","649,00 TL","Ultimate Survivor Edition: 1.499,00 TL; ARK: Survival Evolved: 649,00 TL","Нет","Нет","","https://store.playstation.com/en-tr/concept/224802","2016-12-05","Action","PEGI_16"
"268","Arma Reforger","Основной список","PPSA24605","PS5","Нет","1.399,00 TL","","Нет","Да","","https://store.playstation.com/en-tr/concept/10010198","2024-12-12","Action","PEGI_16"
"914","ARMORED CORE VI FIRES OF RUBICON","Основной список","PPSA06773","PS4, PS5","Нет","2.999,00 TL","Standard Edition PS4 & PS5: 2.999,00 TL; Deluxe Edition PS4 & PS5: 3.449,00 TL","Нет","Да","","https://store.playstation.com/en-tr/concept/10001815","2023-08-24","Action","PEGI_12"
"4679","art of rally","Основной список","PPSA03659","PS4, PS5","Нет","849,00 TL","","Нет","Да","PS Plus Extra","https://store.playstation.com/en-tr/concept/10002789","2021-10-08","Driving/Racing","PEGI_3"
"2343","As Dusk Falls","Основной список","PPSA17815","PS4, PS5","Нет","1.049,00 TL","","Да","Да","PS Plus Extra","https://store.playstation.com/en-tr/concept/10008922","2024-03-07","Unique","PEGI_16"
"4696","Ashen","Основной список","CUSA14345","PS4","Нет","1.399,00 TL","","Нет","Да","","https://store.playstation.com/en-tr/concept/233083","2019-12-12","Action","PEGI_12"
"20","Assassin's Creed Black Flag Resynced","Основной список","PPSA28183","PS5","Нет","2.579,00 TL","Standard Edition: 2.579,00 TL; Deluxe Edition: 2.999,00 TL","Нет","Да","","https://store.playstation.com/en-tr/concept/10013987","2026-07-08","Adventure","PEGI_18"
"986","Assassin's Creed III","Основной список","CUSA11560","PS4","Нет","479,70 TL","","Да","Да","PS Plus Extra","https://store.playstation.com/en-tr/concept/231856","2019-03-28","Action","PEGI_18"
"611","Assassin's Creed IV Black Flag","Основной список","CUSA00009","PS4","Нет","699,00 TL","","Да","Да","PS Plus Extra","https://store.playstation.com/en-tr/concept/200089","2013-11-28","Action","PEGI_18"
"110","Assassin's Creed Mirage","Основной список","PPSA13960","PS4, PS5","Нет","699,60 TL","Assassin's Creed Bundle: 2.619,00 TL; Deluxe Edition: 1.049,00 TL; Master Assassin Edition: 1.199,60 TL","Нет","Да","PS Plus Extra","https://store.playstation.com/en-tr/concept/10004865","2023-10-04","Adventure","PEGI_18"
"110","Assassin's Creed Mirage","Основной список","PPSA13960","PS4, PS5","Нет","699,60 TL","Assassin's Creed Bundle: 2.619,00 TL; Deluxe Edition: 1.049,00 TL; Master Assassin Edition: 1.199,60 TL","Нет","Да","PS Plus Extra","https://store.playstation.com/en-tr/concept/10004865","2023-10-04","Adventure","PEGI_18"
"38","Assassin's Creed Odyssey","Основной список","CUSA12042","PS4","Нет","119,80 TL","Assassin's Creed Odyssey - Deluxe Edition: 539,00 TL; Assassin's Creed® Odyssey - GOLD EDITION: 669,00 TL; Assassin's Creed Odyssey - Ultimate Edition: 147,80 TL","Да","Да","PS Plus Extra","https://store.playstation.com/en-tr/concept/229601","2018-10-04","Action","PEGI_18"
"111","Assassin's Creed Origins","Основной список","CUSA05625","PS4","Нет","472,35 TL","Gold Edition: 53,85 TL; Assassin's Creed Origins - Deluxe Edition: 3.499,00 TL","Нет","Нет","PS Plus Extra","https://store.playstation.com/en-tr/concept/222066","2017-10-26","Action","PEGI_18"
"1209","Assassin's Creed Rogue","Основной список","CUSA10123","PS4","Нет","419,70 TL","","Да","Да","PS Plus Extra","https://store.playstation.com/en-tr/concept/230095","2018-03-19","Action","PEGI_18"
"133","Assassin’s Creed Shadows","Основной список","PPSA22100","PS5","Нет","2.799,00 TL","Standard Edition: 2.799,00 TL; Deluxe Edition: 3.499,00 TL; Premium Edition: 4.199,00 TL","Нет","Да","","https://store.playstation.com/en-tr/concept/10009909","2025-03-19","Role Playing Games","PEGI_18"
"133","Assassin’s Creed Shadows","Основной список","PPSA22100","PS5","Нет","2.799,00 TL","Standard Edition: 2.799,00 TL; Deluxe Edition: 3.499,00 TL; Premium Edition: 4.199,00 TL","Нет","Да","","https://store.playstation.com/en-tr/concept/10009909","2025-03-19","Role Playing Games","PEGI_18"
"725","Assassin's Creed Syndicate","Основной список","CUSA02376","PS4","Нет","1.749,00 TL","Assassin's Creed Triple Pack: Black Flag, Unity, Syndicate: 2.799,00 TL; Assassin's Creed® Syndicate Gold Edition: 1.749,00 TL","Нет","Нет","PS Plus Extra","https://store.playstation.com/en-tr/concept/212339","2015-10-22","Adventure","PEGI_18"
"377","Assassin’s Creed The","Основной список","CUSA04893","PS4","Нет","524,70 TL","","Да","Да","PS Plus Extra","https://store.playstation.com/en-tr/concept/225519","2016-11-16","Adventure","PEGI_18"
"362","Assassin's Creed Unity","Основной список","CUSA00605","PS4","Нет","437,25 TL","","Нет","Нет","PS Plus Extra","https://store.playstation.com/en-tr/concept/200088","2014-11-12","Adventure","PEGI_18"
"75","Assassin's Creed Valhalla","Основной список","PPSA01532","PS4, PS5","Нет","470,00 TL","Assassin’s Creed® Valhalla + Watch Dogs®: Legion Bundle: 5.599,00 TL; Assassin’s Creed® Valhalla + Immortals Fenyx Rising™ Bundle: 4.299,00 TL; Assassin's Creed Valhalla - Deluxe Edition: 762,71 TL; Ragnarok Edition: 2.499,00 TL; Assassin's Creed Valhalla - Complete Edition: 975,00 TL","Да","Да","PS Plus Extra","https://store.playstation.com/en-tr/concept/10000237","2020-11-11","Role Playing Games","PEGI_18"
"287","Assetto Corsa","Основной список","CUSA11487","PS4","Нет","1.399,00 TL","Assetto Corsa Ultimate Edition: 1.399,00 TL; Assetto Corsa: 1.049,00 TL","Нет","Да","","https://store.playstation.com/en-tr/concept/205920","2018-04-19","Driving/Racing","PEGI_3"
"279","Assetto Corsa Competizione","Основной список","PPSA03848","PS4, PS5","Нет","507,47 TL","Assetto Corsa Competizione - 2024 Pack: 1.399,00 TL","Нет","Да","PS Plus Extra","https://store.playstation.com/en-tr/concept/234902","2022-02-22","Driving/Racing","PEGI_3"
"4700","Asterix & Obelix Slap Them All!","Основной список","PPSA08576","PS4, PS5","Нет","879,00 TL","Asterix & Obelix Slap them All!: 879,00 TL; Asterix & Obelix Slap Them All!: 879,00 TL","Нет","Да","","https://store.playstation.com/en-tr/concept/10001110","2023-01-12","Action","PEGI_7"
"4700","Asterix & Obelix Slap Them All!","Основной список","PPSA08576","PS4, PS5","Нет","879,00 TL","Asterix & Obelix Slap them All!: 879,00 TL; Asterix & Obelix Slap Them All!: 879,00 TL","Нет","Да","","https://store.playstation.com/en-tr/concept/10001110","2023-01-12","Action","PEGI_7"
"2870","Asterix & Obelix XXL 2","Основной список","PPSA08164","PS4, PS5","Нет","139,80 TL","Asterix & Obelix XXL 2: 139,80 TL; Asterix & Obelix XXL 2: 139,80 TL","Нет","Да","","https://store.playstation.com/en-tr/concept/205912","2022-12-28","Action","PEGI_7"
"2870","Asterix & Obelix XXL 2","Основной список","PPSA08164","PS4, PS5","Нет","139,80 TL","Asterix & Obelix XXL 2: 139,80 TL; Asterix & Obelix XXL 2: 139,80 TL","Нет","Да","","https://store.playstation.com/en-tr/concept/205912","2022-12-28","Action","PEGI_7"
"1231","Asterix & Obelix XXL3: The Crystal Menhir","Основной список","PPSA07498","PS4, PS5","Нет","139,80 TL","Asterix & Obelix XXL3: The Crystal Menhir: 139,80 TL; Asterix & Obelix XXL3: The Crystal Menhir: 139,80 TL","Да","Да","","https://store.playstation.com/en-tr/concept/234766","2022-12-10","Adventure","PEGI_7"
"1231","Asterix & Obelix XXL3: The Crystal Menhir","Основной список","PPSA07498","PS4, PS5","Нет","139,80 TL","Asterix & Obelix XXL3: The Crystal Menhir: 139,80 TL; Asterix & Obelix XXL3: The Crystal Menhir: 139,80 TL","Да","Да","","https://store.playstation.com/en-tr/concept/234766","2022-12-10","Adventure","PEGI_7"
"2802","Asterix & Obelix XXXL : The Ram From Hibernia","Основной список","PPSA08448","PS4, PS5","Нет","349,80 TL","","Нет","Да","","https://store.playstation.com/en-tr/concept/10005402","2022-10-26","Adventure","PEGI_7"
"15","ASTRO BOT","Основной список","PPSA21567","PS5","Нет","2.999,00 TL","Standard Edition: 2.999,00 TL; Digital Deluxe Edition: 3.449,00 TL","Нет","Да","","https://store.playstation.com/en-tr/concept/10002684","2024-09-05","Action","PEGI_7"
"307","ASTRO BOT Rescue Mission","Основной список","CUSA12392","PS4","Нет","1.749,00 TL","ASTRO BOT Rescue Mission™: 1.749,00 TL","Нет","Да","","https://store.playstation.com/en-tr/concept/232682","2018-10-02","Action","PEGI_7"
"226","ASTRONEER","Основной список","PPSA27623","PS4, PS5","Нет","1.299,00 TL","Glitchwalkers Edition: 307,25 TL; Glitchwalkers Deluxe: 1.399,00 TL; Evolution Edition: 1.299,00 TL; Ultimate Edition: 2.579,00 TL; Megatech Deluxe Edition: 1.749,00 TL","Нет","Да","PS Plus Extra","https://store.playstation.com/en-tr/concept/234630","2025-11-20","Simulation","PEGI_7"
"4750","ATOM RPG","Основной список","CUSA23286","PS4","Нет","1.160,00 TL","","Да","Да","","https://store.playstation.com/en-tr/concept/10000814","2021-10-28","Role Playing Games","PEGI_18"
"356","Atomfall","Основной список","PPSA15493","PS4, PS5","Нет","2.099,00 TL","Standard: 2.099,00 TL; Atomfall Deluxe Edition: 2.099,25 TL; Atomfall Complete Edition: 3.849,00 TL","Нет","Да","","https://store.playstation.com/en-tr/concept/10007896","2025-03-27","Adventure","PEGI_18"
"4752","Ato","Основной список","CUSA28049","PS4","Нет","649,00 TL","","Нет","Да","","https://store.playstation.com/en-tr/concept/10002927","2024-04-10","Action","PEGI_7"
"4752","Ato","Основной список","CUSA28049","PS4","Нет","649,00 TL","","Нет","Да","","https://store.playstation.com/en-tr/concept/10002927","2024-04-10","Action","PEGI_7"
"4752","Ato","Основной список","CUSA28049","PS4","Нет","649,00 TL","","Нет","Да","","https://store.playstation.com/en-tr/concept/10002927","2024-04-10","Action","PEGI_7"
"4771","Autonauts","Основной список","PPSA03447","PS5","Нет","849,00 TL","Autonauts PS4 & PS5: 849,00 TL; Autonauts PS4 & PS5: 849,00 TL","Нет","Да","","https://store.playstation.com/en-tr/concept/10002739","2022-06-16","Strategy","PEGI_3"
"273","Avatar Legends: The Fighting Game","Основной список","PPSA36891","PS5","Нет","1.299,00 TL","Avatar Legends: The Fighting Game: 1.299,00 TL; Digital Deluxe Edition: 2.149,00 TL","Нет","Нет","","https://store.playstation.com/en-tr/concept/10018989","2026-07-23","Fighting","PEGI_3"
"130","Avatar: Frontiers of Pandora","Основной список","PPSA07497","PS5","Нет","1.049,00 TL","From The Ashes Edition: 1.399,00 TL; Complete Edition: 2.099,00 TL","Нет","Да","PS Plus Extra","https://store.playstation.com/en-tr/concept/235179","2023-12-06","Unique","PEGI_16"
"130","Avatar: Frontiers of Pandora","Основной список","PPSA07497","PS5","Нет","1.049,00 TL","From The Ashes Edition: 1.399,00 TL; Complete Edition: 2.099,00 TL","Нет","Да","PS Plus Extra","https://store.playstation.com/en-tr/concept/235179","2023-12-06","Unique","PEGI_16"
"394","Avowed","Основной список","PPSA26136","PS5","Нет","2.099,00 TL","Avowed: 2.099,00 TL; Avowed Premium Edition: 2.499,00 TL","Нет","Да","","https://store.playstation.com/en-tr/concept/10012632","2026-02-17","Role Playing Games","PEGI_16"
"710","Back 4 Blood","Основной список","PPSA01696","PS4, PS5","Нет","2.499,00 TL","Deluxe Edition: 859,00 TL; Ultimate Edition: 999,00 TL","Нет","Да","PS Plus Extra","https://store.playstation.com/en-tr/concept/233064","2021-10-11","Shooter","PEGI_18"
"1841","BADLAND","Основной список","CUSA01294","PS4","Нет","515,00 TL","","Нет","Да","","https://store.playstation.com/en-tr/concept/200469","2015-05-28","Action","PEGI_7"
"1382","Balatro","Основной список","PPSA21402","PS4, PS5","Нет","529,00 TL","","Нет","Нет","","https://store.playstation.com/en-tr/concept/10010334","2024-02-20","Strategy","PEGI_12"
"31","Baldur's Gate 3","Основной список","PPSA14002","PS5","Нет","2.499,00 TL","Digital Deluxe Edition: 2.799,00 TL","Нет","Да","","https://store.playstation.com/en-tr/concept/10007460","2023-09-06","Role Playing Games","PEGI_18"
"31","Baldur's Gate 3","Основной список","PPSA14002","PS5","Нет","2.499,00 TL","Digital Deluxe Edition: 2.799,00 TL","Нет","Да","","https://store.playstation.com/en-tr/concept/10007460","2023-09-06","Role Playing Games","PEGI_18"
"899","BALL x PIT","Основной список","PPSA31872","PS5","Нет","649,00 TL","","Нет","Да","","https://store.playstation.com/en-tr/concept/10016190","2025-10-15","Arcade","PEGI_7"
"4846","Banishers: Ghosts of New Eden","Основной список","PPSA10053","PS5","Нет","2.299,00 TL","Banishers: Ghosts of New Eden + Vampyr - Bundle: 4.299,00 TL","Нет","Да","PS Plus Extra","https://store.playstation.com/en-tr/concept/10006098","2024-02-12","Adventure","PEGI_16"
"140","Batman: Arkham Knight","Основной список","CUSA00135","PS4","Да","174,75 TL","Batman: Arkham Knight Premium Edition: 1.749,00 TL; Batman: Arkham Collection: 2.099,00 TL; Batman: Arkham Knight: 174,75 TL","Нет","Да","","https://store.playstation.com/en-tr/concept/200472","2015-06-22","Adventure","PEGI_18"
"140","Batman: Arkham Knight","Основной список","CUSA00135","PS4","Да","174,75 TL","Batman: Arkham Knight Premium Edition: 1.749,00 TL; Batman: Arkham Collection: 2.099,00 TL; Batman: Arkham Knight: 174,75 TL","Нет","Да","","https://store.playstation.com/en-tr/concept/200472","2015-06-22","Adventure","PEGI_18"
"1517","Batman: Arkham VR","Основной список","CUSA05340","PS4","Нет","699,00 TL","","Нет","Да","","https://store.playstation.com/en-tr/concept/225521","2017-01-23","Adventure","PEGI_18"
"856","Batman: Return to Arkham","Основной список","CUSA04607","PS4","Нет","1.749,00 TL","","Нет","Да","","https://store.playstation.com/en-tr/concept/216064","2016-10-20","Adventure","PEGI_16"
"139","Battlefield 1","Основной список","CUSA02387","PS4","Нет","299,70 TL","Battlefield™ 1 Revolution: 1.999,00 TL; Battlefield™ 1 & Titanfall™ 2 Ultimate Bundle: 3.449,00 TL; Battlefield™ 1: 299,70 TL","Да","Да","","https://store.playstation.com/en-tr/concept/221824","2016-10-20","Shooter","PEGI_18"
"139","Battlefield 1","Основной список","CUSA02387","PS4","Нет","299,70 TL","Battlefield™ 1 Revolution: 1.999,00 TL; Battlefield™ 1 & Titanfall™ 2 Ultimate Bundle: 3.449,00 TL; Battlefield™ 1: 299,70 TL","Да","Да","","https://store.playstation.com/en-tr/concept/221824","2016-10-20","Shooter","PEGI_18"
"324","Battlefield 2042","Основной список","PPSA01465","PS4, PS5","Нет","799,80 TL","Standard Edition: 799,80 TL; Standard Edition: 140,00 TL; Elite Edition: 4.999,00 TL","Да","Да","EA Access","https://store.playstation.com/en-tr/concept/10000758","2021-11-18","Shooter","PEGI_16"
"324","Battlefield 2042","Основной список","PPSA01465","PS4, PS5","Нет","799,80 TL","Standard Edition: 799,80 TL; Standard Edition: 140,00 TL; Elite Edition: 4.999,00 TL","Да","Да","EA Access","https://store.playstation.com/en-tr/concept/10000758","2021-11-18","Shooter","PEGI_16"
"324","Battlefield 2042","Основной список","PPSA01465","PS4, PS5","Нет","799,80 TL","Standard Edition: 799,80 TL; Standard Edition: 140,00 TL; Elite Edition: 4.999,00 TL","Да","Да","EA Access","https://store.playstation.com/en-tr/concept/10000758","2021-11-18","Shooter","PEGI_16"
"322","Battlefield 4","Основной список","CUSA00049","PS4","Нет","299,70 TL","Battlefield 4™ Premium Edition: 1.999,00 TL; Battlefield 4™: 299,70 TL","Да","Да","EA Access","https://store.playstation.com/en-tr/concept/200449","2013-11-28","Shooter","PEGI_18"
"36","Battlefield 6","Основной список","PPSA19534","PS5","Нет","2.900,00 TL","Standard Edition: 2.900,00 TL; Phantom Edition: 4.000,00 TL","Нет","Нет","EA Access","https://store.playstation.com/en-tr/concept/10009568","2025-10-10","Shooter","PEGI_16"
"36","Battlefield 6","Основной список","PPSA19534","PS5","Нет","2.900,00 TL","Standard Edition: 2.900,00 TL; Phantom Edition: 4.000,00 TL","Нет","Нет","EA Access","https://store.playstation.com/en-tr/concept/10009568","2025-10-10","Shooter","PEGI_16"
"4884","Battlefield Hardline","Основной список","CUSA00633","PS4","Нет","Included","","Да","Да","EA Access","https://store.playstation.com/en-tr/concept/200450","2015-03-16","Action","PEGI_18"
"393","Battlefield V","Основной список","CUSA08670","PS4","Нет","599,70 TL","Battlefield™ V: 599,70 TL; Definitive Edition: 2.999,00 TL","Да","Да","EA Access","https://store.playstation.com/en-tr/concept/227326","2018-11-19","Shooter","PEGI_16"
"1129","Bayonetta","Основной список","CUSA16163","PS4","Нет","299,75 TL","Bayonetta & Vanquish 10th Anniversary Bundle: 1.949,00 TL; Bayonetta: 299,75 TL","Нет","Нет","","https://store.playstation.com/en-tr/concept/234853","2020-02-17","Action","PEGI_18"
"1682","Beach Buggy Racing","Основной список","CUSA02366","PS4","Нет","429,00 TL","","Нет","Да","","https://store.playstation.com/en-tr/concept/200355","2015-06-02","Driving/Racing","PEGI_3"
"131","Beast of Reincarnation","Основной список","PPSA29344","PS5","Нет","2.349,00 TL","Standard Edition: 2.349,00 TL; Digital Deluxe Edition: 2.799,00 TL","Нет","Нет","","https://store.playstation.com/en-tr/concept/10014719","2026-08-04","Action","PEGI_16"
"115","Beat Saber","Основной список","PPSA15035","PS4, PS5","Нет","849,00 TL","Beat Saber + The Rolling Stones Music Pack: 1.299,00 TL; Beat Saber + Queen Music Pack: 1.299,00 TL; Beat Saber + Monstercat Mixtape 2: 1.299,00 TL; Beat Saber + Metallica Music Pack: 1.590,00 TL; Beat Saber + Linkin Park x Mike Shinoda Ultimate Bundle: 1.676,00 TL; Beat Saber + Hip Hop Mixtape: 1.246,00 TL; Beat Saber + Daft Punk Music Pack: 1.299,00 TL; Beat Saber + Britney Spears Music Pack: 1.299,00 TL; Beat Saber + BTS Music Pack: 1.299,00 TL; Beat Saber + Imagine Dragons Music Pack: 1.299,00 TL; Beat Saber: 849,00 TL","Нет","Нет","","https://store.playstation.com/en-tr/concept/232492","2023-05-24","Party","PEGI_3"
"2241","Beholder 3","Основной список","PPSA09818","PS5","Нет","254,70 TL","Beholder 3: 254,70 TL; Beholder 3: 254,70 TL","Да","Да","","https://store.playstation.com/en-tr/concept/10006017","2022-12-15","Adventure","PEGI_16"
"2241","Beholder 3","Основной список","PPSA09818","PS5","Нет","254,70 TL","Beholder 3: 254,70 TL; Beholder 3: 254,70 TL","Да","Да","","https://store.playstation.com/en-tr/concept/10006017","2022-12-15","Adventure","PEGI_16"
"1851","Ben 10","Основной список","CUSA09538","PS4","Нет","307,65 TL","Ben 10 Bundle: 524,70 TL","Нет","Нет","PS Plus Extra","https://store.playstation.com/en-tr/concept/229756","2017-11-09","Family","PEGI_7"
"1031","Berserk and the Band of the Hawk","Основной список","CUSA07406","PS4","Нет","2.099,00 TL","","Нет","Нет","","https://store.playstation.com/en-tr/concept/227092","2017-03-24","Action","PEGI_18"
"4951","Beyond Good & Evil 20th","Основной список","PPSA08706","PS4, PS5","Нет","699,00 TL","","Нет","Да","","https://store.playstation.com/en-tr/concept/10004727","2024-06-24","Adventure","PEGI_12"
"773","BEYOND: Two Souls","Основной список","CUSA00513","PS4","Нет","1.299,00 TL","The Heavy Rain™ & BEYOND: Two Souls™ Collection: 1.749,00 TL","Нет","Нет","","https://store.playstation.com/en-tr/concept/200599","2015-11-25","Action","PEGI_16"
"608","Big Walk","Основной список","PPSA33764","PS5","Нет","816,00 TL","","Нет","Да","","https://store.playstation.com/en-tr/concept/10017189","2026-08-04","Adventure","PEGI_3"
"4969","BioEden","Основной список","PPSA37805","PS5","Да","854,10 TL","","Нет","Нет","","https://store.playstation.com/en-tr/concept/10019366","2026-09-03","Unique","PEGI_3"
"655","Biomutant","Основной список","PPSA06254","PS4, PS5","Нет","349,75 TL","Biomutant PS4 & PS5: 349,75 TL","Да","Да","","https://store.playstation.com/en-tr/concept/229899","2022-09-06","Unique","PEGI_12"
"2362","BioShock 2","Основной список","CUSA13065","PS4","Нет","219,75 TL","","Нет","Нет","","https://store.playstation.com/en-tr/concept/232587","2020-05-28","Action","PEGI_18"
"1258","BioShock","Основной список","CUSA13064","PS4","Нет","351,60 TL","","Нет","Нет","","https://store.playstation.com/en-tr/concept/232561","2020-05-28","Action","PEGI_18"
"1258","BioShock","Основной список","CUSA13064","PS4","Нет","351,60 TL","","Нет","Нет","","https://store.playstation.com/en-tr/concept/232561","2020-05-28","Action","PEGI_18"
"1258","BioShock","Основной список","CUSA13064","PS4","Нет","351,60 TL","","Нет","Нет","","https://store.playstation.com/en-tr/concept/232561","2020-05-28","Action","PEGI_18"
"795","Biped","Основной список","PPSA24591","PS4, PS5","Нет","78,75 TL","Bipedal Party: 1.079,00 TL","Нет","Да","PS Plus Extra","https://store.playstation.com/en-tr/concept/10000494","2024-12-17","Adventure","PEGI_3"
"711","Biped 2","Основной список","PPSA23066","PS4, PS5","Нет","367,20 TL","","Нет","Да","","https://store.playstation.com/en-tr/concept/10010903","2025-11-05","Adventure","PEGI_3"
"4990","Black Book","Основной список","CUSA28263","PS4","Нет","1.079,00 TL","","Да","Да","","https://store.playstation.com/en-tr/concept/10003004","2021-08-10","Adventure","PEGI_12"
"129","Black Desert","Основной список","PPSA22501","PS5","Нет","429,00 TL","Standard Edition: 429,00 TL; Heroic Edition: 1.634,00 TL; Mythical Edition: 4.749,00 TL","Нет","Да","","https://store.playstation.com/en-tr/concept/233032","2025-06-26","Role Playing Games","PEGI_16"
"5007","Black Mirror","Основной список","CUSA08365","PS4","Нет","1.749,00 TL","","Нет","Да","","https://store.playstation.com/en-tr/concept/227083","2017-11-28","Adventure","PEGI_18"
"21","Black Myth: Wukong","Основной список","PPSA23226","PS5","Нет","1.749,30 TL","Digital Deluxe Edition: 1.959,30 TL","Нет","Да","","https://store.playstation.com/en-tr/concept/10007144","2024-08-20","Role Playing Games","PEGI_16"
"5020","Blade of Darkness","Основной список","PPSA10819","PS4, PS5","Нет","649,00 TL","","Нет","Да","","https://store.playstation.com/en-tr/concept/10005753","2023-03-15","Role Playing Games","PEGI_16"
"1487","Blair Witch","Основной список","CUSA18085","PS4","Нет","1.299,00 TL","Standard VR Edition: 1.299,00 TL; VR Deluxe Edition: 1.499,00 TL; Deluxe Edition: 1.499,00 TL; Blair Witch: 1.299,00 TL","Нет","Да","","https://store.playstation.com/en-tr/concept/235083","2019-12-11","Horror","PEGI_16"
"1133","Blasphemous","Основной список","CUSA16261","PS4","Нет","875,00 TL","","Нет","Да","","https://store.playstation.com/en-tr/concept/234422","2019-09-09","Action","PEGI_16"
"1133","Blasphemous","Основной список","CUSA16261","PS4","Нет","875,00 TL","","Нет","Да","","https://store.playstation.com/en-tr/concept/234422","2019-09-09","Action","PEGI_16"
"976","Blasphemous 2","Основной список","PPSA13579","PS4, PS5","Нет","1.049,00 TL","Blasphemous + Blasphemous 2 Bundle: 1.599,00 TL; Mea Culpa Edition: 344,75 TL","Нет","Да","PS Plus Extra","https://store.playstation.com/en-tr/concept/10007264","2023-08-23","Action","PEGI_16"
"318","BLEACH Rebirth of Souls","Основной список","PPSA03579","PS4, PS5","Нет","2.499,00 TL","Standard Edition: 2.499,00 TL; Deluxe Edition: 3.399,00 TL; Ultimate Edition: 3.899,00 TL","Нет","Да","","https://store.playstation.com/en-tr/concept/10001710","2025-03-20","Fighting","PEGI_12"
"2522","Bleak Faith: Forsaken","Основной список","PPSA22299","PS5","Нет","479,60 TL","","Нет","Нет","","https://store.playstation.com/en-tr/concept/10010698","2024-08-05","Role Playing Games","PEGI_18"
"264","Bloodborne","Основной список","CUSA00207","PS4","Нет","849,00 TL","Bloodborne™: Game of the Year Edition: 1.499,00 TL","Нет","Да","PS Plus Extra","https://store.playstation.com/en-tr/concept/200520","2015-03-24","Action","PEGI_16"
"1652","Blue Prince","Основной список","PPSA25009","PS5","Нет","629,40 TL","","Нет","Нет","PS Plus Extra","https://store.playstation.com/en-tr/concept/10012002","2025-04-10","Adventure","PEGI_7"
"2378","Borderlands","Основной список","CUSA10468","PS4","Нет","141,36 TL","","Нет","Нет","","https://store.playstation.com/en-tr/concept/231364","2019-04-02","Shooter","PEGI_18"
"1954","Borderlands 2 VR","Основной список","CUSA13946","PS4","Нет","437,25 TL","","Нет","Нет","","https://store.playstation.com/en-tr/concept/232925","2018-12-13","Action","PEGI_18"
"259","Borderlands 3","Основной список","PPSA01463","PS4, PS5","Нет","3.499,00 TL","Borderlands 3: 459,00 TL; Next Level Edition: 507,46 TL; Super Deluxe Edition: 2.799,00 TL; Ultimate Edition: 3.499,00 TL","Нет","Да","","https://store.playstation.com/en-tr/concept/227478","2020-11-11","Shooter","PEGI_18"
"156","Borderlands4","Основной список","PPSA01494","PS5","Нет","2.900,00 TL","Super Deluxe Edition: 4.680,00 TL; Deluxe Edition: 3.600,00 TL","Нет","Да","","https://store.playstation.com/en-tr/concept/10000819","2025-09-11","Shooter","PEGI_18"
"5123","Borderlands Collection: Pandora's Box","Основной список","PPSA17639","PS4, PS5","Нет","5.249,00 TL","","Нет","Да","","https://store.playstation.com/en-tr/concept/10008795","2023-08-31","Action","PEGI_18"
"1000","Borderlands: The","Основной список","CUSA01446","PS4","Нет","2.099,00 TL","Borderlands: The Handsome Collection: 2.099,00 TL; Borderlands Legendary Collection: 2.299,00 TL","Нет","Нет","","https://store.playstation.com/en-tr/concept/215282","2015-03-26","Shooter","PEGI_18"
"5142","Bramble: The Mountain King","Основной список","PPSA09426","PS4, PS5","Нет","1.049,00 TL","","Нет","Да","PS Plus Extra","https://store.playstation.com/en-tr/concept/10004805","2023-04-26","Adventure","PEGI_18"
"1506","Bratz: Flaunt Your Fashion","Основной список","PPSA08284","PS4, PS5","Нет","1.049,00 TL","Bratz™: Flaunt Your Fashion: 1.049,00 TL; Complete Edition: 430,15 TL","Нет","Нет","","https://store.playstation.com/en-tr/concept/10005336","2022-11-03","Adventure","PEGI_3"
"5166","Breathedge","Основной список","PPSA04243","PS5","Нет","1.299,00 TL","Breathedge: 1.299,00 TL; Breathedge: 1.079,00 TL","Да","Да","","https://store.playstation.com/en-tr/concept/10002392","2022-02-25","Action","PEGI_12"
"5166","Breathedge","Основной список","PPSA04243","PS5","Нет","1.299,00 TL","Breathedge: 1.299,00 TL; Breathedge: 1.079,00 TL","Да","Да","","https://store.playstation.com/en-tr/concept/10002392","2022-02-25","Action","PEGI_12"
"1047","Broforce","Основной список","CUSA03887","PS4","Нет","129,80 TL","","Нет","Нет","","https://store.playstation.com/en-tr/concept/216078","2016-02-29","Action","PEGI_16"
"5188","Broken Sword - Shadow of the Templars: Reforged","Основной список","PPSA21480","PS4, PS5","Нет","1.299,00 TL","","Нет","Да","PS Plus Extra","https://store.playstation.com/en-tr/concept/10008760","2024-09-18","Adventure","PEGI_16"
"5181","Broken Sword 5 - the Serpent's Curse","Основной список","CUSA02500","PS4","Нет","1.049,00 TL","","Нет","Да","","https://store.playstation.com/en-tr/concept/200603","2015-09-04","Adventure","PEGI_16"
"753","Brotato","Основной список","PPSA17624","PS4, PS5","Нет","175,00 TL","","Нет","Да","","https://store.playstation.com/en-tr/concept/10007282","2024-01-30","Action","PEGI_7"
"783","Brothers: a Tale of two Sons","Основной список","CUSA02305","PS4","Нет","849,00 TL","","Нет","Да","","https://store.playstation.com/en-tr/concept/200617","2015-08-11","Action","PEGI_16"
"298","Brothers: A Tale of Two Sons Remake","Основной список","PPSA14502","PS5","Нет","699,00 TL","","Нет","Да","","https://store.playstation.com/en-tr/concept/10007683","2024-02-28","Adventure","PEGI_16"
"413","Bully (Canis Canem Edit)","Основной список","CUSA03551","PS4","Нет","315,00 TL","","Нет","Нет","GTA+","https://store.playstation.com/en-tr/concept/200477","2016-03-21","Adventure","PEGI_16"
"5241","Bunny Rampage: History of Revenge","Основной список","PPSA26858","PS5","Нет","849,00 TL","","Нет","Нет","","https://store.playstation.com/en-tr/concept/10010762","2026-01-05","Action","PEGI_12"
"1825","Burnout Paradise","Основной список","CUSA10851","PS4","Нет","152,54 TL","","Да","Да","EA Access","https://store.playstation.com/en-tr/concept/231473","2018-03-15","Driving/Racing","PEGI_7"
"1198","Bus Driver Simulator","Основной список","CUSA20278","PS4","Нет","849,00 TL","","Нет","Да","","https://store.playstation.com/en-tr/concept/10000839","2020-11-03","Strategy","PEGI_3"
"414","Bus Simulator 27","Основной список","PPSA17461","PS5","Да","1.499,00 TL","Standard Edition: 1.499,00 TL; Year 1 Edition: 2.349,00 TL","Нет","Нет","","https://store.playstation.com/en-tr/concept/10008396","2026-09-08","Simulation","PEGI_3"
"2571","Call of Cthulhu","Основной список","CUSA04850","PS4","Нет","174,75 TL","","Нет","Да","PS Plus Extra","https://store.playstation.com/en-tr/concept/216117","2018-10-29","Unique","PEGI_18"
"196","Call of Duty: Advanced Warfare","Основной список","CUSA00851","PS4","Нет","1.600,00 TL","Call of Duty®: Advanced Warfare Gold Edition: 1.600,00 TL; Call of Duty:Advanced Warfare - Digital Pro Edition (Day Zero): 3.200,00 TL","Нет","Нет","","https://store.playstation.com/en-tr/concept/200756","2015-04-06","Shooter","PEGI_18"
"97","Call of Duty: Black Ops 4","Основной список","CUSA12443","PS4","Нет","469,00 TL","Call of Duty®: Black Ops 4 - Digital Deluxe: 234,15 TL; Call of Duty®: Black Ops 4: 469,00 TL","Нет","Нет","","https://store.playstation.com/en-tr/concept/232300","2019-05-01","Shooter","PEGI_18"
"82","Call of Duty: Black Ops","Основной список","PPSA34501","PS4, PS5","Нет","1.600,00 TL","","Да","Да","","https://store.playstation.com/en-tr/concept/10017657","2026-07-09","Shooter","PEGI_18"
"82","Call of Duty: Black Ops","Основной список","PPSA34501","PS4, PS5","Нет","1.600,00 TL","","Да","Да","","https://store.playstation.com/en-tr/concept/10017657","2026-07-09","Shooter","PEGI_18"
"82","Call of Duty: Black Ops","Основной список","PPSA34501","PS4, PS5","Нет","1.600,00 TL","","Да","Да","","https://store.playstation.com/en-tr/concept/10017657","2026-07-09","Shooter","PEGI_18"
"82","Call of Duty: Black Ops","Основной список","PPSA34501","PS4, PS5","Нет","1.600,00 TL","","Да","Да","","https://store.playstation.com/en-tr/concept/10017657","2026-07-09","Shooter","PEGI_18"
"69","Call of Duty: Black Ops II","Основной список","PPSA34502","PS4, PS5","Нет","1.600,00 TL","","Да","Да","","https://store.playstation.com/en-tr/concept/10017658","2026-07-09","Shooter","PEGI_18"
"69","Call of Duty: Black Ops II","Основной список","PPSA34502","PS4, PS5","Нет","1.600,00 TL","","Да","Да","","https://store.playstation.com/en-tr/concept/10017658","2026-07-09","Shooter","PEGI_18"
"100","Call of Duty: Ghosts","Основной список","CUSA00025","PS4","Нет","1.600,00 TL","Call of Duty®: Ghosts and Season Pass Bundle: 3.200,00 TL; Call of Duty®: Ghosts Gold Edition: 1.600,00 TL","Нет","Нет","","https://store.playstation.com/en-tr/concept/200759","2014-03-25","Shooter","PEGI_16"
"255","Call of Duty: Infinite Warfare","Основной список","CUSA05282","PS4","Да","2.499,00 TL","Call of Duty®: Infinite Warfare - Legacy Edition: 1.259,60 TL; Call of Duty®: Infinite Warfare - Digital Deluxe: 1.364,65 TL; Call of Duty®: Infinite Warfare: 2.499,00 TL","Нет","Нет","","https://store.playstation.com/en-tr/concept/221672","2016-11-02","Shooter","PEGI_18"
"77","Call of Duty: Modern Warfare 2 Campaign","Основной список","CUSA07904","PS4","Нет","86,44 TL","","Нет","Нет","","https://store.playstation.com/en-tr/concept/229433","2020-03-30","Shooter","PEGI_18"
"11","Call of Duty: Modern Warfare 4","Основной список","PPSA07950","PS5","Да","3.199,00 TL","MW4 Standard: 3.199,00 TL; MW4 Vault: 4.399,00 TL; BO7 Vault: 4.399,00 TL; BO7 Cross-Gen: 3.199,00 TL; MWIII Cross-Gen: 2.519,99 TL; MWII Cross-Gen: 2.519,99 TL; BO6 Cross-Gen: 2.799,00 TL","Нет","Нет","","https://store.playstation.com/en-tr/concept/10001130","2026-10-22","Action","PEGI_18"
"171","Call of Duty: Modern Warfare","Основной список","CUSA15277","PS4","Нет","2.159,99 TL","","Нет","Нет","","https://store.playstation.com/en-tr/concept/229182","2019-10-24","Shooter","PEGI_18"
"171","Call of Duty: Modern Warfare","Основной список","CUSA15277","PS4","Нет","2.159,99 TL","","Нет","Нет","","https://store.playstation.com/en-tr/concept/229182","2019-10-24","Shooter","PEGI_18"
"171","Call of Duty: Modern Warfare","Основной список","CUSA15277","PS4","Нет","2.159,99 TL","","Нет","Нет","","https://store.playstation.com/en-tr/concept/229182","2019-10-24","Shooter","PEGI_18"
"171","Call of Duty: Modern Warfare","Основной список","CUSA15277","PS4","Нет","2.159,99 TL","","Нет","Нет","","https://store.playstation.com/en-tr/concept/229182","2019-10-24","Shooter","PEGI_18"
"64","Call of Duty: Vanguard - Cross-Gen Bundle","Основной список","PPSA04348","PS4, PS5","Нет","499,00 TL","Standard Edition: 499,00 TL; Cross-Gen Edition: 197,67 TL","Да","Да","","https://store.playstation.com/en-tr/concept/10001234","2021-11-04","Shooter","PEGI_18"
"60","Call of Duty: WWII","Основной список","CUSA08630","PS4","Нет","254,00 TL","Call of Duty®: WWII - Gold Edition: 254,00 TL; Call of Duty®: WWII - Digital Deluxe Edition: 1.102,15 TL","Нет","Нет","","https://store.playstation.com/en-tr/concept/227115","2018-05-07","Shooter","PEGI_18"
"5275","Call of The Sea","Основной список","PPSA01546","PS4, PS5","Нет","849,00 TL","","Нет","Да","PS Plus Extra","https://store.playstation.com/en-tr/concept/10000938","2021-05-11","Puzzle","PEGI_7"
"684","Captain Tsubasa: Rise of New Champions","Основной список","CUSA14896","PS4","Нет","1.399,00 TL","Ultimate Edition: 2.799,00 TL; Deluxe Edition: 2.579,00 TL","Нет","Нет","PS Plus Extra","https://store.playstation.com/en-tr/concept/233219","2020-08-27","Sport","PEGI_7"
"1858","Car Mechanic Simulator","Основной список","CUSA14568","PS4","Нет","529,00 TL","","Нет","Да","PS Plus Extra","https://store.playstation.com/en-tr/concept/233200","2019-06-24","Simulation","PEGI_3"
"640","Car Mechanic Simulator 2021","Основной список","PPSA02401","PS4, PS5","Нет","1.049,00 TL","Offroad Mechanic Simulator & Car Mechanic Simulator 2021: 1.749,00 TL; Car Mechanic Simulator 2021: 1.049,00 TL","Нет","Да","","https://store.playstation.com/en-tr/concept/10001967","2022-05-02","Simulator","PEGI_3"
"760","Carmageddon: Rogue Shift","Основной список","PPSA31881","PS5","Нет","1.136,85 TL","","Нет","Да","","https://store.playstation.com/en-tr/concept/10016169","2026-02-05","Driving/Racing","PEGI_16"
"5334","CARRION","Основной список","PPSA13287","PS4, PS5","Нет","699,00 TL","","Нет","Да","","https://store.playstation.com/en-tr/concept/10002805","2023-04-27","Action","PEGI_16"
"485","CarX Drift Racing Online","Основной список","CUSA15633","PS4","Нет","1.031,00 TL","","Нет","Да","","https://store.playstation.com/en-tr/concept/10000161","2019-12-11","Driving/Racing","PEGI_3"
"895","Castle Crashers","Основной список","CUSA14537","PS4","Нет","219,00 TL","","Нет","Нет","","https://store.playstation.com/en-tr/concept/233119","2019-12-02","Arcade","PEGI_12"
"5348","Castlevania","Основной список","CUSA28030","PS4","Нет","699,00 TL","","Нет","Нет","","https://store.playstation.com/en-tr/concept/10002499","2021-09-24","Action","PEGI_12"
"5355","Castlevania: Belmont's Curse","Основной список","PPSA35399","PS5","Да","1.299,00 TL","Standard Edition: 1.299,00 TL; Midnight Edition: 1.749,00 TL","Нет","Нет","","https://store.playstation.com/en-tr/concept/10018186","2026-10-14","Role Playing Games","PEGI_16"
"3484","Cat Quest","Основной список","CUSA09499","PS4","Нет","449,00 TL","","Нет","Нет","PS Plus Extra","https://store.playstation.com/en-tr/concept/229453","2017-11-09","Adventure","PEGI_3"
"2927","Cat Quest II","Основной список","CUSA16553","PS4","Нет","525,00 TL","","Нет","Да","PS Plus Extra","https://store.playstation.com/en-tr/concept/234578","2019-10-23","Role Playing Games","PEGI_7"
"2126","Cat Quest III","Основной список","PPSA15064","PS4, PS5","Нет","699,00 TL","Cat Quest: The Fur-tastic Trilogy: 1.749,00 TL","Нет","Да","PS Plus Extra","https://store.playstation.com/en-tr/concept/10007859","2024-08-07","Role Playing Games","PEGI_7"
"2520","Celeste","Основной список","CUSA11235","PS4","Нет","849,00 TL","","Нет","Да","PS Plus Extra","https://store.playstation.com/en-tr/concept/231477","2018-01-24","Action","PEGI_7"
"1641","Chernobylite","Основной список","PPSA04748","PS5","Нет","259,80 TL","","Да","Да","PS Plus Extra","https://store.playstation.com/en-tr/concept/10002921","2022-04-21","Horror","PEGI_18"
"1641","Chernobylite","Основной список","PPSA04748","PS5","Нет","259,80 TL","","Да","Да","PS Plus Extra","https://store.playstation.com/en-tr/concept/10002921","2022-04-21","Horror","PEGI_18"
"784","Choo-Choo Charles","Основной список","PPSA17339","PS5","Нет","849,00 TL","Choo-Choo Charles: 849,00 TL; Choo-Choo Charles: 849,00 TL","Нет","Да","","https://store.playstation.com/en-tr/concept/10008639","2023-12-21","Horror","PEGI_16"
"784","Choo-Choo Charles","Основной список","PPSA17339","PS5","Нет","849,00 TL","Choo-Choo Charles: 849,00 TL; Choo-Choo Charles: 849,00 TL","Нет","Да","","https://store.playstation.com/en-tr/concept/10008639","2023-12-21","Horror","PEGI_16"
"183","Cities: Skylines","Основной список","PPSA09192","PS4, PS5","Нет","1.399,00 TL","","Нет","Да","","https://store.playstation.com/en-tr/concept/10005732","2023-02-15","Simulation","PEGI_3"
"1376","CityDriver","Основной список","PPSA17451","PS5","Нет","1.749,00 TL","","Нет","Нет","","https://store.playstation.com/en-tr/concept/10008804","2023-12-12","Simulator","PEGI_3"
"90","Clair Obscur: Expedition 33","Основной список","PPSA17599","PS5","Нет","1.749,00 TL","Deluxe Edition: 2.099,00 TL","Нет","Да","","https://store.playstation.com/en-tr/concept/10008503","2025-04-24","Role Playing Games","PEGI_18"
"5556","Class of Heroes 3 Remaster","Основной список","PPSA26573","PS5","Нет","681,85 TL","Standard Edition: 681,85 TL; Class of Heroes: The Ultimate Trilogy: 1.676,35 TL","Нет","Нет","","https://store.playstation.com/en-tr/concept/10012910","2025-09-18","Role Playing Games","PEGI_12"
"5540","Classic Snake Adventures","Основной список","PPSA06689","PS4, PS5","Нет","387,00 TL","","Нет","Да","","https://store.playstation.com/en-tr/concept/234598","2022-02-03","Action","PEGI_7"
"1523","Clone Drone In The Danger Zone","Основной список","CUSA27749","PS4","Нет","699,00 TL","Clone Drone In The Danger Zone: 699,00 TL","Нет","Да","","https://store.playstation.com/en-tr/concept/234050","2021-07-26","Action","PEGI_7"
"5581","COCOON","Основной список","PPSA08766","PS4, PS5","Нет","879,00 TL","","Нет","Да","","https://store.playstation.com/en-tr/concept/10005446","2023-09-29","Adventure","PEGI_7"
"1448","CODE VEIN","Основной список","CUSA10246","PS4","Нет","2.499,00 TL","CODE VEIN Deluxe Edition: 3.149,00 TL; CODE VEIN: 2.499,00 TL","Нет","Да","","https://store.playstation.com/en-tr/concept/229759","2019-09-26","Role Playing Games","PEGI_16"
"627","CODE VEIN II","Основной список","PPSA23908","PS5","Нет","2.999,00 TL","Standard Edition: 2.999,00 TL; Deluxe Edition: 3.849,00 TL; Ultimate Edition: 4.299,00 TL","Нет","Да","","https://store.playstation.com/en-tr/concept/10011448","2026-01-29","Role Playing Games","PEGI_16"
"1717","Code Violet","Основной список","PPSA26528","PS5","Нет","1.074,50 TL","","Нет","Нет","","https://store.playstation.com/en-tr/concept/10012908","2026-01-09","Horror","PEGI_16"
"2382","Contra","Основной список","CUSA15488","PS4","Нет","849,00 TL","","Нет","Нет","","https://store.playstation.com/en-tr/concept/234421","2019-06-10","Shooter","PEGI_7"
"2382","Contra","Основной список","CUSA15488","PS4","Нет","849,00 TL","","Нет","Нет","","https://store.playstation.com/en-tr/concept/234421","2019-06-10","Shooter","PEGI_7"
"849","Contra: Operation Galuga","Основной список","PPSA15368","PS4, PS5","Нет","1.399,00 TL","Standard Edition: 1.399,00 TL; Contra Run & Gun Bundle: 1.949,00 TL","Нет","Да","","https://store.playstation.com/en-tr/concept/10007962","2024-03-12","Shooter","PEGI_12"
"861","CONTROL","Основной список","PPSA01951","PS4, PS5","Нет","1.749,00 TL","CONTROL Ultimate Edition: 1.749,00 TL; Control: Ultimate Edition: 1.749,00 TL","Нет","Да","","https://store.playstation.com/en-tr/concept/231819","2021-02-01","Action","PEGI_16"
"148","CONTROL Resonant","Основной список","PPSA34547","PS5","Да","2.579,00 TL","CONTROL Resonant: 2.579,00 TL; Digital Deluxe Edition: 2.999,00 TL","Нет","Нет","","https://store.playstation.com/en-tr/concept/10017682","2026-09-24","Action","PEGI_16"
"1104","Cooking Simulator","Основной список","CUSA20218","PS4","Нет","849,00 TL","","Нет","Да","","https://store.playstation.com/en-tr/concept/10001366","2021-05-19","Educational","PEGI_3"
"695","Cooking Simulator VR","Основной список","PPSA18073","PS5","Нет","1.031,00 TL","Cooking Simulator VR: 1.031,00 TL; Cooking Simulator VR: 1.031,00 TL","Нет","Да","","https://store.playstation.com/en-tr/concept/10009042","2023-12-15","Simulator","PEGI_3"
"415","Crash Bandicoot 4: It’s About Time","Основной список","PPSA02433","PS4, PS5","Нет","2.299,00 TL","Crash Bandicoot™ 4: It’s About Time: 2.299,00 TL; Crash Bandicoot™ - Quadrilogy Bundle: 769,00 TL; Crash Bandicoot™ - Crashiversary Bundle: 999,00 TL","Нет","Да","","https://store.playstation.com/en-tr/concept/10000264","2021-03-12","Action","PEGI_12"
"286","Crash Bandicoot N. Sane Trilogy","Основной список","CUSA07399","PS4","Нет","1.749,00 TL","","Нет","Нет","","https://store.playstation.com/en-tr/concept/227649","2017-06-29","Action","PEGI_7"
"286","Crash Bandicoot N. Sane Trilogy","Основной список","CUSA07399","PS4","Нет","1.749,00 TL","","Нет","Нет","","https://store.playstation.com/en-tr/concept/227649","2017-06-29","Action","PEGI_7"
"45","Crash Team Racing Nitro-Fueled","Основной список","CUSA14876","PS4","Нет","2.349,00 TL","Crash™ Team Racing Nitro-Fueled - Nitros Oxide Edition: 2.799,00 TL; Crash™ Team Racing Nitro-Fueled + Spyro™ Game Bundle: 429,00 TL; Crash™ Team Racing Nitro-Fueled: 2.349,00 TL; Crash™ + Spyro™ Triple Play Bundle: 588,82 TL; Crash Bandicoot™ Bundle - N. Sane Trilogy + CTR Nitro-Fueled: 436,27 TL","Нет","Нет","","https://store.playstation.com/en-tr/concept/233410","2019-07-07","Driving/Racing","PEGI_3"
"45","Crash Team Racing Nitro-Fueled","Основной список","CUSA14876","PS4","Нет","2.349,00 TL","Crash™ Team Racing Nitro-Fueled - Nitros Oxide Edition: 2.799,00 TL; Crash™ Team Racing Nitro-Fueled + Spyro™ Game Bundle: 429,00 TL; Crash™ Team Racing Nitro-Fueled: 2.349,00 TL; Crash™ + Spyro™ Triple Play Bundle: 588,82 TL; Crash Bandicoot™ Bundle - N. Sane Trilogy + CTR Nitro-Fueled: 436,27 TL","Нет","Нет","","https://store.playstation.com/en-tr/concept/233410","2019-07-07","Driving/Racing","PEGI_3"
"351","Creed: Rise to Glory","Основной список","PPSA09773","PS5","Нет","999,00 TL","Standard: 999,00 TL; Deluxe: 2.149,00 TL; Creed: Rise to Glory™: 879,00 TL","Нет","Нет","","https://store.playstation.com/en-tr/concept/10005989","2023-04-03","Sport","PEGI_16"
"351","Creed: Rise to Glory","Основной список","PPSA09773","PS5","Нет","999,00 TL","Standard: 999,00 TL; Deluxe: 2.149,00 TL; Creed: Rise to Glory™: 879,00 TL","Нет","Нет","","https://store.playstation.com/en-tr/concept/10005989","2023-04-03","Sport","PEGI_16"
"351","Creed: Rise to Glory","Основной список","PPSA09773","PS5","Нет","999,00 TL","Standard: 999,00 TL; Deluxe: 2.149,00 TL; Creed: Rise to Glory™: 879,00 TL","Нет","Нет","","https://store.playstation.com/en-tr/concept/10005989","2023-04-03","Sport","PEGI_16"
"2206","Creepy Tale","Основной список","CUSA30060","PS4","Нет","349,00 TL","","Нет","Да","","https://store.playstation.com/en-tr/concept/10003675","2023-04-26","Adventure","PEGI_16"
"5725","Creepy Tale 2","Основной список","CUSA30096","PS4","Нет","525,00 TL","","Да","Да","","https://store.playstation.com/en-tr/concept/10003676","2023-04-26","Adventure","PEGI_16"
"3225","Creepy Tale: Ingrid Penance","Основной список","PPSA15920","PS5","Нет","174,50 TL","","Да","Да","","https://store.playstation.com/en-tr/concept/10008173","2023-08-15","Adventure","PEGI_12"
"3218","Creepy Tale: Some Other Place","Основной список","PPSA24143","PS5","Нет","174,50 TL","","Да","Да","","https://store.playstation.com/en-tr/concept/10011578","2024-09-25","Horror","PEGI_16"
"66","Crimson Desert","Основной список","PPSA25286","PS5","Нет","2.999,00 TL","Standard Edition: 2.999,00 TL; Deluxe Edition: 3.449,00 TL","Нет","Да","","https://store.playstation.com/en-tr/concept/10002363","2026-03-19","Adventure","PEGI_18"
"1729","CRISIS CORE –FINAL FANTASY VII– REUNION","Основной список","PPSA07810","PS4, PS5","Нет","2.099,00 TL","STANDARD EDITION: 2.099,00 TL; DIGITAL DELUXE EDITION: 1.119,60 TL","Нет","Нет","","https://store.playstation.com/en-tr/concept/10004142","2022-12-12","Action","PEGI_16"
"5731","Crisol: Theater of Idols","Основной список","PPSA28603","PS5","Нет","774,00 TL","","Нет","Нет","","https://store.playstation.com/en-tr/concept/10014260","2026-02-10","Horror","PEGI_18"
"293","Cronos: The New Dawn","Основной список","PPSA24096","PS5","Нет","2.579,00 TL","Cronos: The New Dawn: 2.579,00 TL; Deluxe Edition: 2.999,00 TL","Нет","Да","","https://store.playstation.com/en-tr/concept/10011556","2025-09-05","Horror","PEGI_16"
"531","Crossfire: Sierra Squad","Основной список","PPSA13339","PS5","Нет","689,40 TL","","Нет","Да","","https://store.playstation.com/en-tr/concept/10005891","2023-08-29","Shooter","PEGI_16"
"241","Crusader Kings III","Основной список","PPSA02308","PS5","Нет","699,60 TL","Royal Edition: 2.599,00 TL","Нет","Да","PS Plus Extra","https://store.playstation.com/en-tr/concept/10001858","2022-03-29","Strategy","PEGI_12"
"823","Crysis 2","Основной список","CUSA18672","PS4","Нет","749,00 TL","","Да","Да","","https://store.playstation.com/en-tr/concept/10000351","2021-10-15","Action","PEGI_16"
"926","Crysis 3","Основной список","CUSA18673","PS4","Нет","749,00 TL","","Да","Да","","https://store.playstation.com/en-tr/concept/10000353","2021-10-15","Action","PEGI_16"
"181","Crysis","Основной список","CUSA18671","PS4","Нет","1.049,00 TL","Crysis Remastered Trilogy: 437,25 TL","Да","Да","","https://store.playstation.com/en-tr/concept/10000350","2020-10-09","Shooter","PEGI_16"
"181","Crysis","Основной список","CUSA18671","PS4","Нет","1.049,00 TL","Crysis Remastered Trilogy: 437,25 TL","Да","Да","","https://store.playstation.com/en-tr/concept/10000350","2020-10-09","Shooter","PEGI_16"
"5785","Cthulhu: The Cosmic Abyss","Основной список","PPSA28868","PS5","Нет","1.289,40 TL","Standard Edition: 1.289,40 TL; R'lyeh Edition: 2.579,00 TL","Нет","Да","","https://store.playstation.com/en-tr/concept/10013698","2026-04-16","Horror","PEGI_18"
"195","Cult of the Lamb","Основной список","PPSA06465","PS4, PS5","Нет","875,00 TL","Standard Edition: 875,00 TL; Cultist Edition: 519,60 TL; Heretic Edition: 1.229,00 TL; Sinful Edition: 1.749,00 TL; Unholy Edition: 1.949,00 TL; Woolhaven Edition: 1.634,00 TL; The One Who Waits: 1.547,40 TL","Нет","Да","","https://store.playstation.com/en-tr/concept/10004484","2022-08-11","Strategy","PEGI_12"
"195","Cult of the Lamb","Основной список","PPSA06465","PS4, PS5","Нет","875,00 TL","Standard Edition: 875,00 TL; Cultist Edition: 519,60 TL; Heretic Edition: 1.229,00 TL; Sinful Edition: 1.749,00 TL; Unholy Edition: 1.949,00 TL; Woolhaven Edition: 1.634,00 TL; The One Who Waits: 1.547,40 TL","Нет","Да","","https://store.playstation.com/en-tr/concept/10004484","2022-08-11","Strategy","PEGI_12"
"118","Cuphead","Основной список","CUSA20469","PS4","Нет","499,00 TL","Cuphead & The Delicious Last Course: 945,00 TL; Cuphead: 499,00 TL","Нет","Да","","https://store.playstation.com/en-tr/concept/10001369","2020-07-27","Action","PEGI_7"
"118","Cuphead","Основной список","CUSA20469","PS4","Нет","499,00 TL","Cuphead & The Delicious Last Course: 945,00 TL; Cuphead: 499,00 TL","Нет","Да","","https://store.playstation.com/en-tr/concept/10001369","2020-07-27","Action","PEGI_7"
"1743","Curse of the Dead Gods","Основной список","CUSA19401","PS4","Нет","174,75 TL","","Нет","Да","","https://store.playstation.com/en-tr/concept/10000563","2021-02-23","Action","PEGI_16"
"28","Cyberpunk 2077","Основной список","PPSA04027","PS4, PS5","Нет","2.799,00 TL","Cyberpunk 2077: Ultimate Edition (PS5): 1.145,00 TL","Да","Да","PS Plus Extra","https://store.playstation.com/en-tr/concept/234567","2022-02-15","Role Playing Games","PEGI_18"
"5861","Daemon X Machina: Titanic Scion","Основной список","PPSA29136","PS5","Нет","2.999,00 TL","Digital Deluxe Edition: 3.849,00 TL; Daemon X Machina: Titanic Scion: 2.999,00 TL; Super Digital Deluxe Ed.: 1.719,60 TL","Нет","Нет","","https://store.playstation.com/en-tr/concept/10011097","2025-09-04","Action","PEGI_16"
"2187","Dakar Desert Rally","Основной список","PPSA04477","PS4, PS5","Нет","1.049,00 TL","Dakar Desert Rally PS4 & PS5: 1.049,00 TL; Deluxe Edition: 1.749,00 TL","Нет","Нет","","https://store.playstation.com/en-tr/concept/10003353","2022-10-03","Driving/Racing","PEGI_3"
"774","DARK SOULS II: Scholar of the First Sin","Основной список","CUSA01589","PS4","Нет","1.299,00 TL","","Нет","Да","","https://store.playstation.com/en-tr/concept/226237","2015-04-01","Adventure","PEGI_16"
"583","DARK SOULS III","Основной список","CUSA03365","PS4","Нет","3.249,00 TL","DARK SOULS™ III - Deluxe Edition: 4.499,00 TL; DARK SOULS™ III: 3.249,00 TL","Нет","Да","","https://store.playstation.com/en-tr/concept/201190","2016-04-11","Action","PEGI_16"
"1463","DARK SOULS","Основной список","CUSA08495","PS4","Нет","2.579,00 TL","","Нет","Да","","https://store.playstation.com/en-tr/concept/229482","2018-05-24","Role Playing Games","PEGI_16"
"1067","Darkest Dungeon","Основной список","CUSA05967","PS4","Нет","115,35 TL","Darkest Dungeon®: Ancestral Edition: 389,70 TL; Darkest Dungeon®: 115,35 TL","Нет","Да","","https://store.playstation.com/en-tr/concept/222836","2016-09-26","Role Playing Games","PEGI_16"
"870","Darkest Dungeon II","Основной список","PPSA19591","PS4, PS5","Нет","630,00 TL","Resolute Edition PS4 & PS5: 1.160,55 TL; Oblivion Edition: 630,00 TL","Нет","Да","","https://store.playstation.com/en-tr/concept/10009597","2024-07-14","Role Playing Games","PEGI_12"
"289","Darksiders","Основной список","PPSA31977","PS4, PS5","Нет","909,30 TL","Darksiders Warmastered Edition: 909,30 TL; War and Death Edition: 1.399,00 TL","Да","Да","","https://store.playstation.com/en-tr/concept/228188","2026-05-19","Role Playing Games","PEGI_18"
"5892","Darksiders Genesis","Основной список","CUSA12979","PS4","Нет","1.399,00 TL","","Да","Да","","https://store.playstation.com/en-tr/concept/232551","2020-02-13","Action","PEGI_12"
"703","Darksiders II","Основной список","PPSA23806","PS4, PS5","Нет","367,15 TL","","Да","Да","","https://store.playstation.com/en-tr/concept/231670","2024-10-15","Fighting","PEGI_16"
"732","Darksiders III","Основной список","CUSA08798","PS4","Нет","1.399,00 TL","Darksiders III Digital Deluxe Edition: 1.749,00 TL; Darksiders III Blades & Whip Edition: 2.799,00 TL; Darksiders III: 1.399,00 TL","Нет","Нет","","https://store.playstation.com/en-tr/concept/227688","2018-11-26","Action","PEGI_16"
"1422","Darkwood","Основной список","PPSA03960","PS5","Нет","774,00 TL","Stealth & Survival Bundle: 1.749,00 TL; Darkwood: 774,00 TL; Darkwood - Special Edition: 774,00 TL; Darkwood: 649,00 TL","Нет","Да","","https://store.playstation.com/en-tr/concept/232700","2022-10-27","Horror","PEGI_18"
"1422","Darkwood","Основной список","PPSA03960","PS5","Нет","774,00 TL","Stealth & Survival Bundle: 1.749,00 TL; Darkwood: 774,00 TL; Darkwood - Special Edition: 774,00 TL; Darkwood: 649,00 TL","Нет","Да","","https://store.playstation.com/en-tr/concept/232700","2022-10-27","Horror","PEGI_18"
"1422","Darkwood","Основной список","PPSA03960","PS5","Нет","774,00 TL","Stealth & Survival Bundle: 1.749,00 TL; Darkwood: 774,00 TL; Darkwood - Special Edition: 774,00 TL; Darkwood: 649,00 TL","Нет","Да","","https://store.playstation.com/en-tr/concept/232700","2022-10-27","Horror","PEGI_18"
"819","Darwin's Paradox!","Основной список","PPSA36024","PS5","Нет","1.079,00 TL","Darwin's Paradox!: 1.079,00 TL","Нет","Нет","","https://store.playstation.com/en-tr/concept/10014258","2026-04-02","Adventure","PEGI_7"
"544","DAVE THE DIVER","Основной список","PPSA19116","PS4, PS5","Нет","699,00 TL","DAVE THE DIVER - Dave & Ichiban Bundle: 437,50 TL; DAVE THE DIVER: 699,00 TL","Нет","Да","","https://store.playstation.com/en-tr/concept/10009413","2024-04-16","Adventure","PEGI_12"
"27","Days Gone","Основной список","PPSA28181","PS5","Нет","2.149,00 TL","Days Gone Remastered: 2.149,00 TL; Days Gone™ Digital Deluxe Edition: 2.149,00 TL","Да","Да","","https://store.playstation.com/en-tr/concept/229018","2025-04-24","Adventure","PEGI_18"
"27","Days Gone","Основной список","PPSA28181","PS5","Нет","2.149,00 TL","Days Gone Remastered: 2.149,00 TL; Days Gone™ Digital Deluxe Edition: 2.149,00 TL","Да","Да","","https://store.playstation.com/en-tr/concept/229018","2025-04-24","Adventure","PEGI_18"
"587","DayZ","Основной список","CUSA05645","PS4","Нет","2.349,00 TL","DayZ Cool Edition: 2.999,00 TL; DayZ: 2.349,00 TL","Нет","Да","","https://store.playstation.com/en-tr/concept/221850","2019-05-28","Adventure","PEGI_18"
"83","Dead by Daylight","Основной список","PPSA02049","PS4, PS5","Нет","1.299,00 TL","Jason Edition: 1.299,00 TL; Gold Edition: 2.499,00 TL; 10th Anniversary Edition: 2.149,00 TL","Нет","Нет","PS Plus Extra","https://store.playstation.com/en-tr/concept/227319","2020-11-11","Horror","PEGI_18"
"499","Dead Cells","Основной список","PPSA15554","PS4, PS5","Нет","879,00 TL","Castlevania Bundle: 1.419,00 TL; Medley of Pain Bundle: 1.399,00 TL","Нет","Да","PS Plus Extra","https://store.playstation.com/en-tr/concept/231053","2023-06-29","Action","PEGI_16"
"499","Dead Cells","Основной список","PPSA15554","PS4, PS5","Нет","879,00 TL","Castlevania Bundle: 1.419,00 TL; Medley of Pain Bundle: 1.399,00 TL","Нет","Да","PS Plus Extra","https://store.playstation.com/en-tr/concept/231053","2023-06-29","Action","PEGI_16"
"1208","Dead Island","Основной список","CUSA03291","PS4","Нет","104,85 TL","Dead Island Definitive Edition: 104,85 TL; Dead Island Definitive Collection: 1.049,00 TL","Нет","Да","","https://store.playstation.com/en-tr/concept/228499","2016-05-30","Action","PEGI_18"
"832","Dead Island 2","Основной список","PPSA03099","PS4, PS5","Нет","1.749,00 TL","Ultimate Edition: 2.499,00 TL; Series Bundle: 769,80 TL","Нет","Да","PS Plus Extra","https://store.playstation.com/en-tr/concept/201061","2023-04-20","Adventure","PEGI_18"
"832","Dead Island 2","Основной список","PPSA03099","PS4, PS5","Нет","1.749,00 TL","Ultimate Edition: 2.499,00 TL; Series Bundle: 769,80 TL","Нет","Да","PS Plus Extra","https://store.playstation.com/en-tr/concept/201061","2023-04-20","Adventure","PEGI_18"
"2163","Dead Island: Riptide","Основной список","CUSA03290","PS4","Нет","104,85 TL","","Нет","Да","","https://store.playstation.com/en-tr/concept/218017","2016-05-30","Action","PEGI_18"
"2854","Dead Rising 4: Frank's Big Package","Основной список","CUSA08558","PS4","Нет","1.749,00 TL","","Нет","Нет","","https://store.playstation.com/en-tr/concept/227309","2017-12-04","Action","PEGI_18"
"5954","Dead Rising Deluxe Remaster","Основной список","PPSA18301","PS5","Нет","2.149,00 TL","Standard: 2.149,00 TL; Digital Deluxe: 2.099,00 TL","Да","Да","","https://store.playstation.com/en-tr/concept/10009074","2024-09-18","Action","PEGI_18"
"5944","DEAD RISING","Основной список","CUSA04671","PS4","Нет","429,00 TL","DEAD RISING Triple Bundle Pack: 1.749,00 TL; DEAD RISING: 429,00 TL","Нет","Да","","https://store.playstation.com/en-tr/concept/216157","2016-09-12","Horror","PEGI_18"
"5944","DEAD RISING","Основной список","CUSA04671","PS4","Нет","429,00 TL","DEAD RISING Triple Bundle Pack: 1.749,00 TL; DEAD RISING: 429,00 TL","Нет","Да","","https://store.playstation.com/en-tr/concept/216157","2016-09-12","Horror","PEGI_18"
"247","Dead Space","Основной список","PPSA03846","PS5","Нет","2.900,00 TL","Standard Edition: 2.900,00 TL; Digital Deluxe Edition: 3.300,00 TL","Нет","Нет","EA Access","https://store.playstation.com/en-tr/concept/10002958","2023-01-27","Horror","PEGI_18"
"2656","Deadlight: Director's Cut","Основной список","CUSA04434","PS4","Нет","529,00 TL","","Нет","Нет","","https://store.playstation.com/en-tr/concept/216155","2016-06-20","Action","PEGI_18"
"250","DEATH STRANDING 2: ON THE BEACH","Основной список","PPSA02015","PS5","Нет","3.449,00 TL","Digital Deluxe Edition: 3.849,00 TL","Да","Да","","https://store.playstation.com/en-tr/concept/10001538","2025-06-25","Action","PEGI_18"
"250","DEATH STRANDING 2: ON THE BEACH","Основной список","PPSA02015","PS5","Нет","3.449,00 TL","Digital Deluxe Edition: 3.849,00 TL","Да","Да","","https://store.playstation.com/en-tr/concept/10001538","2025-06-25","Action","PEGI_18"
"325","DEATH STRANDING DIRECTOR’S CUT","Основной список","PPSA01968","PS5","Нет","1.049,50 TL","Digital Deluxe Edition: 1.049,50 TL; DEATH STRANDING Digital Deluxe Edition: 1.749,00 TL","Да","Да","","https://store.playstation.com/en-tr/concept/234585","2021-09-23","Action","PEGI_18"
"2647","Death's Door","Основной список","PPSA05304","PS4, PS5","Нет","849,00 TL","","Нет","Да","","https://store.playstation.com/en-tr/concept/10003808","2021-11-23","Action","PEGI_12"
"5969","Death's Gambit: Afterlife","Основной список","CUSA05987","PS4","Нет","849,00 TL","","Нет","Нет","","https://store.playstation.com/en-tr/concept/222833","2018-08-13","Action","PEGI_16"
"574","DEATHLOOP","Основной список","PPSA01670","PS5","Нет","2.499,00 TL","Standard Edition: 2.499,00 TL; DEATHLOOP + GHOSTWIRE: 1.006,73 TL; Deluxe Edition: 639,00 TL; The Arkane Collection: 3.999,00 TL","Да","Да","","https://store.playstation.com/en-tr/concept/10000185","2021-09-13","Action","PEGI_18"
"574","DEATHLOOP","Основной список","PPSA01670","PS5","Нет","2.499,00 TL","Standard Edition: 2.499,00 TL; DEATHLOOP + GHOSTWIRE: 1.006,73 TL; Deluxe Edition: 639,00 TL; The Arkane Collection: 3.999,00 TL","Да","Да","","https://store.playstation.com/en-tr/concept/10000185","2021-09-13","Action","PEGI_18"
"888","Deep Rock Galactic","Основной список","PPSA02962","PS4, PS5","Нет","314,70 TL","Standard Edition: 314,70 TL; Deluxe Edition: 1.365,00 TL; Ultimate Edition: 481,25 TL","Нет","Нет","","https://store.playstation.com/en-tr/concept/233449","2022-01-03","Shooter","PEGI_16"
"2947","Deliver Us Mars","Основной список","PPSA04519","PS4, PS5","Нет","285,01 TL","","Да","Да","","https://store.playstation.com/en-tr/concept/10003378","2023-02-02","Adventure","PEGI_12"
"6012","Democracy 4","Основной список","CUSA44558","PS4","Нет","863,20 TL","","Нет","Да","","https://store.playstation.com/en-tr/concept/10008951","2024-06-04","Simulation","PEGI_12"
"236","Demon Slayer -Kimetsu no Yaiba- The Hinokami Chronicles 2","Основной список","PPSA25427","PS4, PS5","Нет","2.579,00 TL","Standard Edition: 2.579,00 TL; Deluxe Edition: 2.999,00 TL","Нет","Нет","","https://store.playstation.com/en-tr/concept/10008540","2025-08-05","Action","PEGI_16"
"610","Demon Slayer -Kimetsu no Yaiba- The Hinokami Chronicles","Основной список","PPSA03490","PS4, PS5","Нет","3.449,00 TL","Standard Edition: 3.449,00 TL; Digital Deluxe Edition: 345,24 TL; Ultimate Edition: 4.749,00 TL","Нет","Нет","","https://store.playstation.com/en-tr/concept/10000991","2021-10-15","Action","PEGI_16"
"610","Demon Slayer -Kimetsu no Yaiba- The Hinokami Chronicles","Основной список","PPSA03490","PS4, PS5","Нет","3.449,00 TL","Standard Edition: 3.449,00 TL; Digital Deluxe Edition: 345,24 TL; Ultimate Edition: 4.749,00 TL","Нет","Нет","","https://store.playstation.com/en-tr/concept/10000991","2021-10-15","Action","PEGI_16"
"478","Demon's Souls","Основной список","PPSA01341","PS5","Нет","619,00 TL","Digital Deluxe Edition: 4.749,00 TL","Нет","Да","PS Plus Extra","https://store.playstation.com/en-tr/concept/10000368","2020-11-11","Action","PEGI_18"
"1944","Descenders","Основной список","CUSA10465","PS4","Нет","769,00 TL","","Нет","Нет","","https://store.playstation.com/en-tr/concept/231228","2020-08-24","Sport","PEGI_3"
"2057","Desperados III","Основной список","CUSA11112","PS4","Нет","1.749,00 TL","Desperados III - Digital Deluxe: 2.149,00 TL","Да","Да","PS Plus Extra","https://store.playstation.com/en-tr/concept/231727","2020-06-15","Action","PEGI_18"
"319","Destiny 2","Основной список","PPSA02410","PS4, PS5","Нет","Free","","Да","Да","","https://store.playstation.com/en-tr/concept/221852","2020-12-08","Shooter","PEGI_16"
"319","Destiny 2","Основной список","PPSA02410","PS4, PS5","Нет","Free","","Да","Да","","https://store.playstation.com/en-tr/concept/221852","2020-12-08","Shooter","PEGI_16"
"319","Destiny 2","Основной список","PPSA02410","PS4, PS5","Нет","Free","","Да","Да","","https://store.playstation.com/en-tr/concept/221852","2020-12-08","Shooter","PEGI_16"
"319","Destiny 2","Основной список","PPSA02410","PS4, PS5","Нет","Free","","Да","Да","","https://store.playstation.com/en-tr/concept/221852","2020-12-08","Shooter","PEGI_16"
"319","Destiny 2","Основной список","PPSA02410","PS4, PS5","Нет","Free","","Да","Да","","https://store.playstation.com/en-tr/concept/221852","2020-12-08","Shooter","PEGI_16"
"319","Destiny 2","Основной список","PPSA02410","PS4, PS5","Нет","Free","","Да","Да","","https://store.playstation.com/en-tr/concept/221852","2020-12-08","Shooter","PEGI_16"
"2804","Destroy All Humans!","Основной список","CUSA14910","PS4","Нет","1.749,00 TL","Destroy All Humans!: 1.749,00 TL; Destroy All Humans! (2005): 699,00 TL","Нет","Да","","https://store.playstation.com/en-tr/concept/222248","2020-07-27","Action","PEGI_16"
"1890","Destroy All Humans! 2 - Reprobed","Основной список","PPSA05399","PS5","Нет","1.199,00 TL","Standard: 1.199,00 TL; Dressed to Skill Edition: 479,00 TL; Single Player: 1.049,00 TL; Jumbo Pack: 2.999,00 TL","Нет","Да","","https://store.playstation.com/en-tr/concept/10003868","2022-08-30","Action","PEGI_16"
"248","Detroit: Become Human","Основной список","CUSA09417","PS4","Нет","1.749,00 TL","Detroit: Become Human Digital Deluxe Edition: 1.749,00 TL","Нет","Нет","","https://store.playstation.com/en-tr/concept/222727","2018-05-24","Action","PEGI_18"
"1424","Deus Ex: Mankind Divided","Основной список","CUSA01836","PS4","Нет","1.049,00 TL","Deus Ex: Mankind Divided - Digital Deluxe Edition: 1.575,00 TL","Да","Да","PS Plus Extra","https://store.playstation.com/en-tr/concept/200943","2016-10-18","Action","PEGI_18"
"3040","Devil May Cry 4","Основной список","CUSA01708","PS4","Нет","769,00 TL","Devil May Cry 4 Special Edition: 769,00 TL; DMC4SE Demon Hunter Bundle: 1.259,00 TL","Нет","Нет","","https://store.playstation.com/en-tr/concept/200909","2015-06-23","Action","PEGI_16"
"154","Devil May Cry 5","Основной список","PPSA01443","PS5","Нет","1.399,00 TL","Devil May Cry 5 Special Edition: 1.399,00 TL; Devil May Cry 5 + Vergil: 1.049,00 TL; Devil May Cry 5 Deluxe + Vergil: 1.399,00 TL","Нет","Да","","https://store.playstation.com/en-tr/concept/227315","2020-11-11","Action","PEGI_18"
"1235","Devil May Cry","Основной список","CUSA09263","PS4","Нет","1.049,00 TL","Devil May Cry HD Collection & 4SE Bundle: 1.599,00 TL; Devil May Cry HD Collection: 1.049,00 TL","Нет","Нет","","https://store.playstation.com/en-tr/concept/232009","2018-03-12","Action","PEGI_16"
"1235","Devil May Cry","Основной список","CUSA09263","PS4","Нет","1.049,00 TL","Devil May Cry HD Collection & 4SE Bundle: 1.599,00 TL; Devil May Cry HD Collection: 1.049,00 TL","Нет","Нет","","https://store.playstation.com/en-tr/concept/232009","2018-03-12","Action","PEGI_16"
"158","Diablo II: Resurrected","Основной список","PPSA03912","PS4, PS5","Нет","1.599,00 TL","Standard: 1.599,00 TL; Prime Evil Upgrade: 354,91 TL; Prime Evil Collection: 426,10 TL","Да","Да","","https://store.playstation.com/en-tr/concept/10000309","2026-02-11","Role Playing Games","PEGI_16"
"429","Diablo III","Основной список","CUSA00433","PS4","Нет","304,07 TL","","Нет","Нет","","https://store.playstation.com/en-tr/concept/200914","2017-06-26","Role Playing Games","PEGI_16"
"30","Diablo IV","Основной список","PPSA08595","PS4, PS5","Нет","1.079,99 TL","Base Game: 1.079,99 TL; D4 + VOH + LOH BUNDLE: 2.099,25 TL","Да","Да","","https://store.playstation.com/en-tr/concept/231761","2024-06-09","Unique","PEGI_18"
"30","Diablo IV","Основной список","PPSA08595","PS4, PS5","Нет","1.079,99 TL","Base Game: 1.079,99 TL; D4 + VOH + LOH BUNDLE: 2.099,25 TL","Да","Да","","https://store.playstation.com/en-tr/concept/231761","2024-06-09","Unique","PEGI_18"
"601","Digimon Story Time Stranger","Основной список","PPSA24701","PS5","Нет","2.999,00 TL","Standard Edition: 2.999,00 TL; Deluxe Edition: 4.299,00 TL; Ultimate Edition: 5.149,00 TL","Нет","Нет","","https://store.playstation.com/en-tr/concept/10011861","2025-10-02","Role Playing Games","PEGI_12"
"382","Directive 8020","Основной список","PPSA16384","PS5","Нет","2.149,00 TL","Digital Deluxe Edition: 2.579,00 TL","Нет","Да","","https://store.playstation.com/en-tr/concept/10008357","2026-05-12","Horror","PEGI_18"
"442","DIRT 5","Основной список","PPSA01551","PS4, PS5","Нет","2.499,00 TL","DIRT 5 PS4 & PS5: 2.499,00 TL; Year One Edition: 3.149,00 TL","Нет","Нет","EA Access","https://store.playstation.com/en-tr/concept/234401","2020-11-11","Driving/Racing","PEGI_12"
"690","DiRT Rally 2.0","Основной список","CUSA12747","PS4","Нет","1.049,00 TL","DiRT Rally 2.0 - Game of the Year Edition: 1.749,00 TL","Нет","Нет","EA Access","https://store.playstation.com/en-tr/concept/232437","2019-02-25","Sport","PEGI_3"
"533","Disciples: Liberation","Основной список","PPSA02651","PS4, PS5","Нет","2.149,00 TL","Standard Edition: 2.149,00 TL; Digital Deluxe Edition: 524,75 TL","Да","Да","","https://store.playstation.com/en-tr/concept/10000604","2021-10-20","Strategy","PEGI_12"
"999","Disco Elysium - The Final Cut","Основной список","PPSA03329","PS4, PS5","Нет","1.749,00 TL","","Нет","Да","","https://store.playstation.com/en-tr/concept/10002292","2021-03-30","Role Playing Games","PEGI_18"
"708","Dishonored","Основной список","CUSA02230","PS4","Нет","699,00 TL","","Нет","Да","","https://store.playstation.com/en-tr/concept/228538","2015-08-26","Action","PEGI_18"
"699","Dishonored 2","Основной список","CUSA03604","PS4","Нет","699,00 TL","","Да","Да","PS Plus Extra","https://store.playstation.com/en-tr/concept/201017","2016-11-10","Action","PEGI_18"
"6102","Dishonored: Death of the Outsider","Основной список","CUSA08781","PS4","Нет","879,00 TL","Deluxe Bundle: 2.499,00 TL","Да","Да","PS Plus Extra","https://store.playstation.com/en-tr/concept/229481","2017-09-14","Action","PEGI_18"
"6105","Disjunction","Основной список","CUSA23292","PS4","Нет","55,90 TL","Disjunction: 55,90 TL; Digital Deluxe Edition: 774,00 TL","Нет","Да","","https://store.playstation.com/en-tr/concept/10000722","2021-01-27","Role Playing Games","PEGI_16"
"223","Disney Dreamlight Valley","Основной список","PPSA08591","PS4, PS5","Нет","1.399,00 TL","Wishblossom Ranch Edition: 2.579,00 TL; Wishblossom Ranch Edition: 2.579,00 TL; Ultimate Edition: 3.449,00 TL; Ultimate Edition: 3.449,00 TL; Disney Dreamlight Valley: 1.399,00 TL; Honeyglow Woods Edition: 2.149,00 TL","Нет","Нет","","https://store.playstation.com/en-tr/concept/10002466","2022-09-06","Adventure","PEGI_3"
"1846","Disney Epic Mickey: Rebrushed","Основной список","PPSA15657","PS4, PS5","Нет","1.049,30 TL","Disney Epic Mickey: Rebrushed: 1.049,30 TL","Нет","Нет","","https://store.playstation.com/en-tr/concept/10008074","2024-09-23","Action","PEGI_7"
"215","Dispatch","Основной список","PPSA27158","PS5","Нет","1.499,00 TL","Digital Deluxe Edition: 1.949,00 TL","Нет","Да","","https://store.playstation.com/en-tr/concept/10013259","2025-10-22","Strategy","PEGI_18"
"538","DIVINITY ORIGINAL SIN","Основной список","CUSA02762","PS4","Нет","1.749,00 TL","","Нет","Да","","https://store.playstation.com/en-tr/concept/200919","2015-10-26","Role Playing Games","PEGI_16"
"304","Divinity: Original Sin 2","Основной список","PPSA06866","PS4, PS5","Нет","2.579,00 TL","","Нет","Да","","https://store.playstation.com/en-tr/concept/232084","2025-12-15","Role Playing Games","PEGI_18"
"6117","DmC Devil May Cry","Основной список","CUSA01022","PS4","Нет","1.399,00 TL","","Нет","Да","","https://store.playstation.com/en-tr/concept/201274","2015-03-09","Action","PEGI_16"
"1543","Doki Doki Literature Club Plus!","Основной список","PPSA03733","PS4, PS5","Нет","537,00 TL","","Нет","Да","","https://store.playstation.com/en-tr/concept/10002895","2021-06-30","Adventure","PEGI_18"
"385","Don't Starve Together","Основной список","PPSA02070","PS4, PS5","Нет","194,70 TL","Don't Starve Together: Console Edition: 194,70 TL; Starter Edition: 424,50 TL; Survival Edition: 870,33 TL; Constant Edition: 1.749,00 TL","Нет","Да","","https://store.playstation.com/en-tr/concept/222250","2025-10-21","Adventure","PEGI_12"
"1029","Don't Starve","Основной список","CUSA00327","PS4","Нет","601,00 TL","Don't Starve Mega Pack 2020: 402,15 TL; Don't Starve: Console Edition: 601,00 TL","Нет","Да","","https://store.playstation.com/en-tr/concept/201156","2014-01-07","Adventure","PEGI_12"
"1029","Don't Starve","Основной список","CUSA00327","PS4","Нет","601,00 TL","Don't Starve Mega Pack 2020: 402,15 TL; Don't Starve: Console Edition: 601,00 TL","Нет","Да","","https://store.playstation.com/en-tr/concept/201156","2014-01-07","Adventure","PEGI_12"
"2091","DOOM + DOOM II","Основной список","PPSA21444","PS4, PS5","Нет","349,00 TL","","Нет","Да","","https://store.playstation.com/en-tr/concept/10010353","2024-08-08","Action","PEGI_16"
"2144","DOOM 3","Основной список","CUSA16295","PS4","Нет","349,00 TL","","Нет","Нет","","https://store.playstation.com/en-tr/concept/234453","2019-07-25","Shooter","PEGI_18"
"3216","DOOM 64","Основной список","CUSA16296","PS4","Нет","175,00 TL","","Нет","Нет","","https://store.playstation.com/en-tr/concept/234454","2020-03-19","Shooter","PEGI_16"
"445","DOOM","Основной список","CUSA02092","PS4","Нет","699,00 TL","","Да","Да","PS Plus Extra","https://store.playstation.com/en-tr/concept/201101","2016-05-12","Shooter","PEGI_18"
"445","DOOM","Основной список","CUSA02092","PS4","Нет","699,00 TL","","Да","Да","PS Plus Extra","https://store.playstation.com/en-tr/concept/201101","2016-05-12","Shooter","PEGI_18"
"332","DOOM Eternal","Основной список","PPSA01982","PS4, PS5","Нет","1.049,00 TL","Deluxe Edition: 1.749,00 TL; Year One Pass: 699,00 TL; Ancient Gods Part Two: 349,00 TL; Ancient Gods Part One: 349,00 TL","Да","Да","PS Plus Extra","https://store.playstation.com/en-tr/concept/232624","2021-06-29","Shooter","PEGI_18"
"52","DOOM: The Dark Ages","Основной список","PPSA20560","PS5","Нет","2.299,00 TL","Premium Edition: 3.280,00 TL","Да","Да","","https://store.playstation.com/en-tr/concept/10009984","2025-05-15","Shooter","PEGI_18"
"541","Dragon Age: Inquisition","Основной список","CUSA00503","PS4","Нет","600,00 TL","Dragon Age™: Inquisition Deluxe Edition: 720,00 TL; Dragon Age™: Inquisition - Game of the Year Edition: 600,00 TL","Нет","Да","","https://store.playstation.com/en-tr/concept/201204","2015-10-05","Action","PEGI_18"
"1485","Dragon Age: The Veilguard","Основной список","PPSA01390","PS5","Нет","2.900,00 TL","Standard Edition: 2.900,00 TL; Deluxe Edition: 3.600,00 TL","Нет","Да","EA Access","https://store.playstation.com/en-tr/concept/10000586","2024-10-31","Role Playing Games","PEGI_18"
"388","DRAGON BALL FighterZ","Основной список","PPSA09789","PS4, PS5","Нет","2.499,00 TL","DRAGON BALL FighterZ PS4 & PS5: 2.499,00 TL; Legendary Edition: 1.287,25 TL; FighterZ Edition: 3.499,00 TL","Нет","Нет","","https://store.playstation.com/en-tr/concept/228726","2024-02-28","Fighting","PEGI_12"
"388","DRAGON BALL FighterZ","Основной список","PPSA09789","PS4, PS5","Нет","2.499,00 TL","DRAGON BALL FighterZ PS4 & PS5: 2.499,00 TL; Legendary Edition: 1.287,25 TL; FighterZ Edition: 3.499,00 TL","Нет","Нет","","https://store.playstation.com/en-tr/concept/228726","2024-02-28","Fighting","PEGI_12"
"388","DRAGON BALL FighterZ","Основной список","PPSA09789","PS4, PS5","Нет","2.499,00 TL","DRAGON BALL FighterZ PS4 & PS5: 2.499,00 TL; Legendary Edition: 1.287,25 TL; FighterZ Edition: 3.499,00 TL","Нет","Нет","","https://store.playstation.com/en-tr/concept/228726","2024-02-28","Fighting","PEGI_12"
"388","DRAGON BALL FighterZ","Основной список","PPSA09789","PS4, PS5","Нет","2.499,00 TL","DRAGON BALL FighterZ PS4 & PS5: 2.499,00 TL; Legendary Edition: 1.287,25 TL; FighterZ Edition: 3.499,00 TL","Нет","Нет","","https://store.playstation.com/en-tr/concept/228726","2024-02-28","Fighting","PEGI_12"
"388","DRAGON BALL FighterZ","Основной список","PPSA09789","PS4, PS5","Нет","2.499,00 TL","DRAGON BALL FighterZ PS4 & PS5: 2.499,00 TL; Legendary Edition: 1.287,25 TL; FighterZ Edition: 3.499,00 TL","Нет","Нет","","https://store.playstation.com/en-tr/concept/228726","2024-02-28","Fighting","PEGI_12"
"388","DRAGON BALL FighterZ","Основной список","PPSA09789","PS4, PS5","Нет","2.499,00 TL","DRAGON BALL FighterZ PS4 & PS5: 2.499,00 TL; Legendary Edition: 1.287,25 TL; FighterZ Edition: 3.499,00 TL","Нет","Нет","","https://store.playstation.com/en-tr/concept/228726","2024-02-28","Fighting","PEGI_12"
"388","DRAGON BALL FighterZ","Основной список","PPSA09789","PS4, PS5","Нет","2.499,00 TL","DRAGON BALL FighterZ PS4 & PS5: 2.499,00 TL; Legendary Edition: 1.287,25 TL; FighterZ Edition: 3.499,00 TL","Нет","Нет","","https://store.playstation.com/en-tr/concept/228726","2024-02-28","Fighting","PEGI_12"
"388","DRAGON BALL FighterZ","Основной список","PPSA09789","PS4, PS5","Нет","2.499,00 TL","DRAGON BALL FighterZ PS4 & PS5: 2.499,00 TL; Legendary Edition: 1.287,25 TL; FighterZ Edition: 3.499,00 TL","Нет","Нет","","https://store.playstation.com/en-tr/concept/228726","2024-02-28","Fighting","PEGI_12"
"388","DRAGON BALL FighterZ","Основной список","PPSA09789","PS4, PS5","Нет","2.499,00 TL","DRAGON BALL FighterZ PS4 & PS5: 2.499,00 TL; Legendary Edition: 1.287,25 TL; FighterZ Edition: 3.499,00 TL","Нет","Нет","","https://store.playstation.com/en-tr/concept/228726","2024-02-28","Fighting","PEGI_12"
"388","DRAGON BALL FighterZ","Основной список","PPSA09789","PS4, PS5","Нет","2.499,00 TL","DRAGON BALL FighterZ PS4 & PS5: 2.499,00 TL; Legendary Edition: 1.287,25 TL; FighterZ Edition: 3.499,00 TL","Нет","Нет","","https://store.playstation.com/en-tr/concept/228726","2024-02-28","Fighting","PEGI_12"
"388","DRAGON BALL FighterZ","Основной список","PPSA09789","PS4, PS5","Нет","2.499,00 TL","DRAGON BALL FighterZ PS4 & PS5: 2.499,00 TL; Legendary Edition: 1.287,25 TL; FighterZ Edition: 3.499,00 TL","Нет","Нет","","https://store.playstation.com/en-tr/concept/228726","2024-02-28","Fighting","PEGI_12"
"388","DRAGON BALL FighterZ","Основной список","PPSA09789","PS4, PS5","Нет","2.499,00 TL","DRAGON BALL FighterZ PS4 & PS5: 2.499,00 TL; Legendary Edition: 1.287,25 TL; FighterZ Edition: 3.499,00 TL","Нет","Нет","","https://store.playstation.com/en-tr/concept/228726","2024-02-28","Fighting","PEGI_12"
"388","DRAGON BALL FighterZ","Основной список","PPSA09789","PS4, PS5","Нет","2.499,00 TL","DRAGON BALL FighterZ PS4 & PS5: 2.499,00 TL; Legendary Edition: 1.287,25 TL; FighterZ Edition: 3.499,00 TL","Нет","Нет","","https://store.playstation.com/en-tr/concept/228726","2024-02-28","Fighting","PEGI_12"
"388","DRAGON BALL FighterZ","Основной список","PPSA09789","PS4, PS5","Нет","2.499,00 TL","DRAGON BALL FighterZ PS4 & PS5: 2.499,00 TL; Legendary Edition: 1.287,25 TL; FighterZ Edition: 3.499,00 TL","Нет","Нет","","https://store.playstation.com/en-tr/concept/228726","2024-02-28","Fighting","PEGI_12"
"388","DRAGON BALL FighterZ","Основной список","PPSA09789","PS4, PS5","Нет","2.499,00 TL","DRAGON BALL FighterZ PS4 & PS5: 2.499,00 TL; Legendary Edition: 1.287,25 TL; FighterZ Edition: 3.499,00 TL","Нет","Нет","","https://store.playstation.com/en-tr/concept/228726","2024-02-28","Fighting","PEGI_12"
"388","DRAGON BALL FighterZ","Основной список","PPSA09789","PS4, PS5","Нет","2.499,00 TL","DRAGON BALL FighterZ PS4 & PS5: 2.499,00 TL; Legendary Edition: 1.287,25 TL; FighterZ Edition: 3.499,00 TL","Нет","Нет","","https://store.playstation.com/en-tr/concept/228726","2024-02-28","Fighting","PEGI_12"
"388","DRAGON BALL FighterZ","Основной список","PPSA09789","PS4, PS5","Нет","2.499,00 TL","DRAGON BALL FighterZ PS4 & PS5: 2.499,00 TL; Legendary Edition: 1.287,25 TL; FighterZ Edition: 3.499,00 TL","Нет","Нет","","https://store.playstation.com/en-tr/concept/228726","2024-02-28","Fighting","PEGI_12"
"388","DRAGON BALL FighterZ","Основной список","PPSA09789","PS4, PS5","Нет","2.499,00 TL","DRAGON BALL FighterZ PS4 & PS5: 2.499,00 TL; Legendary Edition: 1.287,25 TL; FighterZ Edition: 3.499,00 TL","Нет","Нет","","https://store.playstation.com/en-tr/concept/228726","2024-02-28","Fighting","PEGI_12"
"388","DRAGON BALL FighterZ","Основной список","PPSA09789","PS4, PS5","Нет","2.499,00 TL","DRAGON BALL FighterZ PS4 & PS5: 2.499,00 TL; Legendary Edition: 1.287,25 TL; FighterZ Edition: 3.499,00 TL","Нет","Нет","","https://store.playstation.com/en-tr/concept/228726","2024-02-28","Fighting","PEGI_12"
"388","DRAGON BALL FighterZ","Основной список","PPSA09789","PS4, PS5","Нет","2.499,00 TL","DRAGON BALL FighterZ PS4 & PS5: 2.499,00 TL; Legendary Edition: 1.287,25 TL; FighterZ Edition: 3.499,00 TL","Нет","Нет","","https://store.playstation.com/en-tr/concept/228726","2024-02-28","Fighting","PEGI_12"
"388","DRAGON BALL FighterZ","Основной список","PPSA09789","PS4, PS5","Нет","2.499,00 TL","DRAGON BALL FighterZ PS4 & PS5: 2.499,00 TL; Legendary Edition: 1.287,25 TL; FighterZ Edition: 3.499,00 TL","Нет","Нет","","https://store.playstation.com/en-tr/concept/228726","2024-02-28","Fighting","PEGI_12"
"388","DRAGON BALL FighterZ","Основной список","PPSA09789","PS4, PS5","Нет","2.499,00 TL","DRAGON BALL FighterZ PS4 & PS5: 2.499,00 TL; Legendary Edition: 1.287,25 TL; FighterZ Edition: 3.499,00 TL","Нет","Нет","","https://store.playstation.com/en-tr/concept/228726","2024-02-28","Fighting","PEGI_12"
"388","DRAGON BALL FighterZ","Основной список","PPSA09789","PS4, PS5","Нет","2.499,00 TL","DRAGON BALL FighterZ PS4 & PS5: 2.499,00 TL; Legendary Edition: 1.287,25 TL; FighterZ Edition: 3.499,00 TL","Нет","Нет","","https://store.playstation.com/en-tr/concept/228726","2024-02-28","Fighting","PEGI_12"
"388","DRAGON BALL FighterZ","Основной список","PPSA09789","PS4, PS5","Нет","2.499,00 TL","DRAGON BALL FighterZ PS4 & PS5: 2.499,00 TL; Legendary Edition: 1.287,25 TL; FighterZ Edition: 3.499,00 TL","Нет","Нет","","https://store.playstation.com/en-tr/concept/228726","2024-02-28","Fighting","PEGI_12"
"388","DRAGON BALL FighterZ","Основной список","PPSA09789","PS4, PS5","Нет","2.499,00 TL","DRAGON BALL FighterZ PS4 & PS5: 2.499,00 TL; Legendary Edition: 1.287,25 TL; FighterZ Edition: 3.499,00 TL","Нет","Нет","","https://store.playstation.com/en-tr/concept/228726","2024-02-28","Fighting","PEGI_12"
"707","DRAGON BALL XENOVERSE 2","Основной список","PPSA08586","PS4, PS5","Нет","699,00 TL","Standard Edition: 699,00 TL; Dragon Ball Xenoverse 1 and 2 Bundle: 654,33 TL; Special Edition: 1.749,00 TL; Deluxe Edition: 1.399,00 TL","Нет","Да","","https://store.playstation.com/en-tr/concept/217012","2024-05-23","Fighting","PEGI_12"
"335","DRAGON BALL Z: KAKAROT","Основной список","PPSA08083","PS4, PS5","Нет","849,00 TL","Standard Edition: 849,00 TL; Daima Edition: 1.074,50 TL; Master Edition: 4.299,00 TL","Нет","Да","","https://store.playstation.com/en-tr/concept/233235","2023-01-12","Role Playing Games","PEGI_12"
"335","DRAGON BALL Z: KAKAROT","Основной список","PPSA08083","PS4, PS5","Нет","849,00 TL","Standard Edition: 849,00 TL; Daima Edition: 1.074,50 TL; Master Edition: 4.299,00 TL","Нет","Да","","https://store.playstation.com/en-tr/concept/233235","2023-01-12","Role Playing Games","PEGI_12"
"335","DRAGON BALL Z: KAKAROT","Основной список","PPSA08083","PS4, PS5","Нет","849,00 TL","Standard Edition: 849,00 TL; Daima Edition: 1.074,50 TL; Master Edition: 4.299,00 TL","Нет","Да","","https://store.playstation.com/en-tr/concept/233235","2023-01-12","Role Playing Games","PEGI_12"
"329","DRAGON BALL: Sparking! ZERO","Основной список","PPSA15210","PS5","Нет","2.149,00 TL","Standard Edition: 2.149,00 TL; NEO Edition: 3.449,00 TL; Legendary Edition: 5.149,00 TL","Нет","Да","","https://store.playstation.com/en-tr/concept/10007902","2024-10-10","Action","PEGI_12"
"329","DRAGON BALL: Sparking! ZERO","Основной список","PPSA15210","PS5","Нет","2.149,00 TL","Standard Edition: 2.149,00 TL; NEO Edition: 3.449,00 TL; Legendary Edition: 5.149,00 TL","Нет","Да","","https://store.playstation.com/en-tr/concept/10007902","2024-10-10","Action","PEGI_12"
"6200","DRAGON QUEST I & II HD-2D Remake","Основной список","PPSA22321","PS5","Нет","2.999,00 TL","DRAGON QUEST I & II HD-2D Remake: 2.999,00 TL; DRAGON QUEST - HD-2D Erdrick Trilogy Collection: 5.149,00 TL","Нет","Нет","","https://store.playstation.com/en-tr/concept/10010701","2025-10-29","Role Playing Games","PEGI_12"
"682","DRAGON QUEST VII Reimagined","Основной список","PPSA17942","PS5","Нет","2.999,00 TL","DRAGON QUEST VII Reimagined: 2.999,00 TL; Digital Deluxe Edition: 3.649,00 TL","Нет","Нет","","https://store.playstation.com/en-tr/concept/10008842","2026-02-04","Role Playing Games","PEGI_12"
"1264","DRAGON QUEST XI S: Echoes of an Elusive Age","Основной список","CUSA19120","PS4","Нет","879,00 TL","DRAGON QUEST XI S: Echoes of an Elusive Age – Definitive Edition: 879,00 TL","Нет","Нет","","https://store.playstation.com/en-tr/concept/235335","2020-12-03","Role Playing Games","PEGI_12"
"2685","Dragon's Crown Pro","Основной список","CUSA10487","PS4","Нет","209,80 TL","","Нет","Нет","","https://store.playstation.com/en-tr/concept/230137","2018-05-14","Action","PEGI_12"
"302","Dragon's Dogma 2","Основной список","PPSA09664","PS5","Нет","1.749,00 TL","Standard Edition: 1.749,00 TL; Dark Arisen: 2.149,00 TL","Нет","Да","","https://store.playstation.com/en-tr/concept/10005844","2024-03-21","Role Playing Games","PEGI_18"
"6219","Dragon's Dogma: Dark Arisen","Основной список","CUSA07340","PS4","Нет","879,00 TL","","Нет","Нет","","https://store.playstation.com/en-tr/concept/223963","2017-10-02","Action","PEGI_18"
"575","DREDGE","Основной список","PPSA09076","PS4, PS5","Нет","351,60 TL","Digital Deluxe Edition: 945,00 TL; Complete Edition: 682,50 TL","Нет","Да","PS Plus Extra","https://store.playstation.com/en-tr/concept/10005693","2023-03-29","Adventure","PEGI_12"
"3260","Drive Hard","Основной список","PPSA33162","PS5","Нет","59,50 TL","","Нет","Нет","","https://store.playstation.com/en-tr/concept/10016871","2025-11-27","Driving/Racing","PEGI_3"
"1055","Drop Duchy","Основной список","PPSA36031","PS5","Нет","569,40 TL","","Нет","Да","","https://store.playstation.com/en-tr/concept/10018579","2026-04-21","Puzzle","PEGI_3"
"647","Drums Rock","Основной список","PPSA12508","PS5","Нет","699,00 TL","Standard Edition: 699,00 TL; Undertale Edition: 902,00 TL; Ultimate Music Edition: 2.579,00 TL; Premium Edition: 1.229,00 TL; Linkin Park Edition: 393,75 TL; Deluxe Edition: 1.049,00 TL","Нет","Да","","https://store.playstation.com/en-tr/concept/10006907","2023-02-21","Arcade","PEGI_12"
"1918","Drunkn Bar Fight","Основной список","PPSA15169","PS5","Нет","774,00 TL","Drunkn Bar Fight: 774,00 TL; Drunkn Bar Fight: 774,00 TL","Нет","Нет","","https://store.playstation.com/en-tr/concept/229931","2023-11-15","Action","PEGI_16"
"1918","Drunkn Bar Fight","Основной список","PPSA15169","PS5","Нет","774,00 TL","Drunkn Bar Fight: 774,00 TL; Drunkn Bar Fight: 774,00 TL","Нет","Нет","","https://store.playstation.com/en-tr/concept/229931","2023-11-15","Action","PEGI_16"
"2165","Duke Nukem 3D: 20th Anniversary World Tour","Основной список","CUSA05968","PS4","Нет","699,00 TL","","Нет","Да","","https://store.playstation.com/en-tr/concept/225095","2016-10-10","Shooter","PEGI_16"
"209","Dune: Awakening","Основной список","PPSA02391","PS5","Да","2.149,00 TL","Standard Edition: 2.149,00 TL; Deluxe Edition: 2.999,00 TL; Ultimate Edition: 3.849,00 TL","Нет","Нет","","https://store.playstation.com/en-tr/concept/10001899","2026-09-22","Action","PEGI_16"
"6306","Dungeons of Sundaria","Основной список","PPSA08373","PS5","Нет","429,00 TL","Standard Edition: 429,00 TL; Standard Edition: 429,00 TL","Нет","Да","","https://store.playstation.com/en-tr/concept/232216","2022-07-17","Action","PEGI_16"
"6306","Dungeons of Sundaria","Основной список","PPSA08373","PS5","Нет","429,00 TL","Standard Edition: 429,00 TL; Standard Edition: 429,00 TL","Нет","Да","","https://store.playstation.com/en-tr/concept/232216","2022-07-17","Action","PEGI_16"
"101","Dying Light 2 Stay Human","Основной список","PPSA02262","PS4, PS5","Нет","2.099,00 TL","Dying Light Collection: 689,80 TL; Dying Light: Human & Beast Bundle: 5.599,00 TL; Digital Extras Edition: 1.749,00 TL","Нет","Да","","https://store.playstation.com/en-tr/concept/232374","2022-02-03","Action","PEGI_18"
"98","Dying Light","Основной список","CUSA02010","PS4","Нет","875,00 TL","Essentials Edition: 875,00 TL; Definitive Edition: 1.049,00 TL","Нет","Да","","https://store.playstation.com/en-tr/concept/201129","2025-07-04","Horror","PEGI_18"
"98","Dying Light","Основной список","CUSA02010","PS4","Нет","875,00 TL","Essentials Edition: 875,00 TL; Definitive Edition: 1.049,00 TL","Нет","Да","","https://store.playstation.com/en-tr/concept/201129","2025-07-04","Horror","PEGI_18"
"6336","DYNASTY WARRIORS 3","Основной список","PPSA32935","PS5","Да","1.749,00 TL","Standard Edition: 1.749,00 TL; Digital Deluxe Edition: 2.999,00 TL","Нет","Нет","","https://store.playstation.com/en-tr/concept/10016743","2026-09-30","Action","PEGI_16"
"1167","DYNASTY WARRIORS: ORIGINS","Основной список","PPSA15972","PS5","Нет","2.799,00 TL","Standard Version: 2.799,00 TL; Digital Deluxe Edition: 3.399,00 TL","Нет","Нет","","https://store.playstation.com/en-tr/concept/10008191","2025-01-16","Action","PEGI_16"
"744","DYSMANTLE","Основной список","PPSA05134","PS4, PS5","Нет","499,00 TL","","Нет","Да","","https://store.playstation.com/en-tr/concept/233450","2022-01-19","Adventure","PEGI_12"
"2","EA SPORTS FC 26","Основной список","PPSA27360","PS4, PS5","Нет","2.899,99 TL","Standard Edition: 2.899,99 TL; The World's Game Edition: 4.999,00 TL","Нет","Да","EA Access","https://store.playstation.com/en-tr/concept/10011898","2025-09-25","Sport","PEGI_3"
"1","EA SPORTS FC 27","Основной список","PPSA34015","PS5","Да","3.999,00 TL","Standard Edition: 3.999,00 TL; Ultimate Edition: 5.499,00 TL; Ultimate Plus Edition: 7.999,00 TL","Нет","Нет","EA Access","https://store.playstation.com/en-tr/concept/10017332","2026-09-17","Sport","PEGI_16"
"203","Echoes of Aincrad","Основной список","PPSA22969","PS5","Нет","2.999,00 TL","Standard Edition: 2.999,00 TL; Deluxe Edition: 3.849,00 TL; Ultimate Edition: 4.749,00 TL","Нет","Да","","https://store.playstation.com/en-tr/concept/10010956","2026-07-09","Action","PEGI_12"
"3102","Edna & Harvey: The Breakout","Основной список","CUSA17658","PS4","Нет","699,00 TL","""Edna & Harvey"" Bundle: 1.299,00 TL; Edna & Harvey: The Breakout – Anniversary Edition: 699,00 TL","Нет","Да","","https://store.playstation.com/en-tr/concept/235058","2020-06-16","Adventure","PEGI_12"
"49","ELDEN RING","Основной список","PPSA04609","PS4, PS5","Нет","1.499,00 TL","Standard Edition: 1.499,00 TL; SOTE Edition: 3.449,00 TL; ELDEN RING Shadow of the Erdtree Premium Bundle PS4 & PS5: 2.149,00 TL; SOTE Deluxe Edition: 4.299,00 TL","Нет","Да","","https://store.playstation.com/en-tr/concept/10000333","2022-02-24","Role Playing Games","PEGI_16"
"372","ELDEN RING NIGHTREIGN","Основной список","PPSA25381","PS4, PS5","Нет","1.749,00 TL","Standard Edition: 1.749,00 TL; Deluxe Edition: 2.349,00 TL","Нет","Да","","https://store.playstation.com/en-tr/concept/10010877","2025-05-29","Action","PEGI_16"
"6426","ELEX","Основной список","CUSA04462","PS4","Нет","1.399,00 TL","","Нет","Да","","https://store.playstation.com/en-tr/concept/217046","2017-10-16","Action","PEGI_16"
"6423","ELEX II","Основной список","PPSA03803","PS4, PS5","Нет","2.099,00 TL","","Да","Да","","https://store.playstation.com/en-tr/concept/10002952","2022-03-01","Action","PEGI_18"
"3178","Elite Dangerous","Основной список","CUSA05308","PS4","Нет","699,00 TL","","Нет","Да","PS Plus Extra","https://store.playstation.com/en-tr/concept/221902","2017-06-26","Action","PEGI_7"
"3178","Elite Dangerous","Основной список","CUSA05308","PS4","Нет","699,00 TL","","Нет","Да","PS Plus Extra","https://store.playstation.com/en-tr/concept/221902","2017-06-26","Action","PEGI_7"
"658","Empire of the Ants","Основной список","PPSA14455","PS5","Нет","1.399,00 TL","Empire of the Ants: 1.399,00 TL","Нет","Да","","https://store.playstation.com/en-tr/concept/10007652","2024-11-03","Adventure","PEGI_7"
"1191","End of Abyss","Основной список","PPSA25717","PS5","Да","584,10 TL","","Нет","Нет","","https://store.playstation.com/en-tr/concept/10012377","2026-10-01","Action","PEGI_16"
"1256","ENDER MAGNOLIA: Bloom in the Mist","Основной список","PPSA22266","PS5","Нет","879,00 TL","ENDER MAGNOLIA: Bloom in the Mist: 879,00 TL; ENDER MAGNOLIA: Bloom in the Mist: 879,00 TL","Нет","Да","","https://store.playstation.com/en-tr/concept/10010653","2025-01-22","Action","PEGI_12"
"1256","ENDER MAGNOLIA: Bloom in the Mist","Основной список","PPSA22266","PS5","Нет","879,00 TL","ENDER MAGNOLIA: Bloom in the Mist: 879,00 TL; ENDER MAGNOLIA: Bloom in the Mist: 879,00 TL","Нет","Да","","https://store.playstation.com/en-tr/concept/10010653","2025-01-22","Action","PEGI_12"
"6462","Enotria: The Last Song","Основной список","PPSA20515","PS5","Нет","1.499,00 TL","Deluxe Edition: 1.399,00 TL","Нет","Да","PS Plus Extra","https://store.playstation.com/en-tr/concept/10008826","2024-09-18","Role Playing Games","PEGI_16"
"2017","Enter the Gungeon","Основной список","CUSA01659","PS4","Нет","649,00 TL","Enter x Exit the Gungeon: 174,75 TL; Enter the Gungeon: 649,00 TL","Нет","Да","","https://store.playstation.com/en-tr/concept/216187","2016-04-04","Action","PEGI_12"
"6501","Esports Life Tycoon","Основной список","CUSA25605","PS4","Нет","699,00 TL","","Нет","Нет","","https://store.playstation.com/en-tr/concept/232765","2020-11-12","Casual","PEGI_3"
"6489","Eternal Strands","Основной список","PPSA22684","PS5","Нет","1.299,00 TL","Eternal Strands: 1.299,00 TL","Нет","Нет","","https://store.playstation.com/en-tr/concept/10010810","2025-01-28","Adventure","PEGI_12"
"736","Evil West","Основной список","PPSA02371","PS4, PS5","Нет","2.799,00 TL","","Нет","Да","","https://store.playstation.com/en-tr/concept/10001902","2022-11-21","Shooter","PEGI_18"
"920","Expeditions: A MudRunner Game","Основной список","PPSA17422","PS4, PS5","Нет","2.799,00 TL","Year 1 Edition: 2.499,00 TL; Supreme Edition: 2.799,00 TL","Нет","Да","","https://store.playstation.com/en-tr/concept/10008790","2024-03-01","Simulation","PEGI_3"
"6704","F.I.S.T.: Forged In Shadow Torch","Основной список","PPSA03969","PS4, PS5","Нет","649,00 TL","","Нет","Да","","https://store.playstation.com/en-tr/concept/10002960","2021-09-06","Action","PEGI_12"
"91","F1 25","Основной список","PPSA24662","PS5","Нет","2.900,00 TL","2026 Season Edition: 2.999,00 TL","Нет","Нет","EA Access","https://store.playstation.com/en-tr/concept/10011830","2025-05-30","Driving/Racing","PEGI_3"
"227","Fable","Основной список","PPSA31381","PS5","Да","2.999,00 TL","Fable Standard Edition: 2.999,00 TL; Fable Premium Edition: 4.299,00 TL","Нет","Нет","","https://store.playstation.com/en-tr/concept/10015869","2027-02-23","Adventure","PEGI_18"
"1873","FAHRENHEIT","Основной список","CUSA05760","PS4","Нет","50,85 TL","","Нет","Нет","","https://store.playstation.com/en-tr/concept/221705","2016-08-09","Action","PEGI_16"
"197","Fallout 4","Основной список","PPSA09017","PS4, PS5","Нет","699,00 TL","G.O.T.Y. Edition: 1.294,00 TL; Anniversary Edition: 1.939,00 TL; Fallout 4 AE + Skyrim AE: 2.949,00 TL","Нет","Нет","PS Plus Extra","https://store.playstation.com/en-tr/concept/201511","2024-04-25","Role Playing Games","PEGI_18"
"197","Fallout 4","Основной список","PPSA09017","PS4, PS5","Нет","699,00 TL","G.O.T.Y. Edition: 1.294,00 TL; Anniversary Edition: 1.939,00 TL; Fallout 4 AE + Skyrim AE: 2.949,00 TL","Нет","Нет","PS Plus Extra","https://store.playstation.com/en-tr/concept/201511","2024-04-25","Role Playing Games","PEGI_18"
"197","Fallout 4","Основной список","PPSA09017","PS4, PS5","Нет","699,00 TL","G.O.T.Y. Edition: 1.294,00 TL; Anniversary Edition: 1.939,00 TL; Fallout 4 AE + Skyrim AE: 2.949,00 TL","Нет","Нет","PS Plus Extra","https://store.playstation.com/en-tr/concept/201511","2024-04-25","Role Playing Games","PEGI_18"
"197","Fallout 4","Основной список","PPSA09017","PS4, PS5","Нет","699,00 TL","G.O.T.Y. Edition: 1.294,00 TL; Anniversary Edition: 1.939,00 TL; Fallout 4 AE + Skyrim AE: 2.949,00 TL","Нет","Нет","PS Plus Extra","https://store.playstation.com/en-tr/concept/201511","2024-04-25","Role Playing Games","PEGI_18"
"492","Fallout 76","Основной список","CUSA12054","PS4","Нет","1.199,00 TL","Deluxe Edition: 2.099,00 TL","Нет","Да","PS Plus Extra","https://store.playstation.com/en-tr/concept/232248","2018-11-13","Role Playing Games","PEGI_18"
"492","Fallout 76","Основной список","CUSA12054","PS4","Нет","1.199,00 TL","Deluxe Edition: 2.099,00 TL","Нет","Да","PS Plus Extra","https://store.playstation.com/en-tr/concept/232248","2018-11-13","Role Playing Games","PEGI_18"
"492","Fallout 76","Основной список","CUSA12054","PS4","Нет","1.199,00 TL","Deluxe Edition: 2.099,00 TL","Нет","Да","PS Plus Extra","https://store.playstation.com/en-tr/concept/232248","2018-11-13","Role Playing Games","PEGI_18"
"555","FARCRY 3","Основной список","CUSA10326","PS4","Нет","349,75 TL","","Да","Да","PS Plus Extra","https://store.playstation.com/en-tr/concept/231486","2018-05-28","Action","PEGI_18"
"369","Far Cry 4","Основной список","CUSA00462","PS4","Нет","1.399,00 TL","Gold Edition: 1.749,00 TL; FAR CRY 4 + FAR CRY PRIMAL BUNDLE: 2.149,00 TL","Да","Да","PS Plus Extra","https://store.playstation.com/en-tr/concept/201624","2014-11-17","Shooter","PEGI_18"
"369","Far Cry 4","Основной список","CUSA00462","PS4","Нет","1.399,00 TL","Gold Edition: 1.749,00 TL; FAR CRY 4 + FAR CRY PRIMAL BUNDLE: 2.149,00 TL","Да","Да","PS Plus Extra","https://store.playstation.com/en-tr/concept/201624","2014-11-17","Shooter","PEGI_18"
"369","Far Cry 4","Основной список","CUSA00462","PS4","Нет","1.399,00 TL","Gold Edition: 1.749,00 TL; FAR CRY 4 + FAR CRY PRIMAL BUNDLE: 2.149,00 TL","Да","Да","PS Plus Extra","https://store.playstation.com/en-tr/concept/201624","2014-11-17","Shooter","PEGI_18"
"327","Far Cry 5","Основной список","CUSA05847","PS4","Нет","344,85 TL","Far Cry® 5 Gold Edition: 584,85 TL","Нет","Нет","PS Plus Extra","https://store.playstation.com/en-tr/concept/221692","2018-03-26","Action","PEGI_18"
"327","Far Cry 5","Основной список","CUSA05847","PS4","Нет","344,85 TL","Far Cry® 5 Gold Edition: 584,85 TL","Нет","Нет","PS Plus Extra","https://store.playstation.com/en-tr/concept/221692","2018-03-26","Action","PEGI_18"
"327","Far Cry 5","Основной список","CUSA05847","PS4","Нет","344,85 TL","Far Cry® 5 Gold Edition: 584,85 TL","Нет","Нет","PS Plus Extra","https://store.playstation.com/en-tr/concept/221692","2018-03-26","Action","PEGI_18"
"92","FARCRY 6","Основной список","PPSA01874","PS4, PS5","Нет","2.299,00 TL","FARCRY 6 Deluxe Edition: 779,00 TL; FARCRY 6 Gold Edition: 809,00 TL; FARCRY 6 Game of the Year Edition: 239,75 TL","Да","Да","PS Plus Extra","https://store.playstation.com/en-tr/concept/233961","2021-10-06","Unique","PEGI_18"
"468","Far Cry New Dawn","Основной список","CUSA13886","PS4","Нет","54,71 TL","Ultimate Edition: 782,03 TL; Far Cry® New Dawn Deluxe Edition: 62,60 TL; Complete Edition: 680,34 TL","Да","Да","PS Plus Extra","https://store.playstation.com/en-tr/concept/232910","2019-02-14","Action","PEGI_18"
"330","Far Cry Primal","Основной список","CUSA03309","PS4","Нет","1.399,00 TL","Apex Edition: 1.199,00 TL","Нет","Нет","PS Plus Extra","https://store.playstation.com/en-tr/concept/201634","2016-02-22","Adventure","PEGI_18"
"230","Farming Simulator 22","Основной список","PPSA02385","PS4, PS5","Нет","1.049,00 TL","Farming Simulator 22: 1.049,00 TL; Platinum Edition: 1.749,00 TL; Premium Edition: 2.149,00 TL","Нет","Да","","https://store.playstation.com/en-tr/concept/10001771","2021-11-21","Simulator","PEGI_3"
"117","Farming Simulator 25","Основной список","PPSA19644","PS5","Нет","1.299,00 TL","FS25: Highlands Fishing Ed.: 2.579,00 TL; FS25: Year 1 Bundle: 2.349,00 TL; FS25: Beans & Alpacas Ed.: 1.949,00 TL","Нет","Да","PS Plus Extra","https://store.playstation.com/en-tr/concept/10009612","2024-11-12","Simulator","PEGI_3"
"3199","Feudal Alloy","Основной список","CUSA14936","PS4","Нет","525,00 TL","","Нет","Да","","https://store.playstation.com/en-tr/concept/232340","2019-05-16","Action","PEGI_7"
"6670","Fight Club World - Fighting Game","Основной список","PPSA28396","PS5","Нет","1.299,00 TL","Fight Club World - Fighting Game: 1.299,00 TL; Fight Club World - Fighting Game: 1.299,00 TL","Нет","Нет","","https://store.playstation.com/en-tr/concept/10014136","2025-04-02","Fighting","PEGI_12"
"514","FINAL FANTASY RESONANCE","Основной список","PPSA31544","PS5","Да","2.579,00 TL","FINAL FANTASY RESONANCE: 2.579,00 TL; Digital Deluxe Edition: 2.999,00 TL","Нет","Нет","","https://store.playstation.com/en-tr/concept/10015961","2026-10-21","Role Playing Games","PEGI_12"
"6688","FINAL FANTASY TACTICS - The Ivalice Chronicles","Основной список","PPSA21783","PS4, PS5","Нет","2.579,00 TL","Standard Edition: 2.579,00 TL; Deluxe Edition: 2.999,00 TL","Нет","Нет","","https://store.playstation.com/en-tr/concept/10008527","2025-09-29","Strategy","PEGI_12"
"271","FINAL FANTASY VII REBIRTH","Основной список","PPSA08668","PS5","Нет","2.579,00 TL","Twin Pack: 3.849,00 TL; Standard Edition: 2.579,00 TL; Digital Deluxe Edition: 3.449,00 TL; Digital Deluxe Twin Pack: 4.749,00 TL","Нет","Нет","","https://store.playstation.com/en-tr/concept/10003999","2024-02-28","Role Playing Games","PEGI_16"
"346","FINAL FANTASY VII REMAKE INTERGRADE","Основной список","PPSA01911","PS5","Нет","1.749,00 TL","Digital Deluxe Edition: 2.499,00 TL; FINAL FANTASY VII REMAKE Digital Deluxe Edition: 2.099,00 TL","Нет","Нет","PS Plus Extra","https://store.playstation.com/en-tr/concept/228744","2021-06-09","Role Playing Games","PEGI_16"
"486","FINAL FANTASY","Основной список","CUSA33818","PS4","Нет","419,00 TL","","Нет","Да","","https://store.playstation.com/en-tr/concept/10002339","2023-04-19","Role Playing Games","PEGI_7"
"486","FINAL FANTASY","Основной список","CUSA33818","PS4","Нет","419,00 TL","","Нет","Да","","https://store.playstation.com/en-tr/concept/10002339","2023-04-19","Role Playing Games","PEGI_7"
"486","FINAL FANTASY","Основной список","CUSA33818","PS4","Нет","419,00 TL","","Нет","Да","","https://store.playstation.com/en-tr/concept/10002339","2023-04-19","Role Playing Games","PEGI_7"
"2237","FINAL FANTASY VIII","Основной список","CUSA08751","PS4","Нет","699,00 TL","","Нет","Нет","","https://store.playstation.com/en-tr/concept/229480","2019-09-02","Role Playing Games","PEGI_16"
"421","FINAL FANTASY XV","Основной список","CUSA01615","PS4","Нет","769,00 TL","FINAL FANTASY XV ROYAL EDITION: 769,00 TL; FINAL FANTASY XV MULTIPLAYER: COMRADES: 349,00 TL","Нет","Да","","https://store.playstation.com/en-tr/concept/201597","2018-03-05","Role Playing Games","PEGI_16"
"357","FINAL FANTASY XVI","Основной список","PPSA10665","PS5","Нет","2.099,00 TL","COMPLETE EDITION: 2.799,00 TL","Нет","Да","PS Plus Extra","https://store.playstation.com/en-tr/concept/10002100","2023-06-21","Action","PEGI_18"
"357","FINAL FANTASY XVI","Основной список","PPSA10665","PS5","Нет","2.099,00 TL","COMPLETE EDITION: 2.799,00 TL","Нет","Да","PS Plus Extra","https://store.playstation.com/en-tr/concept/10002100","2023-06-21","Action","PEGI_18"
"1515","Firewatch","Основной список","CUSA04118","PS4","Нет","699,00 TL","","Нет","Да","","https://store.playstation.com/en-tr/concept/216211","2016-02-09","Adventure","PEGI_16"
"1024","Five Nights at Freddy's 2","Основной список","CUSA18364","PS4","Нет","139,50 TL","","Нет","Да","","https://store.playstation.com/en-tr/concept/235195","2020-02-03","Horror","PEGI_12"
"866","Five Nights at Freddy's","Основной список","CUSA18362","PS4","Нет","139,50 TL","","Нет","Да","","https://store.playstation.com/en-tr/concept/234740","2020-02-03","Horror","PEGI_12"
"866","Five Nights at Freddy's","Основной список","CUSA18362","PS4","Нет","139,50 TL","","Нет","Да","","https://store.playstation.com/en-tr/concept/234740","2020-02-03","Horror","PEGI_12"
"1237","Five Nights at Freddy's: Help Wanted 2","Основной список","PPSA18887","PS5","Нет","1.399,00 TL","","Нет","Нет","PS Plus Extra","https://store.playstation.com/en-tr/concept/10009325","2023-12-14","Horror","PEGI_12"
"1501","Five Nights at Freddy's: Into the Pit","Основной список","PPSA18431","PS4, PS5","Нет","849,00 TL","Five Nights at Freddy's: Into the Pit: 849,00 TL","Нет","Да","","https://store.playstation.com/en-tr/concept/10009158","2024-09-27","Horror","PEGI_16"
"477","Five Nights at Freddy's: Secret of the Mimic","Основной список","PPSA25682","PS5","Нет","1.749,00 TL","","Нет","Нет","","https://store.playstation.com/en-tr/concept/10012344","2025-06-13","Horror","PEGI_12"
"174","Five Nights at Freddy's: Security Breach","Основной список","PPSA04677","PS4, PS5","Нет","1.399,00 TL","","Нет","Да","","https://store.playstation.com/en-tr/concept/10001137","2021-12-16","Horror","PEGI_12"
"1188","FlatOut 4 - Total Insanity","Основной список","CUSA07458","PS4","Нет","57,90 TL","","Нет","Да","","https://store.playstation.com/en-tr/concept/227117","2017-03-16","Driving/Racing","PEGI_12"
"3436","Flintlock: The Siege of Dawn","Основной список","PPSA07385","PS5","Нет","999,00 TL","Deluxe Edition: 1.599,00 TL","Нет","Да","PS Plus Extra","https://store.playstation.com/en-tr/concept/10004425","2024-07-17","Action","PEGI_16"
"252","Football Manager 26 Console","Основной список","PPSA29707","PS5","Нет","799,60 TL","","Нет","Да","PS Plus Extra","https://store.playstation.com/en-tr/concept/10014519","2025-11-04","Sport","PEGI_3"
"184","FOR HONOR","Основной список","CUSA05264","PS4","Нет","1.049,00 TL","Ultimate Edition: 2.249,00 TL; Gold Edition: 2.099,00 TL","Нет","Нет","PS Plus Extra","https://store.playstation.com/en-tr/concept/221694","2024-03-14","Action","PEGI_18"
"930","For The King II","Основной список","PPSA23123","PS4, PS5","Нет","1.079,00 TL","For The King II: 1.079,00 TL; For The King Franchise Bundle: 1.499,00 TL; Age of Omus: 1.499,00 TL","Нет","Да","","https://store.playstation.com/en-tr/concept/10011010","2024-12-12","Strategy","PEGI_12"
"6783","Forgive Me Father","Основной список","CUSA40247","PS4","Нет","1.079,00 TL","","Нет","Да","","https://store.playstation.com/en-tr/concept/10007143","2023-09-28","Shooter","PEGI_18"
"842","Forspoken","Основной список","PPSA03984","PS5","Нет","2.499,00 TL","Standard Edition: 2.499,00 TL; Digital Deluxe Upgrade: 220,00 TL; Digital Deluxe Edition: 919,00 TL","Нет","Да","","https://store.playstation.com/en-tr/concept/10000846","2023-01-23","Action","PEGI_18"
"3127","Fort Boyard","Основной список","CUSA15725","PS4","Нет","105,80 TL","","Нет","Нет","","https://store.playstation.com/en-tr/concept/233996","2019-06-26","Action","PEGI_3"
"1685","Fort Solis","Основной список","PPSA14373","PS5","Нет","1.049,00 TL","Fort Solis Lempo Bundle: 644,70 TL; Terra Edition: 374,75 TL","Нет","Да","","https://store.playstation.com/en-tr/concept/10007627","2023-08-22","Adventure","PEGI_16"
"9","Forza Horizon 5","Основной список","PPSA22327","PS5","Нет","1.541,00 TL","Standard Edition: 1.541,00 TL; Deluxe Edition: 2.055,00 TL; Premium Edition: 2.570,00 TL","Нет","Да","","https://store.playstation.com/en-tr/concept/10010647","2025-04-28","Driving/Racing","PEGI_3"
"9","Forza Horizon 5","Основной список","PPSA22327","PS5","Нет","1.541,00 TL","Standard Edition: 1.541,00 TL; Deluxe Edition: 2.055,00 TL; Premium Edition: 2.570,00 TL","Нет","Да","","https://store.playstation.com/en-tr/concept/10010647","2025-04-28","Driving/Racing","PEGI_3"
"1459","Frostpunk","Основной список","CUSA15690","PS4","Нет","1.049,00 TL","Frostpunk: Complete Collection: 315,00 TL","Нет","Да","PS Plus Extra","https://store.playstation.com/en-tr/concept/233993","2019-10-10","Strategy","PEGI_16"
"460","Frostpunk 2","Основной список","PPSA16608","PS5","Нет","1.949,00 TL","Standard Edition: 1.949,00 TL; Deluxe Edition: 1.462,05 TL","Нет","Да","","https://store.playstation.com/en-tr/concept/10008442","2025-09-18","Strategy","PEGI_16"
"76","Gang Beasts","Основной список","CUSA04865","PS4","Нет","699,00 TL","","Нет","Нет","","https://store.playstation.com/en-tr/concept/216234","2017-12-11","Fighting","PEGI_7"
"495","Gas Station Simulator","Основной список","PPSA29133","PS5","Нет","949,00 TL","Gas Station Simulator, Airstrip DLC and Can Touch This DLC Bundle: 1.160,00 TL; Gas Station Simulator and Party Time DLC Bundle: 949,00 TL; Gas Station Simulator and Junkyard DLC Bundle: 714,45 TL; Gas Station Simulator and Can Touch This DLC Bundle: 1.031,00 TL; Gas Station Simulator and Airstrip DLC Bundle: 593,45 TL; Gas Station Simulator: 949,00 TL; Paradise Pack 4 in 1: 584,55 TL; Gas Station Simulator: Airstrip DLC + Tidal Wave DLC Bundle: 270,45 TL; Gas Station Simulator, Airstrip DLC and Can Touch This DLC Bundle: 875,00 TL; Gas Station Simulator and Party Time DLC Bundle: 314,55 TL; Gas Station Simulator and Junkyard DLC Bundle: 638,00 TL; Gas Station Simulator and Can Touch This DLC Bundle: 294,00 TL; Gas Station Simulator and Airstrip DLC Bundle: 335,60 TL; Gas Station Simulator: 699,00 TL; GSS Ultimate Pack 5 in 1: 1.299,00 TL","Нет","Да","","https://store.playstation.com/en-tr/concept/10004337","2026-04-09","Simulation","PEGI_12"
"194","Gears of War: Reloaded","Основной список","PPSA17525","PS5","Нет","799,50 TL","","Да","Да","","https://store.playstation.com/en-tr/concept/10008829","2025-08-26","Shooter","PEGI_18"
"106","Ghost of Tsushima DIRECTOR’S CUT","Основной список","PPSA03208","PS4, PS5","Нет","699,00 TL","Ghost of Tsushima: Legends: 769,00 TL; Ghost of Tsushima DIRECTOR’S CUT: 699,00 TL; Ghost of Tsushima DIRECTOR’S CUT: 599,00 TL; Ghost of Tsushima: Legends: 949,00 TL","Да","Да","","https://store.playstation.com/en-tr/concept/235227","2021-08-19","Role Playing Games","PEGI_18"
"106","Ghost of Tsushima DIRECTOR’S CUT","Основной список","PPSA03208","PS4, PS5","Нет","699,00 TL","Ghost of Tsushima: Legends: 769,00 TL; Ghost of Tsushima DIRECTOR’S CUT: 699,00 TL; Ghost of Tsushima DIRECTOR’S CUT: 599,00 TL; Ghost of Tsushima: Legends: 949,00 TL","Да","Да","","https://store.playstation.com/en-tr/concept/235227","2021-08-19","Role Playing Games","PEGI_18"
"106","Ghost of Tsushima DIRECTOR’S CUT","Основной список","PPSA03208","PS4, PS5","Нет","699,00 TL","Ghost of Tsushima: Legends: 769,00 TL; Ghost of Tsushima DIRECTOR’S CUT: 699,00 TL; Ghost of Tsushima DIRECTOR’S CUT: 599,00 TL; Ghost of Tsushima: Legends: 949,00 TL","Да","Да","","https://store.playstation.com/en-tr/concept/235227","2021-08-19","Role Playing Games","PEGI_18"
"8","Ghost of Yōtei","Основной список","PPSA26344","PS5","Нет","3.449,00 TL","","Да","Да","","https://store.playstation.com/en-tr/concept/10003923","2026-08-12","Action","PEGI_18"
"8","Ghost of Yōtei","Основной список","PPSA26344","PS5","Нет","3.449,00 TL","","Да","Да","","https://store.playstation.com/en-tr/concept/10003923","2026-08-12","Action","PEGI_18"
"907","Ghostrunner","Основной список","PPSA03685","PS4, PS5","Нет","1.049,00 TL","Ghostrunner: Complete Edition: 1.399,00 TL; Ghostrunner: 1.049,00 TL; Ghostrunner: 1.049,00 TL","Нет","Да","","https://store.playstation.com/en-tr/concept/10001291","2021-09-28","Action","PEGI_18"
"1693","Ghostrunner 2","Основной список","PPSA09912","PS5","Нет","279,80 TL","Ghostrunner Game Bundle: 1.399,00 TL; Ghostrunner 2: 279,80 TL; Deluxe Edition: 1.749,00 TL; Brutal Edition: 499,80 TL","Нет","Да","","https://store.playstation.com/en-tr/concept/10005977","2023-10-26","Action","PEGI_18"
"1132","Ghostwire: Tokyo","Основной список","PPSA03397","PS5","Нет","609,00 TL","Standard Edition: 609,00 TL; Deluxe Edition: 3.149,00 TL","Да","Да","","https://store.playstation.com/en-tr/concept/10000301","2022-03-24","Adventure","PEGI_12"
"618","Goat Simulator","Основной список","CUSA02779","PS4","Нет","349,00 TL","Goat Simulator: The GOATY: 839,00 TL; Goat Simulator: 349,00 TL","Нет","Да","","https://store.playstation.com/en-tr/concept/201723","2015-08-11","Simulation","PEGI_12"
"182","Goat Simulator 3","Основной список","PPSA04158","PS4, PS5","Нет","1.049,00 TL","Standard Edition: 1.049,00 TL; Deluxe Edition: 1.399,00 TL; Starter Edition: 1.749,00 TL","Нет","Да","","https://store.playstation.com/en-tr/concept/10003123","2022-11-16","Simulation","PEGI_12"
"211","God of War","Основной список","CUSA07410","PS4","Нет","849,00 TL","God of War™ Digital Deluxe Edition: 1.299,00 TL","Нет","Нет","PS Plus Extra","https://store.playstation.com/en-tr/concept/227770","2019-10-03","Action","PEGI_18"
"260","God of War III","Основной список","CUSA01715","PS4","Нет","849,00 TL","","Да","Да","","https://store.playstation.com/en-tr/concept/228618","2015-07-14","Action","PEGI_18"
"167","God of War Ragnarök","Основной список","PPSA08330","PS4, PS5","Нет","2.799,00 TL","Digital Deluxe Edition: 3.849,00 TL","Нет","Да","PS Plus Extra","https://store.playstation.com/en-tr/concept/10001850","2022-11-08","Action","PEGI_18"
"167","God of War Ragnarök","Основной список","PPSA08330","PS4, PS5","Нет","2.799,00 TL","Digital Deluxe Edition: 3.849,00 TL","Нет","Да","PS Plus Extra","https://store.playstation.com/en-tr/concept/10001850","2022-11-08","Action","PEGI_18"
"219","God of War Sons of Sparta","Основной список","PPSA28997","PS5","Нет","1.299,00 TL","Standard Edition: 1.299,00 TL; Digital Deluxe Edition: 1.749,00 TL","Да","Да","","https://store.playstation.com/en-tr/concept/10012744","2026-02-12","Action","PEGI_16"
"3159","Gods Will Fall","Основной список","CUSA19024","PS4","Нет","525,00 TL","Standard Edition: 525,00 TL; Valiant Edition: 104,85 TL","Нет","Да","","https://store.playstation.com/en-tr/concept/10000242","2021-02-12","Action","PEGI_16"
"2081","GORN","Основной список","PPSA13250","PS4, PS5","Нет","297,15 TL","","Нет","Да","","https://store.playstation.com/en-tr/concept/235154","2023-03-30","Unique","PEGI_18"
"1361","Gotham Knights","Основной список","PPSA07257","PS5","Нет","3.149,00 TL","Standard Edition: 3.149,00 TL; Deluxe Edition: 4.199,00 TL","Нет","Нет","","https://store.playstation.com/en-tr/concept/233383","2022-10-20","Action","PEGI_16"
"146","Gothic 1 Remake","Основной список","PPSA09827","PS5","Нет","2.579,00 TL","Standard: 2.579,00 TL","Да","Да","","https://store.playstation.com/en-tr/concept/10005976","2026-06-05","Role Playing Games","PEGI_18"
"619","Gothic Classic","Основной список","PPSA26049","PS4, PS5","Нет","1.299,00 TL","","Да","Да","","https://store.playstation.com/en-tr/concept/10010662","2026-07-28","Role Playing Games","PEGI_16"
"43","Gran Turismo 7","Основной список","PPSA01316","PS4, PS5","Нет","1.999,00 TL","Standard Edition: 1.999,00 TL; Standard Edition: 2.499,00 TL; Digital Deluxe Edition: 4.299,00 TL","Нет","Да","","https://store.playstation.com/en-tr/concept/10000956","2022-03-03","Driving/Racing","PEGI_3"
"43","Gran Turismo 7","Основной список","PPSA01316","PS4, PS5","Нет","1.999,00 TL","Standard Edition: 1.999,00 TL; Standard Edition: 2.499,00 TL; Digital Deluxe Edition: 4.299,00 TL","Нет","Да","","https://store.playstation.com/en-tr/concept/10000956","2022-03-03","Driving/Racing","PEGI_3"
"830","Granblue Fantasy: Relink","Основной список","PPSA06955","PS4, PS5","Нет","1.749,00 TL","EndlessRagnarok STD Edition: 2.579,00 TL; EndlessRagnarok SP Edition: 3.449,00 TL","Нет","Нет","PS Plus Extra","https://store.playstation.com/en-tr/concept/229066","2024-01-28","Role Playing Games","PEGI_12"
"6","Grand Theft Auto Online (PlayStation5)","Основной список","PPSA01721","PS5","Нет","699,00 TL","Grand Theft Auto V and Great White Shark Card Bundle: 1.749,00 TL; Grand Theft Auto Online (PlayStation®5): 699,00 TL","Нет","Да","GTA+","https://store.playstation.com/en-tr/concept/201930","2022-03-14","Adventure","PEGI_18"
"24","Grand Theft Auto VI","Основной список","PPSA01547","PS5","Да","3.999,00 TL","Standard Edition: 3.999,00 TL; Ultimate Edition: 4.999,00 TL","Нет","Нет","","https://store.playstation.com/en-tr/concept/10000730","2026-11-18","Action","PEGI_PROVISIONAL_18"
"24","Grand Theft Auto VI","Основной список","PPSA01547","PS5","Да","3.999,00 TL","Standard Edition: 3.999,00 TL; Ultimate Edition: 4.999,00 TL","Нет","Нет","","https://store.playstation.com/en-tr/concept/10000730","2026-11-18","Action","PEGI_PROVISIONAL_18"
"404","Grand Theft Auto: The Trilogy – The","Основной список","PPSA05805","PS4, PS5","Нет","2.099,00 TL","","Нет","Да","GTA+","https://store.playstation.com/en-tr/concept/10003543","2021-11-10","Action","PEGI_18"
"2790","Graveyard Keeper","Основной список","CUSA10811","PS4","Нет","849,00 TL","Graveyard Keeper: Last Journey Edition: 1.749,00 TL; Graveyard Keeper: 849,00 TL","Нет","Да","","https://store.playstation.com/en-tr/concept/231092","2019-06-26","Role Playing Games","PEGI_16"
"2790","Graveyard Keeper","Основной список","CUSA10811","PS4","Нет","849,00 TL","Graveyard Keeper: Last Journey Edition: 1.749,00 TL; Graveyard Keeper: 849,00 TL","Нет","Да","","https://store.playstation.com/en-tr/concept/231092","2019-06-26","Role Playing Games","PEGI_16"
"1230","GreedFall","Основной список","PPSA02981","PS4, PS5","Нет","239,80 TL","Gold Edition: 1.399,00 TL; Standard Edition: 239,80 TL","Нет","Да","","https://store.playstation.com/en-tr/concept/233031","2021-06-29","Role Playing Games","PEGI_18"
"1837","GreedFall: The Dying World","Основной список","PPSA21840","PS5","Нет","2.579,00 TL","Deluxe Edition: 2.999,00 TL","Нет","Да","","https://store.playstation.com/en-tr/concept/10010517","2026-03-12","Role Playing Games","PEGI_16"
"1166","Green Hell","Основной список","PPSA21629","PS4, PS5","Нет","875,00 TL","","Нет","Да","PS Plus Extra","https://store.playstation.com/en-tr/concept/10002038","2024-07-08","Simulator","PEGI_18"
"1166","Green Hell","Основной список","PPSA21629","PS4, PS5","Нет","875,00 TL","","Нет","Да","PS Plus Extra","https://store.playstation.com/en-tr/concept/10002038","2024-07-08","Simulator","PEGI_18"
"643","GRID Legends","Основной список","PPSA03864","PS4, PS5","Нет","700,00 TL","GRID Legends (PS5): 700,00 TL; Deluxe Edition: 915,25 TL","Нет","Да","EA Access","https://store.playstation.com/en-tr/concept/10003002","2022-02-24","Driving/Racing","PEGI_3"
"1436","GRIME II","Основной список","PPSA34673","PS5","Нет","1.160,00 TL","","Нет","Да","","https://store.playstation.com/en-tr/concept/10017769","2026-03-31","Action","PEGI_12"
"7131","GRIP","Основной список","CUSA11004","PS4","Нет","1.749,00 TL","GRIP Digital Deluxe: 2.149,00 TL; GRIP: 1.749,00 TL","Нет","Нет","","https://store.playstation.com/en-tr/concept/231294","2018-11-05","Action","PEGI_7"
"2564","GRIS |","Основной список","PPSA09804","PS4, PS5","Нет","529,00 TL","GRIS + Neva Bundle: 1.049,00 TL","Нет","Да","PS Plus Extra","https://store.playstation.com/en-tr/concept/234650","2022-12-13","Action","PEGI_7"
"2564","GRIS |","Основной список","PPSA09804","PS4, PS5","Нет","529,00 TL","GRIS + Neva Bundle: 1.049,00 TL","Нет","Да","PS Plus Extra","https://store.playstation.com/en-tr/concept/234650","2022-12-13","Action","PEGI_7"
"1384","Ground Zero","Основной список","PPSA30676","PS5","Нет","816,00 TL","","Нет","Да","","https://store.playstation.com/en-tr/concept/10015461","2026-04-16","Horror","PEGI_16"
"496","Grounded","Основной список","PPSA17008","PS4, PS5","Нет","699,50 TL","","Нет","Да","","https://store.playstation.com/en-tr/concept/10008048","2024-04-16","Adventure","PEGI_12"
"42","Grounded 2","Основной список","PPSA32718","PS5","Нет","1.299,00 TL","Grounded 2: 1.299,00 TL; Grounded 2: Founder's Edition: 1.699,00 TL","Нет","Нет","","https://store.playstation.com/en-tr/concept/10016651","2026-08-11","Adventure","PEGI_12"
"556","Guilty Gear -Strive","Основной список","PPSA02257","PS4, PS5","Нет","1.749,00 TL","Guilty Gear -Strive-: 1.749,00 TL; 2.0 Starter Edition: 3.849,00 TL","Нет","Нет","","https://store.playstation.com/en-tr/concept/10000453","2021-06-10","Fighting","PEGI_12"
"2398","Gungrave G.O.R.E","Основной список","PPSA03684","PS4, PS5","Нет","1.049,00 TL","Standard: 1.049,00 TL; Complete Bundle: 279,80 TL","Нет","Да","","https://store.playstation.com/en-tr/concept/10002868","2022-11-21","Unique","PEGI_16"
"2109","Guns Gore and Cannoli 2","Основной список","CUSA08317","PS4","Нет","455,00 TL","","Нет","Да","","https://store.playstation.com/en-tr/concept/228733","2018-08-14","Action","PEGI_16"
"1082","Gunsmith Simulator","Основной список","PPSA30937","PS5","Нет","1.079,00 TL","Gunsmith Simulator & Gunsmith Simulator - Flint & Powder: 1.160,00 TL; Gunsmith Simulator & Crime Scene Cleaner: 1.949,00 TL; Gunsmith Simulator: 1.079,00 TL","Нет","Да","","https://store.playstation.com/en-tr/concept/10013892","2025-10-09","Action","PEGI_12"
"1335","GYLT","Основной список","PPSA13526","PS5","Нет","849,00 TL","GYLT: 849,00 TL; GYLT: 849,00 TL","Нет","Да","","https://store.playstation.com/en-tr/concept/10007169","2023-07-06","Horror","PEGI_12"
"1335","GYLT","Основной список","PPSA13526","PS5","Нет","849,00 TL","GYLT: 849,00 TL; GYLT: 849,00 TL","Нет","Да","","https://store.playstation.com/en-tr/concept/10007169","2023-07-06","Horror","PEGI_12"
"750","Hades","Основной список","PPSA03711","PS4, PS5","Нет","879,00 TL","","Нет","Да","","https://store.playstation.com/en-tr/concept/10002648","2021-08-12","Action","PEGI_12"
"237","Hades II","Основной список","PPSA36082","PS5","Нет","1.299,00 TL","","Нет","Да","","https://store.playstation.com/en-tr/concept/10018449","2026-04-14","Action","PEGI_12"
"361","Halloween: The Game","Основной список","PPSA29340","PS5","Да","1.749,00 TL","Halloween: The Game: 1.749,00 TL; Digital Deluxe: 2.579,00 TL","Нет","Нет","","https://store.playstation.com/en-tr/concept/10014718","2026-09-08","Horror","PEGI_18"
"119","Halo: Campaign Evolved","Основной список","PPSA28038","PS5","Нет","2.499,00 TL","Standard Edition: 2.499,00 TL; Premium Edition: 3.499,00 TL","Нет","Да","","https://store.playstation.com/en-tr/concept/10013884","2026-07-28","Action","PEGI_16"
"1671","Harry Potter: Quidditch Champions","Основной список","PPSA05834","PS4, PS5","Нет","1.049,00 TL","Standard Edition: 1.049,00 TL; Deluxe Edition: 209,85 TL","Нет","Нет","","https://store.playstation.com/en-tr/concept/10004151","2024-09-03","Action","PEGI_12"
"1257","Have a Nice Death","Основной список","PPSA16517","PS5","Нет","875,00 TL","Have a Nice Death: 875,00 TL; Have a Nice Death: 875,00 TL","Нет","Да","","https://store.playstation.com/en-tr/concept/10008404","2023-12-05","Arcade","PEGI_12"
"1257","Have a Nice Death","Основной список","PPSA16517","PS5","Нет","875,00 TL","Have a Nice Death: 875,00 TL; Have a Nice Death: 875,00 TL","Нет","Да","","https://store.playstation.com/en-tr/concept/10008404","2023-12-05","Arcade","PEGI_12"
"1054","Haven","Основной список","PPSA01562","PS4, PS5","Нет","875,00 TL","Haven: 875,00 TL; Haven - Deluxe Edition: 378,00 TL","Нет","Да","","https://store.playstation.com/en-tr/concept/10000983","2020-12-03","Role Playing Games","PEGI_12"
"593","Heavenly Bodies","Основной список","PPSA02575","PS4, PS5","Нет","902,00 TL","Standard Edition: 902,00 TL; Cleanup DLC Edition: 257,75 TL","Нет","Да","","https://store.playstation.com/en-tr/concept/10002096","2021-12-07","Adventure","PEGI_3"
"1965","Heavy Rain","Основной список","CUSA02356","PS4","Нет","1.299,00 TL","","Нет","Нет","","https://store.playstation.com/en-tr/concept/201902","2016-03-01","Action","PEGI_18"
"7279","Hell is Us","Основной список","PPSA09259","PS5","Нет","2.579,00 TL","Deluxe Edition: 3.449,00 TL; RoboCop Col. + Hell is Us: 4.299,00 TL","Нет","Да","","https://store.playstation.com/en-tr/concept/10005051","2025-09-04","Action","PEGI_16"
"566","Hell Let Loose","Основной список","PPSA02421","PS5","Нет","1.949,00 TL","Hell Let Loose: 1.949,00 TL; Ultimate Edition: 2.799,00 TL; Deluxe Edition: 2.349,00 TL","Нет","Да","","https://store.playstation.com/en-tr/concept/10001996","2021-10-04","Shooter","PEGI_16"
"94","Hell Let Loose: Vietnam","Основной список","PPSA28869","PS5","Нет","1.949,00 TL","Hell Let Loose: Vietnam: 1.949,00 TL; Deluxe Edition: 2.799,00 TL","Нет","Да","","https://store.playstation.com/en-tr/concept/10014425","2026-08-13","Shooter","PEGI_18"
"433","Hellblade: Senua’s Sacrifice","Основной список","PPSA27581","PS5","Нет","899,00 TL","Standard Edition: 899,00 TL; Hellblade: Senua’s Sacrifice: 1.299,00 TL","Нет","Да","","https://store.playstation.com/en-tr/concept/10013503","2025-08-12","Adventure","PEGI_18"
"433","Hellblade: Senua’s Sacrifice","Основной список","PPSA27581","PS5","Нет","899,00 TL","Standard Edition: 899,00 TL; Hellblade: Senua’s Sacrifice: 1.299,00 TL","Нет","Да","","https://store.playstation.com/en-tr/concept/10013503","2025-08-12","Adventure","PEGI_18"
"2557","Hellboy Web of Wyrd","Основной список","PPSA11264","PS5","Нет","1.079,00 TL","","Нет","Да","","https://store.playstation.com/en-tr/concept/10006524","2023-10-18","Action","PEGI_12"
"54","HELLDIVERS 2","Основной список","PPSA06016","PS5","Нет","1.049,25 TL","Super Citizen Edition: 1.679,20 TL","Нет","Да","PS Plus Extra","https://store.playstation.com/en-tr/concept/10000657","2024-02-08","Action","PEGI_18"
"54","HELLDIVERS 2","Основной список","PPSA06016","PS5","Нет","1.049,25 TL","Super Citizen Edition: 1.679,20 TL","Нет","Да","PS Plus Extra","https://store.playstation.com/en-tr/concept/10000657","2024-02-08","Action","PEGI_18"
"334","Hello Neighbor","Основной список","PPSA35154","PS4, PS5","Нет","1.299,00 TL","","Нет","Да","PS Plus Extra","https://store.playstation.com/en-tr/concept/231096","2026-03-26","Horror","PEGI_7"
"222","Hello Neighbor 2","Основной список","PPSA07426","PS4, PS5","Нет","1.399,00 TL","Standard Edition: 1.399,00 TL; Deluxe Edition: 2.099,00 TL","Нет","Да","","https://store.playstation.com/en-tr/concept/10003558","2022-12-05","Adventure","PEGI_12"
"838","Hello Neighbor: Search and Rescue","Основной список","PPSA11061","PS4, PS5","Нет","1.049,00 TL","Hello Neighbor: Search and Rescue: 1.049,00 TL","Нет","Да","","https://store.playstation.com/en-tr/concept/10006454","2023-05-24","Puzzle","PEGI_7"
"7272","Hellpoint","Основной список","PPSA05588","PS4, PS5","Нет","1.229,00 TL","","Нет","Да","","https://store.playstation.com/en-tr/concept/235113","2022-07-12","Action","PEGI_12"
"1924","Hi-Fi RUSH","Основной список","PPSA17169","PS5","Нет","507,83 TL","Standard Edition: 507,83 TL; Deluxe Edition: 674,33 TL","Нет","Да","","https://store.playstation.com/en-tr/concept/10008685","2024-03-19","Action","PEGI_12"
"7329","High On Life","Основной список","PPSA15389","PS4, PS5","Нет","1.399,00 TL","High On Life: 1.399,00 TL; High On Life + DLC Bundle: 1.749,00 TL","Нет","Нет","","https://store.playstation.com/en-tr/concept/10007961","2023-07-22","Shooter","PEGI_18"
"1628","High On Life 2","Основной список","PPSA30094","PS5","Нет","2.579,00 TL","High On Life 2: 2.579,00 TL","Нет","Нет","","https://store.playstation.com/en-tr/concept/10012995","2026-02-13","Shooter","PEGI_18"
"7339","Hirogami","Основной список","PPSA29173","PS5","Нет","816,00 TL","","Нет","Нет","","https://store.playstation.com/en-tr/concept/10014615","2025-09-03","Action","PEGI_3"
"651","Hitman HD","Основной список","CUSA12659","PS4","Нет","2.579,00 TL","","Да","Да","","https://store.playstation.com/en-tr/concept/233361","2019-01-10","Action","PEGI_18"
"67","HITMAN World of Assassination","Основной список","PPSA01769","PS4, PS5","Нет","2.999,00 TL","World of Assassination: 2.999,00 TL; WOA Part One - VR Edition: 1.749,00 TL; WOA Part One: 259,80 TL; WOA Deluxe Edition: 4.299,00 TL","Нет","Да","","https://store.playstation.com/en-tr/concept/10000248","2023-01-26","Action","PEGI_18"
"149","Hogwarts Legacy PS5 Version","Основной список","PPSA01603","PS5","Нет","3.149,00 TL","Deluxe Edition: 3.899,00 TL; Ultimate Wizarding Bundle: 3.499,00 TL","Нет","Да","PS Plus Extra","https://store.playstation.com/en-tr/concept/232447","2023-02-09","Unique","PEGI_12"
"149","Hogwarts Legacy PS5 Version","Основной список","PPSA01603","PS5","Нет","3.149,00 TL","Deluxe Edition: 3.899,00 TL; Ultimate Wizarding Bundle: 3.499,00 TL","Нет","Да","PS Plus Extra","https://store.playstation.com/en-tr/concept/232447","2023-02-09","Unique","PEGI_12"
"149","Hogwarts Legacy PS5 Version","Основной список","PPSA01603","PS5","Нет","3.149,00 TL","Deluxe Edition: 3.899,00 TL; Ultimate Wizarding Bundle: 3.499,00 TL","Нет","Да","PS Plus Extra","https://store.playstation.com/en-tr/concept/232447","2023-02-09","Unique","PEGI_12"
"605","Hollow Knight","Основной список","PPSA34971","PS4, PS5","Нет","623,00 TL","","Нет","Да","PS Plus Extra","https://store.playstation.com/en-tr/concept/232654","2026-02-06","Action","PEGI_7"
"343","Hollow Knight: Silksong","Основной список","PPSA12544","PS4, PS5","Нет","849,00 TL","","Нет","Да","","https://store.playstation.com/en-tr/concept/10005908","2025-09-04","Adventure","PEGI_7"
"1017","Homefront: The Revolution","Основной список","CUSA00938","PS4","Нет","699,00 TL","Homefront®: The Revolution 'Freedom Fighter' Bundle: 139,90 TL","Да","Да","","https://store.playstation.com/en-tr/concept/202024","2016-05-19","Shooter","PEGI_18"
"187","Honkai: Star Rail","Основной список","PPSA08458","PS5","Нет","Free","","Нет","Да","","https://store.playstation.com/en-tr/concept/10005275","2023-10-10","Adventure","PEGI_12"
"221","Horizon Call of the Mountain","Основной список","PPSA05666","PS5","Нет","2.999,00 TL","","Да","Да","","https://store.playstation.com/en-tr/concept/10004029","2023-02-21","Action","PEGI_12"
"770","Horizon Chase 2","Основной список","PPSA12772","PS4, PS5","Нет","875,00 TL","","Нет","Да","","https://store.playstation.com/en-tr/concept/10006999","2024-05-30","Driving/Racing","PEGI_3"
"103","Horizon Forbidden West","Основной список","PPSA01521","PS4, PS5","Нет","2.099,00 TL","Standard Edition: 2.099,00 TL; Complete Edition: 2.999,00 TL; Standard Edition: 1.749,00 TL","Да","Да","","https://store.playstation.com/en-tr/concept/10000886","2022-02-17","Action","PEGI_16"
"224","Horizon Zero Dawn","Основной список","PPSA13427","PS5","Нет","2.149,00 TL","","Да","Да","PS Plus Extra","https://store.playstation.com/en-tr/concept/221727","2024-10-30","Role Playing Games","PEGI_16"
"342","HOT WHEELS Infinite Rush","Основной список","PPSA22408","PS5","Да","2.149,00 TL","Standard Edition: 2.149,00 TL; Deluxe Edition: 3.449,00 TL; Ultimate Edition: 4.299,00 TL","Нет","Нет","","https://store.playstation.com/en-tr/concept/10010731","2026-09-09","Driving/Racing","PEGI_3"
"233","HOT WHEELS UNLEASHED 2 - Turbocharged","Основной список","PPSA09285","PS4, PS5","Нет","1.749,00 TL","Deluxe Edition: 2.499,00 TL; Legendary Edition: 3.149,00 TL","Нет","Нет","","https://store.playstation.com/en-tr/concept/10005765","2023-10-18","Arcade","PEGI_3"
"452","HOT WHEELS UNLEASHED","Основной список","PPSA02325","PS5","Нет","1.749,00 TL","Standard Edition: 1.749,00 TL; Game of the Year Edition: 3.449,00 TL; Standard Edition: 1.749,00 TL; Game of the Year Edition: 3.449,00 TL","Нет","Да","","https://store.playstation.com/en-tr/concept/10001874","2021-09-29","Driving/Racing","PEGI_3"
"452","HOT WHEELS UNLEASHED","Основной список","PPSA02325","PS5","Нет","1.749,00 TL","Standard Edition: 1.749,00 TL; Game of the Year Edition: 3.449,00 TL; Standard Edition: 1.749,00 TL; Game of the Year Edition: 3.449,00 TL","Нет","Да","","https://store.playstation.com/en-tr/concept/10001874","2021-09-29","Driving/Racing","PEGI_3"
"452","HOT WHEELS UNLEASHED","Основной список","PPSA02325","PS5","Нет","1.749,00 TL","Standard Edition: 1.749,00 TL; Game of the Year Edition: 3.449,00 TL; Standard Edition: 1.749,00 TL; Game of the Year Edition: 3.449,00 TL","Нет","Да","","https://store.playstation.com/en-tr/concept/10001874","2021-09-29","Driving/Racing","PEGI_3"
"452","HOT WHEELS UNLEASHED","Основной список","PPSA02325","PS5","Нет","1.749,00 TL","Standard Edition: 1.749,00 TL; Game of the Year Edition: 3.449,00 TL; Standard Edition: 1.749,00 TL; Game of the Year Edition: 3.449,00 TL","Нет","Да","","https://store.playstation.com/en-tr/concept/10001874","2021-09-29","Driving/Racing","PEGI_3"
"1940","Hotline Miami","Основной список","PPSA09683","PS4, PS5","Нет","107,25 TL","Hotline Miami Collection: 699,00 TL","Нет","Да","PS Plus Extra","https://store.playstation.com/en-tr/concept/10005940","2023-10-23","Action","PEGI_16"
"1940","Hotline Miami","Основной список","PPSA09683","PS4, PS5","Нет","107,25 TL","Hotline Miami Collection: 699,00 TL","Нет","Да","PS Plus Extra","https://store.playstation.com/en-tr/concept/10005940","2023-10-23","Action","PEGI_16"
"1940","Hotline Miami","Основной список","PPSA09683","PS4, PS5","Нет","107,25 TL","Hotline Miami Collection: 699,00 TL","Нет","Да","PS Plus Extra","https://store.playstation.com/en-tr/concept/10005940","2023-10-23","Action","PEGI_16"
"910","House Flipper","Основной список","CUSA23089","PS4","Нет","875,00 TL","Hairdresser Flipper: 1.749,00 TL; House Flipper: All-in-One Bundle: 4.299,00 TL; House Flipper - Pets Bundle: 1.949,00 TL; House Flipper - Luxury Garden Bundle: 2.579,00 TL; House Flipper - Farm Pets Bundle: 2.349,00 TL; House Flipper - Dine Out Bundle: 1.749,00 TL; House Flipper: 875,00 TL; Garden Bundle: 1.949,00 TL","Нет","Да","","https://store.playstation.com/en-tr/concept/10000044","2020-02-25","Simulation","PEGI_3"
"1381","Hubris","Основной список","PPSA13416","PS5","Нет","209,80 TL","","Нет","Да","","https://store.playstation.com/en-tr/concept/10007202","2023-06-22","Adventure","PEGI_12"
"396","Human: Fall Flat","Основной список","PPSA02429","PS4, PS5","Нет","699,00 TL","Human Fall Flat VR: 455,00 TL; Human Fall Flat Franchise Bundle: 875,00 TL","Нет","Да","PS Plus Extra","https://store.playstation.com/en-tr/concept/227139","2021-06-24","Adventure","PEGI_3"
"2302","HUMANKIND","Основной список","PPSA06186","PS4, PS5","Нет","2.149,00 TL","Heritage Edition: 2.579,00 TL","Нет","Да","PS Plus Extra","https://store.playstation.com/en-tr/concept/10004309","2023-08-22","Strategy","PEGI_12"
"144","Hunt: Showdown 1896","Основной список","PPSA16357","PS5","Нет","1.049,00 TL","Hunt: Showdown 1896: 1.049,00 TL; Starter Edition: 1.399,00 TL; Premium Edition: 2.499,00 TL; Deluxe Edition: 2.099,00 TL","Нет","Да","","https://store.playstation.com/en-tr/concept/234014","2024-08-15","Shooter","PEGI_18"
"716","Hunting Simulator 2","Основной список","PPSA01899","PS5","Нет","1.399,00 TL","Bear Hunter Edition: 315,00 TL; Elite Edition: 1.749,00 TL; Bear Hunter Edition: 315,00 TL; Elite Edition: 1.749,00 TL","Нет","Да","","https://store.playstation.com/en-tr/concept/10000348","2021-03-11","Shooter","PEGI_16"
"716","Hunting Simulator 2","Основной список","PPSA01899","PS5","Нет","1.399,00 TL","Bear Hunter Edition: 315,00 TL; Elite Edition: 1.749,00 TL; Bear Hunter Edition: 315,00 TL; Elite Edition: 1.749,00 TL","Нет","Да","","https://store.playstation.com/en-tr/concept/10000348","2021-03-11","Shooter","PEGI_16"
"1213","Ice Age: Scrat's Nutty Adventure","Основной список","PPSA08354","PS4, PS5","Нет","314,70 TL","","Нет","Нет","PS Plus Extra","https://store.playstation.com/en-tr/concept/231098","2022-09-22","Family","PEGI_7"
"560","Immortals Fenyx Rising","Основной список","PPSA01509","PS4, PS5","Нет","1.749,00 TL","Gold Edition: 2.579,00 TL","Да","Да","PS Plus Extra","https://store.playstation.com/en-tr/concept/234423","2020-12-02","Adventure","PEGI_12"
"1390","Immortals of Aveum","Основной список","PPSA08237","PS5","Нет","2.900,00 TL","Deluxe Edition: 3.300,00 TL","Нет","Нет","EA Access","https://store.playstation.com/en-tr/concept/10005317","2023-08-22","Shooter","PEGI_16"
"7559","In Nightmare","Основной список","PPSA06109","PS5","Нет","699,00 TL","In Nightmare: 699,00 TL; In Nightmare: 699,00 TL","Нет","Да","","https://store.playstation.com/en-tr/concept/10002650","2022-03-29","Horror","PEGI_12"
"7559","In Nightmare","Основной список","PPSA06109","PS5","Нет","699,00 TL","In Nightmare: 699,00 TL; In Nightmare: 699,00 TL","Нет","Да","","https://store.playstation.com/en-tr/concept/10002650","2022-03-29","Horror","PEGI_12"
"7589","In Sound Mind","Основной список","PPSA04921","PS5","Нет","1.499,00 TL","Standard Edition (PS5): 1.499,00 TL; Deluxe Edition (PS5): 1.749,00 TL","Нет","Да","","https://store.playstation.com/en-tr/concept/10001487","2021-09-28","Horror","PEGI_12"
"375","INAZUMA ELEVEN: Victory Road","Основной список","PPSA22207","PS4, PS5","Нет","2.999,00 TL","INAZUMA ELEVEN: Victory Road  PS4 & PS5: 2.999,00 TL; Deluxe Edition: 3.449,00 TL","Нет","Нет","","https://store.playstation.com/en-tr/concept/231308","2025-11-13","Sport","PEGI_12"
"41","Indiana Jones and the Great Circle","Основной список","PPSA26786","PS5","Нет","2.299,00 TL","Premium Edition: 3.280,00 TL","Нет","Да","","https://store.playstation.com/en-tr/concept/10012238","2025-04-17","Adventure","PEGI_16"
"1253","INDIKA","Основной список","PPSA16214","PS5","Нет","875,00 TL","","Да","Да","PS Plus Extra","https://store.playstation.com/en-tr/concept/10008296","2024-05-17","Adventure","PEGI_18"
"244","inFAMOUS Second Son","Основной список","CUSA00004","PS4","Нет","849,00 TL","inFAMOUS Second Son™ Legendary Edition: 1.299,00 TL; inFAMOUS Second Son™ + inFAMOUS™ First Light: 1.299,00 TL; inFAMOUS Second Son™: 849,00 TL","Да","Да","","https://store.playstation.com/en-tr/concept/202138","2014-03-20","Action","PEGI_16"
"7531","Infernax","Основной список","CUSA30994","PS4","Нет","849,00 TL","","Нет","Да","","https://store.playstation.com/en-tr/concept/10003982","2022-02-14","Adventure","PEGI_16"
"179","Injustice 2","Основной список","CUSA05459","PS4","Нет","699,00 TL","Injustice™ 2 - Standard Edition: 699,00 TL; Injustice™ 2 - Legendary Edition: 1.949,00 TL","Нет","Да","","https://store.playstation.com/en-tr/concept/221732","2017-05-18","Fighting","PEGI_16"
"2154","Injustice: Gods Among Us","Основной список","CUSA00051","PS4","Нет","2.099,00 TL","","Нет","Да","","https://store.playstation.com/en-tr/concept/202136","2013-11-28","Fighting","PEGI_16"
"967","Inscryption","Основной список","PPSA07023","PS4, PS5","Нет","699,00 TL","","Нет","Да","","https://store.playstation.com/en-tr/concept/10004707","2022-08-30","Adventure","PEGI_16"
"1773","INSIDE","Основной список","CUSA02754","PS4","Нет","949,00 TL","","Нет","Да","","https://store.playstation.com/en-tr/concept/223663","2016-08-22","Action","PEGI_18"
"1008","Insurgency: Sandstorm","Основной список","PPSA09741","PS4, PS5","Нет","1.399,00 TL","1-Year Anniversary Edition: 1.749,00 TL; 4-Year Anniversary Edition: 1.934,55 TL","Нет","Да","PS Plus Extra","https://store.playstation.com/en-tr/concept/227147","2024-01-30","Unique","PEGI_18"
"1991","Invincible VS","Основной список","PPSA30568","PS5","Нет","2.149,00 TL","Standard Edition: 2.149,00 TL; Deluxe Edition: 2.999,00 TL","Нет","Нет","","https://store.playstation.com/en-tr/concept/10015370","2026-04-30","Fighting","PEGI_18"
"1453","Ion Fury","Основной список","CUSA14704","PS4","Нет","215,80 TL","Ion Fury: Double Shot Edition: 674,55 TL; Ion Fury: 215,80 TL","Нет","Да","","https://store.playstation.com/en-tr/concept/233277","2020-05-14","Shooter","PEGI_18"
"1471","Iron Harvest","Основной список","PPSA02393","PS5","Нет","1.749,00 TL","","Да","Да","","https://store.playstation.com/en-tr/concept/10000559","2021-10-26","Unique","PEGI_16"
"1724","Iron Meat","Основной список","PPSA22017","PS4, PS5","Нет","489,30 TL","","Нет","Да","","https://store.playstation.com/en-tr/concept/10001178","2024-09-25","Action","PEGI_16"
"18","It Takes Two","Основной список","PPSA02343","PS4, PS5","Нет","1.499,99 TL","It Takes Two PS4™ & PS5™: 1.499,99 TL; Hazelight Bundle: 2.200,00 TL","Нет","Да","EA Access","https://store.playstation.com/en-tr/concept/234689","2021-03-25","Unique","PEGI_12"
"7616","IXION","Основной список","PPSA23281","PS5","Нет","1.499,00 TL","","Нет","Да","","https://store.playstation.com/en-tr/concept/10009170","2025-04-08","Strategy","PEGI_7"
"1154","Jagged Alliance 3","Основной список","PPSA09572","PS4, PS5","Нет","839,60 TL","","Нет","Да","","https://store.playstation.com/en-tr/concept/10005890","2023-11-14","Strategy","PEGI_18"
"7623","Jay and Silent Bob: Chronic Blunt Punch","Основной список","PPSA34438","PS5","Нет","849,00 TL","","Нет","Нет","","https://store.playstation.com/en-tr/concept/10017598","2026-04-20","Fighting","PEGI_16"
"7640","Jeanne d'Arc","Основной список","PPSA13995","PS4, PS5","Нет","429,00 TL","","Нет","Нет","","https://store.playstation.com/en-tr/concept/10007464","2024-07-16","Role Playing Games","PEGI_7"
"368","Job Simulator","Основной список","PPSA10147","PS4, PS5","Нет","849,00 TL","","Нет","Нет","","https://store.playstation.com/en-tr/concept/221911","2023-02-21","Casual","PEGI_3"
"447","John Carpenter’s Toxic Commando","Основной список","PPSA08254","PS5","Нет","1.749,00 TL","Standard Edition: 1.749,00 TL; Blood Edition: 2.149,00 TL","Нет","Да","","https://store.playstation.com/en-tr/concept/10004956","2026-03-12","Action","PEGI_18"
"341","JoJo's Bizarre Adventure: All-Star Battle R","Основной список","PPSA04323","PS4, PS5","Нет","1.749,00 TL","Standard Edition: 1.749,00 TL; Deluxe Edition: 2.499,00 TL; Ultimate Edition: 3.249,00 TL","Нет","Нет","","https://store.playstation.com/en-tr/concept/10001302","2022-09-01","Action","PEGI_12"
"341","JoJo's Bizarre Adventure: All-Star Battle R","Основной список","PPSA04323","PS4, PS5","Нет","1.749,00 TL","Standard Edition: 1.749,00 TL; Deluxe Edition: 2.499,00 TL; Ultimate Edition: 3.249,00 TL","Нет","Нет","","https://store.playstation.com/en-tr/concept/10001302","2022-09-01","Action","PEGI_12"
"700","JoJo's Bizarre Adventure: Eyes of Heaven","Основной список","CUSA04909","PS4","Нет","2.999,00 TL","","Нет","Нет","","https://store.playstation.com/en-tr/concept/202197","2016-06-30","Fighting","PEGI_12"
"1679","Journey","Основной список","CUSA00470","PS4","Нет","525,00 TL","","Нет","Да","","https://store.playstation.com/en-tr/concept/202276","2015-07-20","Adventure","PEGI_7"
"915","Judgment","Основной список","PPSA02740","PS5","Нет","349,75 TL","Judgment: 349,75 TL; Judgment: 262,25 TL","Нет","Нет","","https://store.playstation.com/en-tr/concept/232859","2021-04-23","Adventure","PEGI_18"
"915","Judgment","Основной список","PPSA02740","PS5","Нет","349,75 TL","Judgment: 349,75 TL; Judgment: 262,25 TL","Нет","Нет","","https://store.playstation.com/en-tr/concept/232859","2021-04-23","Adventure","PEGI_18"
"301","Jurassic World Evolution 2","Основной список","PPSA03286","PS4, PS5","Нет","2.099,00 TL","Jurassic World Evolution 2: Dominion Bundle: 2.799,00 TL; Deluxe Edition: 2.499,00 TL","Да","Да","PS Plus Extra","https://store.playstation.com/en-tr/concept/10002577","2021-11-09","Strategy","PEGI_16"
"87","Jurassic World Evolution 3","Основной список","PPSA25153","PS5","Нет","2.099,00 TL","Deluxe Edition: 2.599,00 TL; Rebirth Bundle: 3.849,00 TL","Нет","Нет","","https://store.playstation.com/en-tr/concept/10012067","2025-10-21","Strategy","PEGI_16"
"7703","Jusant","Основной список","PPSA10264","PS5","Нет","1.079,00 TL","","Нет","Да","","https://store.playstation.com/en-tr/concept/10006168","2023-10-30","Adventure","PEGI_3"
"506","Just Cause 3","Основной список","CUSA02747","PS4","Нет","699,00 TL","Just Cause 3: XXL Edition: 27,25 TL; Just Cause 3: 699,00 TL","Нет","Нет","","https://store.playstation.com/en-tr/concept/202209","2015-11-30","Action","PEGI_18"
"376","Just Cause 4: Reloaded","Основной список","CUSA09264","PS4","Нет","1.399,00 TL","Just Cause 4: Reloaded: 1.399,00 TL; Just Cause 4 - Gold Edition: 2.099,00 TL; Just Cause 4 - Complete Edition: 2.499,00 TL","Нет","Нет","","https://store.playstation.com/en-tr/concept/229133","2019-11-06","Action","PEGI_18"
"1702","Just Shapes & Beats","Основной список","CUSA16383","PS4","Нет","595,00 TL","Just Shapes & Beats Mega Bundle: 769,00 TL; Just Shapes & Beats: 595,00 TL","Нет","Да","","https://store.playstation.com/en-tr/concept/233595","2019-05-29","Action","PEGI_7"
"484","Kayak VR: Mirage","Основной список","PPSA06948","PS5","Нет","721,70 TL","Kayak VR: Mirage: 721,70 TL; Kayak VR + Yucatán: 918,75 TL; Kayak VR + Soča Valley: 918,75 TL; Kayak VR: Complete Edition: 993,30 TL","Нет","Нет","","https://store.playstation.com/en-tr/concept/10004438","2023-02-21","Simulation","PEGI_3"
"7754","Keep Talking and Nobody Explodes","Основной список","CUSA06561","PS4","Нет","525,00 TL","","Нет","Нет","","https://store.playstation.com/en-tr/concept/224859","2017-01-23","Simulation","PEGI_3"
"677","Kena: Bridge of Spirits","Основной список","PPSA01802","PS4, PS5","Нет","1.749,00 TL","Standard Edition: 1.749,00 TL; Digital Deluxe: 2.149,00 TL","Нет","Да","","https://store.playstation.com/en-tr/concept/10001235","2021-09-20","Action","PEGI_12"
"1266","KeyWe","Основной список","PPSA02209","PS4, PS5","Нет","879,00 TL","","Нет","Да","","https://store.playstation.com/en-tr/concept/10001774","2021-09-27","Casual","PEGI_3"
"3439","Killer Frequency","Основной список","PPSA09522","PS4, PS5","Нет","209,80 TL","","Нет","Да","PS Plus Extra","https://store.playstation.com/en-tr/concept/10005847","2023-05-31","Adventure","PEGI_12"
"2881","Killing Floor 2","Основной список","CUSA05179","PS4","Нет","1.049,00 TL","Ultimate Edition: 2.099,00 TL; Double Feature: 1.399,00 TL","Да","Да","PS Plus Extra","https://store.playstation.com/en-tr/concept/221915","2016-11-17","Action","PEGI_18"
"2059","Killing Floor 3","Основной список","PPSA08427","PS5","Нет","1.749,00 TL","Killing Floor 3: 1.749,00 TL; Deluxe Edition: 2.579,00 TL; Elite Nightfall Edition: 3.449,00 TL","Нет","Да","","https://store.playstation.com/en-tr/concept/10005321","2025-07-24","Shooter","PEGI_18"
"1683","KILLZONE SHADOW FALL","Основной список","CUSA00002","PS4","Нет","849,00 TL","","Да","Да","PS Plus Extra","https://store.playstation.com/en-tr/concept/202335","2013-11-28","Shooter","PEGI_18"
"7779","Kiln","Основной список","PPSA34512","PS5","Нет","799,00 TL","Kiln: 799,00 TL; Kiln Fired Up Edition: 1.199,00 TL","Нет","Да","","https://store.playstation.com/en-tr/concept/10017667","2026-04-23","Action","PEGI_7"
"1404","King's Bounty II","Основной список","PPSA05038","PS4, PS5","Нет","209,85 TL","Lord's Edition: 739,07 TL; King's Bounty II: 209,85 TL","Да","Да","","https://store.playstation.com/en-tr/concept/10001624","2023-09-06","Role Playing Games","PEGI_16"
"47","Kingdom Come: Deliverance II","Основной список","PPSA21704","PS5","Нет","3.149,00 TL","Royal Edition: 3.149,00 TL; Saga Bundle: 4.299,00 TL","Нет","Да","","https://store.playstation.com/en-tr/concept/10006210","2025-02-04","Role Playing Games","PEGI_18"
"217","Kingdom Come: Deliverance","Основной список","PPSA28731","PS4, PS5","Нет","1.299,00 TL","Kingdom Come: Deliverance - Royal Edition: 1.399,00 TL; Kingdom Come: Deliverance - Royal Edition: 1.749,00 TL","Нет","Да","PS Plus Extra","https://store.playstation.com/en-tr/concept/227410","2026-02-13","Adventure","PEGI_18"
"1012","Kingdoms of Amalur: Re-Reckoning","Основной список","CUSA17245","PS4","Нет","71,80 TL","Kingdoms of Amalur: Re-Reckoning: 71,80 TL; Fate Edition: 1.925,00 TL","Нет","Да","","https://store.playstation.com/en-tr/concept/234893","2020-09-07","Action","PEGI_18"
"1035","Knack 2","Основной список","CUSA07670","PS4","Нет","1.749,00 TL","Knack 2: 1.749,00 TL","Да","Да","","https://store.playstation.com/en-tr/concept/217223","2017-09-05","Action","PEGI_7"
"2524","Kona","Основной список","PPSA05383","PS4, PS5","Нет","525,00 TL","Kona VR Bundle: 139,80 TL; Kona: 525,00 TL","Нет","Нет","","https://store.playstation.com/en-tr/concept/227161","2021-12-07","Adventure","PEGI_16"
"7858","Kunitsu-Gami: Path of the Goddess","Основной список","PPSA19577","PS4, PS5","Нет","1.749,00 TL","Okami + Kunitsu-Gami Bundle: 1.749,00 TL; Kunitsu-Gami: Path of the Goddess PS4 & PS5: 1.749,00 TL","Нет","Да","","https://store.playstation.com/en-tr/concept/10008719","2024-07-18","Action","PEGI_16"
"845","L. A. Noire","Основной список","CUSA09172","PS4","Нет","169,00 TL","","Нет","Да","GTA+","https://store.playstation.com/en-tr/concept/229788","2017-11-13","Action","PEGI_18"
"5692","Labyrinth of Galleria: The Moon Society","Основной список","PPSA06591","PS4, PS5","Нет","1.749,00 TL","","Нет","Нет","","https://store.playstation.com/en-tr/concept/232958","2023-02-17","Role Playing Games","PEGI_16"
"7893","Late Shift","Основной список","PPSA15895","PS4, PS5","Нет","529,00 TL","The FMV Collection 2: 1.399,00 TL; Wales Interactive Bundle: 2.099,00 TL; Late Shift: 529,00 TL","Нет","Да","","https://store.playstation.com/en-tr/concept/227163","2023-05-29","Adventure","PEGI_18"
"2106","Layers of Fear","Основной список","PPSA07265","PS5","Нет","1.299,00 TL","Layers of Fear: 1.299,00 TL; Deluxe Edition: 1.499,00 TL","Нет","Да","","https://store.playstation.com/en-tr/concept/10004877","2023-06-15","Horror","PEGI_16"
"461","Legacy of Kain Soul Reaver 1&2","Основной список","PPSA18152","PS4, PS5","Нет","419,60 TL","","Да","Да","","https://store.playstation.com/en-tr/concept/10009063","2024-12-10","Action","PEGI_18"
"461","Legacy of Kain Soul Reaver 1&2","Основной список","PPSA18152","PS4, PS5","Нет","419,60 TL","","Да","Да","","https://store.playstation.com/en-tr/concept/10009063","2024-12-10","Action","PEGI_18"
"546","Legacy of Kain: Defiance","Основной список","PPSA31878","PS4, PS5","Нет","1.079,00 TL","Legacy of Kain: Defiance Remastered: 1.079,00 TL; Legacy of Kain: Defiance Remastered - Deluxe Edition: 1.299,00 TL; Legacy of Kain: Heart of Darkness Collection: 1.949,00 TL","Да","Да","","https://store.playstation.com/en-tr/concept/10016155","2026-03-03","Action","PEGI_18"
"645","Legendary Tales","Основной список","PPSA17518","PS5","Нет","1.224,30 TL","Legendary Tales: 1.224,30 TL; Forever Edition: 2.099,30 TL; Deluxe Edition: 1.644,30 TL","Нет","Да","","https://store.playstation.com/en-tr/concept/10006306","2024-02-08","Action","PEGI_12"
"645","Legendary Tales","Основной список","PPSA17518","PS5","Нет","1.224,30 TL","Legendary Tales: 1.224,30 TL; Forever Edition: 2.099,30 TL; Deluxe Edition: 1.644,30 TL","Нет","Да","","https://store.playstation.com/en-tr/concept/10006306","2024-02-08","Action","PEGI_12"
"1073","LEGO Batman 3: Beyond Gotham","Основной список","CUSA00579","PS4","Нет","212,25 TL","LEGO BATMAN 3: BEYOND GOTHAM PREMIUM EDITION: 1.299,00 TL","Нет","Да","PS Plus Extra","https://store.playstation.com/en-tr/concept/202496","2014-11-13","Action","PEGI_7"
"630","LEGO CITY Undercover","Основной список","CUSA06511","PS4","Нет","188,91 TL","","Да","Да","PS Plus Extra","https://store.playstation.com/en-tr/concept/224875","2017-04-06","Adventure","PEGI_7"
"504","LEGO DC Super-Villains","Основной список","CUSA11550","PS4","Нет","1.049,00 TL","LEGO® DC Super-Villains Deluxe Edition: 2.599,00 TL; LEGO® DC Heroes & Villains Bundle: 2.099,00 TL","Нет","Да","PS Plus Extra","https://store.playstation.com/en-tr/concept/231944","2018-10-18","Action","PEGI_7"
"603","LEGO Harry","Основной список","PPSA22946","PS5","Нет","1.399,00 TL","LEGO®  Harry Potter™ Collection: 1.399,00 TL; LEGO® Harry Potter™ Collection: 699,00 TL","Нет","Нет","","https://store.playstation.com/en-tr/concept/223683","2024-10-07","Action","PEGI_7"
"615","LEGO Horizon Adventures","Основной список","PPSA14632","PS5","Нет","1.749,00 TL","Digital Deluxe Edition: 2.149,00 TL","Да","Да","PS Plus Extra","https://store.playstation.com/en-tr/concept/10007722","2024-11-13","Action","PEGI_7"
"1839","LEGO Jurassic World","Основной список","CUSA01519","PS4","Нет","1.399,00 TL","","Нет","Да","PS Plus Extra","https://store.playstation.com/en-tr/concept/202450","2015-06-11","Adventure","PEGI_7"
"73","LEGO Batman: Legacy of the Dark Knight","Основной список","PPSA16833","PS5","Нет","2.999,00 TL","Deluxe Edition: 3.849,00 TL","Нет","Да","","https://store.playstation.com/en-tr/concept/10008537","2026-05-21","Action","PEGI_7"
"73","LEGO Batman: Legacy of the Dark Knight","Основной список","PPSA16833","PS5","Нет","2.999,00 TL","Deluxe Edition: 3.849,00 TL","Нет","Да","","https://store.playstation.com/en-tr/concept/10008537","2026-05-21","Action","PEGI_7"
"192","LEGO Marvel Super Heroes","Основной список","CUSA00044","PS4","Нет","1.399,00 TL","LEGO® Marvel™ Super Heroes: 1.399,00 TL","Нет","Да","","https://store.playstation.com/en-tr/concept/202493","2013-11-28","Action","PEGI_7"
"245","LEGO Marvel Super Heroes 2","Основной список","CUSA08476","PS4","Нет","2.099,00 TL","LEGO® Marvel Super Heroes 2 Deluxe Edition: 233,91 TL; LEGO® Marvel Super Heroes 2: 2.099,00 TL; LEGO® Marvel Collection: 2.099,00 TL","Нет","Да","","https://store.playstation.com/en-tr/concept/228783","2017-11-16","Action","PEGI_7"
"508","LEGO Marvel's Avengers","Основной список","CUSA02122","PS4","Нет","1.399,00 TL","LEGO® Marvel’s Avengers Deluxe Edition: 199,92 TL","Нет","Да","PS Plus Extra","https://store.playstation.com/en-tr/concept/202494","2016-01-28","Family","PEGI_7"
"508","LEGO Marvel's Avengers","Основной список","CUSA02122","PS4","Нет","1.399,00 TL","LEGO® Marvel’s Avengers Deluxe Edition: 199,92 TL","Нет","Да","PS Plus Extra","https://store.playstation.com/en-tr/concept/202494","2016-01-28","Family","PEGI_7"
"724","LEGO NINJAGO Movie Video Game","Основной список","CUSA07744","PS4","Нет","2.099,00 TL","","Нет","Да","PS Plus Extra","https://store.playstation.com/en-tr/concept/228782","2017-09-21","Action","PEGI_7"
"941","LEGO Party!","Основной список","PPSA29141","PS4, PS5","Нет","1.749,00 TL","","Нет","Нет","","https://store.playstation.com/en-tr/concept/10014603","2025-09-30","Party","PEGI_7"
"928","LEGO Star Wars: The Force Awakens","Основной список","CUSA03397","PS4","Да","209,90 TL","LEGO® Star Wars™: The Force Awakens Deluxe Edition: 2.499,00 TL; LEGO® Star Wars™: The Force Awakens: 209,90 TL","Нет","Да","","https://store.playstation.com/en-tr/concept/202448","2016-06-27","Action","PEGI_7"
"312","LEGO Star Wars: The Skywalker Saga","Основной список","PPSA01865","PS4, PS5","Нет","2.499,00 TL","Deluxe Edition: 2.799,00 TL; Galactic Edition: 2.799,00 TL","Нет","Да","","https://store.playstation.com/en-tr/concept/232847","2022-04-04","Action","PEGI_7"
"1203","LEGO The Hobbit","Основной список","CUSA00355","PS4","Нет","181,87 TL","","Нет","Да","PS Plus Extra","https://store.playstation.com/en-tr/concept/202454","2020-05-05","Family","PEGI_7"
"652","LEGO The Incredibles","Основной список","CUSA09897","PS4","Нет","2.099,00 TL","","Нет","Да","","https://store.playstation.com/en-tr/concept/229812","2018-06-14","Adventure","PEGI_7"
"1214","LEGO Worlds","Основной список","CUSA06262","PS4","Нет","1.049,00 TL","","Да","Да","PS Plus Extra","https://store.playstation.com/en-tr/concept/202508","2017-03-09","Adventure","PEGI_7"
"7951","LET IT DIE: INFERNO","Основной список","PPSA19053","PS5","Нет","1.079,00 TL","Standard Edition: 1.079,00 TL; Deluxe Edition: 1.949,00 TL; Ultimate Edition: 2.579,00 TL","Нет","Нет","","https://store.playstation.com/en-tr/concept/10009386","2025-12-04","Action","PEGI_16"
"176","Lies of P","Основной список","PPSA10621","PS4, PS5","Нет","2.349,00 TL","Standard Edition: 2.349,00 TL; Lies of P: Overture Bundle: 3.149,00 TL","Нет","Да","","https://store.playstation.com/en-tr/concept/10006052","2023-09-18","Action","PEGI_16"
"624","Life is Strange 2 Episode 1","Основной список","CUSA08124","PS4","Нет","203,99 TL","Life is Strange 2 Complete Season: 203,99 TL","Нет","Да","","https://store.playstation.com/en-tr/concept/232630","2018-09-25","Role Playing Games","PEGI_18"
"1553","Life is Strange","Основной список","CUSA23981","PS4","Нет","284,01 TL","","Нет","Да","","https://store.playstation.com/en-tr/concept/10001187","2022-01-31","Adventure","PEGI_16"
"1398","Life is Strange: Double Exposure","Основной список","PPSA16106","PS5","Нет","3.149,00 TL","Deluxe Edition: 2.499,00 TL; Ultimate Edition: 3.149,00 TL","Нет","Да","","https://store.playstation.com/en-tr/concept/10008183","2024-10-29","Adventure","PEGI_16"
"551","Life is Strange: Reunion","Основной список","PPSA28101","PS5","Нет","2.149,00 TL","Life is Strange: Reunion: 2.149,00 TL; Deluxe Edition: 2.579,00 TL; Life is Strange: Reunion Twin Pack: 2.999,00 TL","Нет","Да","","https://store.playstation.com/en-tr/concept/10013938","2026-03-26","Adventure","PEGI_16"
"551","Life is Strange: Reunion","Основной список","PPSA28101","PS5","Нет","2.149,00 TL","Life is Strange: Reunion: 2.149,00 TL; Deluxe Edition: 2.579,00 TL; Life is Strange: Reunion Twin Pack: 2.999,00 TL","Нет","Да","","https://store.playstation.com/en-tr/concept/10013938","2026-03-26","Adventure","PEGI_16"
"7991","Life is Strange: True Colors","Основной список","PPSA02047","PS4, PS5","Нет","429,00 TL","Standard Edition: 429,00 TL; Deluxe Edition: 499,01 TL; Ultimate Edition: 919,60 TL","Нет","Да","","https://store.playstation.com/en-tr/concept/235172","2021-09-09","Adventure","PEGI_16"
"836","Liftoff: Drone Racing","Основной список","CUSA17700","PS4","Нет","879,00 TL","Liftoff: Drone Racing: 879,00 TL; Deluxe Edition: 1.299,00 TL","Нет","Да","","https://store.playstation.com/en-tr/concept/235077","2020-11-10","Driving/Racing","PEGI_3"
"557","Like a Dragon Gaiden: The Man Who Erased His Name","Основной список","PPSA16269","PS4, PS5","Нет","749,70 TL","Standard Edition: 749,70 TL; Like a Dragon Gaiden: The Man Who Erased His Name Deluxe Edition PS4 & PS5: 2.619,00 TL","Нет","Да","","https://store.playstation.com/en-tr/concept/10008306","2023-11-08","Adventure","PEGI_18"
"438","Like a Dragon: Infinite Wealth","Основной список","PPSA06436","PS4, PS5","Нет","2.499,00 TL","Deluxe Edition: 532,25 TL; Ultimate Edition: 3.899,00 TL","Нет","Да","PS Plus Extra","https://store.playstation.com/en-tr/concept/10004462","2024-01-25","Role Playing Games","PEGI_18"
"714","Like a Dragon: Ishin!","Основной список","PPSA06455","PS4, PS5","Нет","3.149,00 TL","Standard: 3.149,00 TL; Digital Deluxe: 779,80 TL","Нет","Нет","","https://store.playstation.com/en-tr/concept/10004480","2023-02-21","Action","PEGI_18"
"383","Like a Dragon: Pirate Yakuza in Hawaii","Основной список","PPSA24478","PS4, PS5","Нет","524,75 TL","Standard Edition: 524,75 TL; Deluxe Edition: 2.599,00 TL","Нет","Да","","https://store.playstation.com/en-tr/concept/10011704","2025-02-20","Adventure","PEGI_18"
"2704","LIMBO","Основной список","CUSA01369","PS4","Нет","484,00 TL","LIMBO & INSIDE Bundle: 1.299,00 TL; LIMBO: 484,00 TL","Нет","Да","","https://store.playstation.com/en-tr/concept/202533","2015-02-24","Action","PEGI_16"
"2704","LIMBO","Основной список","CUSA01369","PS4","Нет","484,00 TL","LIMBO & INSIDE Bundle: 1.299,00 TL; LIMBO: 484,00 TL","Нет","Да","","https://store.playstation.com/en-tr/concept/202533","2015-02-24","Action","PEGI_16"
"8004","Little Adventure on the Prairie","Основной список","CUSA10742","PS4","Нет","68,00 TL","","Нет","Нет","","https://store.playstation.com/en-tr/concept/231358","2018-02-21","Adventure","PEGI_3"
"521","Little Nightmares","Основной список","PPSA10737","PS4, PS5","Нет","849,00 TL","Little Nightmares Enhanced Edition: 849,00 TL; Complete Edition: 324,75 TL","Нет","Да","","https://store.playstation.com/en-tr/concept/223059","2025-10-09","Puzzle","PEGI_16"
"353","Little Nightmares II","Основной список","PPSA02154","PS4, PS5","Нет","1.049,00 TL","Standard Edition: 1.049,00 TL; Little Nightmares I & II Bundle PS4 & PS5: 644,70 TL; Deluxe Edition: 524,70 TL","Нет","Да","","https://store.playstation.com/en-tr/concept/232583","2021-08-25","Action","PEGI_16"
"143","Little Nightmares III","Основной список","PPSA05143","PS4, PS5","Нет","1.749,00 TL","Standard Edition: 1.749,00 TL; Deluxe Edition: 2.579,00 TL","Нет","Да","","https://store.playstation.com/en-tr/concept/10003713","2025-10-09","Action","PEGI_16"
"143","Little Nightmares III","Основной список","PPSA05143","PS4, PS5","Нет","1.749,00 TL","Standard Edition: 1.749,00 TL; Deluxe Edition: 2.579,00 TL","Нет","Да","","https://store.playstation.com/en-tr/concept/10003713","2025-10-09","Action","PEGI_16"
"954","Little Nightmares VR: Altered Echoes","Основной список","PPSA31228","PS5","Нет","1.299,00 TL","","Нет","Да","","https://store.playstation.com/en-tr/concept/10013518","2026-04-23","Horror","PEGI_12"
"2752","LocoRoco","Основной список","CUSA07286","PS4","Нет","649,00 TL","","Нет","Да","","https://store.playstation.com/en-tr/concept/227868","2017-05-08","Action","PEGI_3"
"540","Lords of the Fallen","Основной список","PPSA03641","PS5","Нет","428,67 TL","Deluxe Edition: 1.749,00 TL","Нет","Да","","https://store.playstation.com/en-tr/concept/10002848","2023-10-12","Role Playing Games","PEGI_18"
"2516","Lords of the Fallen (2014)","Основной список","CUSA00377","PS4","Нет","849,00 TL","Lords of the Fallen (2014): 849,00 TL; Complete Edition: 1.299,00 TL","Нет","Да","","https://store.playstation.com/en-tr/concept/202563","2014-10-27","Action","PEGI_16"
"3205","Lost in Random","Основной список","PPSA01694","PS4, PS5","Нет","216,00 TL","","Нет","Нет","EA Access","https://store.playstation.com/en-tr/concept/10000653","2021-09-10","Adventure","PEGI_12"
"550","Lost Judgment","Основной список","PPSA03775","PS4, PS5","Нет","459,80 TL","Standard Edition: 459,80 TL; Digital Deluxe Edition: 678,98 TL; Digital Ultimate Edition: 171,80 TL","Нет","Нет","","https://store.playstation.com/en-tr/concept/10002616","2021-09-23","Action","PEGI_18"
"908","Lost Records: Bloom & Rage","Основной список","PPSA19733","PS5","Нет","1.399,00 TL","","Нет","Да","","https://store.playstation.com/en-tr/concept/10009639","2025-02-18","Adventure","PEGI_16"
"1507","Lost Soul Aside","Основной список","PPSA26358","PS5","Нет","2.999,00 TL","Digital Deluxe Edition: 3.449,00 TL","Нет","Да","","https://store.playstation.com/en-tr/concept/10012778","2025-08-28","Role Playing Games","PEGI_12"
"1606","Lovers in a Dangerous Spacetime","Основной список","CUSA04384","PS4","Нет","649,00 TL","","Нет","Да","","https://store.playstation.com/en-tr/concept/216344","2016-02-08","Action","PEGI_7"
"2511","Lumberjack's Dynasty","Основной список","CUSA32418","PS4","Нет","1.049,00 TL","","Нет","Да","","https://store.playstation.com/en-tr/concept/10002259","2022-06-30","Simulation","PEGI_3"
"294","Mad Max","Основной список","CUSA00054","PS4","Нет","174,75 TL","","Нет","Да","","https://store.playstation.com/en-tr/concept/202765","2015-08-31","Action","PEGI_18"
"719","MADiSON","Основной список","PPSA07370","PS5","Нет","719,40 TL","","Нет","Да","","https://store.playstation.com/en-tr/concept/10004909","2022-07-07","Horror","PEGI_16"
"719","MADiSON","Основной список","PPSA07370","PS5","Нет","719,40 TL","","Нет","Да","","https://store.playstation.com/en-tr/concept/10004909","2022-07-07","Horror","PEGI_16"
"272","Mafia II","Основной список","CUSA17761","PS4","Нет","1.159,00 TL","","Да","Да","","https://store.playstation.com/en-tr/concept/234770","2020-05-18","Adventure","PEGI_18"
"437","Mafia III","Основной список","CUSA03617","PS4","Нет","259,00 TL","Mafia III: Definitive Edition: 1.159,00 TL; Mafia III: 259,00 TL","Нет","Да","","https://store.playstation.com/en-tr/concept/208723","2016-10-06","Adventure","PEGI_18"
"13","Mafia: The Old Country","Основной список","PPSA14299","PS5","Нет","1.949,00 TL","Definitive Edition: 1.547,40 TL; The Omertà Collection: 2.149,50 TL","Да","Да","","https://store.playstation.com/en-tr/concept/10007134","2025-08-07","Action","PEGI_18"
"13","Mafia: The Old Country","Основной список","PPSA14299","PS5","Нет","1.949,00 TL","Definitive Edition: 1.547,40 TL; The Omertà Collection: 2.149,50 TL","Да","Да","","https://store.playstation.com/en-tr/concept/10007134","2025-08-07","Action","PEGI_18"
"1151","Mafia: Trilogy","Основной список","CUSA03617","PS4","Нет","2.349,00 TL","","Да","Да","","https://store.playstation.com/en-tr/concept/10008649","2020-09-24","Adventure","PEGI_18"
"2757","Magicka 2","Основной список","CUSA01400","PS4","Нет","649,00 TL","Magicka 2: Special Edition: 849,00 TL","Нет","Да","PS Plus Extra","https://store.playstation.com/en-tr/concept/202615","2015-05-25","Adventure","PEGI_16"
"834","Maneater","Основной список","PPSA01862","PS4, PS5","Нет","1.399,00 TL","Maneater Apex Edition: 1.749,00 TL","Да","Да","PS Plus Extra","https://store.playstation.com/en-tr/concept/233202","2020-11-11","Action","PEGI_18"
"1578","Manhunt","Основной список","CUSA03545","PS4","Нет","315,00 TL","","Нет","Нет","","https://store.playstation.com/en-tr/concept/202899","2016-03-21","Adventure","PEGI_18"
"528","Marathon","Основной список","PPSA24487","PS5","Нет","1.499,00 TL","Standard Edition: 1.499,00 TL; Deluxe Edition: 2.249,00 TL","Нет","Да","","https://store.playstation.com/en-tr/concept/10008864","2026-03-05","Action","PEGI_16"
"812","MARVEL Cosmic Invasion","Основной список","PPSA29629","PS4, PS5","Нет","1.299,00 TL","MARVEL Cosmic Invasion: 1.299,00 TL","Нет","Да","","https://store.playstation.com/en-tr/concept/10012545","2025-12-01","Action","PEGI_12"
"40","MARVEL Tōkon: Fighting Souls","Основной список","PPSA15595","PS5","Нет","2.999,00 TL","Standard Edition: 2.999,00 TL; Digital Deluxe Edition: 4.049,00 TL; Ultimate Edition: 4.749,00 TL","Нет","Да","","https://store.playstation.com/en-tr/concept/10008019","2026-08-06","Fighting","PEGI_12"
"674","Marvel vs. Capcom: Infinite","Основной список","CUSA06380","PS4","Нет","1.399,00 TL","Marvel vs. Capcom: Infinite - Standard Edition: 1.399,00 TL; Marvel vs. Capcom: Infinite - Deluxe Edition: 2.099,00 TL","Нет","Да","","https://store.playstation.com/en-tr/concept/224890","2017-09-18","Action","PEGI_12"
"2141","Marvel's Guardians of the Galaxy","Основной список","PPSA01750","PS4, PS5","Нет","2.499,00 TL","","Да","Да","PS Plus Extra","https://store.playstation.com/en-tr/concept/234665","2021-10-25","Action","PEGI_16"
"569","Marvel's Midnight Suns","Основной список","PPSA03603","PS5","Нет","789,00 TL","Legendary Edition: 1.149,00 TL; Digital+ Edition: 3.149,00 TL; Standard Edition: 789,00 TL; Legendary Edition: 1.149,00 TL; Digital+ Edition: 3.149,00 TL","Нет","Нет","","https://store.playstation.com/en-tr/concept/10002129","2022-12-01","Strategy","PEGI_12"
"569","Marvel's Midnight Suns","Основной список","PPSA03603","PS5","Нет","789,00 TL","Legendary Edition: 1.149,00 TL; Digital+ Edition: 3.149,00 TL; Standard Edition: 789,00 TL; Legendary Edition: 1.149,00 TL; Digital+ Edition: 3.149,00 TL","Нет","Нет","","https://store.playstation.com/en-tr/concept/10002129","2022-12-01","Strategy","PEGI_12"
"12","Marvel’s Spider-Man 2","Основной список","PPSA08338","PS5","Нет","2.799,00 TL","Digital Deluxe Edition: 3.849,00 TL","Да","Да","PS Plus Extra","https://store.playstation.com/en-tr/concept/10002456","2023-10-19","Action","PEGI_16"
"23","Marvel's Spider-Man: Miles Morales","Основной список","PPSA01417","PS4, PS5","Нет","459,00 TL","Ultimate Edition: 619,00 TL","Нет","Нет","PS Plus Extra","https://store.playstation.com/en-tr/concept/10000649","2020-11-11","Action","PEGI_16"
"26","Marvel's Spider-Man","Основной список","PPSA01468","PS5","Нет","466,78 TL","","Нет","Нет","PS Plus Extra","https://store.playstation.com/en-tr/concept/10000762","2023-05-03","Action","PEGI_16"
"26","Marvel's Spider-Man","Основной список","PPSA01468","PS5","Нет","466,78 TL","","Нет","Нет","PS Plus Extra","https://store.playstation.com/en-tr/concept/10000762","2023-05-03","Action","PEGI_16"
"26","Marvel's Spider-Man","Основной список","PPSA01468","PS5","Нет","466,78 TL","","Нет","Нет","PS Plus Extra","https://store.playstation.com/en-tr/concept/10000762","2023-05-03","Action","PEGI_16"
"10","Marvel’s Wolverine","Основной список","PPSA03671","PS5","Да","3.449,00 TL","Standard Edition: 3.449,00 TL; Digital Deluxe Edition: 3.849,00 TL; Digital Deluxe Upgrade: 400,00 TL","Нет","Нет","","https://store.playstation.com/en-tr/concept/10002861","2026-09-14","Action","PEGI_18"
"1064","Mass Effect","Основной список","CUSA19515","PS4","Нет","2.600,00 TL","","Да","Да","EA Access","https://store.playstation.com/en-tr/concept/10000606","2021-05-13","Unique","PEGI_18"
"1064","Mass Effect","Основной список","CUSA19515","PS4","Нет","2.600,00 TL","","Да","Да","EA Access","https://store.playstation.com/en-tr/concept/10000606","2021-05-13","Unique","PEGI_18"
"713","Max Payne","Основной список","CUSA04488","PS4","Нет","315,00 TL","Rockstar Games PS2™ Classics Bundle: 2.499,00 TL; Max Payne: 315,00 TL","Нет","Нет","","https://store.playstation.com/en-tr/concept/202613","2016-04-21","Action","PEGI_18"
"62","Medieval Dynasty","Основной список","PPSA07933","PS5","Нет","1.199,00 TL","Medieval Dynasty: 1.199,00 TL; Medieval & Sengoku Dynasty: 1.289,40 TL; Echoes Edition: 1.547,00 TL; Complete Edition: 1.749,00 TL; Medieval Dynasty: 1.049,00 TL","Нет","Да","","https://store.playstation.com/en-tr/concept/10005204","2022-10-06","Simulation","PEGI_16"
"62","Medieval Dynasty","Основной список","PPSA07933","PS5","Нет","1.199,00 TL","Medieval Dynasty: 1.199,00 TL; Medieval & Sengoku Dynasty: 1.289,40 TL; Echoes Edition: 1.547,00 TL; Complete Edition: 1.749,00 TL; Medieval Dynasty: 1.049,00 TL","Нет","Да","","https://store.playstation.com/en-tr/concept/10005204","2022-10-06","Simulation","PEGI_16"
"3420","MediEvil Resurrection","Основной список","PPSA07551","PS4, PS5","Нет","429,00 TL","","Нет","Нет","","https://store.playstation.com/en-tr/concept/10005032","2025-03-07","Action","PEGI_7"
"913","Mega Man X","Основной список","CUSA10713","PS4","Нет","699,00 TL","Mega Man X Legacy Collection 1+2: 1.365,00 TL; Mega Man X Legacy Collection: 699,00 TL","Нет","Нет","","https://store.playstation.com/en-tr/concept/231109","2018-07-23","Action","PEGI_12"
"876","Metal Gear Solid V: The Definitive Experience","Основной список","CUSA05597","PS4","Нет","849,00 TL","","Нет","Да","","https://store.playstation.com/en-tr/concept/221722","2016-10-12","Action","PEGI_18"
"59","METAL GEAR SOLID Δ: SNAKE EATER","Основной список","PPSA15304","PS5","Нет","2.149,00 TL","Standard Edition: 2.149,00 TL; Digital Deluxe Edition: 2.579,00 TL","Нет","Да","","https://store.playstation.com/en-tr/concept/10007293","2025-08-27","Action","PEGI_18"
"59","METAL GEAR SOLID Δ: SNAKE EATER","Основной список","PPSA15304","PS5","Нет","2.149,00 TL","Standard Edition: 2.149,00 TL; Digital Deluxe Edition: 2.579,00 TL","Нет","Да","","https://store.playstation.com/en-tr/concept/10007293","2025-08-27","Action","PEGI_18"
"900","METAL GEAR SOLID: MASTER COLLECTION Vol.1","Основной список","PPSA14364","PS4, PS5","Нет","599,00 TL","METAL GEAR SOLID 3: 395,00 TL; METAL GEAR SOLID 2: 395,00 TL; METAL GEAR SOLID: 484,00 TL; MASTER COLLECTION Vol.1: 599,00 TL","Нет","Нет","","https://store.playstation.com/en-tr/concept/10007607","2023-10-24","Action","PEGI_18"
"308","METAL GEAR SOLID: MASTER COLLECTION Vol.2","Основной список","PPSA18194","PS5","Да","2.149,00 TL","","Нет","Нет","","https://store.playstation.com/en-tr/concept/10009075","2026-08-26","Action","PEGI_18"
"1492","Metal Slug Tactics","Основной список","PPSA20643","PS4, PS5","Нет","525,00 TL","","Нет","Нет","","https://store.playstation.com/en-tr/concept/10009982","2024-11-05","Arcade","PEGI_12"
"391","Metaphor: ReFantazio","Основной список","PPSA20799","PS4, PS5","Нет","3.449,00 TL","Digital Anniversary Edition: 4.299,00 TL; Guidebook Edition: 3.849,00 TL","Нет","Да","","https://store.playstation.com/en-tr/concept/10001029","2024-10-10","Role Playing Games","PEGI_16"
"505","Metro 2033 Redux","Основной список","CUSA00591","PS4","Нет","699,00 TL","","Да","Да","","https://store.playstation.com/en-tr/concept/202807","2015-06-01","Shooter","PEGI_18"
"480","Metro Awakening","Основной список","PPSA19383","PS5","Нет","1.299,00 TL","Metro Awakening + Arizona Sunshine® 2: 2.149,00 TL; Deluxe Edition: 1.749,00 TL","Нет","Да","","https://store.playstation.com/en-tr/concept/10009509","2024-11-07","Shooter","PEGI_16"
"193","Metro Exodus","Основной список","PPSA01749","PS4, PS5","Нет","1.049,00 TL","Standard Edition: 1.049,00 TL; Gold Edition: 1.399,00 TL; Metro Saga Bundle: 2.099,00 TL","Да","Да","","https://store.playstation.com/en-tr/concept/231769","2021-06-17","Shooter","PEGI_18"
"2937","Metro Redux","Основной список","CUSA00593","PS4","Нет","1.049,00 TL","","Да","Да","","https://store.playstation.com/en-tr/concept/202806","2014-08-28","Shooter","PEGI_18"
"712","Metro: Last Light Redux","Основной список","CUSA00592","PS4","Нет","699,00 TL","","Да","Да","","https://store.playstation.com/en-tr/concept/226459","2015-06-01","Shooter","PEGI_18"
"1009","Miasma Chronicles","Основной список","PPSA06217","PS5","Нет","1.199,00 TL","","Нет","Да","","https://store.playstation.com/en-tr/concept/10004322","2023-05-23","Strategy","PEGI_16"
"22","Microsoft Flight Simulator 2024","Основной список","PPSA23943","PS5","Нет","1.999,99 TL","Standard Edition: 1.999,99 TL; Deluxe Edition: 2.899,99 TL; Premium Deluxe Edition: 3.799,99 TL; Aviator Edition: 5.800,00 TL","Нет","Да","","https://store.playstation.com/en-tr/concept/10011463","2025-12-08","Simulator","PEGI_3"
"450","Middle-earth: Shadow of Mordor","Основной список","CUSA00053","PS4","Нет","2.149,00 TL","Middle-earth™: Shadow of Mordor™-Game of the Year Edition: 2.099,00 TL; Middle-earth™: Shadow of Mordor™ Legion Edition: 2.149,00 TL; Middle-earth™: Shadow of Mordor™: 699,00 TL","Нет","Да","","https://store.playstation.com/en-tr/concept/202761","2014-10-02","Adventure","PEGI_18"
"246","Middle-earth: Shadow of War","Основной список","CUSA04402","PS4","Нет","1.399,00 TL","Middle-earth™: The Shadow Bundle: 249,90 TL; Middle-earth™: Shadow of War™ Definitive Edition: 1.749,00 TL; Middle-earth™: Shadow of War™: 1.399,00 TL","Нет","Да","","https://store.playstation.com/en-tr/concept/216695","2017-10-09","Action","PEGI_18"
"246","Middle-earth: Shadow of War","Основной список","CUSA04402","PS4","Нет","1.399,00 TL","Middle-earth™: The Shadow Bundle: 249,90 TL; Middle-earth™: Shadow of War™ Definitive Edition: 1.749,00 TL; Middle-earth™: Shadow of War™: 1.399,00 TL","Нет","Да","","https://store.playstation.com/en-tr/concept/216695","2017-10-09","Action","PEGI_18"
"1324","Midnight Fight Express","Основной список","CUSA33536","PS4","Нет","424,50 TL","","Нет","Да","","https://store.playstation.com/en-tr/concept/10005006","2022-08-23","Fighting","PEGI_16"
"554","Mina the Hollower","Основной список","PPSA22864","PS5","Нет","902,00 TL","","Нет","Да","","https://store.playstation.com/en-tr/concept/10010918","2026-05-29","Action","PEGI_7"
"748","MindsEye","Основной список","PPSA28209","PS5","Нет","1.499,00 TL","Deluxe Edition: 584,70 TL","Нет","Да","","https://store.playstation.com/en-tr/concept/10014002","2025-06-10","Action","PEGI_18"
"7","Minecraft","Основной список","PPSA17221","PS5","Нет","849,00 TL","Minecraft Deluxe Collection: 1.299,00 TL; Ultimate Collection: 1.749,00 TL","Нет","Да","","https://store.playstation.com/en-tr/concept/212779","2024-10-22","Adventure","PEGI_7"
"7","Minecraft","Основной список","PPSA17221","PS5","Нет","849,00 TL","Minecraft Deluxe Collection: 1.299,00 TL; Ultimate Collection: 1.749,00 TL","Нет","Да","","https://store.playstation.com/en-tr/concept/212779","2024-10-22","Adventure","PEGI_7"
"7","Minecraft","Основной список","PPSA17221","PS5","Нет","849,00 TL","Minecraft Deluxe Collection: 1.299,00 TL; Ultimate Collection: 1.749,00 TL","Нет","Да","","https://store.playstation.com/en-tr/concept/212779","2024-10-22","Adventure","PEGI_7"
"173","Minecraft Dungeons","Основной список","CUSA18797","PS4","Нет","849,00 TL","Minecraft Dungeons: 849,00 TL; Minecraft Dungeons: Ultimate Edition: 1.749,00 TL","Нет","Да","","https://store.playstation.com/en-tr/concept/10000378","2020-05-25","Adventure","PEGI_7"
"336","Minecraft Dungeons II","Основной список","PPSA16064","PS5","Да","1.499,00 TL","Minecraft Dungeons II: 1.499,00 TL; Deluxe Edition: 2.199,00 TL","Нет","Нет","","https://store.playstation.com/en-tr/concept/10008220","2026-09-29","Adventure","PEGI_7"
"826","Minecraft Legends","Основной список","PPSA05510","PS4, PS5","Нет","1.749,00 TL","Minecraft Legends: 1.749,00 TL; Minecraft Legends Deluxe Edition: 2.149,00 TL","Да","Да","","https://store.playstation.com/en-tr/concept/10000771","2023-04-18","Strategy","PEGI_7"
"1334","MIO: Memories in Orbit","Основной список","PPSA20661","PS5","Нет","849,00 TL","","Да","Да","","https://store.playstation.com/en-tr/concept/10010037","2026-01-20","Arcade","PEGI_7"
"3214","Miraculous: Rise of the Sphinx","Основной список","PPSA04790","PS4, PS5","Нет","1.749,00 TL","Ultimate Edition: 629,70 TL","Нет","Нет","","https://store.playstation.com/en-tr/concept/10003547","2022-10-24","Action","PEGI_7"
"971","Mirror's Edge Catalyst","Основной список","CUSA01499","PS4","Нет","279,60 TL","","Да","Да","EA Access","https://store.playstation.com/en-tr/concept/209177","2016-06-08","Action","PEGI_16"
"81","Mistfall Hunter","Основной список","PPSA34237","PS5","Нет","1.079,00 TL","Mistfall Hunter: 1.079,00 TL; Deluxe Edition: 1.749,00 TL","Нет","Да","","https://store.playstation.com/en-tr/concept/10017212","2026-07-30","Action","PEGI_16"
"813","Mixtape","Основной список","PPSA29453","PS5","Нет","816,00 TL","","Нет","Да","","https://store.playstation.com/en-tr/concept/10014780","2026-05-07","Adventure","PEGI_16"
"1925","Monopoly Family Fun Pack","Основной список","CUSA01337","PS4","Нет","875,00 TL","","Да","Да","","https://store.playstation.com/en-tr/concept/215408","2014-11-26","Family","PEGI_3"
"1681","Monster Hunter Rise","Основной список","PPSA08035","PS4, PS5","Нет","1.749,00 TL","Standard Edition: 1.749,00 TL; Deluxe Edition: 1.249,00 TL; Bundle Edition: 2.579,00 TL; Deluxe Bundle Edition: 1.749,00 TL","Нет","Да","","https://store.playstation.com/en-tr/concept/10005250","2023-01-19","Role Playing Games","PEGI_12"
"1681","Monster Hunter Rise","Основной список","PPSA08035","PS4, PS5","Нет","1.749,00 TL","Standard Edition: 1.749,00 TL; Deluxe Edition: 1.249,00 TL; Bundle Edition: 2.579,00 TL; Deluxe Bundle Edition: 1.749,00 TL","Нет","Да","","https://store.playstation.com/en-tr/concept/10005250","2023-01-19","Role Playing Games","PEGI_12"
"606","Monster Hunter Stories 3: Twisted Reflection","Основной список","PPSA26873","PS5","Нет","2.999,00 TL","Standard Edition: 2.999,00 TL; Deluxe Edition: 3.849,00 TL; Premium Deluxe Edition: 4.299,00 TL","Нет","Да","","https://store.playstation.com/en-tr/concept/10013075","2026-03-12","Role Playing Games","PEGI_12"
"482","Monster Hunter Wilds","Основной список","PPSA07862","PS5","Нет","1.749,00 TL","Standard Edition: 1.749,00 TL; Gold Edition: 3.449,00 TL","Да","Да","","https://store.playstation.com/en-tr/concept/10005176","2025-02-27","Action","PEGI_16"
"2011","MONSTER HUNTER: WORLD","Основной список","CUSA07708","PS4","Нет","849,00 TL","Monster Hunter: World: 849,00 TL; Master Edition: 1.749,00 TL; Master Edition DDX: 1.749,00 TL","Нет","Да","","https://store.playstation.com/en-tr/concept/228785","2018-01-25","Action","PEGI_16"
"2501","MORDHAU","Основной список","PPSA08087","PS5","Нет","1.749,00 TL","Platinum Edition: 2.999,00 TL; Gold Edition: 2.799,00 TL; Diamond Edition: 3.449,00 TL; Platinum Edition: 2.999,00 TL; Gold Edition: 2.799,00 TL; Diamond Edition: 3.449,00 TL","Нет","Нет","PS Plus Extra","https://store.playstation.com/en-tr/concept/10004427","2023-07-11","Action","PEGI_18"
"2501","MORDHAU","Основной список","PPSA08087","PS5","Нет","1.749,00 TL","Platinum Edition: 2.999,00 TL; Gold Edition: 2.799,00 TL; Diamond Edition: 3.449,00 TL; Platinum Edition: 2.999,00 TL; Gold Edition: 2.799,00 TL; Diamond Edition: 3.449,00 TL","Нет","Нет","PS Plus Extra","https://store.playstation.com/en-tr/concept/10004427","2023-07-11","Action","PEGI_18"
"39","Mortal Kombat 11","Основной список","PPSA01619","PS4, PS5","Нет","349,00 TL","Standard: 349,00 TL; Mortal Kombat 11 Ultimate: 399,01 TL; Mortal Kombat 11 Ultimate + Injustice 2 Leg. Edition Bundle: 3.499,00 TL","Нет","Да","","https://store.playstation.com/en-tr/concept/231756","2020-11-17","Unique","PEGI_18"
"33","Mortal Kombat 1","Основной список","PPSA07571","PS5","Нет","1.749,00 TL","Definitive Edition: 2.499,00 TL; Elder God Bundle: 2.999,00 TL","Нет","Да","PS Plus Extra","https://store.playstation.com/en-tr/concept/10004911","2023-09-18","Fighting","PEGI_18"
"33","Mortal Kombat 1","Основной список","PPSA07571","PS5","Нет","1.749,00 TL","Definitive Edition: 2.499,00 TL; Elder God Bundle: 2.999,00 TL","Нет","Да","PS Plus Extra","https://store.playstation.com/en-tr/concept/10004911","2023-09-18","Fighting","PEGI_18"
"33","Mortal Kombat 1","Основной список","PPSA07571","PS5","Нет","1.749,00 TL","Definitive Edition: 2.499,00 TL; Elder God Bundle: 2.999,00 TL","Нет","Да","PS Plus Extra","https://store.playstation.com/en-tr/concept/10004911","2023-09-18","Fighting","PEGI_18"
"33","Mortal Kombat 1","Основной список","PPSA07571","PS5","Нет","1.749,00 TL","Definitive Edition: 2.499,00 TL; Elder God Bundle: 2.999,00 TL","Нет","Да","PS Plus Extra","https://store.playstation.com/en-tr/concept/10004911","2023-09-18","Fighting","PEGI_18"
"33","Mortal Kombat 1","Основной список","PPSA07571","PS5","Нет","1.749,00 TL","Definitive Edition: 2.499,00 TL; Elder God Bundle: 2.999,00 TL","Нет","Да","PS Plus Extra","https://store.playstation.com/en-tr/concept/10004911","2023-09-18","Fighting","PEGI_18"
"33","Mortal Kombat 1","Основной список","PPSA07571","PS5","Нет","1.749,00 TL","Definitive Edition: 2.499,00 TL; Elder God Bundle: 2.999,00 TL","Нет","Да","PS Plus Extra","https://store.playstation.com/en-tr/concept/10004911","2023-09-18","Fighting","PEGI_18"
"33","Mortal Kombat 1","Основной список","PPSA07571","PS5","Нет","1.749,00 TL","Definitive Edition: 2.499,00 TL; Elder God Bundle: 2.999,00 TL","Нет","Да","PS Plus Extra","https://store.playstation.com/en-tr/concept/10004911","2023-09-18","Fighting","PEGI_18"
"126","Mortal Kombat X","Основной список","CUSA00970","PS4","Нет","36,61 TL","Mortal Kombat XL: 1.749,00 TL; Mortal Kombat X: 36,61 TL","Нет","Да","","https://store.playstation.com/en-tr/concept/202943","2015-04-13","Fighting","PEGI_18"
"126","Mortal Kombat X","Основной список","CUSA00970","PS4","Нет","36,61 TL","Mortal Kombat XL: 1.749,00 TL; Mortal Kombat X: 36,61 TL","Нет","Да","","https://store.playstation.com/en-tr/concept/202943","2015-04-13","Fighting","PEGI_18"
"1004","Mortal Kombat: Legacy Kollection","Основной список","PPSA28068","PS4, PS5","Нет","2.149,00 TL","","Нет","Нет","","https://store.playstation.com/en-tr/concept/10013904","2025-10-29","Fighting","PEGI_18"
"702","Mortal Shell","Основной список","PPSA02867","PS4, PS5","Нет","1.049,00 TL","Mortal Shell: Enhanced Edition: 1.049,00 TL; Mortal Shell: 1.049,00 TL","Нет","Да","","https://store.playstation.com/en-tr/concept/234489","2021-03-04","Role Playing Games","PEGI_16"
"46","Mortal Shell II","Основной список","PPSA34008","PS5","Да","2.149,00 TL","Mortal Shell II: 2.149,00 TL; Devout Edition: 2.579,00 TL","Нет","Нет","","https://store.playstation.com/en-tr/concept/10010058","2026-08-20","Action","PEGI_18"
"726","Moss: The Forgotten Relic","Основной список","PPSA33965","PS5","Нет","816,00 TL","Moss: The Forgotten Relic: 816,00 TL; Moss Franchise Bundle: 2.349,00 TL","Нет","Нет","","https://store.playstation.com/en-tr/concept/10017247","2026-07-16","Adventure","PEGI_7"
"726","Moss: The Forgotten Relic","Основной список","PPSA33965","PS5","Нет","816,00 TL","Moss: The Forgotten Relic: 816,00 TL; Moss Franchise Bundle: 2.349,00 TL","Нет","Нет","","https://store.playstation.com/en-tr/concept/10017247","2026-07-16","Adventure","PEGI_7"
"408","MotoGP26","Основной список","PPSA32557","PS5","Нет","2.999,00 TL","","Нет","Нет","","https://store.playstation.com/en-tr/concept/10016581","2026-04-28","Driving/Racing","PEGI_3"
"116","Mount & Blade II: Bannerlord","Основной список","PPSA04135","PS4, PS5","Нет","1.749,00 TL","Mount & Blade II: Bannerlord: 1.749,00 TL; Mount & Blade II: Bannerlord: 1.749,00 TL; Digital Deluxe Edition: 2.099,00 TL","Нет","Да","","https://store.playstation.com/en-tr/concept/233621","2022-10-24","Role Playing Games","PEGI_16"
"338","MOUSE: P.I. For Hire","Основной список","PPSA26578","PS5","Нет","1.299,00 TL","","Нет","Да","","https://store.playstation.com/en-tr/concept/10012945","2026-04-16","Adventure","PEGI_16"
"740","Moving Out","Основной список","CUSA17675","PS4","Нет","879,00 TL","Moving Out: 879,00 TL; Deluxe Edition: 1.049,00 TL","Нет","Да","","https://store.playstation.com/en-tr/concept/235065","2020-05-11","Unique","PEGI_3"
"609","MudRunner - American","Основной список","CUSA09958","PS4","Нет","179,85 TL","MudRunner - American Wilds Edition: 179,85 TL","Нет","Да","","https://store.playstation.com/en-tr/concept/230052","2018-10-22","Simulation","PEGI_3"
"1919","Murdered: Soul Suspect","Основной список","CUSA00342","PS4","Нет","699,00 TL","","Да","Да","","https://store.playstation.com/en-tr/concept/202950","2014-06-05","Action","PEGI_16"
"991","Mutant Year Zero: Road to Eden","Основной список","CUSA12667","PS4","Нет","1.229,00 TL","Mutant Year Zero: Road to Eden - Deluxe Edition: 1.575,00 TL; Mutant Year Zero: Road to Eden: 1.229,00 TL","Нет","Да","","https://store.playstation.com/en-tr/concept/232411","2018-12-03","Adventure","PEGI_16"
"2575","My Friend Pedro","Основной список","CUSA17896","PS4","Нет","699,00 TL","","Нет","Да","","https://store.playstation.com/en-tr/concept/235155","2020-04-01","Shooter","PEGI_16"
"631","MY HERO ACADEMIA: All’s Justice","Основной список","PPSA26174","PS5","Нет","2.999,00 TL","Standard Edition: 2.999,00 TL; Deluxe Edition: 3.849,00 TL; Ultimate Edition: 4.749,00 TL","Нет","Нет","","https://store.playstation.com/en-tr/concept/10012661","2026-02-05","Action","PEGI_12"
"3027","My Name is Mayo","Основной список","CUSA09386","PS4","Нет","35,70 TL","","Нет","Нет","","https://store.playstation.com/en-tr/concept/224887","2017-11-08","Adventure","PEGI_12"
"3129","My Name is Mayo 2","Основной список","CUSA25283","PS4","Нет","35,70 TL","","Нет","Нет","","https://store.playstation.com/en-tr/concept/10001527","2020-11-16","Simulator","PEGI_12"
"2569","My Name is Mayo 3","Основной список","CUSA31516","PS4","Нет","74,90 TL","","Нет","Нет","","https://store.playstation.com/en-tr/concept/10003584","2022-05-16","Adventure","PEGI_12"
"2381","Namco Museum Archives Vol 2","Основной список","CUSA19116","PS4","Нет","849,00 TL","","Нет","Нет","","https://store.playstation.com/en-tr/concept/10000511","2020-06-17","Arcade","PEGI_7"
"1127","NARUTO SHIPPUDEN: Ultimate Ninja STORM 3 Full Burst","Основной список","CUSA07161","PS4","Нет","699,00 TL","","Нет","Да","","https://store.playstation.com/en-tr/concept/227172","2017-08-24","Fighting","PEGI_12"
"261","NARUTO SHIPPUDEN: Ultimate Ninja STORM 4","Основной список","CUSA02854","PS4","Нет","699,00 TL","NARUTO SHIPPUDEN: Ultimate Ninja STORM 4 Road to Boruto: 1.749,00 TL; NARUTO SHIPPUDEN: Ultimate Ninja STORM 4: 699,00 TL","Нет","Да","","https://store.playstation.com/en-tr/concept/212870","2016-02-04","Fighting","PEGI_12"
"261","NARUTO SHIPPUDEN: Ultimate Ninja STORM 4","Основной список","CUSA02854","PS4","Нет","699,00 TL","NARUTO SHIPPUDEN: Ultimate Ninja STORM 4 Road to Boruto: 1.749,00 TL; NARUTO SHIPPUDEN: Ultimate Ninja STORM 4: 699,00 TL","Нет","Да","","https://store.playstation.com/en-tr/concept/212870","2016-02-04","Fighting","PEGI_12"
"212","NARUTO X BORUTO Ultimate Ninja STORM CONNECTIONS","Основной список","PPSA06980","PS4, PS5","Нет","2.099,00 TL","Standard Edition: 2.099,00 TL; Deluxe Edition: 899,70 TL; Ultimate Edition: 3.399,00 TL","Нет","Да","","https://store.playstation.com/en-tr/concept/10004744","2023-11-16","Fighting","PEGI_12"
"767","NASCAR 25","Основной список","PPSA28723","PS5","Нет","1.749,00 TL","Standard Edition: 1.749,00 TL; Gold Edition: 2.149,00 TL","Нет","Нет","","https://store.playstation.com/en-tr/concept/10014332","2025-10-13","Sport","PEGI_3"
"580","NASCAR 26","Основной список","PPSA37433","PS5","Да","2.579,00 TL","Standard Edition: 2.579,00 TL; Gold Edition: 3.449,00 TL","Нет","Нет","","https://store.playstation.com/en-tr/concept/10018405","2026-09-18","Sport","PEGI_3"
"337","NBA 2K25","Основной список","PPSA22121","PS4, PS5","Нет","2.900,00 TL","Standard Edition: 2.900,00 TL; Tournament Edition: 3.149,00 TL; All-Star Edition: 3.600,00 TL","Нет","Нет","","https://store.playstation.com/en-tr/concept/10010481","2024-09-04","Sport","PEGI_3"
"34","NBA 2K26 for","Основной список","PPSA28420","PS4, PS5","Нет","2.900,00 TL","Superstar Edition: 3.600,00 TL; SLAM Edition: 3.259,00 TL; NBA x PGA TOUR 2K Bundle: 3.600,00 TL; NBA 2K26 x WWE 2K25 Bundle: 3.600,00 TL","Нет","Нет","","https://store.playstation.com/en-tr/concept/10014149","2025-09-04","Sport","PEGI_3"
"19","NBA 2K27","Основной список","PPSA35889","PS5","Да","3.999,00 TL","Standard Edition: 3.999,00 TL; Deluxe Edition: 5.499,00 TL; Ultra Edition: 7.999,00 TL","Нет","Нет","","https://store.playstation.com/en-tr/concept/10018502","2026-09-03","Sport","PEGI_16"
"1171","Necromunda: Hired Gun","Основной список","PPSA02449","PS4, PS5","Нет","279,80 TL","","Нет","Да","","https://store.playstation.com/en-tr/concept/10001848","2021-06-01","Shooter","PEGI_18"
"354","Need for Speed","Основной список","CUSA01866","PS4","Нет","699,00 TL","Need for Speed™ Deluxe Edition: 879,00 TL; Need for Speed™ Deluxe Bundle: 3.249,00 TL; Need for Speed™: 699,00 TL; EA Family Bundle: 469,80 TL","Да","Да","EA Access","https://store.playstation.com/en-tr/concept/212864","2015-11-02","Driving/Racing","PEGI_12"
"99","Need for Speed Heat","Основной список","CUSA15090","PS4","Нет","3.499,00 TL","Need for Speed™ Heat Deluxe Edition: 3.899,00 TL; Need for Speed™ Heat: 3.499,00 TL","Да","Да","EA Access","https://store.playstation.com/en-tr/concept/234659","2019-11-07","Driving/Racing","PEGI_16"
"577","Need for Speed Hot Pursuit","Основной список","CUSA23265","PS4","Нет","283,73 TL","","Нет","Да","EA Access","https://store.playstation.com/en-tr/concept/10000781","2020-11-06","Driving/Racing","PEGI_7"
"201","Need for Speed Payback","Основной список","CUSA05986","PS4","Нет","1.599,00 TL","Need for Speed™ Ultimate Bundle: 949,80 TL; Need for Speed™ Payback - Deluxe Edition: 2.499,00 TL; Need for Speed™ Payback: 1.599,00 TL","Да","Да","EA Access","https://store.playstation.com/en-tr/concept/223086","2017-11-09","Driving/Racing","PEGI_12"
"472","Need for Speed Rivals","Основной список","CUSA00168","PS4","Нет","1.949,00 TL","Need for Speed™ Rivals: Complete Edition: 1.949,00 TL; Need for Speed™ Rivals: 699,00 TL","Нет","Нет","EA Access","https://store.playstation.com/en-tr/concept/203064","2014-10-21","Driving/Racing","PEGI_7"
"155","Need for Speed Unbound","Основной список","PPSA01717","PS5","Нет","1.400,00 TL","Standard Edition: 1.400,00 TL; Ultimate Collection: 3.399,00 TL; Need for Speed™ Unbound Palace Edition: 1.600,00 TL","Нет","Нет","EA Access","https://store.playstation.com/en-tr/concept/10001269","2024-10-25","Driving/Racing","PEGI_12"
"529","Neighbours back From Hell","Основной список","CUSA18967","PS4","Нет","525,00 TL","","Нет","Да","","https://store.playstation.com/en-tr/concept/10000295","2020-10-08","Adventure","PEGI_7"
"1143","Never Alone (Kisima Ingitchuna)","Основной список","CUSA01394","PS4","Нет","97,35 TL","Never Alone Arctic Collection: 127,35 TL; Never Alone (Kisima Ingitchuna): 97,35 TL","Нет","Да","","https://store.playstation.com/en-tr/concept/202994","2014-11-26","Puzzle","PEGI_12"
"878","New Super Lucky's Tale","Основной список","PPSA34823","PS5","Нет","1.039,20 TL","New Super Lucky's Tale: 1.039,20 TL; New Super Lucky's Tale: 1.299,00 TL","Нет","Нет","","https://store.playstation.com/en-tr/concept/10000800","2026-03-26","Family","PEGI_3"
"190","NHL 26 Standard Edition","Основной список","PPSA26785","PS5","Нет","2.900,00 TL","NHL® 26 Standard Edition PS5: 2.900,00 TL; NHL® 26 Deluxe Edition PS5: 4.000,00 TL","Нет","Нет","EA Access","https://store.playstation.com/en-tr/concept/10012851","2025-09-12","Sport","PEGI_12"
"105","NHL 27 Deluxe Edition","Основной список","PPSA34063","PS5","Да","3.999,00 TL","Standard Edition: 3.999,00 TL; Deluxe Edition: 5.499,00 TL","Нет","Нет","EA Access","https://store.playstation.com/en-tr/concept/10017367","2026-09-04","Sport","PEGI_16"
"1920","Ni no Kuni II: Revenant Kingdom","Основной список","CUSA09243","PS4","Нет","2.599,00 TL","Ni no Kuni™ II: Revenant Kingdom - The Prince's Edition: 692,82 TL; Ni no Kuni™ II: Revenant Kingdom: 2.599,00 TL","Нет","Да","","https://store.playstation.com/en-tr/concept/228797","2018-03-22","Role Playing Games","PEGI_12"
"604","NieR Replicant ver.1.22474487139…","Основной список","CUSA18742","PS4","Нет","398,99 TL","","Нет","Нет","","https://store.playstation.com/en-tr/concept/10000272","2021-04-22","Role Playing Games","PEGI_18"
"398","NieR: Automata Game of the","Основной список","CUSA04480","PS4","Нет","1.399,00 TL","NieR: Automata™ Game of the YoRHa Edition: 1.399,00 TL","Нет","Нет","","https://store.playstation.com/en-tr/concept/217551","2019-02-25","Role Playing Games","PEGI_18"
"527","Nine Sols","Основной список","PPSA25414","PS4, PS5","Нет","1.015,00 TL","","Нет","Да","","https://store.playstation.com/en-tr/concept/10007919","2024-11-26","Adventure","PEGI_16"
"552","NINJA GAIDEN 2 Black","Основной список","PPSA26679","PS5","Нет","1.749,00 TL","","Нет","Нет","","https://store.playstation.com/en-tr/concept/10012997","2025-01-23","Action","PEGI_18"
"435","NINJA GAIDEN 4","Основной список","PPSA25258","PS5","Нет","2.999,00 TL","Standard Edition: 2.999,00 TL; Deluxe Edition: 3.799,00 TL","Нет","Да","","https://store.playstation.com/en-tr/concept/10012110","2025-10-21","Action","PEGI_18"
"730","Nioh 2 Remastered – The","Основной список","PPSA02486","PS4, PS5","Нет","459,00 TL","Nioh 2: 1.399,00 TL; The Complete Edition: 459,00 TL; The Nioh Collection: 619,00 TL","Нет","Да","","https://store.playstation.com/en-tr/concept/234389","2021-02-04","Unique","PEGI_18"
"198","Nioh 3","Основной список","PPSA32785","PS5","Нет","3.449,00 TL","Standard Edition: 3.449,00 TL; Digital Deluxe Edition: 5.149,00 TL","Нет","Да","","https://store.playstation.com/en-tr/concept/10014010","2026-02-05","Role Playing Games","PEGI_18"
"204","No Man's Sky","Основной список","PPSA01412","PS4, PS5","Нет","1.249,00 TL","","Нет","Да","","https://store.playstation.com/en-tr/concept/216600","2020-11-11","Unique","PEGI_12"
"1500","Nobody Saves the World","Основной список","PPSA03333","PS4, PS5","Нет","262,50 TL","Nobody Saves the World + Frozen Hearth Bundle: 1.160,00 TL; Nobody Saves the World: 262,50 TL","Нет","Да","","https://store.playstation.com/en-tr/concept/10000853","2022-04-14","Adventure","PEGI_12"
"522","Nobody Wants to Die","Основной список","PPSA19155","PS5","Нет","157,25 TL","","Нет","Да","","https://store.playstation.com/en-tr/concept/10003635","2024-07-16","Adventure","PEGI_18"
"2755","Observer: System Redux","Основной список","PPSA02117","PS4, PS5","Нет","1.299,00 TL","","Нет","Да","PS Plus Extra","https://store.playstation.com/en-tr/concept/10001519","2020-11-11","Horror","PEGI_16"
"3393","One Piece Burning Blood","Основной список","CUSA03584","PS4","Нет","1.399,00 TL","One Piece Burning Blood: 1.399,00 TL; ONE PIECE BURNING BLOOD - Gold Edition: 3.399,00 TL","Нет","Да","","https://store.playstation.com/en-tr/concept/203288","2016-06-02","Fighting","PEGI_12"
"422","ONE PIECE ODYSSEY","Основной список","PPSA04995","PS4, PS5","Нет","1.399,00 TL","Standard Edition: 1.399,00 TL; Deluxe Edition: 419,80 TL","Нет","Да","","https://store.playstation.com/en-tr/concept/235242","2023-01-12","Adventure","PEGI_12"
"431","ONE PIECE: PIRATE WARRIORS 4","Основной список","PPSA27502","PS4, PS5","Нет","1.749,00 TL","Standard Edition: 1.749,00 TL; Ultimate Edition: 3.849,00 TL; Legendary Edition: 4.749,00 TL","Нет","Да","","https://store.playstation.com/en-tr/concept/234628","2025-11-20","Adventure","PEGI_12"
"84","Onimusha: Way of the Sword","Основной список","PPSA27836","PS5","Да","3.449,00 TL","Standard Edition: 3.449,00 TL; Deluxe Edition: 3.849,00 TL; Premium Deluxe Edition: 4.299,00 TL","Нет","Нет","","https://store.playstation.com/en-tr/concept/10013248","2026-09-03","Action","PEGI_18"
"2775","Operation: Tango","Основной список","PPSA03315","PS4, PS5","Нет","730,00 TL","","Нет","Да","","https://store.playstation.com/en-tr/concept/10002589","2021-06-01","Puzzle","PEGI_12"
"789","Outer Wilds","Основной список","PPSA08102","PS4, PS5","Нет","879,00 TL","Archaeologist Edition: 1.399,00 TL; Outer Wilds: 879,00 TL","Нет","Да","","https://store.playstation.com/en-tr/concept/229826","2022-09-15","Unique","PEGI_7"
"1245","OUTRIDERS","Основной список","PPSA01779","PS4, PS5","Нет","1.049,00 TL","OUTRIDERS PS4 & PS5: 279,60 TL; COMPLETE EDITION: 1.049,00 TL","Да","Да","","https://store.playstation.com/en-tr/concept/227401","2024-02-08","Action","PEGI_18"
"698","Outward","Основной список","PPSA03797","PS4, PS5","Нет","1.599,00 TL","Outward Definitive Edition: 1.599,00 TL; Outward: The Adventurer Bundle: 1.399,00 TL","Нет","Да","","https://store.playstation.com/en-tr/concept/231374","2022-05-17","Role Playing Games","PEGI_12"
"465","Overcooked","Основной список","CUSA05399","PS4","Нет","559,00 TL","Overcooked: Gourmet Edition: 699,00 TL; Overcooked Holiday Bundle: 699,00 TL; Overcooked: 559,00 TL","Нет","Нет","","https://store.playstation.com/en-tr/concept/221740","2016-08-02","Casual","PEGI_3"
"465","Overcooked","Основной список","CUSA05399","PS4","Нет","559,00 TL","Overcooked: Gourmet Edition: 699,00 TL; Overcooked Holiday Bundle: 699,00 TL; Overcooked: 559,00 TL","Нет","Нет","","https://store.playstation.com/en-tr/concept/221740","2016-08-02","Casual","PEGI_3"
"185","Overcooked! 2","Основной список","CUSA10870","PS4","Нет","219,75 TL","Overcooked! 2 - Gourmet Edition: 1.399,00 TL; Overcooked! 2: 219,75 TL; Overcooked! + Overcooked! 2: 1.199,00 TL","Нет","Нет","","https://store.playstation.com/en-tr/concept/231121","2018-08-06","Casual","PEGI_3"
"185","Overcooked! 2","Основной список","CUSA10870","PS4","Нет","219,75 TL","Overcooked! 2 - Gourmet Edition: 1.399,00 TL; Overcooked! 2: 219,75 TL; Overcooked! + Overcooked! 2: 1.199,00 TL","Нет","Нет","","https://store.playstation.com/en-tr/concept/231121","2018-08-06","Casual","PEGI_3"
"405","Overcooked! All You Can Eat","Основной список","PPSA01528","PS4, PS5","Нет","1.399,00 TL","","Нет","Да","PS Plus Extra","https://store.playstation.com/en-tr/concept/10000899","2020-11-11","Family","PEGI_3"
"1043","Pacific Drive","Основной список","PPSA17476","PS5","Нет","1.049,00 TL","Whispers Edition: 1.949,00 TL; Ritual Edition: 2.579,00 TL; Flintlock × Pacific Drive: 2.299,00 TL","Нет","Да","PS Plus Extra","https://store.playstation.com/en-tr/concept/10006288","2024-02-21","Driving/Racing","PEGI_12"
"660","Painkiller","Основной список","PPSA27676","PS5","Нет","349,80 TL","Painkiller: 349,80 TL; Deluxe Edition: 2.149,00 TL","Нет","Да","","https://store.playstation.com/en-tr/concept/10013491","2025-10-21","Action","PEGI_18"
"1375","Paint the Town Red","Основной список","PPSA04066","PS4, PS5","Нет","595,00 TL","Paint the Town Red VR: 699,00 TL; Paint the Town Red: 595,00 TL","Нет","Да","","https://store.playstation.com/en-tr/concept/10001938","2021-07-28","Action","PEGI_16"
"168","Palworld","Основной список","PPSA23126","PS5","Нет","1.015,00 TL","","Нет","Да","","https://store.playstation.com/en-tr/concept/10011027","2024-09-24","Action","PEGI_12"
"220","Party Animals","Основной список","PPSA20635","PS5","Нет","774,00 TL","Party Animals Deluxe Edition: 1.160,00 TL; Party Animals: 774,00 TL","Нет","Нет","","https://store.playstation.com/en-tr/concept/10010023","2025-01-23","Fighting","PEGI_7"
"108","Path of Exile 2 Founder's Pack - Path of Exile 2","Основной список","PPSA22041","PS5","Нет","1.225,00 TL","Path of Exile 2 Founder's Pack - Path of Exile 2 Early Access: 1.225,00 TL; Path of Exile 2 Founder's Pack - Lord of Ogham: 2.349,00 TL; Path of Exile 2 Founder's Pack - King of the Faridun: 4.299,00 TL","Нет","Да","","https://store.playstation.com/en-tr/concept/10010602","2024-12-05","Action","PEGI_18"
"2009","Pathfinder: Kingmaker","Основной список","CUSA15041","PS4","Нет","849,00 TL","","Нет","Да","","https://store.playstation.com/en-tr/concept/233355","2020-08-17","Role Playing Games","PEGI_16"
"807","Pathfinder: Wrath of the Righteous","Основной список","PPSA15870","PS4, PS5","Нет","174,75 TL","Narrative-Rich CRPG Bundle: 1.119,60 TL; Game of the Year Edition: 437,25 TL","Нет","Да","PS Plus Extra","https://store.playstation.com/en-tr/concept/10003238","2024-03-28","Role Playing Games","PEGI_16"
"410","Pavlov","Основной список","PPSA14240","PS5","Нет","1.079,00 TL","","Нет","Нет","","https://store.playstation.com/en-tr/concept/10005322","2023-03-02","Shooter","PEGI_18"
"1462","Pawbay","Основной список","PPSA36500","PS4, PS5","Нет","297,15 TL","Pawbay: 297,15 TL; Pawbay: Cozy Strays: 949,00 TL; Pawbay: Cat Chaos: 949,00 TL","Нет","Нет","","https://store.playstation.com/en-tr/concept/10018855","2026-05-14","Adventure","PEGI_3"
"751","PAYDAY 2","Основной список","CUSA50542","PS4","Нет","699,00 TL","","Нет","Нет","","https://store.playstation.com/en-tr/concept/231035","2024-09-30","Shooter","PEGI_18"
"306","PAYDAY 3","Основной список","PPSA14411","PS5","Нет","1.299,00 TL","PAYDAY 3: 1.299,00 TL; Year 1 Edition: 2.579,00 TL","Нет","Да","","https://store.playstation.com/en-tr/concept/10007263","2023-09-21","Shooter","PEGI_18"
"177","Persona 3 Reload","Основной список","PPSA10873","PS4, PS5","Нет","2.579,00 TL","Persona 3 Reload PS4 & PS5: 2.579,00 TL; Digital Deluxe Edition: 2.999,00 TL; Digital Premium Edition: 3.849,00 TL","Нет","Да","","https://store.playstation.com/en-tr/concept/10001555","2024-02-02","Role Playing Games","PEGI_16"
"637","Persona 5","Основной список","CUSA06638","PS4","Нет","224,85 TL","Persona 5: Ultimate Edition: 524,85 TL; Persona 5: 224,85 TL","Нет","Нет","","https://store.playstation.com/en-tr/concept/221771","2017-04-03","Role Playing Games","PEGI_16"
"1075","Persona 5 Royal","Основной список","CUSA17419","PS4","Нет","2.799,00 TL","","Нет","Нет","PS Plus Extra","https://store.playstation.com/en-tr/concept/234529","2020-03-30","Role Playing Games","PEGI_16"
"3","Phantom Blade Zero","Основной список","PPSA34579","PS5","Да","2.379,00 TL","Standard Edition: 2.379,00 TL; Digital Deluxe Edition: 2.849,00 TL","Нет","Нет","","https://store.playstation.com/en-tr/concept/10017620","2026-10-29","Action","PEGI_16"
"253","Phasmophobia","Основной список","PPSA09030","PS5","Нет","665,00 TL","","Нет","Нет","","https://store.playstation.com/en-tr/concept/10005673","2024-10-29","Horror","PEGI_16"
"1120","Pistol Whip","Основной список","PPSA12514","PS4, PS5","Нет","1.049,00 TL","","Нет","Нет","","https://store.playstation.com/en-tr/concept/10001571","2023-02-21","Shooter","PEGI_12"
"1929","Pizza Possum","Основной список","PPSA15348","PS5","Нет","122,50 TL","","Нет","Да","","https://store.playstation.com/en-tr/concept/10007967","2023-09-28","Arcade","PEGI_3"
"381","Planet Zoo","Основной список","PPSA18026","PS5","Нет","1.749,00 TL","Deluxe Edition: 2.099,00 TL; Ultimate Edition: 4.199,00 TL","Нет","Нет","PS Plus Extra","https://store.playstation.com/en-tr/concept/10009025","2024-03-26","Simulation","PEGI_3"
"1128","Plants vs. Zombies Garden Warfare","Основной список","CUSA00485","PS4","Нет","699,00 TL","","Нет","Нет","EA Access","https://store.playstation.com/en-tr/concept/203420","2014-08-21","Shooter","PEGI_7"
"231","Plants vs. Zombies Garden Warfare 2","Основной список","CUSA01934","PS4","Нет","699,00 TL","Plants vs. Zombies™ Garden Warfare 2: Deluxe Edition: 1.049,00 TL; Plants vs. Zombies™ Garden Warfare 2: 699,00 TL","Нет","Нет","EA Access","https://store.playstation.com/en-tr/concept/203427","2016-02-22","Shooter","PEGI_7"
"269","Plants vs. Zombies: Battle for Neighborville","Основной список","CUSA10852","PS4","Нет","720,00 TL","Plants vs. Zombies: Battle for Neighborville™ Deluxe Edition: 1.080,00 TL; Plants vs. Zombies: Battle for Neighborville™: 720,00 TL; EA SPEED & SEED BUNDLE: 427,12 TL","Нет","Да","EA Access","https://store.playstation.com/en-tr/concept/234658","2019-10-17","Shooter","PEGI_7"
"489","Plants vs. Zombies: Replanted","Основной список","PPSA29802","PS4, PS5","Нет","720,00 TL","","Нет","Нет","EA Access","https://store.playstation.com/en-tr/concept/10014976","2025-10-23","Strategy","PEGI_7"
"668","Platform 8","Основной список","PPSA24944","PS4, PS5","Нет","139,00 TL","Platform 8: 139,00 TL; The Exit 8 + Platform 8 Bundle PS5: 257,00 TL","Нет","Нет","","https://store.playstation.com/en-tr/concept/10011971","2024-11-27","Horror","PEGI_12"
"265","Police Simulator: Patrol Officers","Основной список","PPSA05831","PS4, PS5","Нет","1.049,00 TL","Bestseller Bundle: 3.499,00 TL; Gold Edition: 1.399,00 TL; Ultimate Duty Edition: 1.949,40 TL","Нет","Да","PS Plus Extra","https://store.playstation.com/en-tr/concept/10000663","2022-11-09","Simulation","PEGI_12"
"469","Poppy Playtime: Chapter 2","Основной список","PPSA21631","PS5","Нет","315,00 TL","Poppy Playtime: Chapter 2: 315,00 TL; Poppy Playtime: Chapter 2: 315,00 TL","Нет","Да","","https://store.playstation.com/en-tr/concept/10010437","2024-09-20","Horror","PEGI_16"
"469","Poppy Playtime: Chapter 2","Основной список","PPSA21631","PS5","Нет","315,00 TL","Poppy Playtime: Chapter 2: 315,00 TL; Poppy Playtime: Chapter 2: 315,00 TL","Нет","Да","","https://store.playstation.com/en-tr/concept/10010437","2024-09-20","Horror","PEGI_16"
"488","Poppy Playtime: Chapter 3","Основной список","PPSA22380","PS5","Нет","509,00 TL","Poppy Playtime: Chapter 3: 509,00 TL; Poppy Playtime: Chapter 3: 509,00 TL","Нет","Да","","https://store.playstation.com/en-tr/concept/10010722","2024-09-20","Horror","PEGI_16"
"488","Poppy Playtime: Chapter 3","Основной список","PPSA22380","PS5","Нет","509,00 TL","Poppy Playtime: Chapter 3: 509,00 TL; Poppy Playtime: Chapter 3: 509,00 TL","Нет","Да","","https://store.playstation.com/en-tr/concept/10010722","2024-09-20","Horror","PEGI_16"
"364","Poppy Playtime: Chapter 4","Основной список","PPSA25063","PS5","Нет","849,00 TL","Poppy Playtime: Chapter 4: 849,00 TL; Poppy Playtime: Chapter 4: 849,00 TL","Нет","Да","","https://store.playstation.com/en-tr/concept/10012036","2025-06-25","Puzzle","PEGI_16"
"364","Poppy Playtime: Chapter 4","Основной список","PPSA25063","PS5","Нет","849,00 TL","Poppy Playtime: Chapter 4: 849,00 TL; Poppy Playtime: Chapter 4: 849,00 TL","Нет","Да","","https://store.playstation.com/en-tr/concept/10012036","2025-06-25","Puzzle","PEGI_16"
"191","Poppy Playtime: Chapter 5","Основной список","PPSA36543","PS5","Нет","849,00 TL","Poppy Playtime: Chapter 5: 849,00 TL; Poppy Playtime: Chapter 5: 849,00 TL","Нет","Да","","https://store.playstation.com/en-tr/concept/10018882","2026-05-27","Puzzle","PEGI_12"
"191","Poppy Playtime: Chapter 5","Основной список","PPSA36543","PS5","Нет","849,00 TL","Poppy Playtime: Chapter 5: 849,00 TL; Poppy Playtime: Chapter 5: 849,00 TL","Нет","Да","","https://store.playstation.com/en-tr/concept/10018882","2026-05-27","Puzzle","PEGI_12"
"1176","PowerWash Simulator","Основной список","PPSA04988","PS4, PS5","Нет","1.079,00 TL","PowerWash Simulator – Ultimate Satisfaction Bundle: 2.349,00 TL; PowerWash Simulator: 1.079,00 TL","Нет","Да","","https://store.playstation.com/en-tr/concept/10003654","2023-01-31","Simulator","PEGI_3"
"136","PRAGMATA","Основной список","PPSA02530","PS5","Нет","2.579,00 TL","Standard Edition: 2.579,00 TL; Deluxe Edition: 2.999,00 TL","Да","Да","","https://store.playstation.com/en-tr/concept/10002075","2026-04-16","Action","PEGI_16"
"835","Prey","Основной список","CUSA06559","PS4","Нет","1.049,00 TL","Deluxe Edition: 1.399,00 TL","Да","Да","PS Plus Extra","https://store.playstation.com/en-tr/concept/224929","2017-05-04","Shooter","PEGI_18"
"430","Prince of Persia The Lost Crown","Основной список","PPSA10528","PS4, PS5","Нет","1.049,00 TL","Complete Edition: 1.399,00 TL","Нет","Да","PS Plus Extra","https://store.playstation.com/en-tr/concept/10005985","2024-01-17","Action","PEGI_16"
"2519","Prison City","Основной список","PPSA16686","PS4, PS5","Нет","244,30 TL","","Нет","Нет","","https://store.playstation.com/en-tr/concept/10008478","2024-01-14","Action","PEGI_7"
"1722","Project Motor Racing","Основной список","PPSA26575","PS5","Нет","1.749,00 TL","Project Motor Racing: 1.749,00 TL; Project Motor Racing: Year 1 Bundle: 2.579,00 TL","Нет","Да","","https://store.playstation.com/en-tr/concept/10011465","2025-11-25","Driving/Racing","PEGI_3"
"1281","Prototype2","Основной список","CUSA01765","PS4","Нет","1.749,00 TL","","Нет","Нет","","https://store.playstation.com/en-tr/concept/203587","2015-08-19","Horror","PEGI_18"
"1281","Prototype2","Основной список","CUSA01765","PS4","Нет","1.749,00 TL","","Нет","Нет","","https://store.playstation.com/en-tr/concept/203587","2015-08-19","Horror","PEGI_18"
"1202","Psychonauts","Основной список","CUSA04150","PS4","Нет","472,00 TL","","Нет","Нет","","https://store.playstation.com/en-tr/concept/203294","2016-07-19","Adventure","PEGI_12"
"1202","Psychonauts","Основной список","CUSA04150","PS4","Нет","472,00 TL","","Нет","Нет","","https://store.playstation.com/en-tr/concept/203294","2016-07-19","Adventure","PEGI_12"
"165","PUBG: BATTLEGROUNDS","Основной список","PPSA27367","PS5","Нет","Free","","Нет","Да","","https://store.playstation.com/en-tr/concept/232860","2025-11-12","Shooter","PEGI_16"
"2178","Pumpkin Jack","Основной список","PPSA03445","PS4, PS5","Нет","1.049,00 TL","","Нет","Да","","https://store.playstation.com/en-tr/concept/10001111","2021-10-27","Action","PEGI_12"
"1056","Quake","Основной список","PPSA01881","PS4, PS5","Нет","349,00 TL","","Нет","Да","","https://store.playstation.com/en-tr/concept/10001441","2021-10-12","Shooter","PEGI_18"
"1056","Quake","Основной список","PPSA01881","PS4, PS5","Нет","349,00 TL","","Нет","Да","","https://store.playstation.com/en-tr/concept/10001441","2021-10-12","Shooter","PEGI_18"
"782","Quake II","Основной список","PPSA09478","PS4, PS5","Нет","174,91 TL","Quake II: 174,91 TL; Quake 1 & 2 Bundle PS5: 525,00 TL","Нет","Да","","https://store.playstation.com/en-tr/concept/10005715","2023-08-10","Shooter","PEGI_18"
"1962","Rabbids: Party of Legends","Основной список","CUSA27236","PS4","Нет","379,00 TL","","Нет","Да","PS Plus Extra","https://store.playstation.com/en-tr/concept/10002576","2022-06-29","Party","PEGI_7"
"1790","RAGE 2","Основной список","CUSA10300","PS4","Нет","279,80 TL","Deluxe Edition: 2.499,00 TL","Да","Да","PS Plus Extra","https://store.playstation.com/en-tr/concept/229997","2019-05-13","Action","PEGI_18"
"1268","Ragnarock","Основной список","PPSA10596","PS5","Нет","875,00 TL","Ragnarock: 875,00 TL","Нет","Да","","https://store.playstation.com/en-tr/concept/10003684","2023-02-22","Music/Rhythm","PEGI_16"
"1633","Rain World","Основной список","PPSA08500","PS4, PS5","Нет","875,00 TL","","Нет","Да","PS Plus Extra","https://store.playstation.com/en-tr/concept/221982","2023-07-11","Adventure","PEGI_7"
"1633","Rain World","Основной список","PPSA08500","PS4, PS5","Нет","875,00 TL","","Нет","Да","PS Plus Extra","https://store.playstation.com/en-tr/concept/221982","2023-07-11","Adventure","PEGI_7"
"791","Ratchet & Clank","Основной список","CUSA01073","PS4","Нет","849,00 TL","","Нет","Да","","https://store.playstation.com/en-tr/concept/214653","2016-04-19","Action","PEGI_7"
"386","Ratchet & Clank: Rift Apart","Основной список","PPSA01474","PS5","Нет","619,00 TL","Digital Deluxe Edition: 699,00 TL","Да","Да","PS Plus Extra","https://store.playstation.com/en-tr/concept/10000669","2021-06-10","Action","PEGI_7"
"441","Rayman Legends","Основной список","CUSA00031","PS4","Нет","699,00 TL","","Нет","Нет","PS Plus Extra","https://store.playstation.com/en-tr/concept/203902","2014-02-19","Adventure","PEGI_7"
"340","Rayman Legends Retold","Основной список","PPSA34056","PS5","Да","1.749,00 TL","Rayman Legends Retold: 1.749,00 TL; Deluxe Edition: 2.149,00 TL","Нет","Нет","","https://store.playstation.com/en-tr/concept/10017364","2026-09-30","Adventure","PEGI_7"
"1467","Rayman: 30th","Основной список","PPSA33016","PS5","Нет","699,00 TL","","Нет","Нет","","https://store.playstation.com/en-tr/concept/10016684","2026-02-13","Action","PEGI_3"
"1302","Reach","Основной список","PPSA25045","PS5","Нет","1.299,00 TL","Reach: 1.299,00 TL; Reach Deluxe Edition: 1.749,00 TL; nDreams PSVR2 Bundle: 2.149,00 TL","Нет","Нет","","https://store.playstation.com/en-tr/concept/10012024","2025-10-16","Adventure","PEGI_12"
"160","Ready or Not","Основной список","PPSA18605","PS5","Нет","2.149,00 TL","Standard Edition: 2.149,00 TL; Digital Deluxe Edition: 2.999,00 TL","Нет","Да","","https://store.playstation.com/en-tr/concept/10009213","2025-07-15","Shooter","PEGI_18"
"35","REANIMAL","Основной список","PPSA23372","PS5","Нет","1.749,00 TL","Digital Deluxe Edition: 2.579,00 TL","Да","Да","","https://store.playstation.com/en-tr/concept/10010999","2026-02-13","Horror","PEGI_18"
"147","Red Dead Redemption","Основной список","PPSA30523","PS4, PS5","Нет","2.149,00 TL","Red Dead Redemption (PS4 & PS5) & Red Dead Redemption 2 (PS4) Bundle: 3.499,00 TL; Red Dead Redemption (PS4 & PS5): 2.149,00 TL","Нет","Да","GTA+","https://store.playstation.com/en-tr/concept/10006164","2025-12-01","Action","PEGI_18"
"25","Red Dead Redemption 2","Основной список","CUSA08519","PS4","Нет","2.099,00 TL","Red Dead Online: 699,00 TL; Ultimate Edition: 3.499,00 TL","Нет","Да","PS Plus Extra","https://store.playstation.com/en-tr/concept/209441","2018-10-25","Adventure","PEGI_18"
"1882","Red Dead Revolver","Основной список","CUSA03542","PS4","Нет","315,00 TL","","Нет","Нет","","https://store.playstation.com/en-tr/concept/203814","2016-10-10","Action","PEGI_16"
"208","REMATCH","Основной список","PPSA23770","PS5","Нет","1.079,00 TL","REMATCH: 1.079,00 TL; PRO EDITION: 1.499,00 TL; ELITE EDITION: 1.949,00 TL","Нет","Да","","https://store.playstation.com/en-tr/concept/10011349","2025-06-19","Sport","PEGI_3"
"284","Remnant II","Основной список","PPSA06694","PS5","Да","2.149,00 TL","Remnant II® - Ultimate Edition: 2.999,00 TL; Remnant II® - Standard Edition: 2.149,00 TL; Remnant II® - Deluxe Edition: 2.579,00 TL","Да","Да","","https://store.playstation.com/en-tr/concept/10004544","2023-07-25","Adventure","PEGI_18"
"284","Remnant II","Основной список","PPSA06694","PS5","Да","2.149,00 TL","Remnant II® - Ultimate Edition: 2.999,00 TL; Remnant II® - Standard Edition: 2.149,00 TL; Remnant II® - Deluxe Edition: 2.579,00 TL","Да","Да","","https://store.playstation.com/en-tr/concept/10004544","2023-07-25","Adventure","PEGI_18"
"594","Remnant: From the Ashes","Основной список","CUSA13830","PS4","Нет","1.749,00 TL","Remnant: From the Ashes – Complete Edition: 2.149,00 TL; Remnant: From the Ashes: 1.749,00 TL","Да","Да","","https://store.playstation.com/en-tr/concept/231129","2019-12-18","Adventure","PEGI_16"
"300","RESIDENT EVIL 2","Основной список","PPSA04289","PS4, PS5","Нет","1.399,00 TL","Standard Edition: 1.399,00 TL; Deluxe Edition: 1.749,00 TL","Нет","Да","","https://store.playstation.com/en-tr/concept/229500","2022-06-13","Horror","PEGI_18"
"300","RESIDENT EVIL 2","Основной список","PPSA04289","PS4, PS5","Нет","1.399,00 TL","Standard Edition: 1.399,00 TL; Deluxe Edition: 1.749,00 TL","Нет","Да","","https://store.playstation.com/en-tr/concept/229500","2022-06-13","Horror","PEGI_18"
"416","RESIDENT EVIL 3","Основной список","PPSA03953","PS4, PS5","Нет","1.399,00 TL","Standard Edition: 1.399,00 TL; Raccoon City Edition: 2.099,00 TL","Нет","Да","PS Plus","https://store.playstation.com/en-tr/concept/233069","2022-06-13","Adventure","PEGI_18"
"141","Resident Evil 4","Основной список","PPSA07412","PS4, PS5","Нет","1.399,00 TL","Standard Edition: 1.399,00 TL; Gold Edition: 1.749,00 TL; Remake Trilogy: 2.999,00 TL","Да","Да","","https://store.playstation.com/en-tr/concept/10004473","2023-03-23","Horror","PEGI_18"
"1532","resident evil 4 (2005)","Основной список","CUSA04704","PS4","Нет","699,00 TL","","Нет","Нет","","https://store.playstation.com/en-tr/concept/232114","2016-08-29","Horror","PEGI_18"
"467","RESIDENT EVIL 5","Основной список","CUSA04284","PS4","Нет","699,00 TL","","Нет","Нет","","https://store.playstation.com/en-tr/concept/232115","2016-06-27","Horror","PEGI_18"
"701","Resident Evil 6","Основной список","CUSA03840","PS4","Нет","699,00 TL","Resident Evil Triple Pack: 1.749,00 TL; Resident Evil 6: 699,00 TL","Нет","Да","","https://store.playstation.com/en-tr/concept/232116","2016-03-28","Shooter","PEGI_18"
"239","RESIDENT EVIL 7 biohazard","Основной список","PPSA04401","PS4, PS5","Нет","699,00 TL","Standard Edition: 699,00 TL; Gold Edition: 1.399,00 TL","Нет","Да","","https://store.playstation.com/en-tr/concept/220037","2022-06-13","Action","PEGI_18"
"239","RESIDENT EVIL 7 biohazard","Основной список","PPSA04401","PS4, PS5","Нет","699,00 TL","Standard Edition: 699,00 TL; Gold Edition: 1.399,00 TL","Нет","Да","","https://store.playstation.com/en-tr/concept/220037","2022-06-13","Action","PEGI_18"
"2296","Resident Evil Code: Veronica X","Основной список","CUSA07343","PS4","Нет","525,00 TL","","Нет","Нет","","https://store.playstation.com/en-tr/concept/232117","2017-05-09","Horror","PEGI_16"
"70","Resident Evil Requiem","Основной список","PPSA31246","PS5","Нет","3.449,00 TL","Standard Edition: 3.449,00 TL; Deluxe Edition: 3.849,00 TL","Да","Да","","https://store.playstation.com/en-tr/concept/10015533","2026-02-26","Action","PEGI_18"
"2429","RESIDENT EVIL REVELATIONS","Основной список","CUSA06212","PS4","Нет","699,00 TL","Resident Evil Revelations 1 & 2 Bundle: 1.049,00 TL; RESIDENT EVIL REVELATIONS: 699,00 TL","Нет","Да","","https://store.playstation.com/en-tr/concept/232118","2017-08-28","Horror","PEGI_16"
"509","Resident Evil Revelations 2 (Episode One: Penal Colony)","Основной список","CUSA00804","PS4","Нет","699,00 TL","Resident Evil Revelations 2 Deluxe Edition: 699,00 TL","Нет","Да","","https://store.playstation.com/en-tr/concept/232120","2015-02-24","Action","PEGI_18"
"380","Resident Evil Village","Основной список","PPSA01557","PS4, PS5","Нет","1.399,00 TL","Gold Edition: 1.749,00 TL; Gold Edition Bundle: 2.579,00 TL","Да","Да","PS Plus Extra","https://store.playstation.com/en-tr/concept/235235","2021-05-06","Horror","PEGI_18"
"2348","Resident Evil","Основной список","CUSA01067","PS4","Нет","699,00 TL","","Нет","Нет","","https://store.playstation.com/en-tr/concept/232112","2015-01-19","Horror","PEGI_18"
"2348","Resident Evil","Основной список","CUSA01067","PS4","Нет","699,00 TL","","Нет","Нет","","https://store.playstation.com/en-tr/concept/232112","2015-01-19","Horror","PEGI_18"
"2348","Resident Evil","Основной список","CUSA01067","PS4","Нет","699,00 TL","","Нет","Нет","","https://store.playstation.com/en-tr/concept/232112","2015-01-19","Horror","PEGI_18"
"2348","Resident Evil","Основной список","CUSA01067","PS4","Нет","699,00 TL","","Нет","Нет","","https://store.playstation.com/en-tr/concept/232112","2015-01-19","Horror","PEGI_18"
"2348","Resident Evil","Основной список","CUSA01067","PS4","Нет","699,00 TL","","Нет","Нет","","https://store.playstation.com/en-tr/concept/232112","2015-01-19","Horror","PEGI_18"
"2348","Resident Evil","Основной список","CUSA01067","PS4","Нет","699,00 TL","","Нет","Нет","","https://store.playstation.com/en-tr/concept/232112","2015-01-19","Horror","PEGI_18"
"2348","Resident Evil","Основной список","CUSA01067","PS4","Нет","699,00 TL","","Нет","Нет","","https://store.playstation.com/en-tr/concept/232112","2015-01-19","Horror","PEGI_18"
"277","Resonance: A Plague Tale Legacy","Основной список","PPSA30601","PS5","Да","2.579,00 TL","","Нет","Нет","","https://store.playstation.com/en-tr/concept/10015413","2026-08-27","Adventure","PEGI_16"
"1145","Returnal","Основной список","PPSA01285","PS5","Нет","619,00 TL","Digital Deluxe Edition: 699,00 TL","Да","Да","PS Plus Extra","https://store.playstation.com/en-tr/concept/10000176","2021-04-29","Shooter","PEGI_16"
"3607","RIDE 3","Основной список","CUSA10100","PS4","Нет","1.749,00 TL","Motorbike Racing Bundle: 214,90 TL; RIDE 3 - Gold Edition: 2.999,00 TL; RIDE 3: 1.749,00 TL","Нет","Нет","","https://store.playstation.com/en-tr/concept/229851","2018-11-29","Driving/Racing","PEGI_3"
"1581","RIDE 4","Основной список","PPSA01599","PS5","Нет","2.149,00 TL","Standard Edition: 2.149,00 TL; Special Edition: 3.449,00 TL; Standard Edition: 2.149,00 TL; Special Edition: 3.449,00 TL","Нет","Да","","https://store.playstation.com/en-tr/concept/235338","2021-01-20","Driving/Racing","PEGI_3"
"1581","RIDE 4","Основной список","PPSA01599","PS5","Нет","2.149,00 TL","Standard Edition: 2.149,00 TL; Special Edition: 3.449,00 TL; Standard Edition: 2.149,00 TL; Special Edition: 3.449,00 TL","Нет","Да","","https://store.playstation.com/en-tr/concept/235338","2021-01-20","Driving/Racing","PEGI_3"
"424","RIDE 5","Основной список","PPSA04314","PS5","Нет","2.579,00 TL","Standard Edition: 2.579,00 TL; Special Edition: 3.849,00 TL","Нет","Нет","","https://store.playstation.com/en-tr/concept/10003247","2023-08-23","Driving/Racing","PEGI_3"
"107","Riders Republic","Основной список","PPSA01372","PS4, PS5","Нет","719,00 TL","Riders Republic Deluxe Edition: 2.099,00 TL; Riders Republic Premium Edition: 3.499,00 TL","Нет","Да","PS Plus Extra","https://store.playstation.com/en-tr/concept/10000459","2021-10-27","Sport","PEGI_12"
"365","RimWorld","Основной список","CUSA31489","PS4","Нет","979,30 TL","Standard Edition: 979,30 TL; Digital Deluxe: 1.347,50 TL; Chronicles Bundle: 1.833,30 TL","Нет","Да","","https://store.playstation.com/en-tr/concept/10004133","2022-07-28","Simulation","PEGI_16"
"1379","Rise of the Ronin","Основной список","PPSA04540","PS5","Нет","3.449,00 TL","Digital Deluxe Edition: 3.849,00 TL","Нет","Да","PS Plus Extra","https://store.playstation.com/en-tr/concept/10003386","2024-03-21","Action","PEGI_18"
"1700","Rise of the Tomb Raider: 20 Year Celebration","Основной список","CUSA05716","PS4","Нет","1.049,00 TL","","Да","Да","PS Plus Extra","https://store.playstation.com/en-tr/concept/221750","2016-10-10","Action","PEGI_18"
"2039","Risen 3: Titan Lords","Основной список","CUSA02017","PS4","Нет","699,00 TL","","Нет","Да","","https://store.playstation.com/en-tr/concept/203764","2015-08-20","Role Playing Games","PEGI_16"
"2039","Risen 3: Titan Lords","Основной список","CUSA02017","PS4","Нет","699,00 TL","","Нет","Да","","https://store.playstation.com/en-tr/concept/203764","2015-08-20","Role Playing Games","PEGI_16"
"633","Risk of Rain 2","Основной список","PPSA06517","PS4, PS5","Нет","879,00 TL","Risk of Rain 2: 879,00 TL; ROR2 + SOTV + SOTS + AC: 1.074,50 TL","Нет","Да","","https://store.playstation.com/en-tr/concept/234386","2024-08-27","Action","PEGI_12"
"675","Road 96","Основной список","PPSA05592","PS4, PS5","Нет","849,00 TL","","Нет","Да","","https://store.playstation.com/en-tr/concept/10003593","2022-04-13","Adventure","PEGI_16"
"1239","Road 96: Mile 0","Основной список","PPSA07584","PS4, PS5","Нет","549,00 TL","Road 96: Mile 0 - Full Journey: 1.160,00 TL; Road 96: Mile 0: 549,00 TL","Нет","Да","","https://store.playstation.com/en-tr/concept/10005020","2023-04-03","Music/Rhythm","PEGI_16"
"1644","Road Redemption","Основной список","CUSA13020","PS4","Нет","699,00 TL","","Нет","Да","","https://store.playstation.com/en-tr/concept/232560","2018-11-05","Action","PEGI_18"
"310","RoadCraft","Основной список","PPSA09843","PS5","Нет","1.749,00 TL","1-Year Anniversary Edition: 2.579,00 TL","Нет","Да","","https://store.playstation.com/en-tr/concept/10006025","2025-05-19","Simulation","PEGI_3"
"446","RoboCop: Rogue City","Основной список","PPSA05059","PS5","Нет","1.749,00 TL","Alex Murphy Edition: 1.949,00 TL; Collection: 1.074,50 TL","Нет","Да","","https://store.playstation.com/en-tr/concept/10003485","2023-11-02","Action","PEGI_18"
"446","RoboCop: Rogue City","Основной список","PPSA05059","PS5","Нет","1.749,00 TL","Alex Murphy Edition: 1.949,00 TL; Collection: 1.074,50 TL","Нет","Да","","https://store.playstation.com/en-tr/concept/10003485","2023-11-02","Action","PEGI_18"
"1071","Rogue Legacy 2","Основной список","PPSA15506","PS4, PS5","Нет","875,00 TL","","Нет","Да","","https://store.playstation.com/en-tr/concept/10007723","2023-06-20","Action","PEGI_7"
"659","ROMEO IS A DEAD MAN","Основной список","PPSA34861","PS5","Нет","2.149,00 TL","","Нет","Нет","","https://store.playstation.com/en-tr/concept/10016000","2026-02-10","Adventure","PEGI_18"
"3319","Royal Defense","Основной список","CUSA06142","PS4","Нет","300,00 TL","Royal Defense Bundle: 343,00 TL; Royal Defense: 300,00 TL; ROYAL DEFENSE: 429,00 TL","Нет","Да","","https://store.playstation.com/en-tr/concept/203844","2017-03-07","Strategy","PEGI_7"
"2824","Run Sausage Run!","Основной список","CUSA36534","PS4","Нет","52,50 TL","Sausage Bundle: Till The Last Drop Of Ketchup: 62,70 TL; Complete Edition: 118,45 TL; Run Sausage Run!: 52,50 TL","Нет","Нет","","https://store.playstation.com/en-tr/concept/10006091","2022-11-24","Action","PEGI_7"
"137","Rust","Основной список","PPSA24616","PS5","Нет","2.149,00 TL","Ultimate: 3.849,00 TL; Deluxe: 2.579,00 TL","Нет","Да","","https://store.playstation.com/en-tr/concept/233072","2025-06-26","Shooter","PEGI_16"
"137","Rust","Основной список","PPSA24616","PS5","Нет","2.149,00 TL","Ultimate: 3.849,00 TL; Deluxe: 2.579,00 TL","Нет","Да","","https://store.playstation.com/en-tr/concept/233072","2025-06-26","Shooter","PEGI_16"
"44","S.T.A.L.K.E.R. 2: Heart of Chornobyl","Основной список","PPSA28336","PS5","Нет","1.805,30 TL","Standard Edition: 1.805,30 TL; Deluxe Edition: 2.414,30 TL; Ultimate Edition: 3.324,30 TL","Нет","Да","","https://store.playstation.com/en-tr/concept/10014084","2025-11-20","Adventure","PEGI_18"
"2527","S.T.A.L.K.E.R.: Clear Sky - Enhanсed Edition","Основной список","PPSA21733","PS4, PS5","Нет","849,00 TL","","Нет","Да","","https://store.playstation.com/en-tr/concept/10008578","2025-05-20","Action","PEGI_16"
"1005","S.T.A.L.K.E.R.: Shadow of Chornobyl - Enhanсed Edition","Основной список","PPSA21734","PS4, PS5","Нет","849,00 TL","S.T.A.L.K.E.R.: Shadow of Chornobyl - Enhanсed Edition: 849,00 TL","Нет","Да","","https://store.playstation.com/en-tr/concept/10008577","2025-05-20","Action","PEGI_16"
"95","Sackboy: A Big Adventure","Основной список","PPSA01288","PS4, PS5","Нет","3.249,00 TL","Digital Deluxe Edition: 3.449,00 TL; Sackboy: A Big Adventure - Digital Deluxe Edition Upgrade: 101,70 TL","Да","Да","PS Plus Extra","https://store.playstation.com/en-tr/concept/10000177","2020-11-11","Action","PEGI_7"
"1223","Saints Row","Основной список","PPSA02807","PS4, PS5","Нет","1.049,00 TL","Standard Edition: 1.049,00 TL; Gold Edition: 1.399,00 TL","Нет","Да","","https://store.playstation.com/en-tr/concept/10002042","2022-08-22","Shooter","PEGI_18"
"1223","Saints Row","Основной список","PPSA02807","PS4, PS5","Нет","1.049,00 TL","Standard Edition: 1.049,00 TL; Gold Edition: 1.399,00 TL","Нет","Да","","https://store.playstation.com/en-tr/concept/10002042","2022-08-22","Shooter","PEGI_18"
"1041","Saints Row IV: Re-Elected","Основной список","CUSA01106","PS4","Нет","849,00 TL","Saints Row IV: Re-Elected & Gat out of Hell: 1.299,00 TL; Saints Row IV: Re-Elected: 849,00 TL","Нет","Да","","https://store.playstation.com/en-tr/concept/204433","2015-01-23","Action","PEGI_18"
"370","Saints Row: The Third","Основной список","PPSA02874","PS4, PS5","Нет","1.299,00 TL","PS5 Edition: 1.299,00 TL; Saints Row: The Third Remastered: 1.299,00 TL","Нет","Да","","https://store.playstation.com/en-tr/concept/234481","2021-05-25","Action","PEGI_18"
"815","Sally Face","Основной список","CUSA29626","PS4","Нет","181,17 TL","","Нет","Да","","https://store.playstation.com/en-tr/concept/10003140","2022-04-14","Horror","PEGI_16"
"1668","Salt and Sanctuary","Основной список","CUSA04261","PS4","Нет","629,00 TL","","Нет","Нет","","https://store.playstation.com/en-tr/concept/211338","2016-03-15","Action","PEGI_16"
"120","SAROS","Основной список","PPSA07631","PS5","Нет","3.449,00 TL","Digital Deluxe Edition: 3.849,00 TL","Да","Да","","https://store.playstation.com/en-tr/concept/10005069","2026-04-29","Shooter","PEGI_12"
"523","Satisfactory","Основной список","PPSA16634","PS5","Нет","1.749,00 TL","","Нет","Да","","https://store.playstation.com/en-tr/concept/10008447","2025-11-04","Simulation","PEGI_12"
"1646","SCARLET NEXUS","Основной список","PPSA02174","PS4, PS5","Нет","2.499,00 TL","Standard Edition: 2.499,00 TL; Deluxe Edition: 419,85 TL; Ultimate Edition: 3.499,00 TL","Нет","Да","","https://store.playstation.com/en-tr/concept/235097","2021-06-24","Role Playing Games","PEGI_16"
"2690","Scars Above","Основной список","PPSA08597","PS4, PS5","Нет","1.049,00 TL","","Нет","Да","","https://store.playstation.com/en-tr/concept/10005258","2023-02-27","Shooter","PEGI_12"
"1206","Scorn","Основной список","PPSA07850","PS5","Нет","1.399,00 TL","","Нет","Да","","https://store.playstation.com/en-tr/concept/10005173","2023-10-02","Horror","PEGI_18"
"1454","Sea of Stars","Основной список","PPSA07587","PS4, PS5","Нет","1.499,00 TL","Sea of Stars: Sunset Edition: 1.499,00 TL","Нет","Да","","https://store.playstation.com/en-tr/concept/10004226","2023-08-28","Role Playing Games","PEGI_7"
"132","Sea of Thieves","Основной список","PPSA17668","PS5","Нет","999,00 TL","Standard Edition: 999,00 TL; 2026 Deluxe Edition: 1.249,00 TL; 2026 Premium Edition: 1.499,00 TL","Нет","Да","","https://store.playstation.com/en-tr/concept/10008884","2024-04-30","Adventure","PEGI_12"
"1057","Secret Neighbor","Основной список","CUSA25165","PS4","Нет","699,00 TL","","Нет","Да","PS Plus Extra","https://store.playstation.com/en-tr/concept/10001738","2021-04-28","Adventure","PEGI_7"
"189","Sekiro: Shadows Die Twice","Основной список","CUSA13801","PS4","Нет","469,00 TL","","Нет","Да","","https://store.playstation.com/en-tr/concept/232898","2019-04-04","Action","PEGI_18"
"532","Serious Sam 4","Основной список","PPSA03752","PS5","Нет","1.399,00 TL","","Нет","Да","","https://store.playstation.com/en-tr/concept/10002922","2021-12-22","Shooter","PEGI_18"
"548","Serious","Основной список","CUSA05773","PS4","Нет","1.049,00 TL","","Нет","Да","","https://store.playstation.com/en-tr/concept/204506","2020-11-17","Adventure","PEGI_18"
"548","Serious","Основной список","CUSA05773","PS4","Нет","1.049,00 TL","","Нет","Да","","https://store.playstation.com/en-tr/concept/204506","2020-11-17","Adventure","PEGI_18"
"3071","Serious Sam: Siberian Mayhem","Основной список","PPSA07021","PS5","Нет","849,00 TL","","Нет","Да","","https://store.playstation.com/en-tr/concept/10004759","2022-10-06","Shooter","PEGI_18"
"1849","Shadow of the Colossus","Основной список","CUSA08809","PS4","Нет","1.749,00 TL","","Нет","Да","PS Plus Extra","https://store.playstation.com/en-tr/concept/225857","2018-02-06","Action","PEGI_12"
"678","Shadow of the Tomb Raider","Основной список","CUSA10872","PS4","Нет","1.749,00 TL","Shadow of the Tomb Raider Definitive Edition: 1.749,00 TL","Да","Да","","https://store.playstation.com/en-tr/concept/231844","2019-11-04","Adventure","PEGI_18"
"2578","Shadow Warrior 3: Definitive Edition |","Основной список","PPSA07818","PS4, PS5","Нет","1.749,00 TL","The Shadow Warrior Trilogy: 419,85 TL","Нет","Да","","https://store.playstation.com/en-tr/concept/10002224","2023-02-16","Action","PEGI_18"
"1250","Shadows of Doubt","Основной список","PPSA21848","PS5","Нет","879,00 TL","","Нет","Да","","https://store.playstation.com/en-tr/concept/10010521","2024-09-26","Adventure","PEGI_16"
"2358","She Sees Red - Interactive Movie","Основной список","CUSA25451","PS4","Нет","429,00 TL","","Да","Да","","https://store.playstation.com/en-tr/concept/10001772","2021-10-27","Unique","PEGI_18"
"418","Sherlock Holmes Chapter One","Основной список","PPSA01978","PS4, PS5","Нет","1.575,00 TL","Standard Edition: 1.575,00 TL; Sherlock Holmes - Absolute Deduction bundle: 4.199,00 TL; Fusion Bundle: 389,90 TL; Detective Reborn Bundle: 2.499,00 TL; Deluxe: 2.099,00 TL","Нет","Да","","https://store.playstation.com/en-tr/concept/235108","2021-11-15","Action","PEGI_16"
"418","Sherlock Holmes Chapter One","Основной список","PPSA01978","PS4, PS5","Нет","1.575,00 TL","Standard Edition: 1.575,00 TL; Sherlock Holmes - Absolute Deduction bundle: 4.199,00 TL; Fusion Bundle: 389,90 TL; Detective Reborn Bundle: 2.499,00 TL; Deluxe: 2.099,00 TL","Нет","Да","","https://store.playstation.com/en-tr/concept/235108","2021-11-15","Action","PEGI_16"
"1138","Sherlock Holmes The Awakened","Основной список","PPSA08069","PS4, PS5","Нет","1.399,00 TL","Standard Edition PS5 & PS4: 1.399,00 TL; Sherlock Holmes: The Darkest Mysteries Bundle: 1.399,00 TL; Deluxe Edition PS5 & PS4: 1.749,00 TL","Нет","Нет","","https://store.playstation.com/en-tr/concept/10005262","2023-04-11","Horror","PEGI_16"
"2960","Sherlock Holmes: Crimes and Punishments","Основной список","CUSA18876","PS4","Нет","139,90 TL","","Нет","Да","","https://store.playstation.com/en-tr/concept/235331","2020-02-09","Adventure","PEGI_16"
"893","Sherlock Holmes: The Devil's Daughter","Основной список","CUSA26518","PS4","Нет","139,90 TL","Sherlock Holmes Essential Bundle: 349,90 TL; Sherlock Holmes: The Devil's Daughter: 139,90 TL; Sherlock Holmes Bundle: 2.275,00 TL","Нет","Да","","https://store.playstation.com/en-tr/concept/10002297","2021-06-23","Adventure","PEGI_16"
"1247","Ship of Fools","Основной список","PPSA07582","PS5","Нет","157,25 TL","Ship of Fools: 157,25 TL; Completely Foolish Edition: 374,75 TL; Aquapocalypse Edition: 2.149,00 TL","Нет","Да","","https://store.playstation.com/en-tr/concept/10005039","2022-11-21","Strategy","PEGI_7"
"1096","Shovel Knight: Treasure Trove","Основной список","CUSA01976","PS4","Нет","1.079,00 TL","","Нет","Нет","","https://store.playstation.com/en-tr/concept/203974","2015-04-22","Adventure","PEGI_7"
"1025","Sid Meier’s Civilization VI","Основной список","CUSA15381","PS4","Нет","1.049,00 TL","Sid Meier’s Civilization VI: 1.049,00 TL; Civilization® VI Platinum: 2.149,00 TL; Civilization® VI Anthology: 1.039,60 TL","Нет","Нет","","https://store.playstation.com/en-tr/concept/233594","2019-11-21","Strategy","PEGI_12"
"1025","Sid Meier’s Civilization VI","Основной список","CUSA15381","PS4","Нет","1.049,00 TL","Sid Meier’s Civilization VI: 1.049,00 TL; Civilization® VI Platinum: 2.149,00 TL; Civilization® VI Anthology: 1.039,60 TL","Нет","Нет","","https://store.playstation.com/en-tr/concept/233594","2019-11-21","Strategy","PEGI_12"
"1025","Sid Meier’s Civilization VI","Основной список","CUSA15381","PS4","Нет","1.049,00 TL","Sid Meier’s Civilization VI: 1.049,00 TL; Civilization® VI Platinum: 2.149,00 TL; Civilization® VI Anthology: 1.039,60 TL","Нет","Нет","","https://store.playstation.com/en-tr/concept/233594","2019-11-21","Strategy","PEGI_12"
"518","Sifu","Основной список","PPSA03001","PS4, PS5","Нет","1.399,00 TL","Standard Edition PS4 & PS5: 1.399,00 TL; Deluxe Edition PS4 & PS5: 2.149,00 TL","Нет","Да","","https://store.playstation.com/en-tr/concept/10001973","2022-02-06","Action","PEGI_16"
"1880","SIGNALIS","Основной список","CUSA34423","PS4","Нет","849,00 TL","","Нет","Да","","https://store.playstation.com/en-tr/concept/10005369","2022-10-27","Horror","PEGI_16"
"462","SILENT HILL 2","Основной список","PPSA08709","PS5","Нет","2.499,00 TL","Deluxe Edition: 2.799,00 TL","Нет","Да","PS Plus Extra","https://store.playstation.com/en-tr/concept/10005529","2024-10-07","Horror","PEGI_18"
"462","SILENT HILL 2","Основной список","PPSA08709","PS5","Нет","2.499,00 TL","Deluxe Edition: 2.799,00 TL","Нет","Да","PS Plus Extra","https://store.playstation.com/en-tr/concept/10005529","2024-10-07","Horror","PEGI_18"
"519","SILENT HILL f","Основной список","PPSA21159","PS5","Нет","3.449,00 TL","Standard Edition: 3.449,00 TL; Standard Dual Pack: 4.749,00 TL; Deluxe Edition: 3.849,00 TL; Deluxe Dual Pack: 5.599,00 TL","Нет","Да","","https://store.playstation.com/en-tr/concept/10010242","2025-09-24","Horror","PEGI_18"
"313","SILENT HILL: Townfall","Основной список","PPSA33286","PS5","Да","2.149,00 TL","Standard Edition: 2.149,00 TL; Deluxe Edition: 2.579,00 TL","Нет","Нет","","https://store.playstation.com/en-tr/concept/10016947","2026-09-23","Horror","PEGI_16"
"283","skate.","Основной список","PPSA10793","PS4, PS5","Нет","Free","","Нет","Нет","","https://store.playstation.com/en-tr/concept/10006353","2025-09-16","Unique","PEGI_12"
"2309","Skul: The Hero Slayer","Основной список","CUSA27430","PS4","Нет","365,00 TL","","Нет","Да","","https://store.playstation.com/en-tr/concept/10002426","2021-10-20","Action","PEGI_12"
"596","Skull and Bones","Основной список","PPSA07648","PS5","Нет","1.049,00 TL","Skull and Bones Premium Edition: 2.099,00 TL; Skull and Bones Deluxe Edition: 1.399,00 TL","Нет","Да","PS Plus Extra","https://store.playstation.com/en-tr/concept/225700","2024-02-15","Unique","PEGI_18"
"503","Sleeping Dogs","Основной список","CUSA01004","PS4","Нет","209,80 TL","","Нет","Да","","https://store.playstation.com/en-tr/concept/204275","2014-10-09","Adventure","PEGI_18"
"483","Slime Rancher","Основной список","CUSA11650","PS4","Нет","174,75 TL","","Нет","Да","","https://store.playstation.com/en-tr/concept/231868","2018-09-02","Shooter","PEGI_3"
"545","Slime Rancher 2","Основной список","PPSA20153","PS5","Нет","629,40 TL","Slime Rancher Rainbow Bundle: 787,50 TL; Slime Rancher 2: 629,40 TL","Нет","Да","","https://store.playstation.com/en-tr/concept/10009803","2024-06-07","Adventure","PEGI_3"
"399","Sniper Elite 4","Основной список","CUSA04099","PS4","Нет","249,90 TL","Sniper Elite 4 Digital Deluxe Edition: 349,90 TL","Да","Да","PS Plus Extra","https://store.playstation.com/en-tr/concept/216395","2017-02-13","Adventure","PEGI_16"
"274","Sniper Elite 5","Основной список","PPSA04444","PS4, PS5","Нет","2.099,00 TL","Deluxe Edition: 3.149,00 TL; Complete Edition: 3.899,00 TL","Нет","Да","PS Plus Extra","https://store.playstation.com/en-tr/concept/234363","2022-05-25","Fighting","PEGI_16"
"882","Sniper Elite V2","Основной список","CUSA12351","PS4","Нет","239,80 TL","","Нет","Да","","https://store.playstation.com/en-tr/concept/204338","2019-05-13","Action","PEGI_16"
"500","Sniper Elite: Resistance","Основной список","PPSA17232","PS4, PS5","Нет","2.099,00 TL","Standard Edition: 2.099,00 TL; Sniper Elite Bundle: 4.749,00 TL; Deluxe Edition: 3.149,00 TL","Нет","Да","","https://store.playstation.com/en-tr/concept/10008716","—","Shooter","PEGI_16"
"2542","Sniper Ghost Warrior Contracts","Основной список","CUSA14619","PS4","Нет","1.399,00 TL","Sniper Ghost Warrior Contracts: 1.399,00 TL; SGWC and SGW3 Edition: 2.579,00 TL; Full Arsenal Edition: 1.749,00 TL","Нет","Да","","https://store.playstation.com/en-tr/concept/233238","2019-11-21","Shooter","PEGI_18"
"2542","Sniper Ghost Warrior Contracts","Основной список","CUSA14619","PS4","Нет","1.399,00 TL","Sniper Ghost Warrior Contracts: 1.399,00 TL; SGWC and SGW3 Edition: 2.579,00 TL; Full Arsenal Edition: 1.749,00 TL","Нет","Да","","https://store.playstation.com/en-tr/concept/233238","2019-11-21","Shooter","PEGI_18"
"2542","Sniper Ghost Warrior Contracts","Основной список","CUSA14619","PS4","Нет","1.399,00 TL","Sniper Ghost Warrior Contracts: 1.399,00 TL; SGWC and SGW3 Edition: 2.579,00 TL; Full Arsenal Edition: 1.749,00 TL","Нет","Да","","https://store.playstation.com/en-tr/concept/233238","2019-11-21","Shooter","PEGI_18"
"625","Sniper Ghost Warrior Contracts 2","Основной список","PPSA03131","PS4, PS5","Нет","1.399,00 TL","Standard Edition: 1.399,00 TL; SGWC1 & SGWC2 Double Pack: 2.099,00 TL; Premium Edition: 1.749,00 TL; SGWC1 & SGWC2 Double Pack: 2.099,00 TL; Complete Edition: 2.099,00 TL","Нет","Да","","https://store.playstation.com/en-tr/concept/10000888","2021-06-03","Shooter","PEGI_18"
"63","SnowRunner - 5-Year","Основной список","PPSA04929","PS4, PS5","Нет","1.399,00 TL","Standard Edition: 1.399,00 TL; 1-Year Anniversary Edition: 1.749,00 TL; 5-Year Anniversary Edition: 5.599,00 TL","Нет","Да","","https://store.playstation.com/en-tr/concept/234959","2025-09-04","Simulation","PEGI_3"
"2385","SOMA","Основной список","CUSA03200","PS4","Нет","999,00 TL","Frictional Collection: 3.149,00 TL; SOMA: 999,00 TL","Нет","Да","","https://store.playstation.com/en-tr/concept/204320","2015-09-21","Horror","PEGI_16"
"600","Songs of Conquest","Основной список","PPSA17182","PS5","Нет","779,40 TL","","Нет","Да","","https://store.playstation.com/en-tr/concept/10008692","2024-11-12","Strategy","PEGI_12"
"1370","Sonic Colours: Ultimate","Основной список","CUSA19351","PS4","Нет","1.599,00 TL","Standard Edition: 1.599,00 TL; Digital Deluxe Edition: 140,70 TL","Нет","Да","","https://store.playstation.com/en-tr/concept/10000537","2021-09-06","Action","PEGI_7"
"1023","SONIC FORCES","Основной список","CUSA05674","PS4","Нет","1.949,00 TL","","Нет","Да","","https://store.playstation.com/en-tr/concept/228448","2018-06-19","Adventure","PEGI_7"
"612","Sonic Frontiers","Основной список","PPSA03832","PS4, PS5","Нет","2.149,00 TL","Standard Edition: 2.149,00 TL; Digital Deluxe Edition: 2.579,00 TL","Нет","Да","","https://store.playstation.com/en-tr/concept/10002956","2022-11-08","Action","PEGI_7"
"1109","Sonic Mania","Основной список","CUSA07010","PS4","Нет","699,00 TL","","Нет","Нет","","https://store.playstation.com/en-tr/concept/227227","2017-08-14","Action","PEGI_3"
"282","Sonic Racing: CrossWorlds","Основной список","PPSA08804","PS4, PS5","Нет","2.499,00 TL","Standard Edition: 2.499,00 TL; Digital Deluxe Edition: 3.149,00 TL","Нет","Да","","https://store.playstation.com/en-tr/concept/10005570","2025-09-25","Driving/Racing","PEGI_3"
"238","SONIC SUPERSTARS","Основной список","PPSA06889","PS4, PS5","Нет","839,70 TL","Deluxe Edition: 3.149,00 TL","Нет","Да","","https://store.playstation.com/en-tr/concept/10004658","2023-10-17","Action","PEGI_3"
"349","SONIC X SHADOW GENERATIONS","Основной список","PPSA17597","PS4, PS5","Нет","1.599,00 TL","Digital Deluxe Edition: 1.949,00 TL","Нет","Да","PS Plus Extra","https://store.playstation.com/en-tr/concept/10008755","2024-10-25","Action","PEGI_7"
"2062","SOULCALIBUR Ⅵ","Основной список","CUSA09884","PS4","Нет","2.499,00 TL","SOULCALIBUR Ⅵ Deluxe Edition: 3.499,00 TL; SOULCALIBUR Ⅵ: 2.499,00 TL","Нет","Да","","https://store.playstation.com/en-tr/concept/230019","2018-10-18","Fighting","PEGI_16"
"228","South of Midnight","Основной список","PPSA29642","PS5","Нет","1.104,35 TL","","Нет","Да","","https://store.playstation.com/en-tr/concept/10014874","2026-03-31","Adventure","PEGI_18"
"1263","South Park: The Stick of Truth","Основной список","CUSA04695","PS4","Нет","1.399,00 TL","","Нет","Да","PS Plus Extra","https://store.playstation.com/en-tr/concept/204162","2018-02-12","Role Playing Games","PEGI_18"
"614","Space Engineers","Основной список","PPSA08253","PS4, PS5","Нет","595,00 TL","Complete Edition: 3.449,00 TL","Нет","Да","PS Plus Extra","https://store.playstation.com/en-tr/concept/10002535","2023-05-10","Simulation","PEGI_12"
"1530","Spike Volleyball","Основной список","CUSA10577","PS4","Нет","699,00 TL","","Нет","Да","","https://store.playstation.com/en-tr/concept/231370","2019-02-04","Sport","PEGI_3"
"1262","Spirit of the North","Основной список","PPSA02305","PS5","Нет","879,00 TL","","Нет","Да","","https://store.playstation.com/en-tr/concept/10001854","2020-11-26","Adventure","PEGI_7"
"1267","Spiritfarer","Основной список","CUSA20160","PS4","Нет","875,00 TL","","Нет","Да","","https://store.playstation.com/en-tr/concept/10000752","2020-08-17","Action","PEGI_12"
"37","Split Fiction","Основной список","PPSA08560","PS5","Нет","1.800,00 TL","Standard Edition: 1.800,00 TL","Нет","Нет","EA Access","https://store.playstation.com/en-tr/concept/10005449","2025-03-06","Adventure","PEGI_16"
"653","SpongeBob SquarePants: Battle for Bikini Bottom - Rehydrated","Основной список","CUSA14909","PS4","Нет","1.199,00 TL","","Нет","Да","","https://store.playstation.com/en-tr/concept/233372","2020-06-22","Action","PEGI_7"
"648","SpongeBob SquarePants: The Cosmic Shake","Основной список","PPSA16527","PS4, PS5","Нет","839,40 TL","","Нет","Да","","https://store.playstation.com/en-tr/concept/10003866","2023-10-23","Adventure","PEGI_7"
"262","SpongeBob SquarePants: Titans of the Tide","Основной список","PPSA26893","PS5","Нет","1.749,00 TL","Standard: 1.749,00 TL; Ghostly Digital Edition: 2.349,00 TL; Bikini Bottom Bundle: 3.849,00 TL","Нет","Да","","https://store.playstation.com/en-tr/concept/10013086","2025-11-18","Action","PEGI_7"
"2243","Spyro Reignited Trilogy","Основной список","CUSA12085","PS4","Нет","2.299,00 TL","Spyro™ Reignited Trilogy: 2.299,00 TL; Spyro™ + Crash Remastered Game Bundle: 3.399,00 TL","Нет","Нет","","https://store.playstation.com/en-tr/concept/232176","2019-03-07","Action","PEGI_7"
"3070","Squirrel with a Gun","Основной список","PPSA22102","PS5","Нет","849,00 TL","","Нет","Нет","","https://store.playstation.com/en-tr/concept/10010627","2024-10-15","Action","PEGI_12"
"599","STAR WARS Battlefront","Основной список","CUSA00634","PS4","Нет","101,70 TL","STAR WARS™ Battlefront™ Ultimate Edition: 101,70 TL","Нет","Да","EA Access","https://store.playstation.com/en-tr/concept/213119","2015-11-16","Shooter","PEGI_16"
"599","STAR WARS Battlefront","Основной список","CUSA00634","PS4","Нет","101,70 TL","STAR WARS™ Battlefront™ Ultimate Edition: 101,70 TL","Нет","Да","EA Access","https://store.playstation.com/en-tr/concept/213119","2015-11-16","Shooter","PEGI_16"
"305","STAR WARS Battlefront II","Основной список","CUSA05749","PS4","Нет","136,27 TL","STAR WARS™ Battlefront™ II: Celebration Edition: 2.099,00 TL; STAR WARS™ Battlefront™ II: 136,27 TL","Нет","Да","EA Access","https://store.playstation.com/en-tr/concept/229438","2017-11-16","Adventure","PEGI_16"
"543","STAR WARS Jedi: Fallen Order","Основной список","PPSA02199","PS4, PS5","Нет","1.799,99 TL","Standard Edition: 1.799,99 TL; Deluxe Edition: 2.200,00 TL","Да","Да","EA Access","https://store.playstation.com/en-tr/concept/232345","2021-06-11","Action","PEGI_16"
"321","STAR WARS Jedi: Survivor","Основной список","PPSA07784","PS5","Нет","2.900,00 TL","Standard Edition: 2.900,00 TL; Deluxe Edition: 3.600,00 TL; Standard Edition: 1.800,00 TL; Cross-Gen Bundle Edition: 3.299,99 TL","Нет","Нет","EA Access","https://store.playstation.com/en-tr/concept/10005114","2023-04-28","Action","PEGI_12"
"321","STAR WARS Jedi: Survivor","Основной список","PPSA07784","PS5","Нет","2.900,00 TL","Standard Edition: 2.900,00 TL; Deluxe Edition: 3.600,00 TL; Standard Edition: 1.800,00 TL; Cross-Gen Bundle Edition: 3.299,99 TL","Нет","Нет","EA Access","https://store.playstation.com/en-tr/concept/10005114","2023-04-28","Action","PEGI_12"
"321","STAR WARS Jedi: Survivor","Основной список","PPSA07784","PS5","Нет","2.900,00 TL","Standard Edition: 2.900,00 TL; Deluxe Edition: 3.600,00 TL; Standard Edition: 1.800,00 TL; Cross-Gen Bundle Edition: 3.299,99 TL","Нет","Нет","EA Access","https://store.playstation.com/en-tr/concept/10005114","2023-04-28","Action","PEGI_12"
"321","STAR WARS Jedi: Survivor","Основной список","PPSA07784","PS5","Нет","2.900,00 TL","Standard Edition: 2.900,00 TL; Deluxe Edition: 3.600,00 TL; Standard Edition: 1.800,00 TL; Cross-Gen Bundle Edition: 3.299,99 TL","Нет","Нет","EA Access","https://store.playstation.com/en-tr/concept/10005114","2023-04-28","Action","PEGI_12"
"288","Star Wars Outlaws","Основной список","PPSA08260","PS5","Нет","2.799,00 TL","Deluxe Edition: 3.499,00 TL; Gold Edition: 4.199,00 TL; Ultimate Edition: 4.899,00 TL","Нет","Да","PS Plus Extra","https://store.playstation.com/en-tr/concept/10005323","2024-08-29","Adventure","PEGI_12"
"288","Star Wars Outlaws","Основной список","PPSA08260","PS5","Нет","2.799,00 TL","Deluxe Edition: 3.499,00 TL; Gold Edition: 4.199,00 TL; Ultimate Edition: 4.899,00 TL","Нет","Да","PS Plus Extra","https://store.playstation.com/en-tr/concept/10005323","2024-08-29","Adventure","PEGI_12"
"1821","STAR WARS: Bounty Hunter","Основной список","PPSA16937","PS4, PS5","Нет","244,65 TL","","Нет","Да","","https://store.playstation.com/en-tr/concept/10008552","2024-07-31","Action","PEGI_16"
"2256","STAR WARS: Dark Forces Remaster","Основной список","PPSA19729","PS4, PS5","Нет","649,50 TL","","Нет","Нет","","https://store.playstation.com/en-tr/concept/10008369","2024-02-28","Adventure","PEGI_12"
"390","STAR WARS: Galactic Racer","Основной список","PPSA28416","PS5","Да","1.499,00 TL","Standard Edition: 1.499,00 TL; Deluxe Edition: 2.149,00 TL","Нет","Нет","","https://store.playstation.com/en-tr/concept/10014146","2026-10-06","Driving/Racing","PEGI_12"
"180","STAR WARS Zero Company","Основной список","PPSA18054","PS5","Да","2.999,00 TL","Standard Edition: 2.999,00 TL; Deluxe Edition: 3.499,00 TL","Нет","Нет","EA Access","https://store.playstation.com/en-tr/concept/10009029","2026-08-27","Strategy","PEGI_16"
"180","STAR WARS Zero Company","Основной список","PPSA18054","PS5","Да","2.999,00 TL","Standard Edition: 2.999,00 TL; Deluxe Edition: 3.499,00 TL","Нет","Нет","EA Access","https://store.playstation.com/en-tr/concept/10009029","2026-08-27","Strategy","PEGI_16"
"1771","STAR WARS: Squadrons","Основной список","CUSA15089","PS4","Нет","279,00 TL","STAR WARS™: Squadrons: 279,00 TL; EA STAR WARS™ TRIPLE BUNDLE: 610,16 TL","Нет","Да","EA Access","https://store.playstation.com/en-tr/concept/234657","2020-10-01","Unique","PEGI_12"
"905","Star Wars: Tales from the Galaxy's Edge","Основной список","PPSA06883","PS5","Нет","1.749,00 TL","Star Wars: Tales from the Galaxy's Edge - Enhanced Edition: 1.749,00 TL","Нет","Нет","","https://store.playstation.com/en-tr/concept/10004699","2023-02-21","Adventure","PEGI_12"
"134","Starfield","Основной список","PPSA24884","PS5","Нет","1.618,00 TL","Standard Edition: 1.618,00 TL; Premium Edition: 2.265,00 TL","Нет","Нет","","https://store.playstation.com/en-tr/concept/10011934","2026-04-07","Role Playing Games","PEGI_18"
"1389","Steelrising","Основной список","PPSA05063","PS5","Нет","1.749,00 TL","Bastille Edition: 2.149,00 TL","Нет","Да","","https://store.playstation.com/en-tr/concept/10003187","2022-09-08","Role Playing Games","PEGI_12"
"1218","STEEP","Основной список","CUSA05526","PS4","Нет","699,00 TL","Steep X Games Gold Edition: 1.949,00 TL","Нет","Нет","PS Plus Extra","https://store.playstation.com/en-tr/concept/221765","2016-12-01","Sport","PEGI_12"
"350","Stellar Blade","Основной список","PPSA13197","PS5","Нет","2.799,00 TL","Complete Edition: 4.299,00 TL","Нет","Да","","https://store.playstation.com/en-tr/concept/10006891","2024-04-25","Adventure","PEGI_18"
"549","Stellaris: Console Edition","Основной список","PPSA27597","PS4, PS5","Нет","1.749,00 TL","Starter Edition: 687,68 TL; Deluxe Edition: 644,75 TL","Нет","Да","PS Plus Extra","https://store.playstation.com/en-tr/concept/10013520","2025-11-06","Strategy","PEGI_7"
"1227","Still Wakes the Deep","Основной список","PPSA07905","PS5","Нет","1.199,00 TL","Still Wakes the Deep - The Complete Collection: 1.399,00 TL","Нет","Да","PS Plus Extra","https://store.playstation.com/en-tr/concept/10005163","2024-06-18","Adventure","PEGI_16"
"857","Stranded Deep","Основной список","CUSA18152","PS4","Нет","424,50 TL","","Нет","Нет","PS Plus Extra","https://store.playstation.com/en-tr/concept/232519","2020-04-20","Action","PEGI_16"
"962","Stranded: Alien Dawn","Основной список","PPSA05412","PS4, PS5","Нет","1.499,00 TL","Stranded: Alien Dawn: 1.499,00 TL; Premium Edition: 1.949,00 TL","Нет","Да","","https://store.playstation.com/en-tr/concept/10003849","2023-04-25","Strategy","PEGI_16"
"1420","Strange Antiquities","Основной список","PPSA34178","PS4, PS5","Нет","774,00 TL","","Нет","Да","","https://store.playstation.com/en-tr/concept/10017445","2026-04-30","Unique","PEGI_7"
"1748","Strange Horticulture","Основной список","CUSA46010","PS4","Нет","559,00 TL","","Нет","Да","","https://store.playstation.com/en-tr/concept/10009589","2024-02-23","Unique","PEGI_7"
"1148","STRANGER OF PARADISE FINAL FANTASY ORIGIN","Основной список","PPSA03233","PS4, PS5","Нет","1.749,00 TL","Standard Edition: 1.749,00 TL; Digital Deluxe Edition: 2.499,00 TL; Digital Deluxe Upgrade: 200,00 TL","Нет","Нет","","https://store.playstation.com/en-tr/concept/10002585","2022-03-14","Action","PEGI_16"
"213","Stray","Основной список","PPSA02101","PS4, PS5","Нет","1.049,00 TL","","Нет","Да","","https://store.playstation.com/en-tr/concept/10001114","2022-07-19","Adventure","PEGI_12"
"86","Street Fighter 6","Основной список","PPSA02633","PS4, PS5","Нет","1.749,00 TL","Standard Edition: 1.749,00 TL; Street Fighter™ 6 Years 1-2 Fighters Edition: 2.579,00 TL","Нет","Да","","https://store.playstation.com/en-tr/concept/10001615","2023-06-01","Fighting","PEGI_12"
"573","Street Fighter V","Основной список","CUSA01222","PS4","Нет","1.049,00 TL","Champion Edition: 1.049,00 TL; Season5 Premium Pass Bundle: 2.099,00 TL","Нет","Да","","https://store.playstation.com/en-tr/concept/204236","2020-02-27","Fighting","PEGI_12"
"704","Streets Of Rage 4","Основной список","CUSA16221","PS4","Нет","875,00 TL","","Нет","Да","","https://store.playstation.com/en-tr/concept/234410","2020-04-29","Action","PEGI_12"
"1460","Stubbs the Zombie in Rebel Without a Pulse","Основной список","CUSA24146","PS4","Нет","139,80 TL","","Нет","Да","","https://store.playstation.com/en-tr/concept/10001292","2021-03-16","Action","PEGI_18"
"1343","Styx: Master of Shadows","Основной список","CUSA01069","PS4","Нет","849,00 TL","","Нет","Нет","","https://store.playstation.com/en-tr/concept/204173","2015-04-14","Adventure","PEGI_16"
"1343","Styx: Master of Shadows","Основной список","CUSA01069","PS4","Нет","849,00 TL","","Нет","Нет","","https://store.playstation.com/en-tr/concept/204173","2015-04-14","Adventure","PEGI_16"
"646","Subnautica","Основной список","PPSA02453","PS4, PS5","Нет","1.049,00 TL","Subnautica PS4 & PS5: 1.049,00 TL; Subnautica PS4 & PS5: 1.049,00 TL","Нет","Да","","https://store.playstation.com/en-tr/concept/232883","2021-05-13","Adventure","PEGI_7"
"1229","Subnautica: Below Zero","Основной список","PPSA02457","PS4, PS5","Нет","1.049,00 TL","","Нет","Да","","https://store.playstation.com/en-tr/concept/235298","2021-05-13","Unique","PEGI_12"
"1019","Sudden Strike 5","Основной список","PPSA28664","PS5","Нет","1.826,65 TL","Standard Edition: 1.826,65 TL; Deluxe Edition: 2.579,00 TL","Нет","Да","","https://store.playstation.com/en-tr/concept/10012979","2026-04-23","Strategy","PEGI_12"
"1560","Suicide Squad: Kill the Justice League","Основной список","PPSA03913","PS5","Нет","2.099,00 TL","Deluxe Edition: 2.199,00 TL","Нет","Нет","","https://store.playstation.com/en-tr/concept/10001609","2024-02-01","Shooter","PEGI_18"
"894","SUPER","Основной список","PPSA30553","PS5","Нет","849,00 TL","","Нет","Нет","","https://store.playstation.com/en-tr/concept/10015390","2026-02-05","Party","PEGI_7"
"1787","Super Meat Boy 3D","Основной список","PPSA31162","PS5","Нет","1.079,00 TL","","Нет","Да","","https://store.playstation.com/en-tr/concept/10015730","2026-03-31","Action","PEGI_16"
"1950","SUPERHOT VR","Основной список","CUSA08165","PS4","Нет","875,00 TL","","Нет","Да","","https://store.playstation.com/en-tr/concept/230315","2017-07-18","Action","PEGI_12"
"1909","Surgeon Simulator: Experience Reality","Основной список","CUSA06041","PS4","Нет","849,00 TL","","Нет","Да","","https://store.playstation.com/en-tr/concept/225777","2017-01-23","Unique","PEGI_18"
"679","Swordsman VR","Основной список","PPSA06987","PS5","Нет","774,00 TL","Swordsman VR: 774,00 TL; Swordsman VR: 774,00 TL","Нет","Нет","","https://store.playstation.com/en-tr/concept/10001020","2023-02-21","Fighting","PEGI_18"
"679","Swordsman VR","Основной список","PPSA06987","PS5","Нет","774,00 TL","Swordsman VR: 774,00 TL; Swordsman VR: 774,00 TL","Нет","Нет","","https://store.playstation.com/en-tr/concept/10001020","2023-02-21","Fighting","PEGI_18"
"590","Syberia","Основной список","PPSA30140","PS5","Нет","1.299,00 TL","Syberia Remastered x Amerzone - The Explorer's Legacy: 1.805,30 TL; Syberia - Remastered: 1.299,00 TL","Да","Да","","https://store.playstation.com/en-tr/concept/10015158","2025-11-05","Adventure","PEGI_12"
"1030","Syberia - The World Before","Основной список","PPSA02776","PS4, PS5","Нет","279,80 TL","Thrilling Stories Collection - 3 in 1: 437,25 TL","Да","Да","PS Plus Extra","https://store.playstation.com/en-tr/concept/10001404","2022-11-14","Adventure","PEGI_16"
"589","Syberia 3","Основной список","CUSA05545","PS4","Нет","169,80 TL","","Да","Да","","https://store.playstation.com/en-tr/concept/221760","2017-04-24","Adventure","PEGI_12"
"434","Synapse","Основной список","PPSA12507","PS5","Нет","1.547,00 TL","","Нет","Нет","","https://store.playstation.com/en-tr/concept/10006846","2023-07-03","Action","PEGI_12"
"457","System Shock","Основной список","PPSA06390","PS4, PS5","Нет","524,70 TL","System Shock: 524,70 TL","Нет","Да","","https://store.playstation.com/en-tr/concept/10004429","2024-05-21","Role Playing Games","PEGI_18"
"457","System Shock","Основной список","PPSA06390","PS4, PS5","Нет","524,70 TL","System Shock: 524,70 TL","Нет","Да","","https://store.playstation.com/en-tr/concept/10004429","2024-05-21","Role Playing Games","PEGI_18"
"705","TABS","Основной список","PPSA06082","PS4, PS5","Нет","349,50 TL","","Нет","Да","","https://store.playstation.com/en-tr/concept/10003641","2024-12-17","Action","PEGI_7"
"2353","Tails of Iron","Основной список","PPSA03777","PS4, PS5","Нет","879,00 TL","","Нет","Да","","https://store.playstation.com/en-tr/concept/10002244","2021-09-17","Action","PEGI_16"
"654","Tails of Iron 2: Whiskers of Winter","Основной список","PPSA20369","PS4, PS5","Нет","350,00 TL","Standard Edition: 350,00 TL; Deluxe Edition: 1.049,00 TL; Standard Bundle: 1.049,00 TL; Deluxe Bundle: 1.229,00 TL","Нет","Да","","https://store.playstation.com/en-tr/concept/10009898","2025-01-28","Role Playing Games","PEGI_16"
"586","Tainted Grail: The Fall of Avalon","Основной список","PPSA19411","PS5","Нет","1.575,00 TL","Standard Edition: 1.575,00 TL; Excalibur Edition: 2.349,00 TL; Adventure Pack: 2.149,00 TL","Нет","Да","","https://store.playstation.com/en-tr/concept/10009530","2025-05-23","Role Playing Games","PEGI_18"
"558","Tales of Arise - Beyond the","Основной список","PPSA02745","PS4, PS5","Нет","2.149,00 TL","Beyond the Dawn Edition: 2.149,00 TL; Premium Edition: 2.249,25 TL","Нет","Да","","https://store.playstation.com/en-tr/concept/234823","2023-09-19","Role Playing Games","PEGI_12"
"229","Taxi Life: A City Driving Simulator","Основной список","PPSA14175","PS5","Нет","1.399,00 TL","Standard Edition: 1.399,00 TL; Supporter Edition: 1.599,00 TL; Complete Edition: 2.579,00 TL","Нет","Да","","https://store.playstation.com/en-tr/concept/10007412","2024-03-07","Simulation","PEGI_3"
"881","Team Sonic Racing","Основной список","CUSA11115","PS4","Нет","1.399,00 TL","Team Sonic Racing™: 1.399,00 TL; Team Sonic Racing & Super Monkey Ball: Banana Blitz HD: 489,00 TL","Нет","Да","","https://store.playstation.com/en-tr/concept/233441","2019-05-20","Driving/Racing","PEGI_3"
"303","Teardown","Основной список","PPSA15247","PS5","Нет","1.049,00 TL","Teardown: 1.049,00 TL; Ultimate Edition: 1.749,00 TL; Deluxe Edition: 1.399,00 TL","Нет","Да","","https://store.playstation.com/en-tr/concept/10007904","2023-11-15","Simulation","PEGI_12"
"901","Teenage Mutant Ninja Turtles: Mutants Unleashed","Основной список","PPSA17246","PS4, PS5","Нет","1.399,00 TL","Standard Edition: 1.399,00 TL; Digital Deluxe Edition: 1.749,00 TL","Нет","Нет","","https://store.playstation.com/en-tr/concept/10008636","2024-10-17","Family","PEGI_7"
"285","TEKKEN 7","Основной список","CUSA06014","PS4","Нет","1.049,00 TL","Standard Edition: 1.049,00 TL; Originals Edition: 524,85 TL; Definitive Edition: 4.199,00 TL","Нет","Да","","https://store.playstation.com/en-tr/concept/222022","2017-06-01","Fighting","PEGI_16"
"55","TEKKEN 8","Основной список","PPSA10594","PS5","Нет","1.049,40 TL","Standard Edition: 1.049,40 TL; Advanced Edition: 2.149,00 TL; Season 2 Deluxe Edition: 3.449,00 TL; Season 2 Ultimate Edition: 2.694,30 TL","Нет","Да","","https://store.playstation.com/en-tr/concept/10006270","2024-01-25","Action","PEGI_16"
"1616","Terminator: Resistance Enhanced","Основной список","PPSA01763","PS5","Нет","1.949,00 TL","Terminator: Resistance Enhanced: 1.949,00 TL; Terminator: Resistance: 1.749,00 TL","Нет","Да","","https://store.playstation.com/en-tr/concept/10001332","2021-04-29","Action","PEGI_16"
"1126","Terraria","Основной список","CUSA00737","PS4","Нет","665,00 TL","","Нет","Да","PS Plus Extra","https://store.playstation.com/en-tr/concept/205080","2014-11-11","Adventure","PEGI_12"
"331","Test Drive Unlimited Solar Crown","Основной список","PPSA05965","PS5","Нет","2.099,00 TL","Silver Streets Edition: 2.799,00 TL; Silver Sharps Edition: 2.799,00 TL; Gold Edition: 3.149,00 TL","Нет","Да","PS Plus Extra","https://store.playstation.com/en-tr/concept/10003910","2024-09-12","Driving/Racing","PEGI_18"
"1173","Tetris Effect: Connected","Основной список","PPSA07959","PS5","Нет","1.399,00 TL","Tetris® Effect: Connected: 1.399,00 TL","Нет","Нет","","https://store.playstation.com/en-tr/concept/232708","2023-02-21","Puzzle","PEGI_3"
"1173","Tetris Effect: Connected","Основной список","PPSA07959","PS5","Нет","1.399,00 TL","Tetris® Effect: Connected: 1.399,00 TL","Нет","Нет","","https://store.playstation.com/en-tr/concept/232708","2023-02-21","Puzzle","PEGI_3"
"320","The Alters","Основной список","PPSA16033","PS5","Нет","1.499,00 TL","Standard Edition: 1.499,00 TL; Deluxe Edition: 1.289,40 TL","Нет","Да","","https://store.playstation.com/en-tr/concept/10008217","2025-06-13","Adventure","PEGI_16"
"454","The Ascent","Основной список","PPSA02592","PS4, PS5","Нет","1.299,00 TL","The Ascent PS4 & PS5: 1.299,00 TL; Cyber Edition PS4 & PS5: 1.949,00 TL","Нет","Да","","https://store.playstation.com/en-tr/concept/233248","2022-03-24","Shooter","PEGI_18"
"1807","The Beast Inside","Основной список","PPSA10718","PS5","Нет","875,00 TL","The Beast Inside: 875,00 TL; The Beast Inside: 875,00 TL","Нет","Да","","https://store.playstation.com/en-tr/concept/10006325","2022-11-29","Action","PEGI_18"
"1807","The Beast Inside","Основной список","PPSA10718","PS5","Нет","875,00 TL","The Beast Inside: 875,00 TL; The Beast Inside: 875,00 TL","Нет","Да","","https://store.playstation.com/en-tr/concept/10006325","2022-11-29","Action","PEGI_18"
"464","The Binding of Isaac: Rebirth","Основной список","CUSA01344","PS4","Нет","649,00 TL","","Нет","Нет","","https://store.playstation.com/en-tr/concept/204584","2014-11-04","Action","PEGI_16"
"843","The Binding of Isaac: Repentance","Основной список","PPSA05619","PS5","Нет","2.579,00 TL","","Нет","Нет","","https://store.playstation.com/en-tr/concept/10002630","2021-11-04","Action","PEGI_16"
"114","The Blood of Dawnwalker","Основной список","PPSA28000","PS5","Да","2.999,00 TL","Standard Edition: 2.999,00 TL; Eclipse Edition: 3.449,00 TL","Нет","Нет","","https://store.playstation.com/en-tr/concept/10013855","2026-09-02","Adventure","PEGI_18"
"2308","The Bunker","Основной список","PPSA18899","PS4, PS5","Нет","167,76 TL","","Нет","Да","","https://store.playstation.com/en-tr/concept/223983","2024-02-04","Horror","PEGI_16"
"933","The Callisto Protocol","Основной список","PPSA03352","PS4, PS5","Нет","2.499,00 TL","Digital Deluxe Edition: 2.249,00 TL; Digital Deluxe Edition: 1.999,00 TL","Нет","Да","","https://store.playstation.com/en-tr/concept/10002652","2022-12-02","Horror","PEGI_18"
"933","The Callisto Protocol","Основной список","PPSA03352","PS4, PS5","Нет","2.499,00 TL","Digital Deluxe Edition: 2.249,00 TL; Digital Deluxe Edition: 1.999,00 TL","Нет","Да","","https://store.playstation.com/en-tr/concept/10002652","2022-12-02","Horror","PEGI_18"
"933","The Callisto Protocol","Основной список","PPSA03352","PS4, PS5","Нет","2.499,00 TL","Digital Deluxe Edition: 2.249,00 TL; Digital Deluxe Edition: 1.999,00 TL","Нет","Да","","https://store.playstation.com/en-tr/concept/10002652","2022-12-02","Horror","PEGI_18"
"933","The Callisto Protocol","Основной список","PPSA03352","PS4, PS5","Нет","2.499,00 TL","Digital Deluxe Edition: 2.249,00 TL; Digital Deluxe Edition: 1.999,00 TL","Нет","Да","","https://store.playstation.com/en-tr/concept/10002652","2022-12-02","Horror","PEGI_18"
"1371","The Casting of Frank Stone","Основной список","PPSA16163","PS5","Нет","404,25 TL","Deluxe Edition: 539,22 TL","Да","Да","PS Plus Extra","https://store.playstation.com/en-tr/concept/10008245","2024-09-03","Horror","PEGI_18"
"2149","The Chant","Основной список","PPSA03618","PS5","Нет","175,80 TL","","Да","Да","","https://store.playstation.com/en-tr/concept/10002823","2022-11-02","Horror","PEGI_16"
"1380","The Coma 3: Bloodlines","Основной список","PPSA36381","PS4, PS5","Нет","649,00 TL","","Нет","Да","","https://store.playstation.com/en-tr/concept/10018797","2026-04-30","Adventure","PEGI_12"
"2274","The Council - Complete Season","Основной список","CUSA10766","PS4","Нет","529,00 TL","The Council - Complete Season: 529,00 TL","Нет","Да","","https://store.playstation.com/en-tr/concept/231166","2018-03-12","Role Playing Games","PEGI_16"
"411","The Crew 2","Основной список","CUSA08609","PS4","Нет","1.299,00 TL","Special Edition: 1.749,00 TL; Gold Edition: 2.149,00 TL","Да","Да","PS Plus Extra","https://store.playstation.com/en-tr/concept/227552","2018-06-28","Simulation","PEGI_12"
"74","The Crew Motorfest Cross-Gen Bundle","Основной список","PPSA14723","PS4, PS5","Нет","375,80 TL","Deluxe Edition: 2.999,00 TL; Ultimate Year 2 Edition: 3.499,00 TL; Ultimate Year 3 Edition: 1.679,60 TL","Нет","Да","PS Plus Extra","https://store.playstation.com/en-tr/concept/10002313","2023-09-14","Driving/Racing","PEGI_12"
"649","The Dark Pictures Anthology: House of Ashes","Основной список","PPSA02594","PS4, PS5","Нет","1.049,00 TL","","Да","Да","","https://store.playstation.com/en-tr/concept/10001837","2021-10-21","Adventure","PEGI_18"
"451","The Dark Pictures Anthology: Little Hope","Основной список","PPSA06487","PS4, PS5","Нет","699,00 TL","","Да","Да","","https://store.playstation.com/en-tr/concept/235232","2022-09-27","Adventure","PEGI_18"
"671","The Dark Pictures Anthology: Man of Medan","Основной список","PPSA06488","PS4, PS5","Нет","349,50 TL","","Да","Да","","https://store.playstation.com/en-tr/concept/232935","2022-09-27","Horror","PEGI_16"
"426","The Dark Pictures Anthology: The Devil in Me","Основной список","PPSA05921","PS4, PS5","Нет","369,63 TL","Season One Bundle: 3.499,00 TL","Да","Да","","https://store.playstation.com/en-tr/concept/10004192","2022-11-18","Horror","PEGI_18"
"1007","The Dark Pictures: Switchback VR","Основной список","PPSA09736","PS5","Нет","1.049,00 TL","","Нет","Да","","https://store.playstation.com/en-tr/concept/10004042","2023-03-15","Horror","PEGI_18"
"254","The Elder Scrolls IV: Oblivion","Основной список","PPSA21203","PS5","Нет","1.925,00 TL","Standard Edition: 1.925,00 TL; Deluxe Edition: 2.275,00 TL","Нет","Нет","","https://store.playstation.com/en-tr/concept/10010248","2025-04-22","Role Playing Games","PEGI_18"
"205","The Elder Scrolls Online","Основной список","PPSA02018","PS4, PS5","Нет","449,99 TL","Standard Edition: 449,99 TL; Deluxe Edition: 1.942,00 TL","Нет","Да","","https://store.playstation.com/en-tr/concept/204861","2021-06-15","Role Playing Games","PEGI_18"
"200","The Elder Scrolls V: Skyrim Special Edition","Основной список","PPSA03747","PS4, PS5","Нет","1.399,00 TL","Anniversary Edition: 1.799,00 TL","Да","Да","PS Plus Extra","https://store.playstation.com/en-tr/concept/230955","2021-11-11","Role Playing Games","PEGI_18"
"1099","The Escapists 2","Основной список","CUSA06244","PS4","Нет","192,25 TL","The Escapists 2 - Game of the Year Edition: 945,00 TL; The Escapists 2: 192,25 TL; The Escapists  + The Escapists 2: 239,80 TL","Нет","Да","","https://store.playstation.com/en-tr/concept/222885","2017-08-22","Role Playing Games","PEGI_7"
"1095","The Eternal Cylinder","Основной список","PPSA06369","PS4, PS5","Нет","1.079,00 TL","","Нет","Да","","https://store.playstation.com/en-tr/concept/232593","2022-10-13","Adventure","PEGI_12"
"432","The Evil Within 2","Основной список","CUSA08975","PS4","Нет","46,57 TL","","Да","Да","PS Plus Extra","https://store.playstation.com/en-tr/concept/228861","2017-10-12","Horror","PEGI_18"
"515","The Evil Within","Основной список","CUSA00375","PS4","Нет","699,00 TL","","Нет","Да","","https://store.playstation.com/en-tr/concept/204572","2014-12-16","Horror","PEGI_18"
"515","The Evil Within","Основной список","CUSA00375","PS4","Нет","699,00 TL","","Нет","Да","","https://store.playstation.com/en-tr/concept/204572","2014-12-16","Horror","PEGI_18"
"1255","The Exit 8","Основной список","PPSA23276","PS4, PS5","Нет","139,00 TL","","Нет","Нет","PS Plus Extra","https://store.playstation.com/en-tr/concept/10011105","2024-08-08","Horror","PEGI_12"
"276","The First Berserker: Khazan","Основной список","PPSA20447","PS5","Нет","1.399,00 TL","STANDARD EDITION: 1.399,00 TL; DELUXE EDITION: 1.599,00 TL","Нет","Да","","https://store.playstation.com/en-tr/concept/10009937","2025-03-27","Action","PEGI_16"
"188","The Forest","Основной список","CUSA12398","PS4","Нет","208,25 TL","","Нет","Нет","","https://store.playstation.com/en-tr/concept/231416","2018-11-05","Horror","PEGI_18"
"2931","The Hong Kong Massacre","Основной список","CUSA12943","PS4","Нет","73,00 TL","","Нет","Нет","","https://store.playstation.com/en-tr/concept/232521","2019-01-21","Action","PEGI_16"
"1534","The Jackbox Party Starter","Основной список","PPSA07483","PS4, PS5","Нет","699,00 TL","","Нет","Нет","","https://store.playstation.com/en-tr/concept/10004971","2022-06-29","Party","PEGI_12"
"1016","The King is Watching","Основной список","PPSA34959","PS5","Нет","649,00 TL","","Нет","Да","","https://store.playstation.com/en-tr/concept/10017931","2026-07-29","Strategy","PEGI_7"
"2367","THE KING OF FIGHTERS XIV","Основной список","CUSA05461","PS4","Нет","174,75 TL","THE KING OF FIGHTERS XIV UE: 1.399,00 TL; THE KING OF FIGHTERS XIV: 174,75 TL","Нет","Нет","","https://store.playstation.com/en-tr/concept/211864","2016-08-25","Action","PEGI_12"
"1059","The Last Faith","Основной список","PPSA09346","PS4, PS5","Нет","279,95 TL","","Нет","Да","","https://store.playstation.com/en-tr/concept/10005554","2023-11-15","Adventure","PEGI_16"
"2229","The Last Guardian","Основной список","CUSA03745","PS4","Нет","1.199,00 TL","The Last Guardian™ Soundtrack Composer’s Choice Edition: 343,00 TL","Нет","Да","PS Plus Extra","https://store.playstation.com/en-tr/concept/204826","2016-12-06","Action","PEGI_12"
"562","The Last of Us Complete","Основной список","PPSA29488","PS5","Нет","4.749,00 TL","","Да","Да","","https://store.playstation.com/en-tr/concept/10014811","2025-04-10","Action","PEGI_18"
"61","The Last of Us Part I","Основной список","PPSA07642","PS5","Нет","3.449,00 TL","Digital Deluxe Edition: 3.149,00 TL","Да","Да","PS Plus Extra","https://store.playstation.com/en-tr/concept/10002694","2022-09-01","Action","PEGI_18"
"48","The Last of Us Part II","Основной список","PPSA15508","PS5","Нет","2.149,00 TL","The Last of Us Part II Digital Deluxe Edition: 1.749,00 TL","Да","Да","PS Plus Extra","https://store.playstation.com/en-tr/concept/230079","2024-01-18","Adventure","PEGI_18"
"161","The Last of Us","Основной список","CUSA00556","PS4","Нет","699,00 TL","","Нет","Нет","","https://store.playstation.com/en-tr/concept/228638","2014-07-29","Action","PEGI_18"
"2697","The Last Oricru - Final Cut","Основной список","PPSA04866","PS5","Нет","699,00 TL","","Нет","Да","","https://store.playstation.com/en-tr/concept/10003575","2022-10-12","Role Playing Games","PEGI_16"
"912","The LEGO Movie 2 Videogame","Основной список","CUSA13509","PS4","Нет","1.399,00 TL","The LEGO® Movie Videogame Bundle: 2.099,00 TL; The LEGO Movie 2 Videogame: 1.399,00 TL","Нет","Да","","https://store.playstation.com/en-tr/concept/232851","2019-02-28","Adventure","PEGI_7"
"1392","The LEGO Movie Videogame","Основной список","CUSA00563","PS4","Нет","1.399,00 TL","","Нет","Да","PS Plus Extra","https://store.playstation.com/en-tr/concept/204880","2014-05-14","Adventure","PEGI_7"
"563","The Long Dark","Основной список","PPSA30659","PS4, PS5","Нет","1.299,00 TL","","Нет","Да","PS Plus Extra","https://store.playstation.com/en-tr/concept/229391","2025-11-11","Adventure","PEGI_16"
"1798","The Medium","Основной список","PPSA03718","PS5","Нет","2.149,00 TL","Standard Edition: 2.149,00 TL; Deluxe Edition: 2.349,00 TL","Нет","Да","","https://store.playstation.com/en-tr/concept/10002899","2021-09-02","Horror","PEGI_18"
"2386","The Messenger","Основной список","PPSA24651","PS4, PS5","Нет","849,00 TL","The Messenger: 849,00 TL","Нет","Да","","https://store.playstation.com/en-tr/concept/233517","2025-01-23","Action","PEGI_7"
"2586","The Midnight Walk","Основной список","PPSA24864","PS5","Нет","1.299,00 TL","","Нет","Нет","","https://store.playstation.com/en-tr/concept/10009390","2025-05-07","Horror","PEGI_12"
"511","The Mound: Omen of Cthulhu","Основной список","PPSA26223","PS5","Нет","1.299,00 TL","Standard Edition: 1.299,00 TL; Deluxe Edition: 1.749,00 TL","Нет","Да","","https://store.playstation.com/en-tr/concept/10012563","2026-07-15","Shooter","PEGI_18"
"427","The Outer Worlds 2","Основной список","PPSA24588","PS5","Нет","2.999,00 TL","The Outer Worlds 2: 2.999,00 TL; Premium: 3.999,00 TL","Нет","Да","","https://store.playstation.com/en-tr/concept/10011796","2025-10-29","Role Playing Games","PEGI_18"
"427","The Outer Worlds 2","Основной список","PPSA24588","PS5","Нет","2.999,00 TL","The Outer Worlds 2: 2.999,00 TL; Premium: 3.999,00 TL","Нет","Да","","https://store.playstation.com/en-tr/concept/10011796","2025-10-29","Role Playing Games","PEGI_18"
"315","The Outlast Trials","Основной список","PPSA05004","PS4, PS5","Нет","200,70 TL","Standard: 200,70 TL; Deluxe: 239,70 TL","Нет","Да","","https://store.playstation.com/en-tr/concept/10001988","2024-03-05","Horror","PEGI_18"
"29","The Lord of the Rings: War in the North","Основной список","PPSA22721","PS5","Нет","927,90 TL","","Нет","Да","","https://store.playstation.com/en-tr/concept/10010865","2026-08-11","Role Playing Games","PEGI_18"
"29","The Lord of the Rings: War in the North","Основной список","PPSA22721","PS5","Нет","927,90 TL","","Нет","Да","","https://store.playstation.com/en-tr/concept/10010865","2026-08-11","Role Playing Games","PEGI_18"
"29","The Lord of the Rings: War in the North","Основной список","PPSA22721","PS5","Нет","927,90 TL","","Нет","Да","","https://store.playstation.com/en-tr/concept/10010865","2026-08-11","Role Playing Games","PEGI_18"
"29","The Lord of the Rings: War in the North","Основной список","PPSA22721","PS5","Нет","927,90 TL","","Нет","Да","","https://store.playstation.com/en-tr/concept/10010865","2026-08-11","Role Playing Games","PEGI_18"
"29","The Lord of the Rings: War in the North","Основной список","PPSA22721","PS5","Нет","927,90 TL","","Нет","Да","","https://store.playstation.com/en-tr/concept/10010865","2026-08-11","Role Playing Games","PEGI_18"
"1814","The Precinct","Основной список","PPSA17732","PS5","Нет","1.049,00 TL","","Нет","Да","","https://store.playstation.com/en-tr/concept/10008902","2025-05-13","Action","PEGI_18"
"249","The Quarry for","Основной список","PPSA06225","PS5","Нет","2.799,00 TL","Standard Edition: 2.799,00 TL; Deluxe Ed. for PS4™ & PS5™: 314,90 TL","Да","Да","","https://store.playstation.com/en-tr/concept/10004123","2022-06-09","Horror","PEGI_18"
"249","The Quarry for","Основной список","PPSA06225","PS5","Нет","2.799,00 TL","Standard Edition: 2.799,00 TL; Deluxe Ed. for PS4™ & PS5™: 314,90 TL","Да","Да","","https://store.playstation.com/en-tr/concept/10004123","2022-06-09","Horror","PEGI_18"
"249","The Quarry for","Основной список","PPSA06225","PS5","Нет","2.799,00 TL","Standard Edition: 2.799,00 TL; Deluxe Ed. for PS4™ & PS5™: 314,90 TL","Да","Да","","https://store.playstation.com/en-tr/concept/10004123","2022-06-09","Horror","PEGI_18"
"775","The Relic: First Guardian","Основной список","PPSA20946","PS5","Нет","2.149,00 TL","","Нет","Да","","https://store.playstation.com/en-tr/concept/10010147","2026-07-30","Action","PEGI_16"
"50","The Sims 4","Основной список","CUSA09216","PS4","Нет","Free","","Нет","Да","EA Access","https://store.playstation.com/en-tr/concept/228857","2017-11-16","Simulation","PEGI_12"
"50","The Sims 4","Основной список","CUSA09216","PS4","Нет","Free","","Нет","Да","EA Access","https://store.playstation.com/en-tr/concept/228857","2017-11-16","Simulation","PEGI_12"
"50","The Sims 4","Основной список","CUSA09216","PS4","Нет","Free","","Нет","Да","EA Access","https://store.playstation.com/en-tr/concept/228857","2017-11-16","Simulation","PEGI_12"
"50","The Sims 4","Основной список","CUSA09216","PS4","Нет","Free","","Нет","Да","EA Access","https://store.playstation.com/en-tr/concept/228857","2017-11-16","Simulation","PEGI_12"
"50","The Sims 4","Основной список","CUSA09216","PS4","Нет","Free","","Нет","Да","EA Access","https://store.playstation.com/en-tr/concept/228857","2017-11-16","Simulation","PEGI_12"
"50","The Sims 4","Основной список","CUSA09216","PS4","Нет","Free","","Нет","Да","EA Access","https://store.playstation.com/en-tr/concept/228857","2017-11-16","Simulation","PEGI_12"
"50","The Sims 4","Основной список","CUSA09216","PS4","Нет","Free","","Нет","Да","EA Access","https://store.playstation.com/en-tr/concept/228857","2017-11-16","Simulation","PEGI_12"
"50","The Sims 4","Основной список","CUSA09216","PS4","Нет","Free","","Нет","Да","EA Access","https://store.playstation.com/en-tr/concept/228857","2017-11-16","Simulation","PEGI_12"
"199","The Sinking City 2","Основной список","PPSA18543","PS5","Да","2.149,00 TL","Standard Edition: 2.149,00 TL; Deluxe Edition: 2.349,00 TL; Premium Edition: 2.579,00 TL","Нет","Нет","","https://store.playstation.com/en-tr/concept/10009208","2026-08-18","Horror","PEGI_18"
"387","The Sinking City","Основной список","PPSA01772","PS5","Нет","1.749,00 TL","The Sinking City Remastered: 1.749,00 TL; The Lucid Dreamer Bundle: 223,92 TL; Lovecraftian Bundle: 2.799,00 TL; Deluxe Edition: 2.275,00 TL","Да","Да","","https://store.playstation.com/en-tr/concept/10001340","2021-02-18","Adventure","PEGI_18"
"387","The Sinking City","Основной список","PPSA01772","PS5","Нет","1.749,00 TL","The Sinking City Remastered: 1.749,00 TL; The Lucid Dreamer Bundle: 223,92 TL; Lovecraftian Bundle: 2.799,00 TL; Deluxe Edition: 2.275,00 TL","Да","Да","","https://store.playstation.com/en-tr/concept/10001340","2021-02-18","Adventure","PEGI_18"
"387","The Sinking City","Основной список","PPSA01772","PS5","Нет","1.749,00 TL","The Sinking City Remastered: 1.749,00 TL; The Lucid Dreamer Bundle: 223,92 TL; Lovecraftian Bundle: 2.799,00 TL; Deluxe Edition: 2.275,00 TL","Да","Да","","https://store.playstation.com/en-tr/concept/10001340","2021-02-18","Adventure","PEGI_18"
"865","The Smurfs - Mission Vileaf","Основной список","PPSA02876","PS5","Нет","131,85 TL","The Smurfs - Mission Vileaf: 131,85 TL; Childhood Heroes - 3 in 1: 437,25 TL; The Smurfs - Mission Vileaf: 131,85 TL","Нет","Да","","https://store.playstation.com/en-tr/concept/10002353","2021-12-01","Adventure","PEGI_3"
"865","The Smurfs - Mission Vileaf","Основной список","PPSA02876","PS5","Нет","131,85 TL","The Smurfs - Mission Vileaf: 131,85 TL; Childhood Heroes - 3 in 1: 437,25 TL; The Smurfs - Mission Vileaf: 131,85 TL","Нет","Да","","https://store.playstation.com/en-tr/concept/10002353","2021-12-01","Adventure","PEGI_3"
"2046","The Stanley Parable: Ultra Deluxe","Основной список","PPSA06655","PS4, PS5","Нет","949,00 TL","","Нет","Да","","https://store.playstation.com/en-tr/concept/10003841","2022-04-27","Adventure","PEGI_12"
"2875","The Talos Principle","Основной список","CUSA01256","PS4","Нет","259,80 TL","","Нет","Нет","","https://store.playstation.com/en-tr/concept/204788","2015-10-12","Puzzle","PEGI_7"
"2532","The Talos Principle 2","Основной список","PPSA05888","PS5","Нет","1.049,00 TL","The Talos Principle Ultimate Collection: 2.499,00 TL; Deluxe Edition: 236,25 TL","Нет","Да","PS Plus Extra","https://store.playstation.com/en-tr/concept/10004172","2023-11-02","Puzzle","PEGI_12"
"2539","The Talos Principle: Reawakened","Основной список","PPSA26283","PS5","Нет","1.399,00 TL","The Talos Principle Origin Bundle: 644,70 TL; The Talos Principle Dyad Bundle: 2.099,00 TL","Нет","Да","","https://store.playstation.com/en-tr/concept/10012495","2025-04-10","Puzzle","PEGI_12"
"2150","The Testament of Sherlock Holmes","Основной список","CUSA42450","PS4","Нет","131,25 TL","","Нет","Нет","","https://store.playstation.com/en-tr/concept/10007994","2023-06-29","Adventure","PEGI_16"
"474","The Texas Chain Saw Massacre","Основной список","PPSA05328","PS4, PS5","Нет","649,00 TL","The Texas Chain Saw Massacre - Content Pass Edition: 1.160,00 TL; The Texas Chain Saw Massacre: 649,00 TL","Нет","Нет","","https://store.playstation.com/en-tr/concept/10002719","2023-08-17","Horror","PEGI_18"
"1144","The Walking Dead: Saints & Sinners","Основной список","PPSA13640","PS5","Нет","849,00 TL","The Walking Dead: Saints & Sinners: 849,00 TL; Tourist Edition: 1.299,00 TL; The Walking Dead: Saints & Sinners - Standard Edition: 849,00 TL; Tourist Edition: 1.299,00 TL","Нет","Да","","https://store.playstation.com/en-tr/concept/10007284","2023-03-21","Horror","PEGI_18"
"1144","The Walking Dead: Saints & Sinners","Основной список","PPSA13640","PS5","Нет","849,00 TL","The Walking Dead: Saints & Sinners: 849,00 TL; Tourist Edition: 1.299,00 TL; The Walking Dead: Saints & Sinners - Standard Edition: 849,00 TL; Tourist Edition: 1.299,00 TL","Нет","Да","","https://store.playstation.com/en-tr/concept/10007284","2023-03-21","Horror","PEGI_18"
"1144","The Walking Dead: Saints & Sinners","Основной список","PPSA13640","PS5","Нет","849,00 TL","The Walking Dead: Saints & Sinners: 849,00 TL; Tourist Edition: 1.299,00 TL; The Walking Dead: Saints & Sinners - Standard Edition: 849,00 TL; Tourist Edition: 1.299,00 TL","Нет","Да","","https://store.playstation.com/en-tr/concept/10007284","2023-03-21","Horror","PEGI_18"
"206","The Walking Dead: The Telltale Definitive Series","Основной список","CUSA16506","PS4","Нет","1.749,00 TL","","Нет","Да","","https://store.playstation.com/en-tr/concept/234566","2019-09-09","Adventure","PEGI_18"
"1872","The Warriors","Основной список","CUSA03548","PS4","Нет","315,00 TL","","Нет","Нет","","https://store.playstation.com/en-tr/concept/205082","2016-07-04","Adventure","PEGI_18"
"53","The Witcher 3: Wild Hunt","Основной список","PPSA10408","PS4, PS5","Нет","254,00 TL","The Witcher 3: Wild Hunt – Complete Edition: 999,00 TL; The Witcher 3: Wild Hunt: 254,00 TL","Нет","Да","","https://store.playstation.com/en-tr/concept/204794","2022-12-13","Role Playing Games","PEGI_18"
"1791","The Wolf Among Us","Основной список","CUSA01009","PS4","Нет","529,00 TL","","Нет","Нет","","https://store.playstation.com/en-tr/concept/204807","2014-11-06","Action","PEGI_18"
"145","theHunter: Call of the Wild","Основной список","CUSA08368","PS4","Нет","1.049,00 TL","theHunter: Call of the Wild™ – Hunting Starter Bundle: 1.419,00 TL; theHunter: Call of the Wild™ - Hunting Starter Pack: 1.419,00 TL; theHunter: Call of the Wild™ - Hunting Pro Bundle: 2.799,00 TL; Ultimate Hunting Bundle: 6.449,00 TL","Нет","Нет","PS Plus Extra","https://store.playstation.com/en-tr/concept/228868","2017-10-01","Sport","PEGI_16"
"1559","Thief","Основной список","CUSA00250","PS4","Нет","699,00 TL","Thief: Master Thief Edition: 875,00 TL","Да","Да","PS Plus Extra","https://store.playstation.com/en-tr/concept/204538","2014-02-27","Action","PEGI_16"
"2546","Thief Simulator","Основной список","CUSA20097","PS4","Нет","699,00 TL","Thief Simulator: 699,00 TL; Recycling Center Simulator & Thief Simulator: 1.749,00 TL","Нет","Да","","https://store.playstation.com/en-tr/concept/10000707","2020-08-12","Action","PEGI_7"
"1562","This War of Mine: Final Cut","Основной список","PPSA05102","PS5","Нет","699,00 TL","Complete Edition: 189,00 TL","Нет","Да","PS Plus Extra","https://store.playstation.com/en-tr/concept/10003699","2022-05-10","Adventure","PEGI_18"
"2318","TimeSplitters","Основной список","PPSA23799","PS4, PS5","Нет","87,25 TL","","Нет","Нет","","https://store.playstation.com/en-tr/concept/10011401","2024-08-20","Shooter","PEGI_16"
"2318","TimeSplitters","Основной список","PPSA23799","PS4, PS5","Нет","87,25 TL","","Нет","Нет","","https://store.playstation.com/en-tr/concept/10011401","2024-08-20","Shooter","PEGI_16"
"806","Tiny Tina's Wonderlands","Основной список","PPSA01493","PS4, PS5","Нет","1.048,99 TL","Next-Level Edition: 1.048,99 TL; Chaotic Great Edition: 1.399,01 TL","Нет","Да","","https://store.playstation.com/en-tr/concept/10000818","2022-03-24","Shooter","PEGI_16"
"806","Tiny Tina's Wonderlands","Основной список","PPSA01493","PS4, PS5","Нет","1.048,99 TL","Next-Level Edition: 1.048,99 TL; Chaotic Great Edition: 1.399,01 TL","Нет","Да","","https://store.playstation.com/en-tr/concept/10000818","2022-03-24","Shooter","PEGI_16"
"669","Titan Quest","Основной список","CUSA08366","PS4","Нет","1.049,00 TL","","Да","Да","","https://store.playstation.com/en-tr/concept/227245","2018-03-19","Action","PEGI_12"
"693","Titanfall 2","Основной список","CUSA04013","PS4","Нет","879,00 TL","Titanfall™ 2: Ultimate Edition: 1.399,00 TL","Да","Да","EA Access","https://store.playstation.com/en-tr/concept/221813","2016-10-27","Shooter","PEGI_16"
"987","TOKYO GHOUL:re [CALL to EXIST]","Основной список","CUSA12452","PS4","Нет","2.499,00 TL","","Нет","Да","","https://store.playstation.com/en-tr/concept/233225","2019-11-15","Action","PEGI_16"
"128","Tom Clancy's Ghost Recon Breakpoint","Основной список","CUSA16001","PS4","Нет","469,00 TL","Tom Clancy's Ghost Recon Breakpoint Deluxe Edition: 549,00 TL; Gold Edition: 810,00 TL; Tom Clancy's Ghost Recon Breakpoint Ultimate Edition: 3.899,00 TL","Нет","Да","PS Plus Extra","https://store.playstation.com/en-tr/concept/233112","2019-10-03","Action","PEGI_18"
"102","Tom Clancy's Ghost Recon Wildlands","Основной список","CUSA02819","PS4","Нет","2.149,00 TL","Definitive Edition: 4.299,00 TL","Нет","Нет","PS Plus Extra","https://store.playstation.com/en-tr/concept/201697","2017-04-17","Action","PEGI_18"
"2659","Tom Clancy’s Rainbow Six Extraction","Основной список","PPSA01517","PS4, PS5","Нет","449,00 TL","Deluxe Edition: 499,00 TL","Да","Да","PS Plus Extra","https://store.playstation.com/en-tr/concept/233592","2022-01-19","Unique","PEGI_16"
"125","Tom Clancy's Rainbow Six Siege - Free Access","Основной список","PPSA01660","PS5","Нет","1.749,00 TL","Ultimate Edition: 1.749,00 TL","Да","Да","","https://store.playstation.com/en-tr/concept/203897","2025-06-10","Shooter","PEGI_18"
"125","Tom Clancy's Rainbow Six Siege - Free Access","Основной список","PPSA01660","PS5","Нет","1.749,00 TL","Ultimate Edition: 1.749,00 TL","Да","Да","","https://store.playstation.com/en-tr/concept/203897","2025-06-10","Shooter","PEGI_18"
"534","TOM CLANCY'S THE DIVISION","Основной список","CUSA01262","PS4","Нет","1.049,00 TL","Tom Clancy’s The Division - Definitive Edition: 1.749,00 TL","Да","Да","PS Plus Extra","https://store.playstation.com/en-tr/concept/204941","2016-03-07","Action","PEGI_18"
"112","Tom Clancy’s The Division 2","Основной список","CUSA12631","PS4","Нет","187,25 TL","Gold Edition: 1.499,00 TL; Ultimate Edition: 720,00 TL","Да","Да","PS Plus Extra","https://store.playstation.com/en-tr/concept/232391","2019-03-14","Action","PEGI_18"
"1881","Tomb Raider","Основной список","CUSA00109","PS4","Нет","849,00 TL","","Да","Да","PS Plus Extra","https://store.playstation.com/en-tr/concept/212740","2014-01-30","Adventure","PEGI_18"
"440","Tomb Raider I-III Remastered Starring Lara Croft","Основной список","PPSA16902","PS4, PS5","Нет","262,25 TL","Tomb Raider I-VI Remastered: 481,25 TL; Tomb Raider I-III Remastered Starring Lara Croft: 262,25 TL; The Tomb Raider & Soul Reaver Remastered Bundle: 3.449,00 TL","Да","Да","","https://store.playstation.com/en-tr/concept/10008568","2024-02-13","Action","PEGI_16"
"1040","Tomb Raider IV-VI","Основной список","PPSA18151","PS4, PS5","Нет","262,25 TL","","Да","Да","","https://store.playstation.com/en-tr/concept/10009064","2025-02-14","Action","PEGI_16"
"89","Tomb Raider: Definitive Survivor Trilogy","Основной список","CUSA27688","PS4","Нет","439,00 TL","","Да","Да","","https://store.playstation.com/en-tr/concept/10002774","2021-03-17","Action","PEGI_18"
"216","Tomb Raider: Legacy of Atlantis","Основной список","PPSA29000","PS5","Да","2.579,00 TL","Standard Edition: 2.579,00 TL; Deluxe Edition: 2.999,00 TL","Нет","Нет","","https://store.playstation.com/en-tr/concept/10014491","2027-02-12","Adventure","PEGI_16"
"794","Tony Hawk's Pro Skater 1 + 2 - Cross-Gen Deluxe Bundle","Основной список","PPSA02177","PS4, PS5","Нет","1.599,00 TL","Tony Hawk's™ Pro Skater™ 1 + 2: 113,49 TL; Tony Hawk's™ Pro Skater™ 1 + 2 - Cross-Gen Deluxe Bundle: 1.599,00 TL","Нет","Нет","","https://store.playstation.com/en-tr/concept/235168","2021-03-25","Sport","PEGI_12"
"846","Tony Hawk's Pro Skater 3 + 4","Основной список","PPSA18010","PS4, PS5","Нет","1.799,40 TL","TH34R Cross-Gen: 1.080,00 TL; TH12R+TH34R Standard: 1.799,40 TL; TH34R Deluxe: 2.520,00 TL; TH12R+TH34R Deluxe: 3.999,00 TL","Нет","Нет","","https://store.playstation.com/en-tr/concept/10009018","2025-07-07","Sport","PEGI_12"
"1027","Tools Up!","Основной список","CUSA17242","PS4","Нет","699,00 TL","Tools Up! - The Renovation Spree Bundle: 1.160,00 TL; Tools Up!: 699,00 TL","Нет","Да","","https://store.playstation.com/en-tr/concept/234898","2019-12-02","Casual","PEGI_3"
"267","TopSpin 2K25 Cross-Gen","Основной список","PPSA06899","PS4, PS5","Нет","699,00 TL","Cross-Gen Edition: 699,00 TL; Deluxe Edition: 1.049,00 TL; Grand Slam® Edition: 1.399,00 TL","Нет","Нет","","https://store.playstation.com/en-tr/concept/10004708","2024-04-25","Sport","PEGI_3"
"1947","Torchlight III","Основной список","CUSA13834","PS4","Нет","349,80 TL","","Нет","Да","","https://store.playstation.com/en-tr/concept/229858","2020-10-13","Role Playing Games","PEGI_12"
"1182","Tormented Souls","Основной список","PPSA02526","PS4, PS5","Нет","174,75 TL","Tormented Souls: 174,75 TL","Нет","Да","","https://store.playstation.com/en-tr/concept/10002062","2021-08-27","Horror","PEGI_18"
"1470","Tortuga - A Pirate's Tale","Основной список","PPSA06765","PS4, PS5","Нет","576,95 TL","","Да","Да","","https://store.playstation.com/en-tr/concept/10004637","2023-01-18","Strategy","PEGI_16"
"1098","Tourist Bus Simulator","Основной список","PPSA04433","PS5","Нет","1.299,00 TL","","Нет","Да","","https://store.playstation.com/en-tr/concept/10003309","2022-05-11","Simulation","PEGI_3"
"781","Trepang2","Основной список","PPSA15349","PS5","Нет","1.199,00 TL","Trepang2: 1.199,00 TL; Digital Deluxe Edition: 179,75 TL","Нет","Да","","https://store.playstation.com/en-tr/concept/10007968","2023-10-01","Shooter","PEGI_18"
"1647","Tricky Towers","Основной список","CUSA05198","PS4","Нет","525,00 TL","Bewitching Brick Bundle: 69,00 TL","Нет","Да","PS Plus Extra","https://store.playstation.com/en-tr/concept/221793","2016-08-01","Casual","PEGI_3"
"875","Trine 5: A Clockwork Conspiracy","Основной список","PPSA14276","PS4, PS5","Нет","419,60 TL","","Нет","Да","","https://store.playstation.com/en-tr/concept/10007533","2023-08-30","Family","PEGI_12"
"2563","Trine","Основной список","CUSA01126","PS4","Нет","91,00 TL","Trine Enchanted Edition: 91,00 TL; Trine Bundle: 175,00 TL","Нет","Нет","","https://store.playstation.com/en-tr/concept/226957","2014-12-16","Action","PEGI_12"
"2563","Trine","Основной список","CUSA01126","PS4","Нет","91,00 TL","Trine Enchanted Edition: 91,00 TL; Trine Bundle: 175,00 TL","Нет","Нет","","https://store.playstation.com/en-tr/concept/226957","2014-12-16","Action","PEGI_12"
"1544","Trivial Pursuit Live! 2","Основной список","CUSA26430","PS4","Нет","699,00 TL","","Да","Да","","https://store.playstation.com/en-tr/concept/10002261","2022-03-16","Casual","PEGI_3"
"389","Truck and Logistics Simulator","Основной список","PPSA12396","PS4, PS5","Нет","1.299,00 TL","Truck and Logistics Simulator: 1.299,00 TL","Нет","Да","","https://store.playstation.com/en-tr/concept/10006870","2023-11-30","Simulator","PEGI_3"
"2347","TT Isle Of Man: Ride on the Edge 3","Основной список","PPSA08810","PS4, PS5","Нет","2.099,00 TL","TT Isle Of Man 3 - Racing Fan Edition: 2.499,00 TL","Нет","Да","","https://store.playstation.com/en-tr/concept/10005573","2023-05-11","Driving/Racing","PEGI_3"
"1383","TUNIC","Основной список","PPSA03055","PS4, PS5","Нет","1.299,00 TL","","Нет","Да","","https://store.playstation.com/en-tr/concept/10002475","2022-09-27","Action","PEGI_7"
"3431","Twisted Metal World Tour","Основной список","PPSA16429","PS4, PS5","Нет","429,00 TL","","Нет","Нет","","https://store.playstation.com/en-tr/concept/10008368","2025-03-07","Driving/Racing","PEGI_16"
"1836","Two Point Campus","Основной список","PPSA03644","PS4, PS5","Нет","479,00 TL","Two Point Campus - Brainy Bundle: 1.749,00 TL","Нет","Нет","PS Plus Extra","https://store.playstation.com/en-tr/concept/10001458","2022-08-09","Simulation","PEGI_3"
"122","UFC 4","Основной список","CUSA14209","PS4","Нет","2.999,00 TL","UFC® 4 Deluxe Edition: 559,99 TL; UFC® 4: 2.999,00 TL","Нет","Да","EA Access","https://store.playstation.com/en-tr/concept/233030","2020-08-13","Unique","PEGI_16"
"79","UFC 5","Основной список","PPSA03541","PS5","Нет","2.900,00 TL","Standard Edition: 2.900,00 TL; Deluxe Edition: 3.300,00 TL; Ultimate Edition: 4.000,00 TL","Нет","Нет","EA Access","https://store.playstation.com/en-tr/concept/10002788","2023-10-26","Fighting","PEGI_16"
"79","UFC 5","Основной список","PPSA03541","PS5","Нет","2.900,00 TL","Standard Edition: 2.900,00 TL; Deluxe Edition: 3.300,00 TL; Ultimate Edition: 4.000,00 TL","Нет","Нет","EA Access","https://store.playstation.com/en-tr/concept/10002788","2023-10-26","Fighting","PEGI_16"
"79","UFC 5","Основной список","PPSA03541","PS5","Нет","2.900,00 TL","Standard Edition: 2.900,00 TL; Deluxe Edition: 3.300,00 TL; Ultimate Edition: 4.000,00 TL","Нет","Нет","EA Access","https://store.playstation.com/en-tr/concept/10002788","2023-10-26","Fighting","PEGI_16"
"79","UFC 5","Основной список","PPSA03541","PS5","Нет","2.900,00 TL","Standard Edition: 2.900,00 TL; Deluxe Edition: 3.300,00 TL; Ultimate Edition: 4.000,00 TL","Нет","Нет","EA Access","https://store.playstation.com/en-tr/concept/10002788","2023-10-26","Fighting","PEGI_16"
"79","UFC 5","Основной список","PPSA03541","PS5","Нет","2.900,00 TL","Standard Edition: 2.900,00 TL; Deluxe Edition: 3.300,00 TL; Ultimate Edition: 4.000,00 TL","Нет","Нет","EA Access","https://store.playstation.com/en-tr/concept/10002788","2023-10-26","Fighting","PEGI_16"
"16","UFC 6","Основной список","PPSA23566","PS5","Нет","3.999,00 TL","Standard Edition: 3.999,00 TL; Ultimate Edition: 4.674,15 TL","Нет","Нет","EA Access","https://store.playstation.com/en-tr/concept/10011247","2026-06-19","Sport","PEGI_16"
"2801","ULTIMATE MARVEL VS. CAPCOM 3","Основной список","CUSA04543","PS4","Нет","875,00 TL","","Нет","Нет","","https://store.playstation.com/en-tr/concept/227750","2016-12-03","Fighting","PEGI_12"
"829","Uncharted 2: Among Thieves","Основной список","CUSA03281","PS4","Нет","649,00 TL","","Да","Да","","https://store.playstation.com/en-tr/concept/228659","2016-11-16","Action","PEGI_16"
"871","Uncharted 3: Drake’s Deception","Основной список","CUSA03282","PS4","Нет","649,00 TL","","Да","Да","","https://store.playstation.com/en-tr/concept/228660","2016-11-16","Action","PEGI_16"
"868","Uncharted: Drake's Fortune","Основной список","CUSA03280","PS4","Нет","649,00 TL","","Да","Да","","https://store.playstation.com/en-tr/concept/228658","2016-11-16","Action","PEGI_16"
"113","UNCHARTED: Legacy of","Основной список","PPSA05684","PS5","Нет","2.149,00 TL","UNCHARTED 4: A Thief’s End & UNCHARTED: The Lost Legacy Digital Bundle: 349,00 TL","Да","Да","PS Plus Extra","https://store.playstation.com/en-tr/concept/205354","2022-01-27","Action","PEGI_16"
"113","UNCHARTED: Legacy of","Основной список","PPSA05684","PS5","Нет","2.149,00 TL","UNCHARTED 4: A Thief’s End & UNCHARTED: The Lost Legacy Digital Bundle: 349,00 TL","Да","Да","PS Plus Extra","https://store.playstation.com/en-tr/concept/205354","2022-01-27","Action","PEGI_16"
"270","Uncharted: The Nathan","Основной список","CUSA02344","PS4","Нет","699,00 TL","","Да","Да","","https://store.playstation.com/en-tr/concept/205353","2015-10-06","Action","PEGI_16"
"2210","Under The Waves","Основной список","PPSA08055","PS4, PS5","Нет","209,80 TL","","Нет","Да","PS Plus Extra","https://store.playstation.com/en-tr/concept/10005244","2023-08-27","Adventure","PEGI_16"
"581","Undertale","Основной список","CUSA09415","PS4","Нет","525,00 TL","Undertale: 525,00 TL","Нет","Нет","","https://store.playstation.com/en-tr/concept/228887","2017-08-14","Role Playing Games","PEGI_12"
"290","Undisputed","Основной список","PPSA21914","PS5","Нет","2.149,00 TL","Championship Edition: 3.449,00 TL","Нет","Да","","https://store.playstation.com/en-tr/concept/10009297","2024-10-11","Fighting","PEGI_16"
"138","Unravel Two","Основной список","CUSA10416","PS4","Нет","99,99 TL","Unravel Yarny Bundle: 162,71 TL; Unravel Two: 99,99 TL","Нет","Нет","EA Access","https://store.playstation.com/en-tr/concept/231650","2018-06-08","Adventure","PEGI_7"
"2933","Unravel","Основной список","CUSA02532","PS4","Нет","1.049,00 TL","","Нет","Нет","EA Access","https://store.playstation.com/en-tr/concept/205146","2016-02-08","Adventure","PEGI_7"
"2933","Unravel","Основной список","CUSA02532","PS4","Нет","1.049,00 TL","","Нет","Нет","EA Access","https://store.playstation.com/en-tr/concept/205146","2016-02-08","Adventure","PEGI_7"
"439","Until Dawn","Основной список","PPSA15421","PS5","Нет","2.499,00 TL","","Да","Да","PS Plus Extra","https://store.playstation.com/en-tr/concept/10007897","2024-10-03","Horror","PEGI_18"
"439","Until Dawn","Основной список","PPSA15421","PS5","Нет","2.499,00 TL","","Да","Да","PS Plus Extra","https://store.playstation.com/en-tr/concept/10007897","2024-10-03","Horror","PEGI_18"
"439","Until Dawn","Основной список","PPSA15421","PS5","Нет","2.499,00 TL","","Да","Да","PS Plus Extra","https://store.playstation.com/en-tr/concept/10007897","2024-10-03","Horror","PEGI_18"
"449","Untitled Goose Game","Основной список","CUSA23081","PS4","Нет","849,00 TL","","Нет","Да","PS Plus Extra","https://store.playstation.com/en-tr/concept/10000039","2020-01-08","Action","PEGI_3"
"2077","V Rising","Основной список","PPSA16262","PS5","Нет","1.399,00 TL","Legacy of Castlevania: 1.925,00 TL; Complete Edition: 2.449,30 TL","Нет","Да","PS Plus Extra","https://store.playstation.com/en-tr/concept/10007965","2024-06-11","Adventure","PEGI_12"
"1917","Valiant Hearts: Coming Home","Основной список","CUSA46104","PS4","Нет","369,00 TL","Valiant Hearts: The Collection: 1.079,00 TL; Valiant Hearts: Coming Home: 369,00 TL","Нет","Да","","https://store.playstation.com/en-tr/concept/10009632","2024-03-06","Adventure","PEGI_12"
"1745","Valiant Hearts: The Great War","Основной список","CUSA00479","PS4","Нет","649,00 TL","","Да","Да","PS Plus Extra","https://store.playstation.com/en-tr/concept/205194","2014-06-24","Puzzle","PEGI_12"
"2701","Valkyria Revolution","Основной список","CUSA06995","PS4","Нет","699,00 TL","","Нет","Нет","","https://store.playstation.com/en-tr/concept/217720","2017-06-29","Action","PEGI_16"
"2574","Vampire Crawlers: The Turbo Wildcard from Vampire Survivors","Основной список","PPSA30703","PS5","Нет","193,00 TL","","Нет","Да","","https://store.playstation.com/en-tr/concept/10015481","2026-04-21","Strategy","PEGI_7"
"1074","Vampire Survivors","Основной список","PPSA21703","PS4, PS5","Нет","105,00 TL","","Нет","Да","","https://store.playstation.com/en-tr/concept/10010458","2024-08-29","Action","PEGI_12"
"2169","Vampire: The Masquerade - Justice","Основной список","PPSA16432","PS5","Нет","1.049,00 TL","","Нет","Нет","","https://store.playstation.com/en-tr/concept/10008364","2023-11-01","Role Playing Games","PEGI_18"
"1210","Vampire: The Masquerade - Swansong","Основной список","PPSA07302","PS5","Нет","1.299,00 TL","Standard Edition PS5: 1.299,00 TL; Standard Edition PS4: 1.299,00 TL; Primogen Edition PS5 & PS4: 1.499,00 TL","Нет","Да","","https://store.playstation.com/en-tr/concept/10001409","2022-05-19","Role Playing Games","PEGI_18"
"1210","Vampire: The Masquerade - Swansong","Основной список","PPSA07302","PS5","Нет","1.299,00 TL","Standard Edition PS5: 1.299,00 TL; Standard Edition PS4: 1.299,00 TL; Primogen Edition PS5 & PS4: 1.499,00 TL","Нет","Да","","https://store.playstation.com/en-tr/concept/10001409","2022-05-19","Role Playing Games","PEGI_18"
"1210","Vampire: The Masquerade - Swansong","Основной список","PPSA07302","PS5","Нет","1.299,00 TL","Standard Edition PS5: 1.299,00 TL; Standard Edition PS4: 1.299,00 TL; Primogen Edition PS5 & PS4: 1.499,00 TL","Нет","Да","","https://store.playstation.com/en-tr/concept/10001409","2022-05-19","Role Playing Games","PEGI_18"
"616","Vampire: The Masquerade - Bloodlines 2","Основной список","PPSA15185","PS5","Нет","2.579,00 TL","Deluxe Edition: 2.999,00 TL; Premium Edition: 3.849,00 TL","Нет","Да","","https://store.playstation.com/en-tr/concept/10007767","2025-10-21","Role Playing Games","PEGI_18"
"1150","Vampyr","Основной список","CUSA03468","PS4","Нет","279,80 TL","","Нет","Да","PS Plus Extra","https://store.playstation.com/en-tr/concept/205200","2018-06-04","Action","PEGI_18"
"2045","Vanquish","Основной список","CUSA16161","PS4","Нет","1.229,00 TL","","Нет","Нет","","https://store.playstation.com/en-tr/concept/235236","2020-02-17","Action","PEGI_18"
"950","Viewfinder","Основной список","PPSA10248","PS4, PS5","Нет","875,00 TL","Viewfinder: 875,00 TL; Viewfinder: 875,00 TL","Нет","Да","","https://store.playstation.com/en-tr/concept/10006160","2023-07-18","Adventure","PEGI_3"
"487","VISAGE","Основной список","PPSA04698","PS4, PS5","Нет","737,40 TL","VISAGE: 737,40 TL; VISAGE: 737,40 TL","Нет","Да","","https://store.playstation.com/en-tr/concept/10001581","2021-11-10","Horror","PEGI_18"
"1565","Visions of Mana","Основной список","PPSA16097","PS4, PS5","Нет","2.499,00 TL","Digital Deluxe: 3.149,00 TL","Нет","Нет","","https://store.playstation.com/en-tr/concept/10008215","2024-08-28","Role Playing Games","PEGI_12"
"536","Voidtrain","Основной список","PPSA33862","PS5","Нет","1.299,00 TL","Voidtrain: 1.299,00 TL; Voidtrain - Deluxe Edition: 1.547,00 TL","Да","Да","","https://store.playstation.com/en-tr/concept/10009826","2026-07-30","Action","PEGI_12"
"150","Warhammer 40,000: Space Marine 2 - 2-Year","Основной список","PPSA04451","PS5","Нет","5.599,00 TL","1-Year Anniversary Edition: 3.499,00 TL; 2-Year Anniversary Edition: 5.599,00 TL","Да","Да","","https://store.playstation.com/en-tr/concept/10003330","2025-09-04","Action","PEGI_18"
"150","Warhammer 40,000: Space Marine 2 - 2-Year","Основной список","PPSA04451","PS5","Нет","5.599,00 TL","1-Year Anniversary Edition: 3.499,00 TL; 2-Year Anniversary Edition: 5.599,00 TL","Да","Да","","https://store.playstation.com/en-tr/concept/10003330","2025-09-04","Action","PEGI_18"
"150","Warhammer 40,000: Space Marine 2 - 2-Year","Основной список","PPSA04451","PS5","Нет","5.599,00 TL","1-Year Anniversary Edition: 3.499,00 TL; 2-Year Anniversary Edition: 5.599,00 TL","Да","Да","","https://store.playstation.com/en-tr/concept/10003330","2025-09-04","Action","PEGI_18"
"150","Warhammer 40,000: Space Marine 2 - 2-Year","Основной список","PPSA04451","PS5","Нет","5.599,00 TL","1-Year Anniversary Edition: 3.499,00 TL; 2-Year Anniversary Edition: 5.599,00 TL","Да","Да","","https://store.playstation.com/en-tr/concept/10003330","2025-09-04","Action","PEGI_18"
"150","Warhammer 40,000: Space Marine 2 - 2-Year","Основной список","PPSA04451","PS5","Нет","5.599,00 TL","1-Year Anniversary Edition: 3.499,00 TL; 2-Year Anniversary Edition: 5.599,00 TL","Да","Да","","https://store.playstation.com/en-tr/concept/10003330","2025-09-04","Action","PEGI_18"
"2529","Watch_Dogs","Основной список","CUSA00016","PS4","Нет","849,00 TL","WATCH_DOGS™ COMPLETE EDITION: 1.299,00 TL","Да","Да","PS Plus Extra","https://store.playstation.com/en-tr/concept/205264","2014-08-26","Adventure","PEGI_18"
"175","Watch Dogs2","Основной список","CUSA04294","PS4","Нет","1.749,00 TL","","Нет","Нет","PS Plus Extra","https://store.playstation.com/en-tr/concept/216759","2017-01-05","Adventure","PEGI_18"
"263","Watch Dogs: Legion","Основной список","PPSA01500","PS4, PS5","Нет","70,50 TL","Deluxe Edition: 670,00 TL; Gold Edition: 119,80 TL; Ultimate Edition: 139,80 TL","Нет","Да","PS Plus Extra","https://store.playstation.com/en-tr/concept/232581","2020-11-11","Action","PEGI_18"
"360","Way of the Hunter","Основной список","PPSA05732","PS5","Нет","314,70 TL","Standard: 314,70 TL; Elite Edition: 1.575,00 TL; Ultimate Edition: 1.199,60 TL","Нет","Да","","https://store.playstation.com/en-tr/concept/10003862","2022-08-16","Shooter","PEGI_16"
"358","Way of the Hunter 2","Основной список","PPSA17911","PS5","Да","1.749,00 TL","Standard: 1.749,00 TL; Deluxe Edition: 2.579,00 TL","Нет","Нет","","https://store.playstation.com/en-tr/concept/10008946","2026-09-29","Action","PEGI_16"
"2124","We Were Here Expeditions: The FriendShip","Основной список","PPSA14313","PS4, PS5","Нет","139,00 TL","We Were Here Series Bundle: 1.499,00 TL; We Were Here Expeditions: The FriendShip: 139,00 TL","Нет","Да","","https://store.playstation.com/en-tr/concept/10007597","2023-09-14","Adventure","PEGI_7"
"1378","We Were Here Forever","Основной список","PPSA03593","PS4, PS5","Нет","629,00 TL","","Нет","Да","","https://store.playstation.com/en-tr/concept/10002430","2023-01-31","Adventure","PEGI_12"
"2231","We Were Here Too","Основной список","PPSA31080","PS4, PS5","Нет","429,00 TL","","Нет","Да","","https://store.playstation.com/en-tr/concept/10001636","2025-10-06","Unique","PEGI_3"
"2252","Werewolf: The Apocalypse – Earthblood","Основной список","PPSA02113","PS5","Нет","1.299,00 TL","Champion of Gaia: 1.499,00 TL; Champion of Gaia: 1.499,00 TL","Нет","Да","PS Plus Extra","https://store.playstation.com/en-tr/concept/234709","2021-02-04","Unique","PEGI_16"
"2252","Werewolf: The Apocalypse – Earthblood","Основной список","PPSA02113","PS5","Нет","1.299,00 TL","Champion of Gaia: 1.499,00 TL; Champion of Gaia: 1.499,00 TL","Нет","Да","PS Plus Extra","https://store.playstation.com/en-tr/concept/234709","2021-02-04","Unique","PEGI_16"
"481","Winx Club: The Magic is Back","Основной список","PPSA31885","PS5","Нет","1.299,00 TL","","Нет","Нет","","https://store.playstation.com/en-tr/concept/10016199","2026-04-30","Action","PEGI_7"
"1428","Wo Long: Fallen Dynasty","Основной список","PPSA08773","PS4, PS5","Нет","1.749,00 TL","Complete Edition: 2.499,00 TL","Нет","Да","PS Plus Extra","https://store.playstation.com/en-tr/concept/10004116","2023-03-02","Unique","PEGI_16"
"1428","Wo Long: Fallen Dynasty","Основной список","PPSA08773","PS4, PS5","Нет","1.749,00 TL","Complete Edition: 2.499,00 TL","Нет","Да","PS Plus Extra","https://store.playstation.com/en-tr/concept/10004116","2023-03-02","Unique","PEGI_16"
"378","Wolfenstein II: The New Colossus (CUSA07378)","Основной список","CUSA07378","PS4","Нет","34,35 TL","Deluxe Edition: 2.099,00 TL","Да","Да","PS Plus Extra","https://store.playstation.com/en-tr/concept/229533","2017-10-26","Shooter","PEGI_18"
"902","Wolfenstein: The New Order","Основной список","CUSA00320","PS4","Нет","699,00 TL","","Нет","Да","PS Plus Extra","https://store.playstation.com/en-tr/concept/205292","2014-05-19","Shooter","PEGI_18"
"1936","Wolfenstein: The Old Blood","Основной список","CUSA01604","PS4","Нет","699,00 TL","","Нет","Нет","PS Plus Extra","https://store.playstation.com/en-tr/concept/205293","2015-05-04","Shooter","PEGI_18"
"494","Wolfenstein: Youngblood","Основной список","CUSA13094","PS4","Нет","699,00 TL","Wolfenstein: Alt History Collection: 2.499,00 TL; Deluxe Edition: 209,80 TL; Wolfenstein: Resistance Bundle: 2.499,00 TL","Да","Да","PS Plus Extra","https://store.playstation.com/en-tr/concept/232887","2019-07-25","Action","PEGI_18"
"373","World War Z: Aftermath","Основной список","PPSA05425","PS5","Нет","461,67 TL","Deluxe Edition: 524,70 TL; Standard Edition: 461,67 TL; Deluxe Edition: 524,70 TL","Нет","Да","PS Plus Extra","https://store.playstation.com/en-tr/concept/230658","2023-01-24","Shooter","PEGI_18"
"373","World War Z: Aftermath","Основной список","PPSA05425","PS5","Нет","461,67 TL","Deluxe Edition: 524,70 TL; Standard Edition: 461,67 TL; Deluxe Edition: 524,70 TL","Нет","Да","PS Plus Extra","https://store.playstation.com/en-tr/concept/230658","2023-01-24","Shooter","PEGI_18"
"373","World War Z: Aftermath","Основной список","PPSA05425","PS5","Нет","461,67 TL","Deluxe Edition: 524,70 TL; Standard Edition: 461,67 TL; Deluxe Edition: 524,70 TL","Нет","Да","PS Plus Extra","https://store.playstation.com/en-tr/concept/230658","2023-01-24","Shooter","PEGI_18"
"2605","Worms Battlegrounds","Основной список","CUSA00824","PS4","Нет","1.079,00 TL","","Нет","Нет","","https://store.playstation.com/en-tr/concept/213379","2014-05-29","Strategy","PEGI_12"
"2116","Worms Rumble","Основной список","PPSA01526","PS4, PS5","Нет","529,00 TL","Worms Rumble PS4 & PS5: 529,00 TL; Digital Deluxe Edition: 153,80 TL","Нет","Да","","https://store.playstation.com/en-tr/concept/10000898","2020-11-30","Strategy","PEGI_7"
"1663","Worms W.M.D","Основной список","CUSA04022","PS4","Нет","1.049,00 TL","Worms Battlegrounds + Worms W.M.D: 1.199,00 TL","Нет","Да","PS Plus Extra","https://store.playstation.com/en-tr/concept/219617","2016-08-22","Strategy","PEGI_12"
"291","WRC 10 FIA World Rally Championship","Основной список","PPSA03589","PS5","Нет","349,80 TL","Standard Edition: 349,80 TL; Standard Edition: 349,80 TL; Deluxe Edition PS4 & PS5: 2.149,00 TL","Нет","Да","","https://store.playstation.com/en-tr/concept/10002812","2021-09-02","Driving/Racing","PEGI_3"
"291","WRC 10 FIA World Rally Championship","Основной список","PPSA03589","PS5","Нет","349,80 TL","Standard Edition: 349,80 TL; Standard Edition: 349,80 TL; Deluxe Edition PS4 & PS5: 2.149,00 TL","Нет","Да","","https://store.playstation.com/en-tr/concept/10002812","2021-09-02","Driving/Racing","PEGI_3"
"291","WRC 10 FIA World Rally Championship","Основной список","PPSA03589","PS5","Нет","349,80 TL","Standard Edition: 349,80 TL; Standard Edition: 349,80 TL; Deluxe Edition PS4 & PS5: 2.149,00 TL","Нет","Да","","https://store.playstation.com/en-tr/concept/10002812","2021-09-02","Driving/Racing","PEGI_3"
"2934","WRC 5","Основной список","CUSA02080","PS4","Нет","174,50 TL","","Нет","Нет","","https://store.playstation.com/en-tr/concept/205372","2016-04-06","Driving/Racing","PEGI_3"
"1697","WRC 7 FIA World Rally Championship","Основной список","CUSA08226","PS4","Нет","699,00 TL","WRC Collection: 174,90 TL; WRC 7 FIA World Rally Championship: 699,00 TL","Нет","Да","","https://store.playstation.com/en-tr/concept/227580","2017-09-14","Driving/Racing","PEGI_3"
"1349","WRC 8 FIA World Rally Championship","Основной список","CUSA15494","PS4","Нет","849,00 TL","WRC 8 FIA World Rally Championship: 849,00 TL; WRC 8 Deluxe Edition FIA World Rally Championship: 1.299,00 TL","Нет","Да","","https://store.playstation.com/en-tr/concept/233787","2019-09-04","Simulation","PEGI_3"
"850","WRC Generations - Fully","Основной список","PPSA07579","PS4, PS5","Нет","1.749,00 TL","Fully Loaded Edition: 1.749,00 TL","Нет","Да","","https://store.playstation.com/en-tr/concept/10004982","2022-11-03","Simulation","PEGI_3"
"326","Wreckfest PlayStation5 Version","Основной список","PPSA03309","PS4, PS5","Нет","1.399,00 TL","Complete Edition: 1.329,00 TL; Wreckfest: Drive Hard. Die Last.: 1.049,00 TL; Wreckfest PlayStation®5 Version: 1.399,00 TL","Нет","Да","","https://store.playstation.com/en-tr/concept/227252","2021-05-03","Sport","PEGI_12"
"715","WUCHANG: Fallen Feathers","Основной список","PPSA09519","PS5","Нет","2.149,00 TL","Standard Edition: 2.149,00 TL; Deluxe Edition: 2.579,00 TL","Нет","Да","","https://store.playstation.com/en-tr/concept/10005853","2025-07-24","Action","PEGI_16"
"157","WWE 2K25","Основной список","PPSA22696","PS4, PS5","Нет","2.599,00 TL","Standard Edition: 2.599,00 TL; Deadman Edition: 3.599,00 TL; The Bloodline Edition: 4.599,00 TL; Farewell Tour Edition: 5.299,00 TL; Farewell Tour Bundle: 3.119,00 TL","Нет","Нет","","https://store.playstation.com/en-tr/concept/10010684","2025-03-13","Sport","PEGI_16"
"617","XCOM 2","Основной список","CUSA04530","PS4","Нет","104,85 TL","XCOM® 2 Digital Deluxe Edition: 262,24 TL; XCOM® 2 Collection: 1.399,00 TL","Нет","Да","PS Plus Extra","https://store.playstation.com/en-tr/concept/216773","2016-09-29","Strategy","PEGI_16"
"1458","Yakuza 6: The Song of Life","Основной список","CUSA09660","PS4","Нет","349,50 TL","Yakuza 6: The Song of Life: 349,50 TL","Нет","Нет","","https://store.playstation.com/en-tr/concept/217754","2018-04-16","Action","PEGI_18"
"402","Yakuza Kiwami","Основной список","PPSA31334","PS4, PS5","Нет","509,40 TL","Yakuza Kiwami PS4 & PS5: 509,40 TL; Yakuza Kiwami & Yakuza Kiwami 2 Bundle PS4 & PS5: 1.299,00 TL; Yakuza Complete Series: 2.799,50 TL","Нет","Да","","https://store.playstation.com/en-tr/concept/217751","2025-12-08","Adventure","PEGI_18"
"666","Yakuza Kiwami 2","Основной список","PPSA31333","PS4, PS5","Нет","509,40 TL","Yakuza Kiwami 2 PS4 & PS5: 509,40 TL","Нет","Да","","https://store.playstation.com/en-tr/concept/228780","2025-12-08","Role Playing Games","PEGI_18"
"363","Yakuza Kiwami 3 & Dark Ties","Основной список","PPSA30223","PS4, PS5","Нет","2.579,00 TL","Standard Edition: 2.579,00 TL; Deluxe Edition: 2.111,85 TL","Нет","Да","","https://store.playstation.com/en-tr/concept/10015219","2026-02-11","Adventure","PEGI_18"
"1552","Yakuza: Like a Dragon","Основной список","PPSA02384","PS4, PS5","Нет","769,00 TL","Hero Edition: 1.049,00 TL; Legendary Hero Edition: 1.199,00 TL; LIKE A DRAGON Series Starter Pack: 2.799,00 TL","Нет","Да","PS Plus Extra","https://store.playstation.com/en-tr/concept/235238","2021-03-01","Unique","PEGI_18"
"3354","Yet Another Zombie Defense HD","Основной список","CUSA18368","PS4","Нет","35,00 TL","","Нет","Да","PS Plus Extra","https://store.playstation.com/en-tr/concept/235411","2021-03-19","Action","PEGI_16"
"1032","Zombie Army 4: Dead War","Основной список","CUSA12596","PS4","Нет","1.749,00 TL","Zombie Army 4 Complete: 5.149,00 TL","Нет","Да","PS Plus Extra","https://store.playstation.com/en-tr/concept/232371","2020-02-03","Shooter","PEGI_18"
"1105","Zombieland: Headshot Fever Reloaded","Основной список","PPSA09612","PS5","Нет","1.079,00 TL","","Нет","Нет","","https://store.playstation.com/en-tr/concept/10005906","2023-02-22","Arcade","PEGI_18"
"ghost_1789773259625_ib3mc","[REDACTED]","Основной список","—","—","Нет","—","","Нет","Нет","","#","—","—","—"
"ghost_1789773259957_og3a2","+ Vergil","Основной список","—","—","Нет","—","","Нет","Нет","","#","—","—","—"
"ghost_1789773260282_ri0qf","20th Anniversary","Основной список","—","—","Нет","—","","Нет","Нет","","#","—","—","—"
"ghost_1789773260889_yo0df","Дополнения","Основной список","—","—","Нет","—","","Нет","Нет","","#","—","—","—"
"ghost_1789773261234_uzhzb","Персонажи","Основной список","—","—","Нет","—","","Нет","Нет","","#","—","—","—"
"ghost_1789773261578_90x0d","Пропуски","Основной список","—","—","Нет","—","","Нет","Нет","","#","—","—","—"
"ghost_1789773261990_09paw","A Plague Tale Bundle","Основной список","—","—","Нет","—","","Нет","Нет","","#","—","—","—"
"ghost_1789773262501_im6hl","Active Matter","Основной список","—","—","Нет","—","","Нет","Нет","","#","—","—","—"
"ghost_1789773265207_ua7q0","Assassin's Creed Triple Pack: Black Flag","Основной список","—","—","Нет","—","","Нет","Нет","","#","—","—","—"
"ghost_1789773267591_8wlvy","Bastille","Основной список","—","—","Нет","—","","Нет","Нет","","#","—","—","—"
"ghost_1789773268205_c83yn","Battle for Brooklyn Deluxe DLC - Tom Clancy’s The Division 2","Основной список","—","—","Нет","—","","Нет","Нет","","#","—","—","—"
"ghost_1789773268539_jqqsj","Battle for Brooklyn DLC - Tom Clancy's The Division 2","Основной список","—","—","Нет","—","","Нет","Нет","","#","—","—","—"
"ghost_1789773269414_wa34s","Bear Hunter","Основной список","—","—","Нет","—","","Нет","Нет","","#","—","—","—"
"ghost_1789773270176_whra1","Beyond the Dawn","Основной список","—","—","Нет","—","","Нет","Нет","","#","—","—","—"
"ghost_1789773274361_3m29f","Campaign","Основной список","—","—","Нет","—","","Нет","Нет","","#","—","—","—"
"ghost_1789773275355_1nvsn","Champion","Основной список","—","—","Нет","—","","Нет","Нет","","#","—","—","—"
"ghost_1789773276209_b08t4","Clive Barker's Hellraiser: Revival","Основной список","—","—","Нет","—","","Нет","Нет","","#","—","—","—"
"ghost_1789773277144_zxjy4","Crash + Spyro Triple Play Bundle","Основной список","—","—","Нет","—","","Нет","Нет","","#","—","—","—"
"ghost_1789773277665_0xadl","Crash Bandicoot - Crashiversary Bundle","Основной список","—","—","Нет","—","","Нет","Нет","","#","—","—","—"
"ghost_1789773278012_j5nw3","Crash Bandicoot Bundle","Основной список","—","—","Нет","—","","Нет","Нет","","#","—","—","—"
"ghost_1789773278839_qdwuc","Crimewave","Основной список","—","—","Нет","—","","Нет","Нет","","#","—","—","—"
"ghost_1789773281998_7x4qn","Death Motel","Основной список","—","—","Нет","—","","Нет","Нет","","#","—","—","—"
"ghost_1789773282673_vuhmu","Deathinitive","Основной список","—","—","Нет","—","","Нет","Нет","","#","—","—","—"
"ghost_1789773284778_2u1q9","Detective Reborn Bundle","Основной список","—","—","Нет","—","","Нет","Нет","","#","—","—","—"
"ghost_1789773285595_8g7g4","Diablo Prime","Основной список","—","—","Нет","—","","Нет","Нет","","#","—","—","—"
"ghost_1789773286886_kryq7","Double Pack","Основной список","—","—","Нет","—","","Нет","Нет","","#","—","—","—"
"ghost_1789773293344_48mpg","EA Star Wars Triple Bundle","Основной список","—","—","Нет","—","","Нет","Нет","","#","—","—","—"
"ghost_1789773294394_3qct7","Enhanсed","Основной список","—","—","Нет","—","","Нет","Нет","","#","—","—","—"
"ghost_1789773295185_fe4nv","Essentials","Основной список","—","—","Нет","—","","Нет","Нет","","#","—","—","—"
"ghost_1789773299100_b43io","Frank's Big Package","Основной список","—","—","Нет","—","","Нет","Нет","","#","—","—","—"
"ghost_1789773299465_dy2b3","Game of the","Основной список","—","—","Нет","—","","Нет","Нет","","#","—","—","—"
"ghost_1789773301364_tpy8b","Great White Shark","Основной список","—","—","Нет","—","","Нет","Нет","","#","—","—","—"
"ghost_1789773302142_hftrz","GTA+: One Month Subscription","Основной список","—","—","Нет","—","","Нет","Нет","","#","—","—","—"
"ghost_1789773302953_y40h6","Hazelight Bundle","Основной список","—","—","Нет","—","","Нет","Нет","","#","—","—","—"
"ghost_1789773303487_wyjya","Hella","Основной список","—","—","Нет","—","","Нет","Нет","","#","—","—","—"
"ghost_1789773304782_ws0kk","Hogwarts Legacy + Harry Potter: Quidditch Champions","Основной список","—","—","Нет","—","","Нет","Нет","","#","—","—","—"
"ghost_1789773305682_g91vq","Hot Wheels – GOTY Upgrade Pack","Основной список","—","—","Нет","—","","Нет","Нет","","#","—","—","—"
"ghost_1789773306004_0clha","Hot Wheels – GOTY Upgrade Pack","Основной список","—","—","Нет","—","","Нет","Нет","","#","—","—","—"
"ghost_1789773308674_q5qia","Jumbo Pack","Основной список","—","—","Нет","—","","Нет","Нет","","#","—","—","—"
"ghost_1789773310139_canpc","Kingdom Come II","Основной список","—","—","Нет","—","","Нет","Нет","","#","—","—","—"
"ghost_1789773310465_11xs0","Kingdom Two Crowns","Основной список","—","—","Нет","—","","Нет","Нет","","#","—","—","—"
"ghost_1789773311571_71gnt","Legacy of Kain: Heart of","Основной список","—","—","Нет","—","","Нет","Нет","","#","—","—","—"
"ghost_1789773314096_vfegg","Lost Eidolons","Основной список","—","—","Нет","—","","Нет","Нет","","#","—","—","—"
"ghost_1789773314629_279lz","Lumines Arise","Основной список","—","—","Нет","—","","Нет","Нет","","#","—","—","—"
"ghost_1789773315773_e67l2","Master Collection Version","Основной список","—","—","Нет","—","","Нет","Нет","","#","—","—","—"
"ghost_1789773316109_n1lmb","Max: The Curse of Brotherhood","Основной список","—","—","Нет","—","","Нет","Нет","","#","—","—","—"
"ghost_1789773316434_cqg4s","MediEvil (1998)","Основной список","—","—","Нет","—","","Нет","Нет","","#","—","—","—"
"ghost_1789773316756_e0vru","MediEvil (2019)","Основной список","—","—","Нет","—","","Нет","Нет","","#","—","—","—"
"ghost_1789773317084_d7s30","MediEvil 2","Основной список","—","—","Нет","—","","Нет","Нет","","#","—","—","—"
"ghost_1789773317660_t74fi","Mega Pack 2020","Основной список","—","—","Нет","—","","Нет","Нет","","#","—","—","—"
"ghost_1789773318149_4ckw3","Metal Gear Solid 3: Snake Eater","Основной список","—","—","Нет","—","","Нет","Нет","","#","—","—","—"
"ghost_1789773318805_2jdzu","Metro Saga Bundle","Основной список","—","—","Нет","—","","Нет","Нет","","#","—","—","—"
"ghost_1789773319146_2cgli","Mewgenics","Основной список","—","—","Нет","—","","Нет","Нет","","#","—","—","—"
"ghost_1789773319678_q1ix1","Middle-earth: The Shadow Bundle","Основной список","—","—","Нет","—","","Нет","Нет","","#","—","—","—"
"ghost_1789773320228_x90n8","MK1: Homelander","Основной список","—","—","Нет","—","","Нет","Нет","","#","—","—","—"
"ghost_1789773320550_unrlv","MK1: Janet Cage","Основной список","—","—","Нет","—","","Нет","Нет","","#","—","—","—"
"ghost_1789773320879_1cqx2","MK1: Khameleon","Основной список","—","—","Нет","—","","Нет","Нет","","#","—","—","—"
"ghost_1789773321202_i123a","MK1: Omni-Man","Основной список","—","—","Нет","—","","Нет","Нет","","#","—","—","—"
"ghost_1789773321527_e90g3","MK1: Peacemaker","Основной список","—","—","Нет","—","","Нет","Нет","","#","—","—","—"
"ghost_1789773321853_h1i44","MK1: Quan Chi","Основной список","—","—","Нет","—","","Нет","Нет","","#","—","—","—"
"ghost_1789773322174_3e45z","MK1: Tremor","Основной список","—","—","Нет","—","","Нет","Нет","","#","—","—","—"
"ghost_1789773324122_cf2rc","Mortal Kombat: Elder God Bundle","Основной список","—","—","Нет","—","","Нет","Нет","","#","—","—","—"
"ghost_1789773324865_o8sst","Moss: Book II","Основной список","—","—","Нет","—","","Нет","Нет","","#","—","—","—"
"ghost_1789773325188_d85df","Moss: Book II","Основной список","—","—","Нет","—","","Нет","Нет","","#","—","—","—"
"ghost_1789773325513_c7rip","MotoGP 24","Основной список","—","—","Нет","—","","Нет","Нет","","#","—","—","—"
"ghost_1789773326041_lrkzu","Murder House","Основной список","—","—","Нет","—","","Нет","Нет","","#","—","—","—"
"ghost_1789773326379_rg91w","Murder House","Основной список","—","—","Нет","—","","Нет","Нет","","#","—","—","—"
"ghost_1789773326767_afxhh","MXGP 2021 - The Official Motocross Videogame","Основной список","—","—","Нет","—","","Нет","Нет","","#","—","—","—"
"ghost_1789773327089_tublc","MXGP 2021 - The Official Motocross Videogame","Основной список","—","—","Нет","—","","Нет","Нет","","#","—","—","—"
"ghost_1789773327417_xyy58","MXGP 26","Основной список","—","—","Нет","—","","Нет","Нет","","#","—","—","—"
"ghost_1789773327988_2co70","N. Sane Trilogy + CTR Nitro-Fueled","Основной список","—","—","Нет","—","","Нет","Нет","","#","—","—","—"
"ghost_1789773328779_ribd8","Necronomicon","Основной список","—","—","Нет","—","","Нет","Нет","","#","—","—","—"
"ghost_1789773329116_x2vkh","Necrophosis: Full Consciousness","Основной список","—","—","Нет","—","","Нет","Нет","","#","—","—","—"
"ghost_1789773329490_025ft","Neon White","Основной список","—","—","Нет","—","","Нет","Нет","","#","—","—","—"
"ghost_1789773329863_epww7","NHL 25","Основной список","—","—","Нет","—","","Нет","Нет","","#","—","—","—"
"ghost_1789773330254_so5tg","Niffelheim","Основной список","—","—","Нет","—","","Нет","Нет","","#","—","—","—"
"ghost_1789773330834_fg1uw","Northgard","Основной список","—","—","Нет","—","","Нет","Нет","","#","—","—","—"
"ghost_1789773331215_8ryao","OCTOPATH TRAVELER 0","Основной список","—","—","Нет","—","","Нет","Нет","","#","—","—","—"
"ghost_1789773331543_a0kte","One Last Breath","Основной список","—","—","Нет","—","","Нет","Нет","","#","—","—","—"
"ghost_1789773331866_acy1k","One Last Breath","Основной список","—","—","Нет","—","","Нет","Нет","","#","—","—","—"
"ghost_1789773332355_o98oy","Outlaws + Handful of Missions: Remaster","Основной список","—","—","Нет","—","","Нет","Нет","","#","—","—","—"
"ghost_1789773333368_k8a48","Pathologic 2","Основной список","—","—","Нет","—","","Нет","Нет","","#","—","—","—"
"ghost_1789773333690_i6ibr","Pathologic 3","Основной список","—","—","Нет","—","","Нет","Нет","","#","—","—","—"
"ghost_1789773334024_iuy94","PAW Patrol The Movie: Adventure City Calls","Основной список","—","—","Нет","—","","Нет","Нет","","#","—","—","—"
"ghost_1789773334398_phsdv","Peaky Blinders: The King's Ransom","Основной список","—","—","Нет","—","","Нет","Нет","","#","—","—","—"
"ghost_1789773334721_v9uio","Pentiment","Основной список","—","—","Нет","—","","Нет","Нет","","#","—","—","—"
"ghost_1789773335045_m3bxt","People of Note","Основной список","—","—","Нет","—","","Нет","Нет","","#","—","—","—"
"ghost_1789773335418_14273","PIPE","Основной список","—","—","Нет","—","","Нет","Нет","","#","—","—","—"
"ghost_1789773335906_71flu","Poppy Playtime: Chapter 1","Основной список","—","—","Нет","—","","Нет","Нет","","#","—","—","—"
"ghost_1789773336254_v254d","Poppy Playtime: Chapter 1","Основной список","—","—","Нет","—","","Нет","Нет","","#","—","—","—"
"ghost_1789773336694_lqm9s","Primogen","Основной список","—","—","Нет","—","","Нет","Нет","","#","—","—","—"
"ghost_1789773337769_gknce","Quadrilogy","Основной список","—","—","Нет","—","","Нет","Нет","","#","—","—","—"
"ghost_1789773338359_pieyj","Raccoon","Основной список","—","—","Нет","—","","Нет","Нет","","#","—","—","—"
"ghost_1789773338878_bfma6","RDR & RDR 2","Основной список","—","—","Нет","—","","Нет","Нет","","#","—","—","—"
"ghost_1789773339231_chubx","Red Dead Online","Основной список","—","—","Нет","—","","Нет","Нет","","#","—","—","—"
"ghost_1789773339599_ilroy","Reloaded","Основной список","—","—","Нет","—","","Нет","Нет","","#","—","—","—"
"ghost_1789773340111_3fewz","Remothered: Tormented Fathers","Основной список","—","—","Нет","—","","Нет","Нет","","#","—","—","—"
"ghost_1789773342464_pktjq","Rezzil Player","Основной список","—","—","Нет","—","","Нет","Нет","","#","—","—","—"
"ghost_1789773343821_lr1nz","Rue Valley","Основной список","—","—","Нет","—","","Нет","Нет","","#","—","—","—"
"ghost_1789773344154_kbf2g","Ruiner","Основной список","—","—","Нет","—","","Нет","Нет","","#","—","—","—"
"ghost_1789773344536_xm0a5","RUNNER","Основной список","—","—","Нет","—","","Нет","Нет","","#","—","—","—"
"ghost_1789773345028_rdp9o","S.T.A.L.K.E.R.: Call of Pripyat","Основной список","—","—","Нет","—","","Нет","Нет","","#","—","—","—"
"ghost_1789773345590_m7m09","S.T.A.L.K.E.R.: Legends of the Zone Trilogy","Основной список","—","—","Нет","—","","Нет","Нет","","#","—","—","—"
"ghost_1789773346356_3p6p3","Salt and Sacrifice","Основной список","—","—","Нет","—","","Нет","Нет","","#","—","—","—"
"ghost_1789773346901_qq62n","Senua's Saga: Hellblade II","Основной список","—","—","Нет","—","","Нет","Нет","","#","—","—","—"
"ghost_1789773347480_n7sbe","Session: Skate Sim","Основной список","—","—","Нет","—","","Нет","Нет","","#","—","—","—"
"ghost_1789773348122_j4uca","Shadows of the Damned","Основной список","—","—","Нет","—","","Нет","Нет","","#","—","—","—"
"ghost_1789773348507_gtiwu","Sherlock Holmes - Absolute Deduction bundle","Основной список","—","—","Нет","—","","Нет","Нет","","#","—","—","—"
"ghost_1789773349023_2vrdd","Sherlock Holmes Essential Bundle","Основной список","—","—","Нет","—","","Нет","Нет","","#","—","—","—"
"ghost_1789773349473_tira9","Shovel Knight: Pocket Dungeon","Основной список","—","—","Нет","—","","Нет","Нет","","#","—","—","—"
"ghost_1789773349798_brdas","Shovel Knight: Specter of Torment","Основной список","—","—","Нет","—","","Нет","Нет","","#","—","—","—"
"ghost_1789773350767_h1xkk","Silver Chains","Основной список","—","—","Нет","—","","Нет","Нет","","#","—","—","—"
"ghost_1789773351095_jncsu","Skelethrone: The Chronicles of Ericona","Основной список","—","—","Нет","—","","Нет","Нет","","#","—","—","—"
"ghost_1789773351476_cdotd","Skyrim Anniversary + Fallout 4","Основной список","—","—","Нет","—","","Нет","Нет","","#","—","—","—"
"ghost_1789773352701_8xgv0","SnowRunner - Year 1 Pass","Основной список","—","—","Нет","—","","Нет","Нет","","#","—","—","—"
"ghost_1789773353032_fjif8","SnowRunner - Year 1 Pass + Year 2 Pass + Year 3 Pass + Year 4 Pass","Основной список","—","—","Нет","—","","Нет","Нет","","#","—","—","—"
"ghost_1789773353358_lg59k","SnowRunner - Year 2 Pass","Основной список","—","—","Нет","—","","Нет","Нет","","#","—","—","—"
"ghost_1789773353686_2dq50","SnowRunner - Year 3 Pass","Основной список","—","—","Нет","—","","Нет","Нет","","#","—","—","—"
"ghost_1789773354011_vqik2","SnowRunner - Year 4 Pass","Основной список","—","—","Нет","—","","Нет","Нет","","#","—","—","—"
"ghost_1789773354344_cx8tq","Solar Ash","Основной список","—","—","Нет","—","","Нет","Нет","","#","—","—","—"
"ghost_1789773355082_dng0o","South Park: Snow Day!","Основной список","—","—","Нет","—","","Нет","Нет","","#","—","—","—"
"ghost_1789773355465_cce4h","Spacer's Choice","Основной список","—","—","Нет","—","","Нет","Нет","","#","—","—","—"
"ghost_1789773355810_o1t4g","Special Edition","Основной список","—","—","Нет","—","","Нет","Нет","","#","—","—","—"
"ghost_1789773356253_w1ww0","SpongeBob SquarePants: Bikini Bottom Bundle","Основной список","—","—","Нет","—","","Нет","Нет","","#","—","—","—"
"ghost_1789773356722_rp3z3","STANDARD","Основной список","—","—","Нет","—","","Нет","Нет","","#","—","—","—"
"ghost_1789773357780_dtndb","Stardew Valley","Основной список","—","—","Нет","—","","Нет","Нет","","#","—","—","—"
"ghost_1789773358104_15dot","SteamWorld Dig 2","Основной список","—","—","Нет","—","","Нет","Нет","","#","—","—","—"
"ghost_1789773358522_4jj7q","Storm Boy","Основной список","—","—","Нет","—","","Нет","Нет","","#","—","—","—"
"ghost_1789773359660_d8t78","Surviving Mars: Relaunched","Основной список","—","—","Нет","—","","Нет","Нет","","#","—","—","—"
"ghost_1789773360359_yjnzv","Tales from the Borderlands","Основной список","—","—","Нет","—","","Нет","Нет","","#","—","—","—"
"ghost_1789773360866_ynwap","Tales of Berseria","Основной список","—","—","Нет","—","","Нет","Нет","","#","—","—","—"
"ghost_1789773361190_x7aw5","Tales of Zestiria","Основной список","—","—","Нет","—","","Нет","Нет","","#","—","—","—"
"ghost_1789773361565_3sfcj","Terminator 2D: NO FATE","Основной список","—","—","Нет","—","","Нет","Нет","","#","—","—","—"
"ghost_1789773361889_gcu44","Terminator 2D: NO FATE","Основной список","—","—","Нет","—","","Нет","Нет","","#","—","—","—"
"ghost_1789773362441_l5u0e","Tetraminos","Основной список","—","—","Нет","—","","Нет","Нет","","#","—","—","—"
"ghost_1789773362765_8sakh","Tetraminos","Основной список","—","—","Нет","—","","Нет","Нет","","#","—","—","—"
"ghost_1789773363135_g1xif","Thank Goodness You're Here!","Основной список","—","—","Нет","—","","Нет","Нет","","#","—","—","—"
"ghost_1789773364137_ha1tm","The Complete","Основной список","—","—","Нет","—","","Нет","Нет","","#","—","—","—"
"ghost_1789773364875_sbkn0","The Dark Pictures Anthology: Season One","Основной список","—","—","Нет","—","","Нет","Нет","","#","—","—","—"
"ghost_1789773365389_09zps","The Disney","Основной список","—","—","Нет","—","","Нет","Нет","","#","—","—","—"
"ghost_1789773366060_1ne16","The Invincible","Основной список","—","—","Нет","—","","Нет","Нет","","#","—","—","—"
"ghost_1789773366668_0mpay","The Light Brigade","Основной список","—","—","Нет","—","","Нет","Нет","","#","—","—","—"
"ghost_1789773366990_1mw7x","The Little Ones","Основной список","—","—","Нет","—","","Нет","Нет","","#","—","—","—"
"ghost_1789773367326_z2h0a","The Lucid Dreamer Bundle","Основной список","—","—","Нет","—","","Нет","Нет","","#","—","—","—"
"ghost_1789773367960_od5v8","The Occultist","Основной список","—","—","Нет","—","","Нет","Нет","","#","—","—","—"
"ghost_1789773368288_73exa","The Order: 1886","Основной список","—","—","Нет","—","","Нет","Нет","","#","—","—","—"
"ghost_1789773368797_tl7yv","The Outer Worlds Expansion Pass","Основной список","—","—","Нет","—","","Нет","Нет","","#","—","—","—"
"ghost_1789773369850_1n5hp","The Room VR: A Dark Matter","Основной список","—","—","Нет","—","","Нет","Нет","","#","—","—","—"
"ghost_1789773370176_a1tv9","the Serpent's Curse","Основной список","—","—","Нет","—","","Нет","Нет","","#","—","—","—"
"ghost_1789773372068_i0opy","The Stone of Madness","Основной список","—","—","Нет","—","","Нет","Нет","","#","—","—","—"
"ghost_1789773372604_cpskc","The Walking Dead: A New Frontier - Season Pass","Основной список","—","—","Нет","—","","Нет","Нет","","#","—","—","—"
"ghost_1789773373003_3ijuj","The Walking Dead: Season Two","Основной список","—","—","Нет","—","","Нет","Нет","","#","—","—","—"
"ghost_1789773373337_p2qpw","The Walking Dead: Streets of Survival","Основной список","—","—","Нет","—","","Нет","Нет","","#","—","—","—"
"ghost_1789773374025_clyb4","Thronebreaker: The Witcher Tales","Основной список","—","—","Нет","—","","Нет","Нет","","#","—","—","—"
"ghost_1789773374349_9zbsw","Tides of Tomorrow","Основной список","—","—","Нет","—","","Нет","Нет","","#","—","—","—"
"ghost_1789773375329_0vrua","TMNT: Shredder's Revenge","Основной список","—","—","Нет","—","","Нет","Нет","","#","—","—","—"
"ghost_1789773375655_jtske","TMNT: Shredder's Revenge","Основной список","—","—","Нет","—","","Нет","Нет","","#","—","—","—"
"ghost_1789773375984_cdkho","TMNT: Shredder's Revenge","Основной список","—","—","Нет","—","","Нет","Нет","","#","—","—","—"
"ghost_1789773376306_86vw9","TMNT: The","Основной список","—","—","Нет","—","","Нет","Нет","","#","—","—","—"
"ghost_1789773377953_83vi6","Towa and the Guardians of the Sacred Tree","Основной список","—","—","Нет","—","","Нет","Нет","","#","—","—","—"
"ghost_1789773378278_2f4bb","Trails in the Sky 1st Chapter","Основной список","—","—","Нет","—","","Нет","Нет","","#","—","—","—"
"ghost_1789773378599_blp5a","Trek to Yomi","Основной список","—","—","Нет","—","","Нет","Нет","","#","—","—","—"
"ghost_1789773379376_f3u4q","Twelve Minutes","Основной список","—","—","Нет","—","","Нет","Нет","","#","—","—","—"
"ghost_1789773379812_to9y4","Ubisoft+ Classics – 1 месяц","Основной список","—","—","Нет","—","","Нет","Нет","","#","—","—","—"
"ghost_1789773380848_ceupi","Ultra Deluxe","Основной список","—","—","Нет","—","","Нет","Нет","","#","—","—","—"
"ghost_1789773381457_k1mi5","Unlimited","Основной список","—","—","Нет","—","","Нет","Нет","","#","—","—","—"
"ghost_1789773382309_ddiye","Vader Immortal: A Star Wars VR Series","Основной список","—","—","Нет","—","","Нет","Нет","","#","—","—","—"
"ghost_1789773382630_eic69","Valheim","Основной список","—","—","Нет","—","","Нет","Нет","","#","—","—","—"
"ghost_1789773383417_alk3n","Voidheart","Основной список","—","—","Нет","—","","Нет","Нет","","#","—","—","—"
"ghost_1789773383752_k2x2k","Wanted: Dead","Основной список","—","—","Нет","—","","Нет","Нет","","#","—","—","—"
"ghost_1789773384932_vcmux","Warmastered","Основной список","—","—","Нет","—","","Нет","Нет","","#","—","—","—"
"ghost_1789773385255_gqtfr","Wasteland 3","Основной список","—","—","Нет","—","","Нет","Нет","","#","—","—","—"
"ghost_1789773385769_pgdnq","Weaver's Edition","Основной список","—","—","Нет","—","","Нет","Нет","","#","—","—","—"
"ghost_1789773386193_lnokc","WipEout","Основной список","—","—","Нет","—","","Нет","Нет","","#","—","—","—"
"ghost_1789773386952_f54po","Wolfenstein: Alt","Основной список","—","—","Нет","—","","Нет","Нет","","#","—","—","—"
"ghost_1789773387359_kj4ug","Woodo","Основной список","—","—","Нет","—","","Нет","Нет","","#","—","—","—"
"ghost_1789773388804_ckrsi","WRC 9 FIA World Rally Championship","Основной список","—","—","Нет","—","","Нет","Нет","","#","—","—","—"
"ghost_1789773389133_iaknp","WRC Collection","Основной список","—","—","Нет","—","","Нет","Нет","","#","—","—","—"
"ghost_1789773389832_om5pp","XXL","Основной список","—","—","Нет","—","","Нет","Нет","","#","—","—","—"