"№","Название","ID игры","Платформа","Предзаказ","Обычная цена","Скидка %","Новая цена","Дата окончания","Цены изданий","Рус. озвучка","Рус. текст","Подписки","Ссылка","Дата релиза","Жанр","PEGI"
"70","Resident Evil Requiem","PPSA31246","PS5","Нет","3.449,00 TL","38%","2.138,38 TL","2026-09-29","Standard Edition: 3.449,00 TL; Deluxe Edition: 3.849,00 TL","Да","Да","","https://store.playstation.com/en-tr/concept/10015533","2026-02-26","Action","PEGI_18"
"136","PRAGMATA","PPSA02530","PS5","Нет","2.579,00 TL","20%","2.063,20 TL","2026-09-29","Standard Edition: 2.579,00 TL; Deluxe Edition: 2.999,00 TL","Да","Да","","https://store.playstation.com/en-tr/concept/10002075","2026-04-16","Action","PEGI_16"
"82","Call of Duty: Black Ops","PPSA34501","PS4, PS5","Нет","1.600,00 TL","50%","800,00 TL","2026-09-29","","Да","Да","","https://store.playstation.com/en-tr/concept/10017657","2026-07-09","Shooter","PEGI_18"
"69","Call of Duty: Black Ops II","PPSA34502","PS4, PS5","Нет","1.600,00 TL","50%","800,00 TL","2026-09-29","","Да","Да","","https://store.playstation.com/en-tr/concept/10017658","2026-07-09","Shooter","PEGI_18"
"9","Forza Horizon 5","PPSA22327","PS5","Нет","1.541,00 TL","60%","616,40 TL","2026-09-29","Standard Edition: 1.541,00 TL; Deluxe Edition: 2.055,00 TL; Premium Edition: 2.570,00 TL","Нет","Да","","https://store.playstation.com/en-tr/concept/10010647","2025-04-28","Driving/Racing","PEGI_3"
"141","Resident Evil 4","PPSA07412","PS4, PS5","Нет","1.399,00 TL","75%","349,75 TL","2026-09-29","Standard Edition: 1.399,00 TL; Gold Edition: 1.749,00 TL; Remake Trilogy: 2.999,00 TL","Да","Да","","https://store.playstation.com/en-tr/concept/10004473","2023-03-23","Horror","PEGI_18"
"250","DEATH STRANDING 2: ON THE BEACH","PPSA02015","PS5","Нет","3.449,00 TL","38%","2.138,38 TL","2026-09-29","Digital Deluxe Edition: 3.849,00 TL","Да","Да","","https://store.playstation.com/en-tr/concept/10001538","2025-06-25","Action","PEGI_18"
"137","Rust","PPSA24616","PS5","Нет","2.149,00 TL","25%","1.611,75 TL","2026-09-29","Ultimate: 3.849,00 TL; Deluxe: 2.579,00 TL","Нет","Да","","https://store.playstation.com/en-tr/concept/233072","2025-06-26","Shooter","PEGI_16"
"35","REANIMAL","PPSA23372","PS5","Нет","1.749,00 TL","20%","1.399,20 TL","2026-09-29","Digital Deluxe Edition: 2.579,00 TL","Да","Да","","https://store.playstation.com/en-tr/concept/10010999","2026-02-13","Horror","PEGI_18"
"204","No Man's Sky","PPSA01412","PS4, PS5","Нет","1.249,00 TL","60%","499,60 TL","2026-09-29","","Нет","Да","","https://store.playstation.com/en-tr/concept/216600","2020-11-11","Unique","PEGI_12"
"121","Dying Light: The Beast","PPSA24003","PS5","Нет","2.799,00 TL","50%","1.399,50 TL","2026-09-29","Dying Light: The Beast: 2.799,00 TL; Deluxe Edition: 3.249,00 TL; Definitive Edition: 3.849,00 TL","Нет","Да","","https://store.playstation.com/en-tr/concept/10011468","2025-09-18","Action","PEGI_18"
"132","Sea of Thieves","PPSA17668","PS5","Нет","999,00 TL","65%","349,65 TL","2026-09-29","Standard Edition: 999,00 TL; 2026 Deluxe Edition: 1.249,00 TL; 2026 Premium Edition: 1.499,00 TL","Нет","Да","","https://store.playstation.com/en-tr/concept/10008884","2024-04-30","Adventure","PEGI_12"
"382","Directive 8020","PPSA16384","PS5","Нет","2.149,00 TL","20%","1.719,20 TL","2026-09-29","Digital Deluxe Edition: 2.579,00 TL","Нет","Да","","https://store.playstation.com/en-tr/concept/10008357","2026-05-12","Horror","PEGI_18"
"203","Echoes of Aincrad","PPSA22969","PS5","Нет","2.999,00 TL","30%","2.099,30 TL","2026-09-29","Standard Edition: 2.999,00 TL; Deluxe Edition: 3.849,00 TL; Ultimate Edition: 4.749,00 TL","Нет","Да","","https://store.playstation.com/en-tr/concept/10010956","2026-07-09","Action","PEGI_12"
"707","DRAGON BALL XENOVERSE 2","PPSA08586","PS4, PS5","Нет","699,00 TL","65%","489,65 TL","2026-09-29","Standard Edition: 699,00 TL; Dragon Ball Xenoverse 1 and 2 Bundle: 654,33 TL; Special Edition: 1.749,00 TL; Deluxe Edition: 1.399,00 TL","Нет","Да","","https://store.playstation.com/en-tr/concept/217012","2024-05-23","Fighting","PEGI_12"
"419","NARUTO TO BORUTO: SHINOBI STRIKER","CUSA08767","PS4","Нет","1.049,00 TL","75%","487,25 TL","2026-09-29","Ultimate Edition: 4.949,00 TL; NARUTO TO BORUTO: SHINOBI STRIKER Deluxe Edition: 1.949,00 TL","Нет","Да","","https://store.playstation.com/en-tr/concept/227447","2018-08-30","Action","PEGI_12"
"282","Sonic Racing: CrossWorlds","PPSA08804","PS4, PS5","Нет","2.499,00 TL","60%","999,60 TL","2026-09-29","Standard Edition: 2.499,00 TL; Digital Deluxe Edition: 3.149,00 TL","Нет","Да","","https://store.playstation.com/en-tr/concept/10005570","2025-09-25","Driving/Racing","PEGI_3"
"832","Dead Island 2","PPSA03099","PS4, PS5","Нет","1.749,00 TL","80%","349,80 TL","2026-09-29","Ultimate Edition: 2.499,00 TL; Series Bundle: 769,80 TL","Нет","Да","PS Plus Extra","https://store.playstation.com/en-tr/concept/201061","2023-04-20","Adventure","PEGI_18"
"60","Call of Duty: WWII","CUSA08630","PS4","Нет","254,00 TL","75%","63,50 TL","2026-09-29","Call of Duty®: WWII - Gold Edition: 254,00 TL; Call of Duty®: WWII - Digital Deluxe Edition: 1.102,15 TL","Нет","Нет","","https://store.playstation.com/en-tr/concept/227115","2018-05-07","Shooter","PEGI_18"
"286","Crash Bandicoot N. Sane Trilogy","CUSA07399","PS4","Нет","1.749,00 TL","70%","524,70 TL","2026-09-29","","Нет","Нет","","https://store.playstation.com/en-tr/concept/227649","2017-06-29","Action","PEGI_7"
"415","Crash Bandicoot 4: It’s About Time","PPSA02433","PS4, PS5","Нет","2.299,00 TL","70%","689,70 TL","2026-09-29","Crash Bandicoot™ 4: It’s About Time: 2.299,00 TL; Crash Bandicoot™ - Quadrilogy Bundle: 769,00 TL; Crash Bandicoot™ - Crashiversary Bundle: 999,00 TL","Нет","Да","","https://store.playstation.com/en-tr/concept/10000264","2021-03-12","Action","PEGI_12"
"416","RESIDENT EVIL 3","PPSA03953","PS4, PS5","Нет","1.399,00 TL","80%","279,80 TL","2026-09-29","Standard Edition: 1.399,00 TL; Raccoon City Edition: 2.099,00 TL","Нет","Да","PS Plus","https://store.playstation.com/en-tr/concept/233069","2022-06-13","Adventure","PEGI_18"
"239","RESIDENT EVIL 7 biohazard","PPSA04401","PS4, PS5","Нет","699,00 TL","60%","279,60 TL","2026-09-29","Standard Edition: 699,00 TL; Gold Edition: 1.399,00 TL","Нет","Да","","https://store.playstation.com/en-tr/concept/220037","2022-06-13","Action","PEGI_18"
"130","Avatar: Frontiers of Pandora","PPSA07497","PS5","Нет","1.049,00 TL","45%","576,95 TL","2026-09-29","From The Ashes Edition: 1.399,00 TL; Complete Edition: 2.099,00 TL","Нет","Да","PS Plus Extra","https://store.playstation.com/en-tr/concept/235179","2023-12-06","Unique","PEGI_16"
"198","Nioh 3","PPSA32785","PS5","Нет","3.449,00 TL","43%","1.965,93 TL","2026-09-29","Standard Edition: 3.449,00 TL; Digital Deluxe Edition: 5.149,00 TL","Нет","Да","","https://store.playstation.com/en-tr/concept/10014010","2026-02-05","Role Playing Games","PEGI_18"
"482","Monster Hunter Wilds","PPSA07862","PS5","Нет","1.749,00 TL","25%","1.311,75 TL","2026-09-29","Standard Edition: 1.749,00 TL; Gold Edition: 3.449,00 TL","Да","Да","","https://store.playstation.com/en-tr/concept/10005176","2025-02-27","Action","PEGI_16"
"583","DARK SOULS III","CUSA03365","PS4","Нет","3.249,00 TL","50%","2.249,50 TL","2026-09-29","DARK SOULS™ III - Deluxe Edition: 4.499,00 TL; DARK SOULS™ III: 3.249,00 TL","Нет","Да","","https://store.playstation.com/en-tr/concept/201190","2016-04-11","Action","PEGI_16"
"583","DARK SOULS III","CUSA03365","PS4","Нет","3.249,00 TL","50%","2.249,50 TL","2026-09-29","DARK SOULS™ III - Deluxe Edition: 4.499,00 TL; DARK SOULS™ III: 3.249,00 TL","Нет","Да","","https://store.playstation.com/en-tr/concept/201190","2016-04-11","Action","PEGI_16"
"467","RESIDENT EVIL 5","CUSA04284","PS4","Нет","699,00 TL","75%","174,75 TL","2026-09-29","","Нет","Нет","","https://store.playstation.com/en-tr/concept/232115","2016-06-27","Horror","PEGI_18"
"431","ONE PIECE: PIRATE WARRIORS 4","PPSA27502","PS4, PS5","Нет","1.749,00 TL","75%","437,25 TL","2026-09-29","Standard Edition: 1.749,00 TL; Ultimate Edition: 3.849,00 TL; Legendary Edition: 4.749,00 TL","Нет","Да","","https://store.playstation.com/en-tr/concept/234628","2025-11-20","Adventure","PEGI_12"
"586","Tainted Grail: The Fall of Avalon","PPSA19411","PS5","Нет","1.575,00 TL","40%","945,00 TL","2026-09-29","Standard Edition: 1.575,00 TL; Excalibur Edition: 2.349,00 TL; Adventure Pack: 2.149,00 TL","Нет","Да","","https://store.playstation.com/en-tr/concept/10009530","2025-05-23","Role Playing Games","PEGI_18"
"701","Resident Evil 6","CUSA03840","PS4","Нет","699,00 TL","75%","174,75 TL","2026-09-29","Resident Evil Triple Pack: 1.749,00 TL; Resident Evil 6: 699,00 TL","Нет","Да","","https://store.playstation.com/en-tr/concept/232116","2016-03-28","Shooter","PEGI_18"
"97","Call of Duty: Black Ops 4","CUSA12443","PS4","Нет","469,00 TL","75%","117,25 TL","2026-09-29","Call of Duty®: Black Ops 4 - Digital Deluxe: 234,15 TL; Call of Duty®: Black Ops 4: 469,00 TL","Нет","Нет","","https://store.playstation.com/en-tr/concept/232300","2019-05-01","Shooter","PEGI_18"
"192","LEGO Marvel Super Heroes","CUSA00044","PS4","Нет","1.399,00 TL","87%","181,87 TL","2026-09-29","LEGO® Marvel™ Super Heroes: 1.399,00 TL","Нет","Да","","https://store.playstation.com/en-tr/concept/202493","2013-11-28","Action","PEGI_7"
"366","Cairn","PPSA28769","PS5","Нет","1.299,00 TL","25%","974,25 TL","2026-09-29","Standard Edition: 1.299,00 TL; Cairn - Deluxe Edition: 1.590,00 TL","Нет","Да","","https://store.playstation.com/en-tr/concept/10014085","2026-01-29","Sport","PEGI_16"
"sale_1789623880840_36","The Adventures of Elliot: The Millennium Tales","—","—","Нет","2.999,00 TL","25%","2.249,25 TL","2026-09-29","","Нет","Нет","","#","—","—","—"
"206","The Walking Dead: The Telltale Definitive Series","CUSA16506","PS4","Нет","1.749,00 TL","75%","437,25 TL","2026-09-29","","Нет","Да","","https://store.playstation.com/en-tr/concept/234566","2019-09-09","Adventure","PEGI_18"
"193","Metro Exodus","PPSA01749","PS4, PS5","Нет","1.049,00 TL","85%","209,85 TL","2026-09-29","Standard Edition: 1.049,00 TL; Gold Edition: 1.399,00 TL; Metro Saga Bundle: 2.099,00 TL","Да","Да","","https://store.playstation.com/en-tr/concept/231769","2021-06-17","Shooter","PEGI_18"
"318","BLEACH Rebirth of Souls","PPSA03579","PS4, PS5","Нет","2.499,00 TL","50%","1.249,50 TL","2026-09-29","Standard Edition: 2.499,00 TL; Deluxe Edition: 3.399,00 TL; Ultimate Edition: 3.899,00 TL","Нет","Да","","https://store.playstation.com/en-tr/concept/10001710","2025-03-20","Fighting","PEGI_12"
"356","Atomfall","PPSA15493","PS4, PS5","Нет","2.099,00 TL","50%","1.049,50 TL","2026-09-29","Standard: 2.099,00 TL; Atomfall Deluxe Edition: 2.099,25 TL; Atomfall Complete Edition: 3.849,00 TL","Нет","Да","","https://store.playstation.com/en-tr/concept/10007896","2025-03-27","Adventure","PEGI_18"
"1053","Solarpunk","PPSA27103","PS5","Нет","1.138,81 TL","20%","911,04 TL","2026-09-29","","Нет","Да","","https://store.playstation.com/en-tr/concept/10013019","2026-06-08","Simulation","PEGI_3"
"sale_1789623881246_42","Trails in the Sky 1st Chapter","—","—","Нет","2.579,00 TL","50%","1.289,50 TL","2026-09-29","","Нет","Нет","","#","—","—","—"
"320","The Alters","PPSA16033","PS5","Нет","1.499,00 TL","50%","749,50 TL","2026-09-29","Standard Edition: 1.499,00 TL; Deluxe Edition: 1.289,40 TL","Нет","Да","","https://store.playstation.com/en-tr/concept/10008217","2025-06-13","Adventure","PEGI_16"
"682","DRAGON QUEST VII Reimagined","PPSA17942","PS5","Нет","2.999,00 TL","35%","1.949,35 TL","2026-09-29","DRAGON QUEST VII Reimagined: 2.999,00 TL; Digital Deluxe Edition: 3.649,00 TL","Нет","Нет","","https://store.playstation.com/en-tr/concept/10008842","2026-02-04","Role Playing Games","PEGI_12"
"236","Demon Slayer -Kimetsu no Yaiba- The Hinokami Chronicles 2","PPSA25427","PS4, PS5","Нет","2.579,00 TL","60%","1.031,60 TL","2026-09-29","Standard Edition: 2.579,00 TL; Deluxe Edition: 2.999,00 TL","Нет","Нет","","https://store.playstation.com/en-tr/concept/10008540","2025-08-05","Action","PEGI_16"
"631","MY HERO ACADEMIA: All’s Justice","PPSA26174","PS5","Нет","2.999,00 TL","40%","1.799,40 TL","2026-09-29","Standard Edition: 2.999,00 TL; Deluxe Edition: 3.849,00 TL; Ultimate Edition: 4.749,00 TL","Нет","Нет","","https://store.playstation.com/en-tr/concept/10012661","2026-02-05","Action","PEGI_12"
"363","Yakuza Kiwami 3 & Dark Ties","PPSA30223","PS4, PS5","Нет","2.579,00 TL","50%","1.289,50 TL","2026-09-29","Standard Edition: 2.579,00 TL; Deluxe Edition: 2.111,85 TL","Нет","Да","","https://store.playstation.com/en-tr/concept/10015219","2026-02-11","Adventure","PEGI_18"
"334","Hello Neighbor","PPSA35154","PS4, PS5","Нет","1.299,00 TL","75%","524,75 TL","2026-09-29","","Нет","Да","PS Plus Extra","https://store.playstation.com/en-tr/concept/231096","2026-03-26","Horror","PEGI_7"
"935","Hello Neighbor Hide and Seek","CUSA13970","PS4","Нет","1.199,00 TL","75%","299,75 TL","2026-09-29","Hello Neighbor Hide and Seek: 1.199,00 TL; Hello Neighbor Bundle: 2.099,00 TL","Нет","Да","","https://store.playstation.com/en-tr/concept/232953","2018-12-06","Horror","PEGI_12"
"341","JoJo's Bizarre Adventure: All-Star Battle R","PPSA04323","PS4, PS5","Нет","1.749,00 TL","80%","349,80 TL","2026-09-29","Standard Edition: 1.749,00 TL; Deluxe Edition: 2.499,00 TL; Ultimate Edition: 3.249,00 TL","Нет","Нет","","https://store.playstation.com/en-tr/concept/10001302","2022-09-01","Action","PEGI_12"
"272","Mafia II","CUSA17761","PS4","Нет","1.159,00 TL","80%","231,80 TL","2026-09-29","","Да","Да","","https://store.playstation.com/en-tr/concept/234770","2020-05-18","Adventure","PEGI_18"
"330","Far Cry Primal","CUSA03309","PS4","Нет","1.399,00 TL","75%","299,75 TL","2026-09-29","Apex Edition: 1.199,00 TL","Нет","Нет","PS Plus Extra","https://store.playstation.com/en-tr/concept/201634","2016-02-22","Adventure","PEGI_18"
"330","Far Cry Primal","CUSA03309","PS4","Нет","1.399,00 TL","75%","299,75 TL","2026-09-29","Apex Edition: 1.199,00 TL","Нет","Нет","PS Plus Extra","https://store.playstation.com/en-tr/concept/201634","2016-02-22","Adventure","PEGI_18"
"633","Risk of Rain 2","PPSA06517","PS4, PS5","Нет","879,00 TL","75%","219,75 TL","2026-09-29","Risk of Rain 2: 879,00 TL; ROR2 + SOTV + SOTS + AC: 1.074,50 TL","Нет","Да","","https://store.playstation.com/en-tr/concept/234386","2024-08-27","Action","PEGI_12"
"749","NEW MONOPOLY","PPSA17419","PS4, PS5","Нет","1.049,00 TL","60%","419,60 TL","2026-09-29","","Нет","Да","PS Plus Extra","https://store.playstation.com/en-tr/concept/10008585","2024-09-25","Party","PEGI_3"
"2574","Vampire Crawlers: The Turbo Wildcard from Vampire Survivors","PPSA30703","PS5","Нет","193,00 TL","10%","173,70 TL","2026-09-29","","Нет","Да","","https://store.playstation.com/en-tr/concept/10015481","2026-04-21","Strategy","PEGI_7"
"625","Sniper Ghost Warrior Contracts 2","PPSA03131","PS4, PS5","Нет","1.399,00 TL","90%","139,90 TL","2026-09-29","Standard Edition: 1.399,00 TL; SGWC1 & SGWC2 Double Pack: 2.099,00 TL; Premium Edition: 1.749,00 TL; SGWC1 & SGWC2 Double Pack: 2.099,00 TL; Complete Edition: 2.099,00 TL","Нет","Да","","https://store.playstation.com/en-tr/concept/10000888","2021-06-03","Shooter","PEGI_18"
"388","DRAGON BALL FighterZ","PPSA09789","PS4, PS5","Нет","2.499,00 TL","84%","559,84 TL","2026-09-29","DRAGON BALL FighterZ PS4 & PS5: 2.499,00 TL; Legendary Edition: 1.287,25 TL; FighterZ Edition: 3.499,00 TL","Нет","Нет","","https://store.playstation.com/en-tr/concept/228726","2024-02-28","Fighting","PEGI_12"
"240","Moving Out 2","PPSA08206","PS4, PS5","Нет","1.049,00 TL","75%","262,25 TL","2026-09-29","Moving Out 2: 1.049,00 TL; Moving Out + Moving Out 2 Bundle: 1.575,00 TL; Moving Out 2 - Deluxe Edition: 1.149,00 TL","Нет","Да","","https://store.playstation.com/en-tr/concept/10005309","2023-08-14","Strategy","PEGI_3"
"1553","Life is Strange","CUSA23981","PS4","Нет","284,01 TL","80%","40,79 TL","2026-09-29","","Нет","Да","","https://store.playstation.com/en-tr/concept/10001187","2022-01-31","Adventure","PEGI_16"
"429","Diablo III","CUSA00433","PS4","Нет","304,07 TL","67%","100,34 TL","2026-09-29","","Нет","Нет","","https://store.playstation.com/en-tr/concept/200914","2017-06-26","Role Playing Games","PEGI_16"
"433","Hellblade: Senua’s Sacrifice","PPSA27581","PS5","Нет","899,00 TL","30%","629,30 TL","2026-09-29","Standard Edition: 899,00 TL; Hellblade: Senua’s Sacrifice: 1.299,00 TL","Нет","Да","","https://store.playstation.com/en-tr/concept/10013503","2025-08-12","Adventure","PEGI_18"
"581","Undertale","CUSA09415","PS4","Нет","525,00 TL","34%","346,50 TL","2026-09-29","Undertale: 525,00 TL","Нет","Нет","","https://store.playstation.com/en-tr/concept/228887","2017-08-14","Role Playing Games","PEGI_12"
"376","Just Cause 4: Reloaded","CUSA09264","PS4","Нет","1.399,00 TL","85%","209,85 TL","2026-09-29","Just Cause 4: Reloaded: 1.399,00 TL; Just Cause 4 - Gold Edition: 2.099,00 TL; Just Cause 4 - Complete Edition: 2.499,00 TL","Нет","Нет","","https://store.playstation.com/en-tr/concept/229133","2019-11-06","Action","PEGI_18"
"376","Just Cause 4: Reloaded","CUSA09264","PS4","Нет","1.399,00 TL","85%","209,85 TL","2026-09-29","Just Cause 4: Reloaded: 1.399,00 TL; Just Cause 4 - Gold Edition: 2.099,00 TL; Just Cause 4 - Complete Edition: 2.499,00 TL","Нет","Нет","","https://store.playstation.com/en-tr/concept/229133","2019-11-06","Action","PEGI_18"
"2011","MONSTER HUNTER: WORLD","CUSA07708","PS4","Нет","849,00 TL","60%","339,60 TL","2026-09-29","Monster Hunter: World: 849,00 TL; Master Edition: 1.749,00 TL; Master Edition DDX: 1.749,00 TL","Нет","Да","","https://store.playstation.com/en-tr/concept/228785","2018-01-25","Action","PEGI_16"
"297","Truck Simulator 25: Euro Driver","CUSA51951","PS4","Нет","525,00 TL","50%","262,50 TL","2026-09-29","","Нет","Нет","","https://store.playstation.com/en-tr/concept/10013081","2025-05-05","Driving/Racing","PEGI_3"
"255","Call of Duty: Infinite Warfare","CUSA05282","PS4","Да","2.499,00 TL","75%","624,75 TL","2026-09-29","Call of Duty®: Infinite Warfare - Legacy Edition: 1.259,60 TL; Call of Duty®: Infinite Warfare - Digital Deluxe: 1.364,65 TL; Call of Duty®: Infinite Warfare: 2.499,00 TL","Нет","Нет","","https://store.playstation.com/en-tr/concept/221672","2016-11-02","Shooter","PEGI_18"
"1364","FINAL FANTASY XII THE ZODIAC AGE","CUSA05531","PS4","Нет","1.749,00 TL","70%","524,70 TL","2026-09-29","","Нет","Нет","","https://store.playstation.com/en-tr/concept/228209","2017-07-17","Role Playing Games","PEGI_16"
"2296","Resident Evil Code: Veronica X","CUSA07343","PS4","Нет","525,00 TL","60%","210,00 TL","2026-09-29","","Нет","Нет","","https://store.playstation.com/en-tr/concept/232117","2017-05-09","Horror","PEGI_16"
"774","DARK SOULS II: Scholar of the First Sin","CUSA01589","PS4","Нет","1.299,00 TL","50%","649,50 TL","2026-09-29","","Нет","Да","","https://store.playstation.com/en-tr/concept/226237","2015-04-01","Adventure","PEGI_16"
"1532","resident evil 4 (2005)","CUSA04704","PS4","Нет","699,00 TL","75%","174,75 TL","2026-09-29","","Нет","Нет","","https://store.playstation.com/en-tr/concept/232114","2016-08-29","Horror","PEGI_18"
"417","Arizona Sunshine VR 2","PPSA17011","PS5","Нет","1.399,00 TL","63%","517,63 TL","2026-09-29","Arizona Sunshine® VR - Freddy's Bundle: 1.749,00 TL; Deluxe Edition: 1.749,00 TL","Нет","Нет","","https://store.playstation.com/en-tr/concept/10008622","2023-12-05","Action","PEGI_18"
"2529","Watch_Dogs","CUSA00016","PS4","Нет","849,00 TL","80%","259,80 TL","2026-09-29","WATCH_DOGS™ COMPLETE EDITION: 1.299,00 TL","Да","Да","PS Plus Extra","https://store.playstation.com/en-tr/concept/205264","2014-08-26","Adventure","PEGI_18"
"2529","Watch_Dogs","CUSA00016","PS4","Нет","849,00 TL","80%","259,80 TL","2026-09-29","WATCH_DOGS™ COMPLETE EDITION: 1.299,00 TL","Да","Да","PS Plus Extra","https://store.playstation.com/en-tr/concept/205264","2014-08-26","Adventure","PEGI_18"
"607","Alien: Isolation","CUSA00362","PS4","Нет","1.199,00 TL","70%","584,70 TL","2026-09-29","Alien: Isolation - The Collection: 1.949,00 TL; Alien: Isolation: 1.199,00 TL","Да","Да","","https://store.playstation.com/en-tr/concept/200213","2014-10-06","Horror","PEGI_18"
"1264","DRAGON QUEST XI S: Echoes of an Elusive Age","CUSA19120","PS4","Нет","879,00 TL","50%","439,50 TL","2026-09-29","DRAGON QUEST XI S: Echoes of an Elusive Age – Definitive Edition: 879,00 TL","Нет","Нет","","https://store.playstation.com/en-tr/concept/235335","2020-12-03","Role Playing Games","PEGI_12"
"451","The Dark Pictures Anthology: Little Hope","PPSA06487","PS4, PS5","Нет","699,00 TL","50%","349,50 TL","2026-09-29","","Да","Да","","https://store.playstation.com/en-tr/concept/235232","2022-09-27","Adventure","PEGI_18"
"675","Road 96","PPSA05592","PS4, PS5","Нет","849,00 TL","65%","297,15 TL","2026-09-29","","Нет","Да","","https://store.playstation.com/en-tr/concept/10003593","2022-04-13","Adventure","PEGI_16"
"2429","RESIDENT EVIL REVELATIONS","CUSA06212","PS4","Нет","699,00 TL","75%","174,75 TL","2026-09-29","Resident Evil Revelations 1 & 2 Bundle: 1.049,00 TL; RESIDENT EVIL REVELATIONS: 699,00 TL","Нет","Да","","https://store.playstation.com/en-tr/concept/232118","2017-08-28","Horror","PEGI_16"
"sale_1789623883096_82","LEGO DC Heroes & Villains Bundle","—","—","Нет","2.099,00 TL","87%","272,87 TL","2026-09-29","","Нет","Нет","","#","—","—","—"
"604","NieR Replicant ver.1.22474487139…","CUSA18742","PS4","Нет","398,99 TL","60%","159,59 TL","2026-09-29","","Нет","Нет","","https://store.playstation.com/en-tr/concept/10000272","2021-04-22","Role Playing Games","PEGI_18"
"495","Gas Station Simulator","PPSA29133","PS5","Нет","949,00 TL","50%","349,50 TL","2026-09-29","Gas Station Simulator, Airstrip DLC and Can Touch This DLC Bundle: 1.160,00 TL; Gas Station Simulator and Party Time DLC Bundle: 949,00 TL; Gas Station Simulator and Junkyard DLC Bundle: 714,45 TL; Gas Station Simulator and Can Touch This DLC Bundle: 1.031,00 TL; Gas Station Simulator and Airstrip DLC Bundle: 593,45 TL; Gas Station Simulator: 949,00 TL; Paradise Pack 4 in 1: 584,55 TL; Gas Station Simulator: Airstrip DLC + Tidal Wave DLC Bundle: 270,45 TL; Gas Station Simulator, Airstrip DLC and Can Touch This DLC Bundle: 875,00 TL; Gas Station Simulator and Party Time DLC Bundle: 314,55 TL; Gas Station Simulator and Junkyard DLC Bundle: 638,00 TL; Gas Station Simulator and Can Touch This DLC Bundle: 294,00 TL; Gas Station Simulator and Airstrip DLC Bundle: 335,60 TL; Gas Station Simulator: 699,00 TL; GSS Ultimate Pack 5 in 1: 1.299,00 TL","Нет","Да","","https://store.playstation.com/en-tr/concept/10004337","2026-04-09","Simulation","PEGI_12"
"506","Just Cause 3","CUSA02747","PS4","Нет","699,00 TL","75%","174,75 TL","2026-09-29","Just Cause 3: XXL Edition: 27,25 TL; Just Cause 3: 699,00 TL","Нет","Нет","","https://store.playstation.com/en-tr/concept/202209","2015-11-30","Action","PEGI_18"
"sale_1789623883462_86","OCTOPATH TRAVELER II PS4＆PS5","—","—","Нет","2.099,00 TL","60%","839,60 TL","2026-09-29","","Нет","Нет","","#","—","—","—"
"1133","Blasphemous","CUSA16261","PS4","Нет","875,00 TL","75%","218,75 TL","2026-09-29","","Нет","Да","","https://store.playstation.com/en-tr/concept/234422","2019-09-09","Action","PEGI_16"
"751","PAYDAY 2","CUSA50542","PS4","Нет","699,00 TL","80%","139,80 TL","2026-09-29","","Нет","Нет","","https://store.playstation.com/en-tr/concept/231035","2024-09-30","Shooter","PEGI_18"
"287","Assetto Corsa","CUSA11487","PS4","Нет","1.399,00 TL","75%","262,25 TL","2026-09-29","Assetto Corsa Ultimate Edition: 1.399,00 TL; Assetto Corsa: 1.049,00 TL","Нет","Да","","https://store.playstation.com/en-tr/concept/205920","2018-04-19","Driving/Racing","PEGI_3"
"2237","FINAL FANTASY VIII","CUSA08751","PS4","Нет","699,00 TL","60%","279,60 TL","2026-09-29","","Нет","Нет","","https://store.playstation.com/en-tr/concept/229480","2019-09-02","Role Playing Games","PEGI_16"
"698","Outward","PPSA03797","PS4, PS5","Нет","1.599,00 TL","80%","319,80 TL","2026-09-29","Outward Definitive Edition: 1.599,00 TL; Outward: The Adventurer Bundle: 1.399,00 TL","Нет","Да","","https://store.playstation.com/en-tr/concept/231374","2022-05-17","Role Playing Games","PEGI_12"
"1377","Forever Skies","PPSA07867","PS5","Нет","1.229,00 TL","45%","675,95 TL","2026-09-29","Standard Edition: 1.229,00 TL; Help The Planet Bundle: 1.590,00 TL; Deluxe Edition: 1.399,00 TL; Enhanced Edition: 817,00 TL","Нет","Да","","https://store.playstation.com/en-tr/concept/10004499","2025-04-14","Simulator","PEGI_12"
"809","South Park: The Fractured but Whole","CUSA04323","PS4","Нет","1.049,00 TL","70%","524,70 TL","2026-09-29","Bundle: South Park™ : The Stick of Truth™ + The Fractured but Whole™: 2.099,00 TL","Нет","Нет","PS Plus Extra","https://store.playstation.com/en-tr/concept/216489","2018-01-31","Role Playing Games","PEGI_18"
"809","South Park: The Fractured but Whole","CUSA04323","PS4","Нет","1.049,00 TL","70%","524,70 TL","2026-09-29","Bundle: South Park™ : The Stick of Truth™ + The Fractured but Whole™: 2.099,00 TL","Нет","Нет","PS Plus Extra","https://store.playstation.com/en-tr/concept/216489","2018-01-31","Role Playing Games","PEGI_18"
"sale_1789623883985_95","Bundle: South Park : The Stick of Truth + The Fractured but Whole","—","—","Нет","2.099,00 TL","75%","524,75 TL","2026-09-29","","Нет","Нет","","#","—","—","—"
"269","Plants vs. Zombies: Battle for Neighborville","CUSA10852","PS4","Нет","720,00 TL","60%","288,00 TL","2026-09-29","Plants vs. Zombies: Battle for Neighborville™ Deluxe Edition: 1.080,00 TL; Plants vs. Zombies: Battle for Neighborville™: 720,00 TL; EA SPEED & SEED BUNDLE: 427,12 TL","Нет","Да","EA Access","https://store.playstation.com/en-tr/concept/234658","2019-10-17","Shooter","PEGI_7"
"1136","Formula Legends","PPSA26394","PS5","Нет","849,00 TL","50%","424,50 TL","2026-09-29","Formula Legends – Formula E: 949,00 TL; Formula Legends Deluxe: 1.749,00 TL; Formula Legends: 849,00 TL; Formula Legends – Formula E: 949,00 TL; Formula Legends Deluxe: 1.749,00 TL; Formula Legends: 849,00 TL","Нет","Нет","","https://store.playstation.com/en-tr/concept/10012804","2025-09-18","Driving/Racing","PEGI_3"
"1677","Resident Evil 3 Nemesis","PPSA07815","PS4, PS5","Нет","429,00 TL","50%","214,50 TL","2026-09-29","","Нет","Нет","","https://store.playstation.com/en-tr/concept/10005151","2025-08-19","Horror","PEGI_18"
"2018","MXGP 24: The Official Game","PPSA22981","PS5","Нет","2.099,00 TL","75%","524,75 TL","2026-09-29","Standard Edition: 2.099,00 TL; Fox Holeshot Edition: 2.499,00 TL","Нет","Да","","https://store.playstation.com/en-tr/concept/10010833","2024-11-28","Driving/Racing","PEGI_3"
"652","LEGO The Incredibles","CUSA09897","PS4","Нет","2.099,00 TL","91%","188,91 TL","2026-09-29","","Нет","Да","","https://store.playstation.com/en-tr/concept/229812","2018-06-14","Adventure","PEGI_7"
"sale_1789623884446_101","Tales of Berseria","—","—","Нет","1.749,00 TL","25%","1.311,75 TL","2026-09-29","","Нет","Нет","","#","—","—","—"
"1863","Bloons TD 6","CUSA29954","PS4","Нет","749,00 TL","30%","524,30 TL","2026-09-29","","Нет","Да","","https://store.playstation.com/en-tr/concept/10000502","2024-07-31","Strategy","PEGI_3"
"sale_1789623884824_103","MOTORSLICE","—","—","Нет","849,00 TL","15%","721,65 TL","2026-09-29","","Нет","Нет","","#","—","—","—"
"1031","Berserk and the Band of the Hawk","CUSA07406","PS4","Нет","2.099,00 TL","60%","839,60 TL","2026-09-29","","Нет","Нет","","https://store.playstation.com/en-tr/concept/227092","2017-03-24","Action","PEGI_18"
"515","The Evil Within","CUSA00375","PS4","Нет","699,00 TL","75%","174,75 TL","2026-09-29","","Нет","Да","","https://store.playstation.com/en-tr/concept/204572","2014-12-16","Horror","PEGI_18"
"989","FAIRY TAIL 2","PPSA24062","PS4, PS5","Нет","2.499,00 TL","50%","1.249,50 TL","2026-09-29","FAIRY TAIL 2 (PS4 & PS5): 2.499,00 TL; Digital Deluxe: 2.999,00 TL; Ultimate Edition: 4.599,00 TL","Нет","Нет","","https://store.playstation.com/en-tr/concept/10011532","2024-12-12","Role Playing Games","PEGI_12"
"740","Moving Out","CUSA17675","PS4","Нет","879,00 TL","80%","175,80 TL","2026-09-29","Moving Out: 879,00 TL; Deluxe Edition: 1.049,00 TL","Нет","Да","","https://store.playstation.com/en-tr/concept/235065","2020-05-11","Unique","PEGI_3"
"455","Atelier Yumia: The Alchemist of Memories & the Envisioned Land","PPSA25468","PS4, PS5","Нет","2.499,00 TL","50%","1.049,50 TL","2026-09-29","Standard Edition PS4/PS5: 2.499,00 TL; Standard Edition PS4: 2.099,00 TL; Digital Deluxe PS4/PS5: 2.799,00 TL; Digital Deluxe PS4: 2.499,00 TL; Ultimate Edition PS4/PS5: 4.199,00 TL; Ultimate Edition PS4: 3.899,00 TL","Нет","Да","","https://store.playstation.com/en-tr/concept/10012240","2025-03-20","Role Playing Games","PEGI_12"
"455","Atelier Yumia: The Alchemist of Memories & the Envisioned Land","PPSA25468","PS4, PS5","Нет","2.499,00 TL","50%","1.049,50 TL","2026-09-29","Standard Edition PS4/PS5: 2.499,00 TL; Standard Edition PS4: 2.099,00 TL; Digital Deluxe PS4/PS5: 2.799,00 TL; Digital Deluxe PS4: 2.499,00 TL; Ultimate Edition PS4/PS5: 4.199,00 TL; Ultimate Edition PS4: 3.899,00 TL","Нет","Да","","https://store.playstation.com/en-tr/concept/10012240","2025-03-20","Role Playing Games","PEGI_12"
"618","Goat Simulator","CUSA02779","PS4","Нет","349,00 TL","75%","209,75 TL","2026-09-29","Goat Simulator: The GOATY: 839,00 TL; Goat Simulator: 349,00 TL","Нет","Да","","https://store.playstation.com/en-tr/concept/201723","2015-08-11","Simulation","PEGI_12"
"618","Goat Simulator","CUSA02779","PS4","Нет","349,00 TL","75%","209,75 TL","2026-09-29","Goat Simulator: The GOATY: 839,00 TL; Goat Simulator: 349,00 TL","Нет","Да","","https://store.playstation.com/en-tr/concept/201723","2015-08-11","Simulation","PEGI_12"
"2347","TT Isle Of Man: Ride on the Edge 3","PPSA08810","PS4, PS5","Нет","2.099,00 TL","80%","419,80 TL","2026-09-29","TT Isle Of Man 3 - Racing Fan Edition: 2.499,00 TL","Нет","Да","","https://store.playstation.com/en-tr/concept/10005573","2023-05-11","Driving/Racing","PEGI_3"
"1383","TUNIC","PPSA03055","PS4, PS5","Нет","1.299,00 TL","50%","649,50 TL","2026-09-29","","Нет","Да","","https://store.playstation.com/en-tr/concept/10002475","2022-09-27","Action","PEGI_7"
"736","Evil West","PPSA02371","PS4, PS5","Нет","2.799,00 TL","75%","699,75 TL","2026-09-29","","Нет","Да","","https://store.playstation.com/en-tr/concept/10001902","2022-11-21","Shooter","PEGI_18"
"7567","inKONBINI: One Store. Many Stories","PPSA24262","PS4, PS5","Нет","1.079,00 TL","20%","863,20 TL","2026-09-29","Digital Deluxe Edition: 1.160,00 TL","Нет","Да","","https://store.playstation.com/en-tr/concept/10011644","2026-04-30","Casual","PEGI_3"
"1037","MARVEL vs. CAPCOM Fighting Collection: Arcade Classics","CUSA46747","PS4","Нет","1.749,00 TL","60%","699,60 TL","2026-09-29","","Нет","Да","","https://store.playstation.com/en-tr/concept/10009938","2024-09-11","Action","PEGI_16"
"1010","Smalland: Survive the Wilds","PPSA17372","PS5","Нет","1.199,00 TL","80%","239,80 TL","2026-09-29","","Нет","Да","","https://store.playstation.com/en-tr/concept/10008767","2024-02-15","Adventure","PEGI_12"
"505","Metro 2033 Redux","CUSA00591","PS4","Нет","699,00 TL","85%","104,85 TL","2026-09-29","","Да","Да","","https://store.playstation.com/en-tr/concept/202807","2015-06-01","Shooter","PEGI_18"
"369","Far Cry 4","CUSA00462","PS4","Нет","1.399,00 TL","75%","537,25 TL","2026-09-29","Gold Edition: 1.749,00 TL; FAR CRY 4 + FAR CRY PRIMAL BUNDLE: 2.149,00 TL","Да","Да","PS Plus Extra","https://store.playstation.com/en-tr/concept/201624","2014-11-17","Shooter","PEGI_18"
"5954","Dead Rising Deluxe Remaster","PPSA18301","PS5","Нет","2.149,00 TL","50%","1.074,50 TL","2026-09-29","Standard: 2.149,00 TL; Digital Deluxe: 2.099,00 TL","Да","Да","","https://store.playstation.com/en-tr/concept/10009074","2024-09-18","Action","PEGI_18"
"4951","Beyond Good & Evil 20th","PPSA08706","PS4, PS5","Нет","699,00 TL","40%","419,40 TL","2026-09-29","","Нет","Да","","https://store.playstation.com/en-tr/concept/10004727","2024-06-24","Adventure","PEGI_12"
"1543","Doki Doki Literature Club Plus!","PPSA03733","PS4, PS5","Нет","537,00 TL","33%","359,79 TL","2026-09-29","","Нет","Да","","https://store.playstation.com/en-tr/concept/10002895","2021-06-30","Adventure","PEGI_18"
"708","Dishonored","CUSA02230","PS4","Нет","699,00 TL","75%","174,75 TL","2026-09-29","","Нет","Да","","https://store.playstation.com/en-tr/concept/228538","2015-08-26","Action","PEGI_18"
"1263","South Park: The Stick of Truth","CUSA04695","PS4","Нет","1.399,00 TL","75%","349,75 TL","2026-09-29","","Нет","Да","PS Plus Extra","https://store.playstation.com/en-tr/concept/204162","2018-02-12","Role Playing Games","PEGI_18"
"1204","The Jackbox Party Pack 3","CUSA06236","PS4","Нет","945,00 TL","45%","519,75 TL","2026-09-29","","Нет","Нет","","https://store.playstation.com/en-tr/concept/222886","2016-10-18","Party","PEGI_12"
"sale_1789623886268_126","Wreckfest: Drive Hard. Die Last.","—","—","Нет","1.049,00 TL","65%","367,15 TL","2026-09-29","","Нет","Нет","","#","—","—","—"
"1147","Generation Zero","CUSA14212","PS4","Нет","1.049,00 TL","80%","209,80 TL","2026-09-29","Generation Zero® - Ultimate Bundle: 3.149,00 TL; Generation Zero® - Story Bundle: 1.229,00 TL; Generation Zero®: 1.049,00 TL","Нет","Да","","https://store.playstation.com/en-tr/concept/231068","2019-03-25","Action","PEGI_12"
"327","Far Cry 5","CUSA05847","PS4","Нет","344,85 TL","85%","117,30 TL","2026-09-29","Far Cry® 5 Gold Edition: 584,85 TL","Нет","Нет","PS Plus Extra","https://store.playstation.com/en-tr/concept/221692","2018-03-26","Action","PEGI_18"
"327","Far Cry 5","CUSA05847","PS4","Нет","344,85 TL","85%","117,30 TL","2026-09-29","Far Cry® 5 Gold Edition: 584,85 TL","Нет","Нет","PS Plus Extra","https://store.playstation.com/en-tr/concept/221692","2018-03-26","Action","PEGI_18"
"714","Like a Dragon: Ishin!","PPSA06455","PS4, PS5","Нет","3.149,00 TL","80%","629,80 TL","2026-09-29","Standard: 3.149,00 TL; Digital Deluxe: 779,80 TL","Нет","Нет","","https://store.playstation.com/en-tr/concept/10004480","2023-02-21","Action","PEGI_18"
"1173","Tetris Effect: Connected","PPSA07959","PS5","Нет","1.399,00 TL","50%","699,50 TL","2026-09-29","Tetris® Effect: Connected: 1.399,00 TL","Нет","Нет","","https://store.playstation.com/en-tr/concept/232708","2023-02-21","Puzzle","PEGI_3"
"781","Trepang2","PPSA15349","PS5","Нет","1.199,00 TL","75%","299,75 TL","2026-09-29","Trepang2: 1.199,00 TL; Digital Deluxe Edition: 179,75 TL","Нет","Да","","https://store.playstation.com/en-tr/concept/10007968","2023-10-01","Shooter","PEGI_18"
"2059","Killing Floor 3","PPSA08427","PS5","Нет","1.749,00 TL","50%","874,50 TL","2026-09-29","Killing Floor 3: 1.749,00 TL; Deluxe Edition: 2.579,00 TL; Elite Nightfall Edition: 3.449,00 TL","Нет","Да","","https://store.playstation.com/en-tr/concept/10005321","2025-07-24","Shooter","PEGI_18"
"851","Aliens: Fireteam Elite","PPSA03544","PS4, PS5","Нет","1.049,00 TL","75%","262,25 TL","2026-09-29","Standard: 1.049,00 TL; Ultimate Edition: 2.099,00 TL; Into The Hive Edition: 349,75 TL","Нет","Да","","https://store.playstation.com/en-tr/concept/10002794","2021-08-23","Action","PEGI_16"
"1161","STAR OCEAN THE SECOND STORY R","PPSA13716","PS4, PS5","Нет","499,00 TL","50%","249,50 TL","2026-09-29","STAR OCEAN THE SECOND STORY R - PS4 & PS5: 499,00 TL","Нет","Нет","","https://store.playstation.com/en-tr/concept/10007308","2023-11-01","Role Playing Games","PEGI_12"
"sale_1789623887312_137","The Jackbox Party Pack 9","—","—","Нет","1.049,00 TL","35%","681,85 TL","2026-09-29","","Нет","Нет","","#","—","—","—"
"1138","Sherlock Holmes The Awakened","PPSA08069","PS4, PS5","Нет","1.399,00 TL","90%","139,90 TL","2026-09-29","Standard Edition PS5 & PS4: 1.399,00 TL; Sherlock Holmes: The Darkest Mysteries Bundle: 1.399,00 TL; Deluxe Edition PS5 & PS4: 1.749,00 TL","Нет","Нет","","https://store.playstation.com/en-tr/concept/10005262","2023-04-11","Horror","PEGI_16"
"1163","PROJECT ZERO: MAIDEN OF BLACK WATER","PPSA04333","PS4, PS5","Нет","1.399,00 TL","30%","979,30 TL","2026-09-29","Standard Edition: 1.399,00 TL; Digital Deluxe Edition: 1.925,00 TL","Нет","Нет","","https://store.playstation.com/en-tr/concept/10003261","2021-10-27","Horror","PEGI_18"
"730","Nioh 2 Remastered – The","PPSA02486","PS4, PS5","Нет","459,00 TL","50%","699,50 TL","2026-09-29","Nioh 2: 1.399,00 TL; The Complete Edition: 459,00 TL; The Nioh Collection: 619,00 TL","Нет","Да","","https://store.playstation.com/en-tr/concept/234389","2021-02-04","Unique","PEGI_18"
"2054","13 Sentinels: Aegis Rim","CUSA19620","PS4","Нет","456,61 TL","75%","114,15 TL","2026-09-29","","Нет","Нет","","https://store.playstation.com/en-tr/concept/233095","2020-09-21","Adventure","PEGI_12"
"2751","Gravity Rush","CUSA01113","PS4","Нет","1.299,00 TL","50%","649,50 TL","2026-09-29","","Нет","Да","","https://store.playstation.com/en-tr/concept/226357","2016-02-02","Action","PEGI_12"
"sale_1789623887964_143","Wolfenstein II: The New Colossus Deluxe Edition (CUSA07378)","—","—","Нет","2.099,00 TL","85%","314,85 TL","2026-09-29","","Нет","Нет","","#","—","—","—"
"1556","MY HERO ONE'S JUSTICE 2","CUSA16171","PS4","Нет","1.749,00 TL","75%","437,25 TL","2026-09-29","Ultimate Edition: 3.449,00 TL; MY HERO ONE'S JUSTICE 2 Deluxe Edition: 2.099,00 TL; MY HERO ONE'S JUSTICE 2: 1.749,00 TL","Нет","Нет","","https://store.playstation.com/en-tr/concept/234276","2020-04-16","Fighting","PEGI_12"
"2056","Asterigos: Curse of the Stars","PPSA08194","PS4, PS5","Нет","1.229,00 TL","75%","307,25 TL","2026-09-29","Deluxe Edition: 1.575,00 TL","Нет","Да","","https://store.playstation.com/en-tr/concept/10005233","2022-10-07","Role Playing Games","PEGI_12"
"739","Tales of Gracesf","PPSA19990","PS4, PS5","Нет","1.399,00 TL","65%","489,65 TL","2026-09-29","Standard Edition: 1.399,00 TL; Deluxe Edition: 2.099,00 TL","Нет","Да","","https://store.playstation.com/en-tr/concept/10009737","2025-01-16","Role Playing Games","PEGI_12"
"1107","PROJECT ZERO: Mask of the Lunar Eclipse","PPSA10278","PS4, PS5","Нет","1.749,00 TL","40%","1.049,40 TL","2026-09-29","Standard Edition: 1.749,00 TL; Digital Deluxe Edition: 2.275,00 TL","Нет","Нет","","https://store.playstation.com/en-tr/concept/10006174","2023-03-08","Horror","PEGI_16"
"3285","Rugby 22","PPSA04069","PS5","Нет","849,00 TL","75%","212,25 TL","2026-09-29","Rugby 22: 849,00 TL; Rugby 22: 849,00 TL","Нет","Нет","","https://store.playstation.com/en-tr/concept/10003098","2022-01-27","Sport","PEGI_3"
"2504","Tennis World Tour 2","PPSA02019","PS5","Нет","1.749,00 TL","85%","262,35 TL","2026-09-29","Ace Edition: 1.749,00 TL","Нет","Да","","https://store.playstation.com/en-tr/concept/10001023","2021-03-25","Sport","PEGI_3"
"1309","Portal Knights","CUSA06287","PS4","Нет","699,00 TL","70%","209,70 TL","2026-09-29","Portal Knights - Legendary Edition: 629,40 TL","Нет","Да","","https://store.playstation.com/en-tr/concept/224933","2017-06-04","Role Playing Games","PEGI_7"
"1690","Journey To The Savage Planet: Employee Of The Month","PPSA10022","PS4, PS5","Нет","1.049,00 TL","80%","209,80 TL","2026-09-29","","Нет","Да","","https://store.playstation.com/en-tr/concept/233179","2023-02-14","Action","PEGI_12"
"sale_1789623888584_152","TRIANGLE STRATEGY","—","—","Нет","2.579,00 TL","30%","1.805,30 TL","2026-09-29","","Нет","Нет","","#","—","—","—"
"1267","Spiritfarer","CUSA20160","PS4","Нет","875,00 TL","85%","131,25 TL","2026-09-29","","Нет","Да","","https://store.playstation.com/en-tr/concept/10000752","2020-08-17","Action","PEGI_12"
"1054","Haven","PPSA01562","PS4, PS5","Нет","875,00 TL","60%","350,00 TL","2026-09-29","Haven: 875,00 TL; Haven - Deluxe Edition: 378,00 TL","Нет","Да","","https://store.playstation.com/en-tr/concept/10000983","2020-12-03","Role Playing Games","PEGI_12"
"1132","Ghostwire: Tokyo","PPSA03397","PS5","Нет","609,00 TL","75%","152,25 TL","2026-09-29","Standard Edition: 609,00 TL; Deluxe Edition: 3.149,00 TL","Да","Да","","https://store.playstation.com/en-tr/concept/10000301","2022-03-24","Adventure","PEGI_12"
"1123","The Jackbox Party Pack 7","PPSA05036","PS4, PS5","Нет","1.049,00 TL","35%","681,85 TL","2026-09-29","","Нет","Нет","","https://store.playstation.com/en-tr/concept/10000457","2021-11-24","Casual","PEGI_12"
"2245","Digimon World: Next Order","CUSA05392","PS4","Нет","2.099,00 TL","84%","335,84 TL","2026-09-29","","Нет","Нет","","https://store.playstation.com/en-tr/concept/207297","2017-01-26","Adventure","PEGI_7"
"907","Ghostrunner","PPSA03685","PS4, PS5","Нет","1.049,00 TL","75%","262,25 TL","2026-09-29","Ghostrunner: Complete Edition: 1.399,00 TL; Ghostrunner: 1.049,00 TL; Ghostrunner: 1.049,00 TL","Нет","Да","","https://store.playstation.com/en-tr/concept/10001291","2021-09-28","Action","PEGI_18"
"2231","We Were Here Too","PPSA31080","PS4, PS5","Нет","429,00 TL","70%","128,70 TL","2026-09-29","","Нет","Да","","https://store.playstation.com/en-tr/concept/10001636","2025-10-06","Unique","PEGI_3"
"1127","NARUTO SHIPPUDEN: Ultimate Ninja STORM 3 Full Burst","CUSA07161","PS4","Нет","699,00 TL","50%","349,50 TL","2026-09-29","","Нет","Да","","https://store.playstation.com/en-tr/concept/227172","2017-08-24","Fighting","PEGI_12"
"2017","Enter the Gungeon","CUSA01659","PS4","Нет","649,00 TL","80%","129,80 TL","2026-09-29","Enter x Exit the Gungeon: 174,75 TL; Enter the Gungeon: 649,00 TL","Нет","Да","","https://store.playstation.com/en-tr/concept/216187","2016-04-04","Action","PEGI_12"
"1179","Shop & Stuff: Supermarket Simulator","PPSA34617","PS5","Нет","601,00 TL","50%","300,50 TL","2026-09-29","","Нет","Нет","","https://store.playstation.com/en-tr/concept/10017733","2026-03-27","Casual","PEGI_12"
"5297","Capcom Fighting Collection 2","CUSA44576","PS4","Нет","1.749,00 TL","35%","1.136,85 TL","2026-09-29","","Нет","Да","","https://store.playstation.com/en-tr/concept/10008958","2025-05-15","Fighting","PEGI_16"
"1368","Architect Life: A House Design Simulator","PPSA22273","PS5","Нет","1.749,00 TL","60%","699,60 TL","2026-09-29","Standard Edition: 1.749,00 TL; Life Sim: 4.299,00 TL; Home Deluxe Edition: 2.149,00 TL","Нет","Да","","https://store.playstation.com/en-tr/concept/10010668","2025-06-19","Simulation","PEGI_3"
"1513","Angry Birds VR: Isle of Pigs","PPSA17162","PS5","Нет","699,00 TL","20%","559,20 TL","2026-09-29","","Нет","Нет","","https://store.playstation.com/en-tr/concept/10008009","2023-10-10","Casual","PEGI_3"
"5953","DEAD RISING 2","CUSA04672","PS4","Нет","699,00 TL","75%","174,75 TL","2026-09-29","","Нет","Нет","","https://store.playstation.com/en-tr/concept/201112","2016-09-12","Action","PEGI_18"
"sale_1789623889540_168","The Wandering Village","—","—","Нет","1.049,00 TL","30%","734,30 TL","2026-09-29","","Нет","Нет","","#","—","—","—"
"2045","Vanquish","CUSA16161","PS4","Нет","1.229,00 TL","75%","307,25 TL","2026-09-29","","Нет","Нет","","https://store.playstation.com/en-tr/concept/235236","2020-02-17","Action","PEGI_18"
"2356","NARUTO: Ultimate Ninja STORM","CUSA07160","PS4","Нет","699,00 TL","50%","349,50 TL","2026-09-29","","Нет","Нет","","https://store.playstation.com/en-tr/concept/203150","2017-08-24","Fighting","PEGI_12"
"835","Prey","CUSA06559","PS4","Нет","1.049,00 TL","80%","279,80 TL","2026-09-29","Deluxe Edition: 1.399,00 TL","Да","Да","PS Plus Extra","https://store.playstation.com/en-tr/concept/224929","2017-05-04","Shooter","PEGI_18"
"2062","SOULCALIBUR Ⅵ","CUSA09884","PS4","Нет","2.499,00 TL","84%","559,84 TL","2026-09-29","SOULCALIBUR Ⅵ Deluxe Edition: 3.499,00 TL; SOULCALIBUR Ⅵ: 2.499,00 TL","Нет","Да","","https://store.playstation.com/en-tr/concept/230019","2018-10-18","Fighting","PEGI_16"
"4936","Bendy and the Dark Revival","CUSA38355","PS4","Нет","849,00 TL","70%","254,70 TL","2026-09-29","","Нет","Нет","","https://store.playstation.com/en-tr/concept/10006221","2023-02-28","Horror","PEGI_16"
"1951","MotoGP22","PPSA05760","PS4, PS5","Нет","1.299,00 TL","85%","194,85 TL","2026-09-29","","Нет","Нет","","https://store.playstation.com/en-tr/concept/10004098","2022-04-20","Driving/Racing","PEGI_3"
"1760","Hollowbody","PPSA29912","PS5","Нет","687,00 TL","25%","515,25 TL","2026-09-29","","Нет","Да","","https://store.playstation.com/en-tr/concept/10015028","2026-06-05","Horror","PEGI_16"
"2693","FINAL FANTASY TYPE-0 HD","CUSA00937","PS4","Нет","699,00 TL","70%","209,70 TL","2026-09-29","","Нет","Нет","","https://store.playstation.com/en-tr/concept/221517","2015-05-20","Role Playing Games","PEGI_16"
"2175","Potion Craft: Alchemist Simulator","PPSA09609","PS4, PS5","Нет","699,00 TL","65%","244,65 TL","2026-09-29","","Нет","Да","","https://store.playstation.com/en-tr/concept/10005918","2023-12-12","Casual","PEGI_3"
"2123","SpeedRunners","CUSA05560","PS4","Нет","349,00 TL","75%","87,25 TL","2026-09-29","Deluxe Edition: 595,00 TL","Нет","Да","","https://store.playstation.com/en-tr/concept/221759","2017-07-04","Action","PEGI_7"
"5962","Death Howl","PPSA30896","PS5","Нет","849,00 TL","30%","594,30 TL","2026-09-29","Standard Edition: 849,00 TL; Deluxe Edition: 670,15 TL","Нет","Да","","https://store.playstation.com/en-tr/concept/10015602","2026-02-19","Strategy","PEGI_12"
"2543","Handball 21","CUSA15460","PS4","Нет","699,00 TL","75%","174,75 TL","2026-09-29","","Нет","Нет","","https://store.playstation.com/en-tr/concept/233683","2020-11-12","Unique","PEGI_3"
"6363","Easy Delivery Co.","PPSA34058","PS5","Нет","549,00 TL","25%","411,75 TL","2026-09-29","","Нет","Да","","https://store.playstation.com/en-tr/concept/10017365","2026-03-26","Driving/Racing","PEGI_3"
"1009","Miasma Chronicles","PPSA06217","PS5","Нет","1.199,00 TL","70%","359,70 TL","2026-09-29","","Нет","Да","","https://store.playstation.com/en-tr/concept/10004322","2023-05-23","Strategy","PEGI_16"
"sale_1789623890667_183","Survival: Fountain of Youth","—","—","Нет","1.049,00 TL","40%","629,40 TL","2026-09-29","","Нет","Нет","","#","—","—","—"
"928","LEGO Star Wars: The Force Awakens","CUSA03397","PS4","Да","209,90 TL","91%","224,91 TL","2026-09-29","LEGO® Star Wars™: The Force Awakens Deluxe Edition: 2.499,00 TL; LEGO® Star Wars™: The Force Awakens: 209,90 TL","Нет","Да","","https://store.playstation.com/en-tr/concept/202448","2016-06-27","Action","PEGI_7"
"594","Remnant: From the Ashes","CUSA13830","PS4","Нет","1.749,00 TL","70%","524,70 TL","2026-09-29","Remnant: From the Ashes – Complete Edition: 2.149,00 TL; Remnant: From the Ashes: 1.749,00 TL","Да","Да","","https://store.playstation.com/en-tr/concept/231129","2019-12-18","Adventure","PEGI_16"
"4903","Beastro","PPSA34498","PS5","Нет","849,00 TL","25%","636,75 TL","2026-09-29","","Нет","Нет","","https://store.playstation.com/en-tr/concept/10017655","2026-06-11","Role Playing Games","PEGI_7"
"sale_1789623891125_187","WRATH: Aeon of Ruin VR","—","—","Нет","730,00 TL","10%","657,00 TL","2026-09-29","","Нет","Нет","","#","—","—","—"
"1840","Car Driving School Simulator","PPSA31093","PS5","Нет","515,00 TL","30%","360,50 TL","2026-09-29","Car Driving School Simulator: 515,00 TL; Car Driving School Simulator: 515,00 TL","Нет","Нет","","https://store.playstation.com/en-tr/concept/10015684","2025-12-12","Driving/Racing","PEGI_7"
"1017","Homefront: The Revolution","CUSA00938","PS4","Нет","699,00 TL","90%","69,90 TL","2026-09-29","Homefront®: The Revolution 'Freedom Fighter' Bundle: 139,90 TL","Да","Да","","https://store.playstation.com/en-tr/concept/202024","2016-05-19","Shooter","PEGI_18"
"6976","Ghosts 'n Goblins Resurrection","CUSA24163","PS4","Нет","1.049,00 TL","67%","346,17 TL","2026-09-29","","Нет","Нет","","https://store.playstation.com/en-tr/concept/10001057","2021-05-31","Action","PEGI_12"
"7717","OKAMI HD","CUSA08364","PS4","Нет","699,00 TL","50%","349,50 TL","2026-09-29","","Нет","Нет","","https://store.playstation.com/en-tr/concept/216640","2017-12-11","Adventure","PEGI_12"
"1654","STRIDE: Fates","PPSA21353","PS5","Нет","1.049,00 TL","45%","576,95 TL","2026-09-29","","Нет","Нет","","https://store.playstation.com/en-tr/concept/10010312","2024-05-16","Adventure","PEGI_18"
"1694","ONE PUNCH MAN: A HERO NOBODY KNOWS","CUSA16264","PS4","Нет","2.499,00 TL","90%","249,90 TL","2026-09-29","ONE PUNCH MAN: A HERO NOBODY KNOWS Deluxe Edition: 2.999,00 TL; ONE PUNCH MAN: A HERO NOBODY KNOWS: 2.499,00 TL","Нет","Да","","https://store.playstation.com/en-tr/concept/234384","2020-02-27","Action","PEGI_12"
"1566","Chorus","PPSA01592","PS4, PS5","Нет","879,00 TL","80%","175,80 TL","2026-09-29","Chorus: 879,00 TL","Нет","Да","","https://store.playstation.com/en-tr/concept/10000793","2021-12-02","Unique","PEGI_12"
"1006","NEO: The World Ends with You","CUSA26377","PS4","Нет","2.099,00 TL","70%","629,70 TL","2026-09-29","NEO: The World Ends with You: 2.099,00 TL","Нет","Нет","","https://store.playstation.com/en-tr/concept/10001982","2021-07-26","Action","PEGI_12"
"2108","One Piece: Unlimited World Red","CUSA08306","PS4","Нет","1.399,00 TL","88%","167,88 TL","2026-09-29","","Нет","Нет","","https://store.playstation.com/en-tr/concept/229543","2017-08-24","Action","PEGI_12"
"2144","DOOM 3","CUSA16295","PS4","Нет","349,00 TL","60%","139,60 TL","2026-09-29","","Нет","Нет","","https://store.playstation.com/en-tr/concept/234453","2019-07-25","Shooter","PEGI_18"
"6489","Eternal Strands","PPSA22684","PS5","Нет","1.299,00 TL","70%","389,70 TL","2026-09-29","Eternal Strands: 1.299,00 TL","Нет","Нет","","https://store.playstation.com/en-tr/concept/10010810","2025-01-28","Adventure","PEGI_12"
"7772","KILL IT WITH FIRE! 2","PPSA15735","PS5","Нет","649,00 TL","50%","324,50 TL","2026-09-29","","Нет","Нет","","https://store.playstation.com/en-tr/concept/10008124","2025-11-25","Horror","PEGI_7"
"sale_1789623892314_200","RAIDOU Remastered: The Mystery of the Soulless Army","—","—","Нет","2.149,00 TL","45%","1.181,95 TL","2026-09-29","","Нет","Нет","","#","—","—","—"
"sale_1789623892650_201","The Legend of Heroes: Trails into Reverie","—","—","Нет","2.579,00 TL","50%","1.289,50 TL","2026-09-29","","Нет","Нет","","#","—","—","—"
"1733","Saints Row: Gat out of Hell","CUSA00939","PS4","Нет","699,00 TL","85%","104,85 TL","2026-09-29","","Нет","Да","","https://store.playstation.com/en-tr/concept/213748","2015-01-22","Action","PEGI_16"
"sale_1789623893043_203","Tales from the Borderlands","—","—","Нет","699,00 TL","25%","524,25 TL","2026-09-29","","Нет","Нет","","#","—","—","—"
"1899","Police Car Simulator : EVO","PPSA36581","PS5","Нет","649,00 TL","67%","214,17 TL","2026-09-29","","Нет","Да","","https://store.playstation.com/en-tr/concept/10015761","2026-05-06","Simulator","PEGI_7"
"2690","Scars Above","PPSA08597","PS4, PS5","Нет","1.049,00 TL","80%","209,80 TL","2026-09-29","","Нет","Да","","https://store.playstation.com/en-tr/concept/10005258","2023-02-27","Shooter","PEGI_12"
"4169","Amnesia: Collection","CUSA05457","PS4","Нет","999,00 TL","80%","199,80 TL","2026-09-29","","Нет","Да","","https://store.playstation.com/en-tr/concept/221671","2016-11-21","Action","PEGI_16"
"2145","Heretic + Hexen","PPSA26525","PS4, PS5","Нет","529,00 TL","33%","354,43 TL","2026-09-29","","Нет","Да","","https://store.playstation.com/en-tr/concept/10012903","2025-08-07","Action","PEGI_16"
"1027","Tools Up!","CUSA17242","PS4","Нет","699,00 TL","80%","139,80 TL","2026-09-29","Tools Up! - The Renovation Spree Bundle: 1.160,00 TL; Tools Up!: 699,00 TL","Нет","Да","","https://store.playstation.com/en-tr/concept/234898","2019-12-02","Casual","PEGI_3"
"sale_1789623893665_209","Lost Ember","—","—","Нет","1.299,00 TL","50%","649,50 TL","2026-09-29","","Нет","Нет","","#","—","—","—"
"2454","NARUTO SHIPPUDEN: Ultimate Ninja STORM 2","CUSA07162","PS4","Нет","699,00 TL","50%","349,50 TL","2026-09-29","","Нет","Нет","","https://store.playstation.com/en-tr/concept/203143","2017-08-24","Fighting","PEGI_12"
"2151","Builder Simulator","CUSA44625","PS4","Нет","875,00 TL","55%","393,75 TL","2026-09-29","Frozen Way Tri-Bundle: 1.749,00 TL; Builder Liquidator Bundle: 1.229,00 TL; Builder Simulator: 875,00 TL","Нет","Да","","https://store.playstation.com/en-tr/concept/10008859","2023-10-09","Casual","PEGI_3"
"sale_1789623894102_212","Warhammer Pack: Hack and Slash","—","—","Нет","1.749,00 TL","80%","349,80 TL","2026-09-29","","Нет","Нет","","#","—","—","—"
"7474","I Am Future: Cozy Apocalypse Survival","PPSA28867","PS5","Нет","849,00 TL","60%","339,60 TL","2026-09-29","","Нет","Да","","https://store.playstation.com/en-tr/concept/10014424","2026-01-08","Simulation","PEGI_3"
"3843","40 Sports Games in 1","PPSA30284","PS4, PS5","Нет","1.299,00 TL","50%","649,50 TL","2026-09-29","","Нет","Нет","","https://store.playstation.com/en-tr/concept/10015240","2025-08-28","Sport","PEGI_7"
"2724","Teenage Mutant Ninja Turtles: The","PPSA04490","PS4, PS5","Нет","1.399,00 TL","60%","559,60 TL","2026-09-29","","Нет","Нет","","https://store.playstation.com/en-tr/concept/10003357","2022-08-30","Fighting","PEGI_12"
"sale_1789623894728_216","Under The Island","—","—","Нет","849,00 TL","20%","679,20 TL","2026-09-29","","Нет","Нет","","#","—","—","—"
"1595","Far Lands","PPSA23730","PS5","Нет","649,00 TL","20%","519,20 TL","2026-09-29","","Нет","Нет","","https://store.playstation.com/en-tr/concept/10011344","2026-07-29","Action","PEGI_16"
"2441","Kill It With Fire VR","PPSA08718","PS4, PS5","Нет","525,00 TL","75%","131,25 TL","2026-09-29","Kill It With Fire VR: 525,00 TL","Нет","Да","","https://store.playstation.com/en-tr/concept/10005532","2023-11-07","Adventure","PEGI_7"
"2065","Dakar 18","CUSA11741","PS4","Нет","879,00 TL","85%","131,85 TL","2026-09-29","","Нет","Нет","","https://store.playstation.com/en-tr/concept/231860","2018-10-25","Driving/Racing","PEGI_3"
"2380","Digimon Survive","CUSA18242","PS4","Нет","1.749,00 TL","84%","279,84 TL","2026-09-29","","Нет","Нет","","https://store.playstation.com/en-tr/concept/232350","2022-08-28","Adventure","PEGI_12"
"sale_1789623895235_221","The Great Ace Attorney Chronicles","—","—","Нет","284,01 TL","60%","113,60 TL","2026-09-29","","Нет","Нет","","#","—","—","—"
"1582","Welcome to ParadiZe","PPSA09257","PS5","Нет","1.399,00 TL","65%","489,65 TL","2026-09-29","Standard Edition: 1.399,00 TL; Zombot Edition: 1.749,00 TL","Нет","Да","","https://store.playstation.com/en-tr/concept/10005724","2024-02-29","Action","PEGI_18"
"3084","Bionic Bay","PPSA23767","PS5","Нет","699,00 TL","75%","174,75 TL","2026-09-29","Bionic Bay: Deluxe Edition: 875,00 TL","Нет","Нет","","https://store.playstation.com/en-tr/concept/10011377","2025-04-17","Puzzle","PEGI_12"
"2116","Worms Rumble","PPSA01526","PS4, PS5","Нет","529,00 TL","80%","105,80 TL","2026-09-29","Worms Rumble PS4 & PS5: 529,00 TL; Digital Deluxe Edition: 153,80 TL","Нет","Да","","https://store.playstation.com/en-tr/concept/10000898","2020-11-30","Strategy","PEGI_7"
"1807","The Beast Inside","PPSA10718","PS5","Нет","875,00 TL","80%","175,00 TL","2026-09-29","The Beast Inside: 875,00 TL; The Beast Inside: 875,00 TL","Нет","Да","","https://store.playstation.com/en-tr/concept/10006325","2022-11-29","Action","PEGI_18"
"sale_1789623895740_226","Rue Valley","—","—","Нет","601,00 TL","60%","240,40 TL","2026-09-29","","Нет","Нет","","#","—","—","—"
"1134","RIDE","CUSA01558","PS4","Нет","69,90 TL","90%","129,90 TL","2026-09-29","","Да","Да","","https://store.playstation.com/en-tr/concept/203782","2015-04-09","Driving/Racing","PEGI_3"
"sale_1789623896289_228","MX Dirt Bike: Unlimited Bike Experience","—","—","Нет","525,00 TL","35%","341,25 TL","2026-09-29","","Нет","Нет","","#","—","—","—"
"2361","Tinykin","PPSA05407","PS4, PS5","Нет","875,00 TL","75%","218,75 TL","2026-09-29","","Нет","Да","","https://store.playstation.com/en-tr/concept/10003847","2022-08-30","Adventure","PEGI_3"
"6556","Exoprimal","PPSA01623","PS4, PS5","Нет","2.099,00 TL","84%","335,84 TL","2026-09-29","Standard Edition: 2.099,00 TL; Deluxe Edition: 2.499,00 TL","Нет","Да","","https://store.playstation.com/en-tr/concept/10001095","2023-07-13","Shooter","PEGI_16"
"2458","Endzone - A World Apart","PPSA03662","PS5","Нет","1.749,00 TL","90%","174,90 TL","2026-09-29","Survivor Edition: 1.749,00 TL; Complete Edition: 1.925,00 TL; Survivor Edition PS4: 1.749,00 TL","Нет","Да","","https://store.playstation.com/en-tr/concept/10002515","2022-05-18","Strategy","PEGI_12"
"1172","House Flipper VR","PPSA23487","PS5","Нет","525,00 TL","60%","210,00 TL","2026-09-29","House Flipper VR: 525,00 TL; House Flipper VR: 525,00 TL","Нет","Да","","https://store.playstation.com/en-tr/concept/10003236","2024-10-21","Casual","PEGI_3"
"2169","Vampire: The Masquerade - Justice","PPSA16432","PS5","Нет","1.049,00 TL","80%","209,80 TL","2026-09-29","","Нет","Нет","","https://store.playstation.com/en-tr/concept/10008364","2023-11-01","Role Playing Games","PEGI_18"
"2109","Guns Gore and Cannoli 2","CUSA08317","PS4","Нет","455,00 TL","50%","227,50 TL","2026-09-29","","Нет","Да","","https://store.playstation.com/en-tr/concept/228733","2018-08-14","Action","PEGI_16"
"1919","Murdered: Soul Suspect","CUSA00342","PS4","Нет","699,00 TL","70%","209,70 TL","2026-09-29","","Да","Да","","https://store.playstation.com/en-tr/concept/202950","2014-06-05","Action","PEGI_16"
"sale_1789623897040_236","Umbrella Corps","—","—","Нет","525,00 TL","65%","183,75 TL","2026-09-29","","Нет","Нет","","#","—","—","—"
"sale_1789623897377_237","Umbrella Corps","—","—","Нет","629,00 TL","64%","226,44 TL","2026-09-29","","Нет","Нет","","#","—","—","—"
"7272","Hellpoint","PPSA05588","PS4, PS5","Нет","1.229,00 TL","75%","262,25 TL","2026-09-29","","Нет","Да","","https://store.playstation.com/en-tr/concept/235113","2022-07-12","Action","PEGI_12"
"2881","Killing Floor 2","CUSA05179","PS4","Нет","1.049,00 TL","25%","1.049,25 TL","2026-09-29","Ultimate Edition: 2.099,00 TL; Double Feature: 1.399,00 TL","Да","Да","PS Plus Extra","https://store.playstation.com/en-tr/concept/221915","2016-11-17","Action","PEGI_18"
"1868","City of Hunger VR","PPSA34456","PS5","Нет","537,00 TL","45%","295,35 TL","2026-09-29","","Нет","Нет","","https://store.playstation.com/en-tr/concept/10017609","2026-01-20","Horror","PEGI_18"
"6010","Demeo","PPSA10635","PS5","Нет","1.399,00 TL","20%","1.119,20 TL","2026-09-29","","Нет","Нет","","https://store.playstation.com/en-tr/concept/10005676","2023-02-21","Role Playing Games","PEGI_7"
"1921","Infinity Strash: DRAGON QUEST The Adventure of Dai","PPSA09452","PS4, PS5","Нет","1.149,00 TL","60%","459,60 TL","2026-09-29","Standard Edition: 1.149,00 TL; Digital Deluxe Edition: 1.259,00 TL","Нет","Нет","","https://store.playstation.com/en-tr/concept/10005547","2023-09-27","Action","PEGI_12"
"sale_1789623898145_243","Warhammer 40,000: Shootas, Blood & Teef","—","—","Нет","699,00 TL","50%","349,50 TL","2026-09-29","","Нет","Нет","","#","—","—","—"
"sale_1789623898490_244","Pathologic 2","—","—","Нет","1.229,00 TL","75%","307,25 TL","2026-09-29","","Нет","Нет","","#","—","—","—"
"5948","DEAD RISING 2 Off The Record","CUSA04673","PS4","Нет","699,00 TL","75%","174,75 TL","2026-09-29","","Нет","Нет","","https://store.playstation.com/en-tr/concept/212419","2016-09-12","Action","PEGI_18"
"1321","Flesh Made Fear","PPSA35689","PS5","Нет","849,00 TL","20%","679,20 TL","2026-09-29","","Нет","Нет","","https://store.playstation.com/en-tr/concept/10018392","2026-06-24","Horror","PEGI_18"
"5529","Cities: VR","PPSA10723","PS5","Нет","1.049,00 TL","85%","157,35 TL","2026-09-29","","Нет","Нет","","https://store.playstation.com/en-tr/concept/10005974","2023-02-21","Simulation","PEGI_3"
"1859","Supermarket Owner Simulator: Business","PPSA31125","PS5","Нет","274,50 TL","30%","318,50 TL","2026-09-29","Supermarket Owner Simulator: Business: 274,50 TL; Supermarket Owner Simulator: Business: 455,00 TL","Нет","Нет","","https://store.playstation.com/en-tr/concept/10011190","2025-07-31","Simulation","PEGI_3"
"1099","The Escapists 2","CUSA06244","PS4","Нет","192,25 TL","80%","189,00 TL","2026-09-29","The Escapists 2 - Game of the Year Edition: 945,00 TL; The Escapists 2: 192,25 TL; The Escapists  + The Escapists 2: 239,80 TL","Нет","Да","","https://store.playstation.com/en-tr/concept/222885","2017-08-22","Role Playing Games","PEGI_7"
"3845","63 Days","PPSA21022","PS5","Нет","1.499,00 TL","60%","599,60 TL","2026-09-29","63 Days: 1.499,00 TL; 63 Days: 1.299,00 TL","Нет","Да","","https://store.playstation.com/en-tr/concept/10010193","2024-09-26","Strategy","PEGI_18"
"5774","CRYSTAR","PPSA20766","PS5","Нет","849,00 TL","80%","169,80 TL","2026-09-29","Standard Edition: 849,00 TL; CRYSTAR: 849,00 TL","Нет","Нет","","https://store.playstation.com/en-tr/concept/228691","2024-12-04","Role Playing Games","PEGI_12"
"1803","Spray Paint Simulator","PPSA27129","PS5","Нет","525,00 TL","25%","393,75 TL","2026-09-29","Spray Paint Simulator: 525,00 TL; Spray Paint Simulator: 525,00 TL","Нет","Нет","","https://store.playstation.com/en-tr/concept/10013245","2025-05-29","Simulation","PEGI_3"
"2353","Tails of Iron","PPSA03777","PS4, PS5","Нет","879,00 TL","88%","105,48 TL","2026-09-29","","Нет","Да","","https://store.playstation.com/en-tr/concept/10002244","2021-09-17","Action","PEGI_16"
"878","New Super Lucky's Tale","PPSA34823","PS5","Нет","1.039,20 TL","85%","194,85 TL","2026-09-29","New Super Lucky's Tale: 1.039,20 TL; New Super Lucky's Tale: 1.299,00 TL","Нет","Нет","","https://store.playstation.com/en-tr/concept/10000800","2026-03-26","Family","PEGI_3"
"1406","SAMURAI WARRIORS 4","CUSA00783","PS4","Нет","879,00 TL","40%","527,40 TL","2026-09-29","","Нет","Нет","","https://store.playstation.com/en-tr/concept/204492","2014-11-18","Action","PEGI_16"
"5765","Crypt Custodian","PPSA22452","PS4, PS5","Нет","849,00 TL","35%","551,85 TL","2026-09-29","Full Game: 849,00 TL","Нет","Да","","https://store.playstation.com/en-tr/concept/10010746","2024-08-27","Adventure","PEGI_7"
"sale_1789623899632_257","Soulslinger: Envoy of Death","—","—","Нет","849,00 TL","60%","339,60 TL","2026-09-29","","Нет","Нет","","#","—","—","—"
"sale_1789623899963_258","Xuan Yuan Sword 7","—","—","Нет","1.749,00 TL","60%","699,60 TL","2026-09-29","","Нет","Нет","","#","—","—","—"
"1153","Waterpark Simulator 25","PPSA34388","PS5","Нет","235,95 TL","45%","235,95 TL","2026-09-29","Waterpark Simulator 25: 235,95 TL; Waterpark Simulator 25: 429,00 TL","Нет","Нет","","https://store.playstation.com/en-tr/concept/10016856","2025-11-19","Adventure","PEGI_3"
"1092","Incantation","PPSA32745","PS5","Нет","1.079,00 TL","25%","809,25 TL","2026-09-29","Incantation: 1.079,00 TL","Нет","Нет","","https://store.playstation.com/en-tr/concept/10016664","2026-04-07","Adventure","PEGI_16"
"4180","Ancestors Legacy","CUSA14954","PS4","Нет","1.499,00 TL","75%","374,75 TL","2026-09-29","","Нет","Да","","https://store.playstation.com/en-tr/concept/233418","2019-08-12","Strategy","PEGI_18"
"2364","Hellsweeper VR","PPSA13547","PS5","Нет","849,00 TL","65%","297,15 TL","2026-09-29","Standard Edition: 849,00 TL; Deluxe Edition: 1.079,00 TL","Нет","Нет","","https://store.playstation.com/en-tr/concept/10007254","2023-09-20","Action","PEGI_18"
"2190","Guns, Gore and Cannoli","CUSA03051","PS4","Нет","349,00 TL","50%","174,50 TL","2026-09-29","","Нет","Да","","https://store.playstation.com/en-tr/concept/201805","2015-12-08","Action","PEGI_16"
"2002","Chicory: A Colorful Tale","PPSA03040","PS4, PS5","Нет","849,00 TL","50%","424,50 TL","2026-09-29","","Нет","Да","","https://store.playstation.com/en-tr/concept/10002468","2021-06-10","Adventure","PEGI_7"
"3220","Leisure Suit Larry - Wet Dreams Don't Dry Happy","CUSA14458","PS4","Нет","1.399,00 TL","90%","139,90 TL","2026-09-29","","Нет","Да","","https://store.playstation.com/en-tr/concept/232684","2019-06-12","Adventure","PEGI_18"
"3651","Blood Omen: Legacy of Kain","PPSA24270","PS4, PS5","Нет","349,00 TL","50%","174,50 TL","2026-09-29","","Нет","Нет","","https://store.playstation.com/en-tr/concept/10011076","2024-11-19","Action","PEGI_18"
"sale_1789623900710_267","River City Girls 2","—","—","Нет","1.399,00 TL","50%","699,50 TL","2026-09-29","","Нет","Нет","","#","—","—","—"
"2274","The Council - Complete Season","CUSA10766","PS4","Нет","529,00 TL","70%","158,70 TL","2026-09-29","The Council - Complete Season: 529,00 TL","Нет","Да","","https://store.playstation.com/en-tr/concept/231166","2018-03-12","Role Playing Games","PEGI_16"
"sale_1789623901085_269","UnMetal","—","—","Нет","595,00 TL","75%","148,75 TL","2026-09-29","","Нет","Нет","","#","—","—","—"
"sale_1789623901416_270","SNK VS. CAPCOM SVC CHAOS","—","—","Нет","699,00 TL","50%","349,50 TL","2026-09-29","","Нет","Нет","","#","—","—","—"
"5310","Capcom","CUSA33213","PS4","Нет","1.299,00 TL","50%","649,50 TL","2026-09-29","Capcom Fighting Collection: 1.299,00 TL; Capcom Fighting Collection 1 + 2 Bundle: 2.579,00 TL","Нет","Да","","https://store.playstation.com/en-tr/concept/10004083","2022-06-23","Fighting","PEGI_16"
"7833","Knowledge, or know Lady","PPSA30883","PS5","Нет","649,00 TL","30%","454,30 TL","2026-09-29","Knowledge, or know Lady: 649,00 TL; Knowledge, or know Lady: 649,00 TL","Нет","Нет","","https://store.playstation.com/en-tr/concept/10013320","2025-08-08","Simulation","PEGI_16"
"2900","Oxide Room 104","PPSA07653","PS5","Нет","1.049,00 TL","85%","157,35 TL","2026-09-29","Oxide Room 104: 1.049,00 TL; Oxide Room 104: 879,00 TL","Нет","Да","","https://store.playstation.com/en-tr/concept/10004255","2022-06-16","Horror","PEGI_18"
"2489","Children of Morta","CUSA10646","PS4","Нет","949,00 TL","25%","949,00 TL","2026-09-29","Complete Edition: 236,25 TL","Нет","Да","PS Plus Extra","https://store.playstation.com/en-tr/concept/231069","2019-10-14","Action","PEGI_12"
"916","Unspottable","CUSA27632","PS4","Нет","699,00 TL","50%","349,50 TL","2026-09-29","","Нет","Да","","https://store.playstation.com/en-tr/concept/10001076","2021-06-16","Casual","PEGI_3"
"sale_1789623902159_276","RAIDEN FIGHTERS","—","—","Нет","1.299,00 TL","20%","1.039,20 TL","2026-09-29","","Нет","Нет","","#","—","—","—"
"sale_1789623902496_277","UnderMine","—","—","Нет","730,00 TL","60%","292,00 TL","2026-09-29","","Нет","Нет","","#","—","—","—"
"3104","Super Meat Boy Forever","CUSA27278","PS4","Нет","215,00 TL","90%","21,50 TL","2026-09-29","","Нет","Да","","https://store.playstation.com/en-tr/concept/234606","2021-04-15","Action","PEGI_12"
"sale_1789623902890_279","Urbek City Builder","—","—","Нет","1.049,00 TL","75%","262,25 TL","2026-09-29","","Нет","Нет","","#","—","—","—"
"757","WHAT THE GOLF?","PPSA07441","PS4, PS5","Нет","595,00 TL","50%","297,50 TL","2026-09-29","","Нет","Да","","https://store.playstation.com/en-tr/concept/10002260","2024-03-14","Casual","PEGI_3"
"7420","How 2 Escape","PPSA15229","PS5","Нет","525,00 TL","60%","210,00 TL","2026-09-29","How 2 Escape: 525,00 TL; How 2 Escape: 525,00 TL","Нет","Нет","","https://store.playstation.com/en-tr/concept/10007914","2023-08-30","Adventure","PEGI_7"
"1790","RAGE 2","CUSA10300","PS4","Нет","279,80 TL","80%","499,80 TL","2026-09-29","Deluxe Edition: 2.499,00 TL","Да","Да","PS Plus Extra","https://store.playstation.com/en-tr/concept/229997","2019-05-13","Action","PEGI_18"
"1222","Atelier Marie Remake: The Alchemist of Salburg","PPSA10907","PS4, PS5","Нет","1.749,00 TL","60%","699,60 TL","2026-09-29","Standard Edition: 1.749,00 TL; Digital Deluxe Edition: 2.275,00 TL","Нет","Нет","","https://store.playstation.com/en-tr/concept/10006379","2023-07-12","Role Playing Games","PEGI_12"
"887","SAMURAI WARRIORS 4 Empires","CUSA03984","PS4","Нет","1.749,00 TL","60%","699,60 TL","2026-09-29","","Нет","Нет","","https://store.playstation.com/en-tr/concept/229579","2016-04-07","Action","PEGI_12"
"3627","Valkyria Chronicles","CUSA03951","PS4","Нет","699,00 TL","75%","624,75 TL","2026-09-29","","Нет","Нет","","https://store.playstation.com/en-tr/concept/226977","2016-05-31","Role Playing Games","PEGI_16"
"sale_1789623903698_286","Royal Revolt Survivors","—","—","Нет","429,00 TL","30%","300,30 TL","2026-09-29","","Нет","Нет","","#","—","—","—"
"4173","Amnesia: Rebirth","CUSA19272","PS4","Нет","999,00 TL","80%","199,80 TL","2026-09-29","","Нет","Да","","https://store.playstation.com/en-tr/concept/10000474","2020-10-19","Adventure","PEGI_18"
"2796","ClusterTruck","CUSA06489","PS4","Нет","525,00 TL","75%","131,25 TL","2026-09-29","","Нет","Нет","","https://store.playstation.com/en-tr/concept/224825","2016-09-29","Action","PEGI_3"
"7870","LABYRINTH OF THE DEMON KING","PPSA12424","PS4, PS5","Нет","699,00 TL","25%","524,25 TL","2026-09-29","LABYRINTH OF THE DEMON KING: 699,00 TL","Нет","Да","","https://store.playstation.com/en-tr/concept/10006880","2025-05-13","Action","PEGI_18"
"1498","MXGP 2019 - The Official Motocross Videogame","CUSA15295","PS4","Нет","107,90 TL","90%","84,90 TL","2026-09-29","","Нет","Нет","","https://store.playstation.com/en-tr/concept/233530","2019-08-26","Driving/Racing","PEGI_3"
"3216","DOOM 64","CUSA16296","PS4","Нет","175,00 TL","60%","70,00 TL","2026-09-29","","Нет","Нет","","https://store.playstation.com/en-tr/concept/234454","2020-03-19","Shooter","PEGI_16"
"1079","Furi","PPSA06146","PS4, PS5","Нет","699,00 TL","70%","209,70 TL","2026-09-29","Furi: 699,00 TL; Modore Edition: 262,50 TL","Нет","Да","","https://store.playstation.com/en-tr/concept/217102","2022-05-17","Action","PEGI_16"
"929","Lost in Random: The Eternal Die","PPSA24579","PS5","Нет","1.079,00 TL","50%","539,50 TL","2026-09-29","Lost in Random: The Eternal Die: 1.079,00 TL; GODBREAKERS & Lost in Random: The Eternal Die bundle: 1.749,00 TL; Fortune Edition: 1.246,00 TL","Нет","Да","","https://store.playstation.com/en-tr/concept/10011792","2025-06-17","Action","PEGI_7"
"sale_1789623904664_295","NOBUNAGA'S AMBITION: Awakening","—","—","Нет","2.999,00 TL","25%","2.249,25 TL","2026-09-29","","Нет","Нет","","#","—","—","—"
"3281","Onee Chanbara Origin","CUSA20273","PS4","Нет","1.749,00 TL","66%","594,66 TL","2026-09-29","Onee Chanbara Origin Deluxe Edition: 2.099,00 TL","Нет","Нет","PS Plus Extra","https://store.playstation.com/en-tr/concept/10000832","2020-10-13","Action","PEGI_18"
"sale_1789623905065_297","War Mongrels","—","—","Нет","1.749,00 TL","70%","524,70 TL","2026-09-29","","Нет","Нет","","#","—","—","—"
"1301","Bendy: Lone Wolf","PPSA28609","PS4, PS5","Нет","849,00 TL","35%","551,85 TL","2026-09-29","Bendy: Lone Wolf - PS4 & PS5: 849,00 TL; Bendy: Ink Demon's Collection: 1.634,00 TL","Нет","Да","","https://store.playstation.com/en-tr/concept/10014263","2025-08-15","Action","PEGI_12"
"1344","SILLY POLLY BEAST","PPSA32694","PS4, PS5","Нет","849,00 TL","20%","679,20 TL","2026-09-29","SILLY POLLY BEAST: 849,00 TL","Нет","Да","","https://store.playstation.com/en-tr/concept/10016634","2025-10-28","Adventure","PEGI_16"
"8002","LISA","PPSA06124","PS4, PS5","Нет","1.079,00 TL","60%","339,60 TL","2026-09-29","LISA: The Painful - Definitive Edition: 849,00 TL; LISA: The Joyful - Definitive Edition: 429,00 TL; LISA: Definitive Edition: 1.079,00 TL","Нет","Да","","https://store.playstation.com/en-tr/concept/10004276","2023-07-18","Role Playing Games","PEGI_18"
"8002","LISA","PPSA06124","PS4, PS5","Нет","1.079,00 TL","60%","339,60 TL","2026-09-29","LISA: The Painful - Definitive Edition: 849,00 TL; LISA: The Joyful - Definitive Edition: 429,00 TL; LISA: Definitive Edition: 1.079,00 TL","Нет","Да","","https://store.playstation.com/en-tr/concept/10004276","2023-07-18","Role Playing Games","PEGI_18"
"sale_1789623906112_302","Trek to Yomi","—","—","Нет","849,00 TL","75%","212,25 TL","2026-09-29","","Нет","Нет","","#","—","—","—"
"5969","Death's Gambit: Afterlife","CUSA05987","PS4","Нет","849,00 TL","50%","424,50 TL","2026-09-29","","Нет","Нет","","https://store.playstation.com/en-tr/concept/222833","2018-08-13","Action","PEGI_16"
"2238","Mayhem Brawler","PPSA14463","PS4, PS5","Нет","849,00 TL","75%","212,25 TL","2026-09-29","","Нет","Да","","https://store.playstation.com/en-tr/concept/10002637","2023-05-23","Action","PEGI_12"
"2391","GOD EATER 2 Rage Burst","CUSA03370","PS4","Нет","1.749,00 TL","84%","279,84 TL","2026-09-29","","Нет","Да","","https://store.playstation.com/en-tr/concept/213539","2016-08-29","Role Playing Games","PEGI_12"
"3898","Absolver: Downfall","CUSA06391","PS4","Нет","1.299,00 TL","80%","259,80 TL","2026-09-29","","Нет","Нет","","https://store.playstation.com/en-tr/concept/222909","2017-08-28","Action","PEGI_12"
"sale_1789623906733_307","Wytchwood","—","—","Нет","629,00 TL","65%","220,15 TL","2026-09-29","","Нет","Нет","","#","—","—","—"
"sale_1789623907061_308","River City Girls","—","—","Нет","1.049,00 TL","50%","524,50 TL","2026-09-29","","Нет","Нет","","#","—","—","—"
"sale_1789623907397_309","Surviving Mars: Pioneer","—","—","Нет","1.079,00 TL","15%","917,15 TL","2026-09-29","","Нет","Нет","","#","—","—","—"
"465","Overcooked","CUSA05399","PS4","Нет","559,00 TL","80%","139,80 TL","2026-09-29","Overcooked: Gourmet Edition: 699,00 TL; Overcooked Holiday Bundle: 699,00 TL; Overcooked: 559,00 TL","Нет","Нет","","https://store.playstation.com/en-tr/concept/221740","2016-08-02","Casual","PEGI_3"
"465","Overcooked","CUSA05399","PS4","Нет","559,00 TL","80%","139,80 TL","2026-09-29","Overcooked: Gourmet Edition: 699,00 TL; Overcooked Holiday Bundle: 699,00 TL; Overcooked: 559,00 TL","Нет","Нет","","https://store.playstation.com/en-tr/concept/221740","2016-08-02","Casual","PEGI_3"
"1520","Cafe Owner Simulator","CUSA44661","PS4","Нет","699,00 TL","70%","209,70 TL","2026-09-29","","Нет","Да","","https://store.playstation.com/en-tr/concept/10008941","2024-01-18","Simulation","PEGI_3"
"6280","Dungeon Defenders: Awakened","CUSA30697","PS4","Нет","1.299,00 TL","50%","649,50 TL","2026-09-29","","Нет","Нет","","https://store.playstation.com/en-tr/concept/10003703","2022-05-24","Strategy","PEGI_7"
"5498","Chornobyl Liquidators","PPSA25715","PS5","Нет","699,00 TL","40%","419,40 TL","2026-09-29","Liquidator Hairdresser Bundle: 1.149,00 TL; Chornobyl Liquidators: 699,00 TL","Нет","Да","","https://store.playstation.com/en-tr/concept/10012328","2025-03-11","Adventure","PEGI_16"
"3839","30 Sport Games in 1","PPSA17626","PS5","Нет","879,00 TL","80%","175,80 TL","2026-09-29","30 Sport Games in 1: 879,00 TL; 30 Sport Games in 1: 875,00 TL","Нет","Нет","","https://store.playstation.com/en-tr/concept/10008873","2023-11-05","Sport","PEGI_7"
"2495","Helicopter Flight Simulator","CUSA49761","PS4","Нет","525,00 TL","60%","210,00 TL","2026-09-29","Helicopter Flight Simulator: 356,95 TL; Helicopter Flight Simulator: 525,00 TL","Нет","Нет","","https://store.playstation.com/en-tr/concept/10011639","2024-10-14","Adventure","PEGI_3"
"1640","Warzone Chronicles: Virtual Warfare Shooter","CUSA52852","PS4","Нет","525,00 TL","55%","236,25 TL","2026-09-29","","Нет","Нет","","https://store.playstation.com/en-tr/concept/10013665","2025-02-10","Shooter","PEGI_16"
"sale_1789623908333_317","Shantae and the Seven Sirens PS4 and","—","—","Нет","1.299,00 TL","50%","649,50 TL","2026-09-29","","Нет","Нет","","#","—","—","—"
"2297","Top Gun Air Combat","CUSA31973","PS4","Нет","315,00 TL","30%","220,50 TL","2026-09-29","","Нет","Нет","","https://store.playstation.com/en-tr/concept/10004353","2022-01-21","Shooter","PEGI_7"
"2523","Guacamelee! Super Turbo Championship Edition - PS4 Upgrade","CUSA00319","PS4","Нет","349,00 TL","75%","87,25 TL","2026-09-29","Guacamelee! Super Turbo Championship Edition: 349,00 TL","Нет","Нет","","https://store.playstation.com/en-tr/concept/201687","2014-07-02","Adventure","PEGI_12"
"5066","Bloodshed","PPSA30792","PS4, PS5","Нет","549,00 TL","50%","274,50 TL","2026-09-29","","Нет","Да","","https://store.playstation.com/en-tr/concept/10015521","2025-10-23","Action","PEGI_16"
"5072","Bloons TD 5","CUSA08065","PS4","Нет","559,00 TL","30%","391,30 TL","2026-09-29","","Нет","Нет","","https://store.playstation.com/en-tr/concept/227087","2017-10-19","Strategy","PEGI_3"
"2035","Vagrus - The Riven Realms","PPSA25220","PS5","Нет","1.259,00 TL","50%","629,50 TL","2026-09-29","Extended Edition: 1.259,00 TL; Praetor Edition: 4.299,00 TL; Centurion Edition: 939,60 TL; Extended Edition: 1.259,00 TL; Praetor Edition: 3.899,00 TL; Centurion Edition: 939,60 TL","Нет","Нет","","https://store.playstation.com/en-tr/concept/10012079","2025-03-31","Role Playing Games","PEGI_16"
"2176","Unplugged - Air Guitar","PPSA11149","PS5","Нет","699,00 TL","75%","174,75 TL","2026-09-29","","Нет","Да","","https://store.playstation.com/en-tr/concept/10006490","2023-02-21","Music/Rhythm","PEGI_12"
"7309","Hidden Cats in Christmas","PPSA34913","PS5","Нет","171,00 TL","30%","119,70 TL","2026-09-29","Hidden Cats in Christmas: 171,00 TL; Hidden Cats in Christmas: 171,00 TL","Нет","Нет","","https://store.playstation.com/en-tr/concept/10017901","2026-02-04","Puzzle","PEGI_3"
"1853","Grand Rush: Highway Car Traffic Racing Simulator","CUSA48927","PS4","Нет","455,00 TL","35%","295,75 TL","2026-09-29","","Нет","Нет","","https://store.playstation.com/en-tr/concept/10011053","2024-08-01","Casual","PEGI_3"
"6174","DORAEMON STORY OF SEASONS","CUSA18501","PS4","Нет","1.749,00 TL","70%","524,70 TL","2026-09-29","","Нет","Нет","","https://store.playstation.com/en-tr/concept/235336","2020-09-03","Adventure","PEGI_3"
"1705","SAMURAI WARRIORS 4-II","CUSA02855","PS4","Нет","1.749,00 TL","70%","524,70 TL","2026-09-29","","Нет","Нет","","https://store.playstation.com/en-tr/concept/229580","2015-10-30","Action","PEGI_16"
"sale_1789623909560_328","NOBUNAGA'S AMBITION: Awakening","—","—","Нет","2.579,00 TL","35%","1.676,35 TL","2026-09-29","","Нет","Нет","","#","—","—","—"
"2431","Hairdresser Simulator","PPSA23595","PS5","Нет","499,00 TL","45%","274,45 TL","2026-09-29","Hairdresser Simulator: 499,00 TL; Hairdresser Builder Bundle: 1.229,00 TL","Нет","Да","","https://store.playstation.com/en-tr/concept/10010160","2024-07-25","Simulator","PEGI_3"
"1776","I Was a Teenage Exocolonist","PPSA08519","PS4, PS5","Нет","1.079,00 TL","50%","539,50 TL","2026-09-29","","Нет","Нет","","https://store.playstation.com/en-tr/concept/10005431","2022-08-25","Role Playing Games","PEGI_12"
"1380","The Coma 3: Bloodlines","PPSA36381","PS4, PS5","Нет","649,00 TL","20%","519,20 TL","2026-09-29","","Нет","Да","","https://store.playstation.com/en-tr/concept/10018797","2026-04-30","Adventure","PEGI_12"
"2524","Kona","PPSA05383","PS4, PS5","Нет","525,00 TL","85%","78,75 TL","2026-09-29","Kona VR Bundle: 139,80 TL; Kona: 525,00 TL","Нет","Нет","","https://store.playstation.com/en-tr/concept/227161","2021-12-07","Adventure","PEGI_16"
"sale_1789623910239_334","Urban Myth Dissolution Center","—","—","Нет","849,00 TL","30%","594,30 TL","2026-09-29","","Нет","Нет","","#","—","—","—"
"6394","Egypt City Builder","CUSA55861","PS4","Нет","649,00 TL","45%","356,95 TL","2026-09-29","","Нет","Нет","","https://store.playstation.com/en-tr/concept/10016167","2025-08-28","Casual","PEGI_12"
"3507","Ultros","PPSA14348","PS4, PS5","Нет","879,00 TL","75%","219,75 TL","2026-09-29","Ultros (PS4 & PS5): 879,00 TL; Deluxe Edition: 1.199,00 TL","Нет","Нет","","https://store.playstation.com/en-tr/concept/10003373","2024-02-12","Adventure","PEGI_16"
"sale_1789623910772_337","Shatterline","—","—","Нет","849,00 TL","50%","424,50 TL","2026-09-29","","Нет","Нет","","#","—","—","—"
"6500","Eternal Exodus","PPSA37008","PS4, PS5","Нет","849,00 TL","25%","636,75 TL","2026-09-29","","Нет","Нет","","https://store.playstation.com/en-tr/concept/234280","2026-04-11","Role Playing Games","PEGI_7"
"sale_1789623911232_339","Love is all around 2","—","—","Нет","649,00 TL","20%","519,20 TL","2026-09-29","","Нет","Нет","","#","—","—","—"
"sale_1789623911562_340","Ys X: Nordics","—","—","Нет","2.099,00 TL","30%","1.469,30 TL","2026-09-29","","Нет","Нет","","#","—","—","—"
"2263","The Legacy of Griselda","PPSA35248","PS5","Нет","649,00 TL","25%","486,75 TL","2026-09-29","","Нет","Нет","","https://store.playstation.com/en-tr/concept/10018001","2026-02-19","Role Playing Games","PEGI_7"
"1367","WARRIORS ALL-STARS","CUSA07903","PS4","Нет","2.099,00 TL","80%","419,80 TL","2026-09-29","","Нет","Нет","","https://store.playstation.com/en-tr/concept/227168","2017-09-29","Action","PEGI_12"
"1738","TCG Card Market Simulator","PPSA31410","PS5","Нет","274,50 TL","60%","182,00 TL","2026-09-29","TCG Card Market Simulator: 274,50 TL; TCG Card Market Simulator: 455,00 TL","Нет","Нет","","https://store.playstation.com/en-tr/concept/10012498","2025-08-21","Strategy","PEGI_3"
"sale_1789623911999_344","Blizzard","—","—","Нет","999,00 TL","50%","499,50 TL","2026-09-29","","Нет","Нет","","#","—","—","—"
"7056","Goodnight Universe","PPSA29727","PS5","Нет","849,00 TL","30%","594,30 TL","2026-09-29","","Нет","Нет","","https://store.playstation.com/en-tr/concept/10014923","2025-11-11","Adventure","PEGI_12"
"2186","Masters Bowling HD","PPSA29514","PS5","Нет","349,00 TL","30%","244,30 TL","2026-09-29","Masters Bowling HD: 349,00 TL; Masters Bowling HD: 349,00 TL","Нет","Нет","","https://store.playstation.com/en-tr/concept/10014826","2025-04-04","Sport","PEGI_3"
"2268","Scott Pilgrim vs. The World: The Game","CUSA20078","PS4","Нет","649,00 TL","60%","259,60 TL","2026-09-29","","Нет","Нет","","https://store.playstation.com/en-tr/concept/10000698","2021-01-13","Unique","PEGI_12"
"2505","World Cup Soccer 2026","PPSA29718","PS5","Нет","245,00 TL","30%","171,50 TL","2026-09-29","World Cup Soccer 2026: 245,00 TL; World Cup Soccer 2026: 245,00 TL","Нет","Нет","","https://store.playstation.com/en-tr/concept/10014906","2025-04-11","Sport","PEGI_3"
"sale_1789623912610_349","Valentino Rossi The Game","—","—","Нет","649,00 TL","90%","64,90 TL","2026-09-29","","Нет","Нет","","#","—","—","—"
"sale_1789623912940_350","Pro Formula Racing","—","—","Нет","349,00 TL","30%","244,30 TL","2026-09-29","","Нет","Нет","","#","—","—","—"
"1358","Top Gun Global War","PPSA34573","PS5","Нет","849,00 TL","30%","594,30 TL","2026-09-29","Top Gun Global War: 849,00 TL; Top Gun Global War: 849,00 TL","Нет","Нет","","https://store.playstation.com/en-tr/concept/10017701","2025-11-28","Simulation","PEGI_12"
"2472","TOSS!","PPSA16099","PS5","Нет","429,00 TL","70%","128,70 TL","2026-09-29","","Нет","Нет","","https://store.playstation.com/en-tr/concept/10008232","2023-09-07","Action","PEGI_3"
"sale_1789623913346_353","Oxide Room 208","—","—","Нет","1.499,00 TL","50%","749,50 TL","2026-09-29","","Нет","Нет","","#","—","—","—"
"6818","Fossilfuel 2","PPSA26091","PS5","Нет","699,00 TL","30%","489,30 TL","2026-09-29","","Нет","Нет","","https://store.playstation.com/en-tr/concept/10012556","2024-11-29","Horror","PEGI_18"
"7879","Laika: Aged Through Blood","PPSA17775","PS4, PS5","Нет","699,00 TL","75%","174,75 TL","2026-09-29","","Нет","Да","","https://store.playstation.com/en-tr/concept/10008824","2023-12-05","Adventure","PEGI_16"
"5981","DEATH NOTE Killer Within","PPSA18709","PS4, PS5","Нет","429,00 TL","50%","214,50 TL","2026-09-29","DEATH NOTE Killer Within: 429,00 TL; Special Edition: 849,00 TL","Нет","Нет","","https://store.playstation.com/en-tr/concept/10009279","2024-11-05","Strategy","PEGI_12"
"sale_1789623914103_357","Sweet Surrender","—","—","Нет","1.079,00 TL","40%","647,40 TL","2026-09-29","","Нет","Нет","","#","—","—","—"
"3346","Gangs of Sherwood","PPSA09255","PS5","Нет","1.049,00 TL","80%","209,80 TL","2026-09-29","Lionheart Edition: 1.399,00 TL","Нет","Нет","","https://store.playstation.com/en-tr/concept/10005683","2023-11-30","Action","PEGI_16"
"sale_1789623914528_359","Love Too Easily 2: Summer Pocha","—","—","Нет","849,00 TL","30%","594,30 TL","2026-09-29","","Нет","Нет","","#","—","—","—"
"3176","Mouse Trap - The Board Game","CUSA44632","PS4","Нет","489,00 TL","70%","146,70 TL","2026-09-29","","Нет","Нет","","https://store.playstation.com/en-tr/concept/10008969","2023-10-23","Family","PEGI_3"
"1750","SAMURAI SHODOWN","CUSA15963","PS4","Нет","2.099,00 TL","85%","262,35 TL","2026-09-29","SAMURAI SHODOWN: 2.099,00 TL; SAMURAI SHODOWN DELUXE EDITION: 2.999,00 TL","Нет","Нет","","https://store.playstation.com/en-tr/concept/234055","2019-06-30","Action","PEGI_16"
"sale_1789623914968_362","Neptunia ReVerse","—","—","Нет","1.749,00 TL","65%","612,15 TL","2026-09-29","","Нет","Нет","","#","—","—","—"
"1538","Rookie Boxing","PPSA26544","PS5","Нет","349,00 TL","30%","244,30 TL","2026-09-29","Rookie Boxing: 349,00 TL; Rookie Boxing: 349,00 TL","Нет","Нет","","https://store.playstation.com/en-tr/concept/10012918","2024-10-25","Sport","PEGI_12"
"2224","THE KING OF FIGHTERS '98 ULTIMATE MATCH","CUSA04159","PS4","Нет","649,00 TL","85%","97,35 TL","2026-09-29","","Нет","Нет","","https://store.playstation.com/en-tr/concept/219727","2018-03-20","Fighting","PEGI_12"
"1546","BlazeRush","CUSA01813","PS4","Нет","349,00 TL","60%","139,60 TL","2026-09-29","","Нет","Да","","https://store.playstation.com/en-tr/concept/200518","2015-12-14","Arcade","PEGI_7"
"1980","Easy Flight Simulator 2","PPSA33796","PS5","Нет","429,00 TL","30%","300,30 TL","2026-09-29","Easy Flight Simulator 2: 429,00 TL; Easy Flight Simulator 2: 429,00 TL","Нет","Нет","","https://store.playstation.com/en-tr/concept/10017217","2025-10-31","Simulation","PEGI_3"
"3092","Grass Cutting Simulator: Lawn Mowing Care","CUSA49413","PS4","Нет","455,00 TL","70%","136,50 TL","2026-09-29","","Нет","Нет","","https://store.playstation.com/en-tr/concept/10011416","2024-08-08","Family","PEGI_3"
"4067","A Gummy's Life","PPSA04347","PS4, PS5","Нет","699,00 TL","70%","209,70 TL","2026-09-29","","Нет","Да","","https://store.playstation.com/en-tr/concept/232894","2021-09-23","Fighting","PEGI_7"
"sale_1789623915610_369","Samurai Academy: Paws of Fury","—","—","Нет","1.079,00 TL","35%","701,35 TL","2026-09-29","","Нет","Нет","","#","—","—","—"
"sale_1789623915936_370","Streets of Rogue","—","—","Нет","699,00 TL","75%","174,75 TL","2026-09-29","","Нет","Нет","","#","—","—","—"
"2244","Enclave HD","PPSA06844","PS4, PS5","Нет","849,00 TL","60%","339,60 TL","2026-09-29","","Нет","Да","","https://store.playstation.com/en-tr/concept/10003459","2023-12-05","Adventure","PEGI_18"
"997","SAMURAI MAIDEN","PPSA08900","PS4, PS5","Нет","2.099,00 TL","55%","944,55 TL","2026-09-29","Standard Edition: 2.099,00 TL; Deluxe Edition: 2.619,00 TL","Нет","Нет","","https://store.playstation.com/en-tr/concept/10001987","2022-12-07","Action","PEGI_12"
"sale_1789623916328_373","My Life: Riding Stables 3","—","—","Нет","1.049,00 TL","40%","629,40 TL","2026-09-29","","Нет","Нет","","#","—","—","—"
"7794","Kingdom's Return: Time-Eating Fruit and the Ancient Monster","PPSA34247","PS5","Нет","549,00 TL","25%","411,75 TL","2026-09-29","","Нет","Нет","","https://store.playstation.com/en-tr/concept/10017494","2026-04-22","Action","PEGI_3"
"sale_1789623916813_375","SAMURAI WARRIORS: Spirit of Sanada","—","—","Нет","1.749,00 TL","60%","699,60 TL","2026-09-29","","Нет","Нет","","#","—","—","—"
"1662","Defense Grid 2","CUSA00565","PS4","Нет","629,00 TL","60%","251,60 TL","2026-09-29","","Нет","Да","","https://store.playstation.com/en-tr/concept/200917","2014-09-30","Strategy","PEGI_12"
"3869","9 Monkeys of Shaolin","CUSA16644","PS4","Нет","849,00 TL","75%","212,25 TL","2026-09-29","9 Monkeys of Shaolin: 849,00 TL","Да","Да","","https://store.playstation.com/en-tr/concept/232395","2020-10-16","Action","PEGI_12"
"5296","Card-en-Ciel","PPSA22748","PS5","Нет","769,00 TL","50%","384,50 TL","2026-09-29","Card-en-Ciel: 769,00 TL; Card-en-Ciel: 769,00 TL","Нет","Нет","","https://store.playstation.com/en-tr/concept/10010876","2024-10-23","Role Playing Games","PEGI_12"
"2483","BloodRayne Betrayal: Fresh Bites","PPSA03365","PS4, PS5","Нет","849,00 TL","60%","339,60 TL","2026-09-29","","Нет","Нет","","https://store.playstation.com/en-tr/concept/10002331","2021-09-09","Fighting","PEGI_16"
"sale_1789623917408_380","SaGa Emerald Beyond","—","—","Нет","1.749,00 TL","60%","699,60 TL","2026-09-29","","Нет","Нет","","#","—","—","—"
"sale_1789623917736_381","The Wonderful 101","—","—","Нет","999,00 TL","55%","449,55 TL","2026-09-29","","Нет","Нет","","#","—","—","—"
"2743","Emily Wants to Play","CUSA06672","PS4","Нет","257,00 TL","50%","128,50 TL","2026-09-29","","Нет","Нет","","https://store.playstation.com/en-tr/concept/217065","2016-10-25","Action","PEGI_12"
"2247","Five Dates","PPSA15899","PS4, PS5","Нет","529,00 TL","60%","211,60 TL","2026-09-29","Love FMV: 350,00 TL; Five Dates: 529,00 TL; FMV Comedy Bundle: 1.031,00 TL","Нет","Да","","https://store.playstation.com/en-tr/concept/10001740","2023-05-29","Adventure","PEGI_16"
"sale_1789623918162_384","Shantae and the Pirate's Curse","—","—","Нет","849,00 TL","50%","424,50 TL","2026-09-29","","Нет","Нет","","#","—","—","—"
"7981","Lil' Guardsman","PPSA15881","PS4, PS5","Нет","699,00 TL","75%","174,75 TL","2026-09-29","","Нет","Нет","","https://store.playstation.com/en-tr/concept/10004939","2024-01-23","Unique","PEGI_12"
"sale_1789623918643_386","The Inheritance of Crimson Manor","—","—","Нет","629,00 TL","81%","119,51 TL","2026-09-29","","Нет","Нет","","#","—","—","—"
"sale_1789623918973_387","Trinity Fusion","—","—","Нет","849,00 TL","70%","254,70 TL","2026-09-29","","Нет","Нет","","#","—","—","—"
"sale_1789623919298_388","Sticky Business","—","—","Нет","349,00 TL","50%","174,50 TL","2026-09-29","","Нет","Нет","","#","—","—","—"
"4959","Bibi & Tina – New adventures with horses","PPSA04955","PS5","Нет","699,00 TL","40%","419,40 TL","2026-09-29","Bibi & Tina – New adventures with horses: 699,00 TL; Bibi & Tina – New adventures with horses: 699,00 TL","Нет","Нет","","https://store.playstation.com/en-tr/concept/10003639","2022-04-14","Family","PEGI_3"
"2822","Punch Club","CUSA05472","PS4","Нет","349,00 TL","75%","87,25 TL","2026-09-29","","Нет","Да","","https://store.playstation.com/en-tr/concept/221770","2017-03-30","Strategy","PEGI_12"
"4877","Baseball Dreams VR","PPSA25024","PS5","Нет","1.079,00 TL","40%","647,40 TL","2026-09-29","","Нет","Нет","","https://store.playstation.com/en-tr/concept/10012013","2025-10-28","Sport","PEGI_3"
"1097","The Last Camp","PPSA26287","PS5","Нет","1.079,00 TL","30%","755,30 TL","2026-09-29","The Last Camp: 1.079,00 TL; Ultimate Edition: 1.299,00 TL","Нет","Нет","","https://store.playstation.com/en-tr/concept/10012732","2025-07-11","Shooter","PEGI_16"
"2932","Windbound","CUSA17774","PS4","Нет","699,00 TL","85%","104,85 TL","2026-09-29","","Нет","Да","","https://store.playstation.com/en-tr/concept/235103","2020-09-10","Adventure","PEGI_12"
"3231","Easy Flight Simulator","CUSA45118","PS4","Нет","175,00 TL","30%","122,50 TL","2026-09-29","","Нет","Нет","","https://store.playstation.com/en-tr/concept/10009168","2023-08-18","Simulation","PEGI_3"
"sale_1789623920036_395","Xtreme Drift Racing Simulator","—","—","Нет","429,00 TL","30%","300,30 TL","2026-09-29","","Нет","Нет","","#","—","—","—"
"2971","Treasure Hunter Simulator","CUSA26876","PS4","Нет","349,00 TL","65%","122,15 TL","2026-09-29","","Нет","Да","","https://store.playstation.com/en-tr/concept/10002433","2021-07-01","Simulator","PEGI_3"
"1260","Not For Broadcast","CUSA30757","PS4","Нет","875,00 TL","75%","218,75 TL","2026-09-29","Standard Edition: 875,00 TL; Complete Edition: 1.399,00 TL","Да","Да","","https://store.playstation.com/en-tr/concept/10003940","2023-03-23","Simulation","PEGI_18"
"1260","Not For Broadcast","CUSA30757","PS4","Нет","875,00 TL","75%","218,75 TL","2026-09-29","Standard Edition: 875,00 TL; Complete Edition: 1.399,00 TL","Да","Да","","https://store.playstation.com/en-tr/concept/10003940","2023-03-23","Simulation","PEGI_18"
"6057","Desert Storm War FPS","PPSA36261","PS5","Нет","687,00 TL","30%","480,90 TL","2026-09-29","Desert Storm War FPS: 687,00 TL; Desert Storm War FPS: 687,00 TL","Нет","Нет","","https://store.playstation.com/en-tr/concept/10018716","2026-02-27","Action","PEGI_16"
"4865","Barista Simulator","PPSA24296","PS5","Нет","849,00 TL","70%","254,70 TL","2026-09-29","","Нет","Да","","https://store.playstation.com/en-tr/concept/10011654","2025-03-19","Simulation","PEGI_12"
"sale_1789623920836_400","Noctuary","—","—","Нет","879,00 TL","40%","527,40 TL","2026-09-29","","Нет","Нет","","#","—","—","—"
"3836","34 Sports Games","PPSA21712","PS4, PS5","Нет","1.299,00 TL","70%","389,70 TL","2026-09-29","","Нет","Нет","","https://store.playstation.com/en-tr/concept/10010460","2024-06-28","Sport","PEGI_7"
"1252","Felix the Cat","PPSA19226","PS4, PS5","Нет","879,00 TL","50%","439,50 TL","2026-09-29","","Нет","Нет","","https://store.playstation.com/en-tr/concept/10009450","2024-03-27","Action","PEGI_3"
"5980","Deathsmiles I･II","CUSA30026","PS4","Нет","1.749,00 TL","40%","1.049,40 TL","2026-09-29","","Нет","Нет","","https://store.playstation.com/en-tr/concept/10000616","2021-12-15","Shooter","PEGI_12"
"1843","Bridge Constructor Studio","PPSA28582","PS4, PS5","Нет","515,00 TL","50%","257,50 TL","2026-09-29","","Нет","Да","","https://store.playstation.com/en-tr/concept/10014245","2025-07-17","Puzzle","PEGI_3"
"7862","Labyrinth","PPSA15298","PS5","Нет","699,00 TL","50%","349,50 TL","2026-09-29","Labyrinth: 699,00 TL; Junior Labyrinth: 429,00 TL; Labyrinth: 699,00 TL; Junior Labyrinth: 429,00 TL","Нет","Да","","https://store.playstation.com/en-tr/concept/10007938","2023-09-13","Casual","PEGI_3"
"6070","Devil Jam","PPSA33636","PS5","Нет","343,00 TL","40%","205,80 TL","2026-09-29","","Нет","Да","","https://store.playstation.com/en-tr/concept/10017129","2026-03-25","Action","PEGI_12"
"4906","Beat Hazard Arcade","PPSA26613","PS5","Нет","649,00 TL","60%","259,60 TL","2026-09-29","Standard: 649,00 TL; Standard: 649,00 TL","Нет","Да","","https://store.playstation.com/en-tr/concept/10011890","2025-09-23","Shooter","PEGI_7"
"3188","PAC-MAN CHAMPIONSHIP EDITION 2","CUSA04944","PS4","Нет","549,00 TL","65%","192,15 TL","2026-09-29","","Нет","Нет","","https://store.playstation.com/en-tr/concept/222879","2016-09-12","Arcade","PEGI_3"
"sale_1789623921871_409","ToeJam & Earl: Back in the Groove!","—","—","Нет","559,00 TL","35%","363,35 TL","2026-09-29","","Нет","Нет","","#","—","—","—"
"2194","Rookie Table Tennis","PPSA27972","PS5","Нет","349,00 TL","30%","244,30 TL","2026-09-29","Rookie Table Tennis: 349,00 TL; Rookie Table Tennis: 349,00 TL","Нет","Нет","","https://store.playstation.com/en-tr/concept/10013825","2025-01-17","Sport","PEGI_3"
"4820","Backrooms: Partygoers","PPSA24592","PS4, PS5","Нет","419,00 TL","60%","167,60 TL","2026-09-29","","Нет","Нет","","https://store.playstation.com/en-tr/concept/10011798","2024-10-28","Horror","PEGI_16"
"sale_1789623922338_412","RAGER","—","—","Нет","730,00 TL","25%","547,50 TL","2026-09-29","","Нет","Нет","","#","—","—","—"
"sale_1789623922665_413","Titan Souls","—","—","Нет","649,00 TL","80%","129,80 TL","2026-09-29","","Нет","Нет","","#","—","—","—"
"6432","Emily Wants to Play Too","CUSA11528","PS4","Нет","343,00 TL","50%","171,50 TL","2026-09-29","","Нет","Нет","","https://store.playstation.com/en-tr/concept/231838","2018-04-23","Action","PEGI_12"
"sale_1789623923124_415","RollerCoaster Legends II: Thor's Hammer","—","—","Нет","257,00 TL","10%","231,30 TL","2026-09-29","","Нет","Нет","","#","—","—","—"
"sale_1789623923452_416","Stay Still","—","—","Нет","429,00 TL","40%","257,40 TL","2026-09-29","","Нет","Нет","","#","—","—","—"
"sale_1789623923778_417","Nelke & the Legendary Alchemists ~Ateliers of the New World~","—","—","Нет","2.099,00 TL","77%","482,77 TL","2026-09-29","","Нет","Нет","","#","—","—","—"
"5312","C.A.R.D.S. RPG: The Misty Battlefield","PPSA19031","PS4, PS5","Нет","1.399,00 TL","60%","559,60 TL","2026-09-29","C.A.R.D.S. RPG: The Misty Battlefield PS4 & PS5: 1.399,00 TL; Deluxe Edition: 1.749,00 TL","Нет","Нет","","https://store.playstation.com/en-tr/concept/10009379","2024-05-23","Strategy","PEGI_7"
"4630","ARCADE GAME SERIES: GALAGA","CUSA03865","PS4","Нет","139,00 TL","50%","69,50 TL","2026-09-29","","Нет","Нет","","https://store.playstation.com/en-tr/concept/218739","2016-04-20","Arcade","PEGI_3"
"sale_1789623924304_420","Symphonia","—","—","Нет","699,00 TL","60%","279,60 TL","2026-09-29","","Нет","Нет","","#","—","—","—"
"2701","Valkyria Revolution","CUSA06995","PS4","Нет","699,00 TL","80%","139,80 TL","2026-09-29","","Нет","Нет","","https://store.playstation.com/en-tr/concept/217720","2017-06-29","Action","PEGI_16"
"sale_1789623924687_422","The Bike - Moto Ride Simulator","—","—","Нет","525,00 TL","35%","341,25 TL","2026-09-29","","Нет","Нет","","#","—","—","—"
"sale_1789623925012_423","South of the Circle","—","—","Нет","549,00 TL","70%","164,70 TL","2026-09-29","","Нет","Нет","","#","—","—","—"
"2785","Masters Pool HD","PPSA30486","PS5","Нет","175,00 TL","30%","122,50 TL","2026-09-29","Masters Pool HD: 175,00 TL; Masters Pool HD: 175,00 TL","Нет","Нет","","https://store.playstation.com/en-tr/concept/10015353","2025-05-23","Simulation","PEGI_3"
"4628","Arcade Classics","CUSA15189","PS4","Нет","699,00 TL","60%","279,60 TL","2026-09-29","","Нет","Нет","","https://store.playstation.com/en-tr/concept/234006","2019-04-17","Shooter","PEGI_7"
"sale_1789623925489_426","The Sinking Forest - 沈んだ森","—","—","Нет","549,00 TL","60%","219,60 TL","2026-09-29","","Нет","Нет","","#","—","—","—"
"2047","Summer Games Beach Volley","PPSA23212","PS5","Нет","279,00 TL","30%","195,30 TL","2026-09-29","Summer Games Beach Volley: 279,00 TL; Summer Games Beach Volley: 279,00 TL","Нет","Нет","","https://store.playstation.com/en-tr/concept/10011004","2024-07-05","Sport","PEGI_3"
"4942","Best Served Cold","PPSA29064","PS5","Нет","774,00 TL","40%","464,40 TL","2026-09-29","Best Served Cold: 774,00 TL; Best Served Cold: 774,00 TL","Нет","Нет","","https://store.playstation.com/en-tr/concept/10014537","2025-07-09","Adventure","PEGI_16"
"6862","Fuga: Melodies of Steel","PPSA03703","PS4, PS5","Нет","1.749,00 TL","50%","874,50 TL","2026-09-29","Standard Edition: 1.749,00 TL; Fuga: Melodies of Steel 1 & 2 - Double Pack: 3.249,00 TL; Ultimate Edition: 2.999,00 TL; Deluxe Edition: 2.579,00 TL","Нет","Да","","https://store.playstation.com/en-tr/concept/10001520","2021-09-22","Role Playing Games","PEGI_16"
"7287","Heroine Anthem Zero 2 : Scalescars Oath","PPSA14192","PS5","Нет","1.949,00 TL","40%","1.005,60 TL","2026-09-29","Heroine Anthem Zero 2 : Scalescars Oath: 1.949,00 TL; Heroine Anthem Zero 2 : Scalescars Oath: 1.676,00 TL","Нет","Нет","","https://store.playstation.com/en-tr/concept/10001779","2024-02-22","Role Playing Games","PEGI_12"
"7416","House","PPSA18827","PS5","Нет","601,00 TL","50%","300,50 TL","2026-09-29","House: 601,00 TL; House: 601,00 TL","Нет","Да","","https://store.playstation.com/en-tr/concept/10009303","2024-03-28","Horror","PEGI_16"
"sale_1789623926411_432","Vanity Fair: The Pursuit","—","—","Нет","525,00 TL","50%","262,50 TL","2026-09-29","","Нет","Нет","","#","—","—","—"
"3313","Before We Leave","PPSA05367","PS4, PS5","Нет","629,00 TL","75%","157,25 TL","2026-09-29","","Нет","Да","","https://store.playstation.com/en-tr/concept/10003780","2022-04-04","Simulation","PEGI_7"
"5685","Cozy Gardener Simulator","CUSA57136","PS4","Нет","649,00 TL","40%","389,40 TL","2026-09-29","","Нет","Нет","","https://store.playstation.com/en-tr/concept/10017288","2026-01-21","Adventure","PEGI_3"
"1916","Crosak","PPSA34484","PS5","Нет","774,00 TL","40%","464,40 TL","2026-09-29","Crosak: 774,00 TL; Crosak: 649,00 TL","Нет","Да","","https://store.playstation.com/en-tr/concept/10017637","2025-11-28","Family","PEGI_3"
"6621","Fantasy General II: Invasion","CUSA18256","PS4","Нет","1.149,00 TL","70%","344,70 TL","2026-09-29","","Нет","Нет","","https://store.playstation.com/en-tr/concept/235365","2020-07-29","Strategy","PEGI_12"
"2684","SENRAN KAGURA Peach Beach Splash","CUSA08343","PS4","Нет","157,35 TL","85%","209,85 TL","2026-09-29","SENRAN KAGURA Peach Beach Splash Sexy Soaker Edition: 1.399,00 TL; SENRAN KAGURA Peach Beach Splash: 157,35 TL","Нет","Нет","","https://store.playstation.com/en-tr/concept/222006","2017-09-21","Shooter","PEGI_16"
"6247","Dreamscapes - Nightmare's Heir","PPSA24217","PS5","Нет","849,00 TL","20%","679,20 TL","2026-09-29","Dreamscapes - Nightmare's Heir: 849,00 TL; Dreamscapes - Nightmare's Heir: 649,00 TL","Нет","Нет","","https://store.playstation.com/en-tr/concept/10011608","2026-01-15","Adventure","PEGI_12"
"sale_1789623927448_439","Survivor Mercs","—","—","Нет","515,00 TL","50%","257,50 TL","2026-09-29","","Нет","Нет","","#","—","—","—"
"1977","Formula Uno Racing","PPSA34014","PS5","Нет","429,00 TL","30%","300,30 TL","2026-09-29","Formula Uno Racing: 429,00 TL; Formula Uno Racing: 429,00 TL","Нет","Нет","","https://store.playstation.com/en-tr/concept/10017333","2025-10-24","Driving/Racing","PEGI_3"
"sale_1789623927816_441","Mercenaries Lament: Requiem of the Silver Wolf","—","—","Нет","849,00 TL","30%","594,30 TL","2026-09-29","","Нет","Нет","","#","—","—","—"
"3187","KUUKIYOMI: Consider It!","CUSA20629","PS4","Нет","193,00 TL","50%","96,50 TL","2026-09-29","","Нет","Нет","","https://store.playstation.com/en-tr/concept/10001438","2020-09-27","Party","PEGI_12"
"1817","Mega Man","CUSA02521","PS4","Нет","525,00 TL","68%","559,68 TL","2026-09-29","","Нет","Да","","https://store.playstation.com/en-tr/concept/202697","2015-08-24","Action","PEGI_7"
"1817","Mega Man","CUSA02521","PS4","Нет","525,00 TL","68%","559,68 TL","2026-09-29","","Нет","Да","","https://store.playstation.com/en-tr/concept/202697","2015-08-24","Action","PEGI_7"
"5460","Chasm: The Rift","PPSA13990","PS4, PS5","Нет","849,00 TL","75%","212,25 TL","2026-09-29","","Нет","Да","","https://store.playstation.com/en-tr/concept/10007462","2023-05-18","Action","PEGI_16"
"2609","Highway Roads Racer","PPSA35979","PS5","Нет","215,00 TL","30%","150,50 TL","2026-09-29","Highway Roads Racer: 215,00 TL; Highway Roads Racer: 215,00 TL","Нет","Нет","","https://store.playstation.com/en-tr/concept/10018550","2026-02-06","Driving/Racing","PEGI_12"
"2317","Wilmot's Warehouse","CUSA25303","PS4","Нет","601,00 TL","50%","300,50 TL","2026-09-29","","Нет","Нет","","https://store.playstation.com/en-tr/concept/10001208","2021-02-09","Family","PEGI_3"
"6129","Dolmen","PPSA03418","PS4, PS5","Нет","699,00 TL","80%","139,80 TL","2026-09-29","","Нет","Да","","https://store.playstation.com/en-tr/concept/10002698","2022-05-19","Action","PEGI_16"
"5450","Centum","PPSA26477","PS5","Нет","649,00 TL","40%","389,40 TL","2026-09-29","Centum: 649,00 TL; Centum: 649,00 TL","Нет","Да","","https://store.playstation.com/en-tr/concept/10012850","2025-03-11","Role Playing Games","PEGI_16"
"sale_1789623929055_450","The Coma 2: Vicious Sisters","—","—","Нет","529,00 TL","80%","105,80 TL","2026-09-29","","Нет","Нет","","#","—","—","—"
"6848","Fruits Slot Machine","PPSA38263","PS5","Нет","171,00 TL","30%","119,70 TL","2026-09-29","","Нет","Нет","","https://store.playstation.com/en-tr/concept/10019865","2026-06-05","Casual","PEGI_18"
"sale_1789623929520_452","YEAH! YOU WANT \THOSE GAMES","—","—","Нет","30%","\ RIGHT? SO HERE YOU GO! NOW, LET'S SEE YOU CLEAR THEM! 2","249,00 TL","2026-09-29","","Нет","Нет","","#","—","—","—"
"3525","Stroke The Cat","CUSA36654","PS4","Нет","85,00 TL","20%","68,00 TL","2026-09-29","Stroke The Cat: 85,00 TL; Stroke The Cat: 85,00 TL","Нет","Нет","","https://store.playstation.com/en-tr/concept/10006121","2022-09-19","Casual","PEGI_3"
"2254","Super Neptunia RPG","CUSA12063","PS4","Нет","1.299,00 TL","75%","324,75 TL","2026-09-29","","Нет","Нет","","https://store.playstation.com/en-tr/concept/232167","2019-06-27","Role Playing Games","PEGI_12"
"5816","Cyanide & Happiness - Freakpocalypse (Episode 1)","CUSA20215","PS4","Нет","849,00 TL","75%","212,25 TL","2026-09-29","","Нет","Нет","","https://store.playstation.com/en-tr/concept/10000780","2021-10-26","Adventure","PEGI_16"
"2001","Sakura Succubus 9","PPSA37878","PS4, PS5","Нет","429,00 TL","50%","174,50 TL","2026-09-29","","Нет","Нет","","https://store.playstation.com/en-tr/concept/10019651","2026-07-02","Adventure","PEGI_16"
"6960","Ghost Signal: A Stellaris Game","PPSA17013","PS5","Нет","349,00 TL","85%","52,35 TL","2026-09-29","","Нет","Нет","","https://store.playstation.com/en-tr/concept/10008624","2023-10-05","Action","PEGI_7"
"sale_1789623930430_458","Project 13","—","—","Нет","209,00 TL","50%","104,50 TL","2026-09-29","","Нет","Нет","","#","—","—","—"
"5444","Chained Survive Together","CUSA50631","PS4","Нет","209,00 TL","35%","135,85 TL","2026-09-29","","Нет","Нет","","https://store.playstation.com/en-tr/concept/10012174","2024-10-10","Adventure","PEGI_3"
"2788","International Boxing","CUSA35665","PS4","Нет","175,00 TL","30%","122,50 TL","2026-09-29","","Нет","Нет","","https://store.playstation.com/en-tr/concept/10005796","2022-08-07","Sport","PEGI_16"
"1953","LOST SPHEAR","CUSA09346","PS4","Нет","1.749,00 TL","75%","437,25 TL","2026-09-29","LOST SPHEAR: 1.749,00 TL","Нет","Нет","","https://store.playstation.com/en-tr/concept/229958","2018-01-23","Role Playing Games","PEGI_7"
"5725","Creepy Tale 2","CUSA30096","PS4","Нет","525,00 TL","60%","210,00 TL","2026-09-29","","Да","Да","","https://store.playstation.com/en-tr/concept/10003676","2023-04-26","Adventure","PEGI_16"
"5379","Cats Around Us: Giant Cat","PPSA33753","PS5","Нет","129,00 TL","30%","90,30 TL","2026-09-29","Cats Around Us: Giant Cat: 129,00 TL; Cats Around Us: Giant Cat: 129,00 TL","Нет","Нет","","https://store.playstation.com/en-tr/concept/10017179","2026-01-14","Puzzle","PEGI_3"
"1522","Dead Hook","PPSA19452","PS5","Нет","699,00 TL","45%","384,45 TL","2026-09-29","","Нет","Нет","","https://store.playstation.com/en-tr/concept/10009531","2024-02-08","Shooter","PEGI_12"
"sale_1789623931233_465","Röki","—","—","Нет","699,00 TL","85%","104,85 TL","2026-09-29","","Нет","Нет","","#","—","—","—"
"4642","Arcade Game Zone","PPSA19016","PS5","Нет","879,00 TL","85%","131,85 TL","2026-09-29","Arcade Game Zone: 879,00 TL; Arcade Game Zone: 875,00 TL","Нет","Нет","","https://store.playstation.com/en-tr/concept/10009374","2024-01-15","Party","PEGI_3"
"1614","SkyDrift Infinity","CUSA13659","PS4","Нет","649,00 TL","50%","324,50 TL","2026-09-29","","Нет","Да","","https://store.playstation.com/en-tr/concept/232809","2021-07-28","Driving/Racing","PEGI_7"
"1636","Overland","PPSA05491","PS4, PS5","Нет","849,00 TL","65%","297,15 TL","2026-09-29","","Нет","Да","","https://store.playstation.com/en-tr/concept/233197","2022-12-13","Strategy","PEGI_12"
"sale_1789623931745_469","The Adventure Pals","—","—","Нет","649,00 TL","80%","129,80 TL","2026-09-29","","Нет","Нет","","#","—","—","—"
"sale_1789623932091_470","RollerCoaster Legends","—","—","Нет","343,00 TL","10%","308,70 TL","2026-09-29","","Нет","Нет","","#","—","—","—"
"1524","Hitchhiker - A Mystery Game","CUSA24043","PS4","Нет","699,00 TL","75%","174,75 TL","2026-09-29","","Нет","Да","","https://store.playstation.com/en-tr/concept/234556","2021-04-15","Unique","PEGI_12"
"sale_1789623932498_472","Redeemer","—","—","Нет","649,00 TL","75%","162,25 TL","2026-09-29","","Нет","Нет","","#","—","—","—"
"3081","Itorah","CUSA34062","PS4","Нет","699,00 TL","90%","69,90 TL","2026-09-29","","Нет","Да","","https://store.playstation.com/en-tr/concept/10005215","2023-04-20","Action","PEGI_7"
"sale_1789623932918_474","Trüberbrook","—","—","Нет","1.049,00 TL","90%","104,90 TL","2026-09-29","","Нет","Нет","","#","—","—","—"
"sale_1789623933261_475","Lucky's Tale","—","—","Нет","774,00 TL","80%","154,80 TL","2026-09-29","","Нет","Нет","","#","—","—","—"
"5905","Dark Town Secrets: Lost Lulu Collector’s Edition","PPSA38833","PS5","Нет","300,00 TL","10%","270,00 TL","2026-09-29","","Нет","Да","","https://store.playstation.com/en-tr/concept/10020202","2026-07-15","Adventure","PEGI_3"
"sale_1789623933734_477","Unsolved Case: Above the Law CE","—","—","Нет","419,00 TL","20%","335,20 TL","2026-09-29","","Нет","Нет","","#","—","—","—"
"sale_1789623934072_478","Unsolved Case: Killer Popularity CE","—","—","Нет","419,00 TL","20%","335,20 TL","2026-09-29","","Нет","Нет","","#","—","—","—"
"sale_1789623934403_479","Unsolved Case: Murderous Script CE","—","—","Нет","419,00 TL","20%","335,20 TL","2026-09-29","","Нет","Нет","","#","—","—","—"
"3204","The Light of Celestia","PPSA25236","PS5","Нет","429,00 TL","70%","128,70 TL","2026-09-29","","Нет","Нет","","https://store.playstation.com/en-tr/concept/10012100","2025-10-25","Adventure","PEGI_12"
"2206","Creepy Tale","CUSA30060","PS4","Нет","349,00 TL","60%","139,60 TL","2026-09-29","","Нет","Да","","https://store.playstation.com/en-tr/concept/10003675","2023-04-26","Adventure","PEGI_16"
"7327","Hidden Through Time 2: Myths & Magic","PPSA18325","PS5","Нет","439,00 TL","50%","219,50 TL","2026-09-29","","Нет","Да","","https://store.playstation.com/en-tr/concept/10009130","2024-01-24","Puzzle","PEGI_3"
"2744","POSTAL Redux","PPSA25251","PS5","Нет","419,00 TL","60%","139,60 TL","2026-09-29","POSTAL Redux: 419,00 TL; POSTAL Redux: 349,00 TL","Нет","Нет","","https://store.playstation.com/en-tr/concept/10001898","2024-12-19","Action","PEGI_18"
"2497","What The Dub?!","CUSA26987","PS4","Нет","245,00 TL","50%","122,50 TL","2026-09-29","","Нет","Нет","","https://store.playstation.com/en-tr/concept/10002481","2021-04-07","Party","PEGI_12"
"sale_1789623935127_485","Majogami","—","—","Нет","1.299,00 TL","20%","1.039,20 TL","2026-09-29","","Нет","Нет","","#","—","—","—"
"421","FINAL FANTASY XV","CUSA01615","PS4","Нет","769,00 TL","60%","139,60 TL","2026-09-29","FINAL FANTASY XV ROYAL EDITION: 769,00 TL; FINAL FANTASY XV MULTIPLAYER: COMRADES: 349,00 TL","Нет","Да","","https://store.playstation.com/en-tr/concept/201597","2018-03-05","Role Playing Games","PEGI_16"
"sale_1789623935638_487","Yohane the Parhelion -BLAZE in the DEEPBLUE","—","—","Нет","1.049,00 TL","60%","419,60 TL","2026-09-29","","Нет","Нет","","#","—","—","—"
"sale_1789623935990_488","Scar-Lead Salvation","—","—","Нет","1.299,00 TL","45%","714,45 TL","2026-09-29","","Нет","Нет","","#","—","—","—"
"sale_1789623936324_489","Sclash","—","—","Нет","349,00 TL","80%","69,80 TL","2026-09-29","","Нет","Нет","","#","—","—","—"
"sale_1789623936659_490","Megadimension Neptunia VIIR","—","—","Нет","1.049,00 TL","60%","419,60 TL","2026-09-29","","Нет","Нет","","#","—","—","—"
"2494","Lara Croft and the Temple of Osiris","CUSA00806","PS4","Нет","104,85 TL","85%","209,85 TL","2026-09-29","Lara Croft and the Temple of Osiris & Season Pass Pack: 1.015,00 TL; Lara Croft and the Temple of Osiris: 104,85 TL","Нет","Да","","https://store.playstation.com/en-tr/concept/202556","2014-12-08","Puzzle","PEGI_12"
"sale_1789623937208_492","Sakura Swim Club","—","—","Нет","349,00 TL","50%","174,50 TL","2026-09-29","","Нет","Нет","","#","—","—","—"
"6106","Disintegration","CUSA15446","PS4","Нет","1.299,00 TL","80%","259,80 TL","2026-09-29","","Нет","Да","","https://store.playstation.com/en-tr/concept/233091","2020-06-15","Shooter","PEGI_12"
"3686","Stroke the Dik-Dik","CUSA39164","PS4","Нет","85,00 TL","20%","68,00 TL","2026-09-29","","Нет","Нет","","https://store.playstation.com/en-tr/concept/10006803","2023-05-31","Casual","PEGI_3"
"6927","GAROU: MARK OF THE WOLVES","CUSA05993","PS4","Нет","—","85%","97,35 TL","2026-09-29","","Нет","Нет","","https://store.playstation.com/en-tr/concept/208240","2016-12-02","Action","PEGI_12"
"5324","Carom Billiards","PPSA36142","PS5","Нет","429,00 TL","30%","300,30 TL","2026-09-29","Carom Billiards: 429,00 TL; Carom Billiards: 429,00 TL","Нет","Нет","","https://store.playstation.com/en-tr/concept/10018637","2026-02-13","Simulation","PEGI_3"
"1445","Mary Skelter Finale","CUSA26856","PS4","Нет","2.149,00 TL","65%","752,15 TL","2026-09-29","Standard Edition: 2.149,00 TL; Deluxe Edition: 2.579,00 TL","Нет","Нет","","https://store.playstation.com/en-tr/concept/10002429","2021-09-30","Role Playing Games","PEGI_16"
"3232","Virginia - The Game.","CUSA03145","PS4","Нет","349,00 TL","50%","174,50 TL","2026-09-29","","Нет","Да","","https://store.playstation.com/en-tr/concept/222041","2016-09-21","Adventure","PEGI_12"
"7455","Icebound Secrets: The Frostwood Bane","PPSA32717","PS5","Нет","549,00 TL","20%","439,20 TL","2026-09-29","","Нет","Нет","","https://store.playstation.com/en-tr/concept/10016650","2025-12-08","Adventure","PEGI_7"
"3144","Lacuna","CUSA29933","PS4","Нет","699,00 TL","90%","69,90 TL","2026-09-29","","Нет","Да","","https://store.playstation.com/en-tr/concept/10003114","2021-12-20","Adventure","PEGI_16"
"3691","Stroke The Spider","CUSA36803","PS4","Нет","85,00 TL","20%","68,00 TL","2026-09-29","Stroke The Spider: 85,00 TL; Stroke The Spider: 85,00 TL","Нет","Нет","","https://store.playstation.com/en-tr/concept/10006147","2022-10-13","Casual","PEGI_3"
"sale_1789623938596_503","The Black Within","—","—","Нет","279,00 TL","40%","167,40 TL","2026-09-29","","Нет","Нет","","#","—","—","—"
"1449","Kizuna AI - Touch the Beat!","PPSA11200","PS5","Нет","1.499,00 TL","50%","749,50 TL","2026-09-29","Kizuna AI - Touch the Beat!: 1.499,00 TL; Kizuna AI - Touch the Beat!: 1.499,00 TL","Нет","Нет","","https://store.playstation.com/en-tr/concept/10004843","2023-02-21","Music/Rhythm","PEGI_3"
"sale_1789623938965_505","The Bookwalker: Thief of Tales","—","—","Нет","525,00 TL","75%","131,25 TL","2026-09-29","","Нет","Нет","","#","—","—","—"
"2201","Universal Flight Simulator","CUSA35425","PS4","Нет","349,00 TL","30%","244,30 TL","2026-09-29","","Нет","Нет","","https://store.playstation.com/en-tr/concept/10005716","2022-08-06","Simulation","PEGI_3"
"sale_1789623939350_507","Love Too Easily","—","—","Нет","769,00 TL","50%","384,50 TL","2026-09-29","","Нет","Нет","","#","—","—","—"
"7710","Junkster","PPSA22450","PS5","Нет","429,00 TL","20%","343,20 TL","2026-09-29","","Нет","Да","","https://store.playstation.com/en-tr/concept/10010682","2026-06-16","Family","PEGI_7"
"7824","Knightica","PPSA31335","PS5","Нет","649,00 TL","35%","421,85 TL","2026-09-29","Knightica: 649,00 TL; Knightica: 649,00 TL","Нет","Да","","https://store.playstation.com/en-tr/concept/10015838","2025-08-21","Strategy","PEGI_7"
"6212","Dragon Marked For Death","CUSA23495","PS4","Нет","1.399,00 TL","65%","489,65 TL","2026-09-29","","Нет","Нет","","https://store.playstation.com/en-tr/concept/10001034","2020-07-22","Action","PEGI_16"
"2639","Fight For America","CUSA56654","PS4","Нет","215,00 TL","40%","129,00 TL","2026-09-29","Standard Edition: 215,00 TL; Complete Edition: 429,00 TL","Нет","Нет","","https://store.playstation.com/en-tr/concept/10016857","2025-12-19","Strategy","PEGI_12"
"2891","Fill The Cup 3: Frost","PPSA35462","PS5","Нет","64,00 TL","50%","32,00 TL","2026-09-29","Fill The Cup 3: Frost: 64,00 TL; Fill The Cup 3: Frost: 64,00 TL","Нет","Нет","","https://store.playstation.com/en-tr/concept/10018229","2026-01-14","Puzzle","PEGI_3"
"2603","Bubble Shooter Piratery","PPSA37530","PS5","Нет","215,00 TL","30%","150,50 TL","2026-09-29","Bubble Shooter Piratery: 215,00 TL; Bubble Shooter Piratery: 215,00 TL","Нет","Нет","","https://store.playstation.com/en-tr/concept/10019429","2026-05-15","Casual","PEGI_3"
"3179","Golfing in Aether","PPSA20537","PS5","Нет","315,00 TL","75%","78,75 TL","2026-09-29","Standard: 315,00 TL; Deluxe: 389,00 TL","Нет","Нет","","https://store.playstation.com/en-tr/concept/10009985","2024-10-24","Sport","PEGI_3"
"7951","LET IT DIE: INFERNO","PPSA19053","PS5","Нет","1.079,00 TL","50%","539,50 TL","2026-09-29","Standard Edition: 1.079,00 TL; Deluxe Edition: 1.949,00 TL; Ultimate Edition: 2.579,00 TL","Нет","Нет","","https://store.playstation.com/en-tr/concept/10009386","2025-12-04","Action","PEGI_16"
"2024","ENDER LILIES: Quietus of the Knights","CUSA26116","PS4","Нет","1.049,00 TL","60%","419,60 TL","2026-09-29","","Нет","Да","","https://store.playstation.com/en-tr/concept/10001655","2021-08-10","Action","PEGI_12"
"sale_1789623940567_517","Shadow Labyrinth","—","—","Нет","1.049,00 TL","50%","524,50 TL","2026-09-29","","Нет","Нет","","#","—","—","—"
"sale_1789623940891_518","SOULVARS","—","—","Нет","595,00 TL","90%","59,50 TL","2026-09-29","","Нет","Нет","","#","—","—","—"
"229","Taxi Life: A City Driving Simulator","PPSA14175","PS5","Нет","1.399,00 TL","60%","559,60 TL","2026-09-29","Standard Edition: 1.399,00 TL; Supporter Edition: 1.599,00 TL; Complete Edition: 2.579,00 TL","Нет","Да","","https://store.playstation.com/en-tr/concept/10007412","2024-03-07","Simulation","PEGI_3"
"166","I Am Cat","PPSA25041","PS5","Нет","649,00 TL","15%","551,65 TL","2026-09-29","","Нет","Нет","","https://store.playstation.com/en-tr/concept/10012021","2026-05-06","Unique","PEGI_12"
"186","Hellblade II: Senua’s Saga","PPSA25991","PS5","Нет","1.749,00 TL","50%","874,50 TL","2026-09-29","Hellblade II: Senua’s Saga: 1.749,00 TL; Deluxe Edition: 1.999,00 TL","Нет","Да","","https://store.playstation.com/en-tr/concept/10012536","2025-08-12","Action","PEGI_18"
"1159","FATAL FRAME II: Crimson Butterfly REMAKE","PPSA32802","PS5","Нет","2.149,00 TL","35%","1.396,85 TL","2026-09-29","Standard Edition: 2.149,00 TL; Digital Deluxe Edition: 2.799,00 TL","Нет","Нет","","https://store.playstation.com/en-tr/concept/10016680","2026-03-11","Horror","PEGI_16"
"261","NARUTO SHIPPUDEN: Ultimate Ninja STORM 4","CUSA02854","PS4","Нет","699,00 TL","25%","524,25 TL","2026-09-29","NARUTO SHIPPUDEN: Ultimate Ninja STORM 4 Road to Boruto: 1.749,00 TL; NARUTO SHIPPUDEN: Ultimate Ninja STORM 4: 699,00 TL","Нет","Да","","https://store.playstation.com/en-tr/concept/212870","2016-02-04","Fighting","PEGI_12"
"427","The Outer Worlds 2","PPSA24588","PS5","Нет","2.999,00 TL","40%","1.799,40 TL","2026-09-29","The Outer Worlds 2: 2.999,00 TL; Premium: 3.999,00 TL","Нет","Да","","https://store.playstation.com/en-tr/concept/10011796","2025-10-29","Role Playing Games","PEGI_18"
"171","Call of Duty: Modern Warfare","CUSA15277","PS4","Нет","2.159,99 TL","50%","82,00 TL","2026-09-29","","Нет","Нет","","https://store.playstation.com/en-tr/concept/229182","2019-10-24","Shooter","PEGI_18"
"171","Call of Duty: Modern Warfare","CUSA15277","PS4","Нет","2.159,99 TL","50%","82,00 TL","2026-09-29","","Нет","Нет","","https://store.playstation.com/en-tr/concept/229182","2019-10-24","Shooter","PEGI_18"
"485","CarX Drift Racing Online","CUSA15633","PS4","Нет","1.031,00 TL","80%","206,20 TL","2026-09-29","","Нет","Да","","https://store.playstation.com/en-tr/concept/10000161","2019-12-11","Driving/Racing","PEGI_3"
"595","Aces of Thunder","PPSA13699","PS5","Нет","1.299,00 TL","40%","779,40 TL","2026-09-29","Aces of Thunder: 1.299,00 TL; Deluxe Edition: 2.149,00 TL","Нет","Нет","","https://store.playstation.com/en-tr/concept/10007306","2026-02-03","Simulation","PEGI_12"
"398","NieR: Automata Game of the","CUSA04480","PS4","Нет","1.399,00 TL","60%","559,60 TL","2026-09-29","NieR: Automata™ Game of the YoRHa Edition: 1.399,00 TL","Нет","Нет","","https://store.playstation.com/en-tr/concept/217551","2019-02-25","Role Playing Games","PEGI_18"
"407","Warhammer 40,000: Rogue Trader","PPSA15678","PS5","Нет","1.749,00 TL","65%","612,15 TL","2026-09-29","Warhammer 40,000: Rogue Trader: 1.749,00 TL; Voidfarer Edition: 3.499,00 TL; Deluxe Edition: 2.275,00 TL","Нет","Да","","https://store.playstation.com/en-tr/concept/10008102","2023-12-07","Role Playing Games","PEGI_18"
"1167","DYNASTY WARRIORS: ORIGINS","PPSA15972","PS5","Нет","2.799,00 TL","30%","1.959,30 TL","2026-09-29","Standard Version: 2.799,00 TL; Digital Deluxe Edition: 3.399,00 TL","Нет","Нет","","https://store.playstation.com/en-tr/concept/10008191","2025-01-16","Action","PEGI_16"
"1756","A Plague Tale: Innocence","PPSA02387","PS4, PS5","Нет","1.399,00 TL","80%","279,80 TL","2026-09-29","A Plague Tale: Innocence: 1.399,00 TL","Нет","Да","","https://store.playstation.com/en-tr/concept/231037","2021-07-05","Adventure","PEGI_18"
"471","A Plague Tale: Requiem","PPSA02785","PS5","Нет","2.799,00 TL","70%","839,70 TL","2026-09-29","A Plague Tale Bundle: 3.149,00 TL","Нет","Да","","https://store.playstation.com/en-tr/concept/10002255","2022-10-17","Adventure","PEGI_18"
"670","KINGDOM HEARTS III","CUSA12025","PS4","Нет","2.499,00 TL","60%","999,60 TL","2026-09-29","KINGDOM HEARTS All-In-One Package: 3.899,00 TL; KINGDOM HEARTS III: 2.499,00 TL","Нет","Нет","","https://store.playstation.com/en-tr/concept/208810","2019-01-28","Role Playing Games","PEGI_12"
"2348","Resident Evil","CUSA01067","PS4","Нет","699,00 TL","75%","174,75 TL","2026-09-29","","Нет","Нет","","https://store.playstation.com/en-tr/concept/232112","2015-01-19","Horror","PEGI_18"
"2348","Resident Evil","CUSA01067","PS4","Нет","699,00 TL","75%","174,75 TL","2026-09-29","","Нет","Нет","","https://store.playstation.com/en-tr/concept/232112","2015-01-19","Horror","PEGI_18"
"1463","DARK SOULS","CUSA08495","PS4","Нет","2.579,00 TL","50%","1.289,50 TL","2026-09-29","","Нет","Да","","https://store.playstation.com/en-tr/concept/229482","2018-05-24","Role Playing Games","PEGI_16"
"1158","Bendy and the Ink Machine","CUSA13635","PS4","Нет","699,00 TL","70%","209,70 TL","2026-09-29","Bendy: Studio Collection: 1.225,00 TL; Bendy and the Ink Machine: 699,00 TL","Нет","Нет","","https://store.playstation.com/en-tr/concept/232792","2018-11-19","Action","PEGI_12"
"sale_1789623941500_537","The Heavy Rain & BEYOND: Two","—","—","Нет","1.749,00 TL","60%","699,60 TL","2026-09-29","","Нет","Нет","","#","—","—","—"
"sale_1789623941827_538","Ys X: Proud Nordics","—","—","Нет","2.999,00 TL","10%","2.699,10 TL","2026-09-29","","Нет","Нет","","#","—","—","—"
"1211","Labyrinthine","PPSA28709","PS5","Нет","649,00 TL","20%","519,20 TL","2026-09-29","Standard Edition: 649,00 TL; Supporter Edition: 580,50 TL","Нет","Да","","https://store.playstation.com/en-tr/concept/10014325","2025-09-18","Horror","PEGI_18"
"894","SUPER","PPSA30553","PS5","Нет","849,00 TL","20%","679,20 TL","2026-09-29","","Нет","Нет","","https://store.playstation.com/en-tr/concept/10015390","2026-02-05","Party","PEGI_7"
"894","SUPER","PPSA30553","PS5","Нет","849,00 TL","20%","679,20 TL","2026-09-29","","Нет","Нет","","https://store.playstation.com/en-tr/concept/10015390","2026-02-05","Party","PEGI_7"
"894","SUPER","PPSA30553","PS5","Нет","849,00 TL","20%","679,20 TL","2026-09-29","","Нет","Нет","","https://store.playstation.com/en-tr/concept/10015390","2026-02-05","Party","PEGI_7"
"sale_1789623942197_541","Slay the Princess - The Pristine Cut","—","—","Нет","649,00 TL","40%","389,40 TL","2026-09-29","","Нет","Нет","","#","—","—","—"
"sale_1789623942522_542","Slay the Princess - The Pristine Cut","—","—","Нет","774,00 TL","40%","464,40 TL","2026-09-29","","Нет","Нет","","#","—","—","—"
"2389","Yu-Gi-Oh! Legacy of the Duelist","CUSA01618","PS4","Нет","849,00 TL","75%","349,75 TL","2026-09-29","","Нет","Нет","","https://store.playstation.com/en-tr/concept/205441","2015-07-30","Puzzle","PEGI_3"
"2389","Yu-Gi-Oh! Legacy of the Duelist","CUSA01618","PS4","Нет","849,00 TL","75%","349,75 TL","2026-09-29","","Нет","Нет","","https://store.playstation.com/en-tr/concept/205441","2015-07-30","Puzzle","PEGI_3"
"1387","Sunset Motel","PPSA33105","PS5","Нет","816,00 TL","20%","652,80 TL","2026-09-29","Sunset Motel: 816,00 TL; Sunset Motel: 816,00 TL","Да","Да","","https://store.playstation.com/en-tr/concept/10016807","2026-05-07","Simulator","PEGI_18"
"1387","Sunset Motel","PPSA33105","PS5","Нет","816,00 TL","20%","652,80 TL","2026-09-29","Sunset Motel: 816,00 TL; Sunset Motel: 816,00 TL","Да","Да","","https://store.playstation.com/en-tr/concept/10016807","2026-05-07","Simulator","PEGI_18"
"1093","Drug Dealer Simulator","PPSA29618","PS4, PS5","Нет","1.079,00 TL","35%","701,35 TL","2026-09-29","Drug Dealer Simulator: 1.079,00 TL; Contraband Police x Drug Dealer Simulator: 2.149,00 TL","Нет","Да","","https://store.playstation.com/en-tr/concept/10014685","2025-06-20","Simulation","PEGI_18"
"2801","ULTIMATE MARVEL VS. CAPCOM 3","CUSA04543","PS4","Нет","875,00 TL","80%","175,00 TL","2026-09-29","","Нет","Нет","","https://store.playstation.com/en-tr/concept/227750","2016-12-03","Fighting","PEGI_12"
"502","PAC-MAN WORLD 2 Re-PAC","PPSA18188","PS4, PS5","Нет","1.749,00 TL","40%","1.049,40 TL","2026-09-29","Standard Edition: 1.749,00 TL; Deluxe Edition: 2.149,00 TL","Нет","Да","","https://store.playstation.com/en-tr/concept/10009073","2025-09-25","Arcade","PEGI_7"
"940","Demeo x Dungeons & Dragons: Battlemarked","PPSA28721","PS5","Нет","1.299,00 TL","35%","844,35 TL","2026-09-29","","Нет","Нет","","https://store.playstation.com/en-tr/concept/10014283","2025-11-20","Role Playing Games","PEGI_7"
"2239","Autopsy Simulator","PPSA23605","PS5","Нет","1.015,00 TL","50%","507,50 TL","2026-09-29","","Нет","Да","","https://store.playstation.com/en-tr/concept/10011271","2025-04-02","Simulation","PEGI_16"
"sale_1789623943275_551","Pode","—","—","Нет","1.031,00 TL","50%","515,50 TL","2026-09-29","","Нет","Нет","","#","—","—","—"
"674","Marvel vs. Capcom: Infinite","CUSA06380","PS4","Нет","1.399,00 TL","88%","167,88 TL","2026-09-29","Marvel vs. Capcom: Infinite - Standard Edition: 1.399,00 TL; Marvel vs. Capcom: Infinite - Deluxe Edition: 2.099,00 TL","Нет","Да","","https://store.playstation.com/en-tr/concept/224890","2017-09-18","Action","PEGI_12"
"674","Marvel vs. Capcom: Infinite","CUSA06380","PS4","Нет","1.399,00 TL","88%","167,88 TL","2026-09-29","Marvel vs. Capcom: Infinite - Standard Edition: 1.399,00 TL; Marvel vs. Capcom: Infinite - Deluxe Edition: 2.099,00 TL","Нет","Да","","https://store.playstation.com/en-tr/concept/224890","2017-09-18","Action","PEGI_12"
"635","CATAN","PPSA07226","PS4, PS5","Нет","529,00 TL","80%","105,80 TL","2026-09-29","Deluxe: 169,80 TL; Super Deluxe: 1.299,00 TL; Complete Collection: 1.399,00 TL","Нет","Нет","","https://store.playstation.com/en-tr/concept/10004791","2023-02-23","Casual","PEGI_3"
"3409","Castaway","PPSA24323","PS5","Нет","279,00 TL","70%","83,70 TL","2026-09-29","Castaway: 279,00 TL; Castaway: 279,00 TL","Нет","Да","","https://store.playstation.com/en-tr/concept/10011669","2024-08-16","Action","PEGI_3"
"3409","Castaway","PPSA24323","PS5","Нет","279,00 TL","70%","83,70 TL","2026-09-29","Castaway: 279,00 TL; Castaway: 279,00 TL","Нет","Да","","https://store.playstation.com/en-tr/concept/10011669","2024-08-16","Action","PEGI_3"
"sale_1789623943792_557","ODDBALLERS","—","—","Нет","699,00 TL","75%","174,75 TL","2026-09-29","","Нет","Нет","","#","—","—","—"
"sale_1789623944121_558","Robots at Midnight","—","—","Нет","849,00 TL","50%","424,50 TL","2026-09-29","","Нет","Нет","","#","—","—","—"
"5043","Blightbound","CUSA27669","PS4","Нет","849,00 TL","80%","169,80 TL","2026-09-29","","Нет","Да","","https://store.playstation.com/en-tr/concept/10000557","2021-07-27","Action","PEGI_16"
"5900","DATE A LIVE: Rio Reincarnation","CUSA15766","PS4","Нет","1.299,00 TL","70%","389,70 TL","2026-09-29","","Нет","Нет","","https://store.playstation.com/en-tr/concept/228713","2019-07-25","Adventure","PEGI_12"
"sale_1789623944669_561","Silver Chains","—","—","Нет","879,00 TL","90%","87,90 TL","2026-09-29","","Нет","Нет","","#","—","—","—"
"2622","Offroad Rally Racing","PPSA35122","PS5","Нет","215,00 TL","30%","150,50 TL","2026-09-29","Offroad Rally Racing: 215,00 TL; Offroad Rally Racing: 215,00 TL","Нет","Нет","","https://store.playstation.com/en-tr/concept/10018018","2025-12-19","Driving/Racing","PEGI_3"
"2622","Offroad Rally Racing","PPSA35122","PS5","Нет","215,00 TL","30%","150,50 TL","2026-09-29","Offroad Rally Racing: 215,00 TL; Offroad Rally Racing: 215,00 TL","Нет","Нет","","https://store.playstation.com/en-tr/concept/10018018","2025-12-19","Driving/Racing","PEGI_3"
"207","THE FINALS","PPSA12405","PS5","Нет","2.090,00 TL","75%","131,25 TL","2026-09-29","Year 1 Deluxe Edition: 2.090,00 TL","Нет","Да","","https://store.playstation.com/en-tr/concept/10006873","2023-12-08","Shooter","PEGI_12"
"sale_1789623945340_565","Woodturning 3D","—","—","Нет","215,00 TL","50%","107,50 TL","2026-09-29","","Нет","Нет","","#","—","—","—"
"3690","Stroke The Hamster","PPSA09767","PS5","Нет","85,00 TL","20%","68,00 TL","2026-09-29","Stroke The Hamster: 85,00 TL; Stroke The Hamster: 85,00 TL","Нет","Нет","","https://store.playstation.com/en-tr/concept/10005984","2022-10-22","Casual","PEGI_3"
"3690","Stroke The Hamster","PPSA09767","PS5","Нет","85,00 TL","20%","68,00 TL","2026-09-29","Stroke The Hamster: 85,00 TL; Stroke The Hamster: 85,00 TL","Нет","Нет","","https://store.playstation.com/en-tr/concept/10005984","2022-10-22","Casual","PEGI_3"
"7270","Hell Pie","PPSA07508","PS4, PS5","Нет","875,00 TL","80%","175,00 TL","2026-09-29","","Нет","Да","","https://store.playstation.com/en-tr/concept/10004873","2022-07-21","Action","PEGI_16"
"sale_1789623945966_569","R-TYPE DX: Music Encore","—","—","Нет","649,00 TL","20%","519,20 TL","2026-09-29","","Нет","Нет","","#","—","—","—"
"sale_1789623946295_570","XEL","—","—","Нет","665,00 TL","90%","66,50 TL","2026-09-29","","Нет","Нет","","#","—","—","—"
"sale_1789623946625_571","XEL","—","—","Нет","665,00 TL","90%","66,50 TL","2026-09-29","","Нет","Нет","","#","—","—","—"
"sale_1789623946954_572","Vambrace: Dungeon Monarch","—","—","Нет","649,00 TL","90%","64,90 TL","2026-09-29","","Нет","Нет","","#","—","—","—"
"sale_1789623947282_573","STRIDER","—","—","Нет","525,00 TL","65%","183,75 TL","2026-09-29","","Нет","Нет","","#","—","—","—"
"7328","Hidden Through Time 2: Discovery","PPSA22832","PS5","Нет","389,00 TL","50%","194,50 TL","2026-09-29","","Нет","Да","","https://store.playstation.com/en-tr/concept/10010909","2024-08-12","Puzzle","PEGI_7"
"4674","Armikrog","CUSA04559","PS4","Нет","349,00 TL","75%","87,25 TL","2026-09-29","","Нет","Да","","https://store.playstation.com/en-tr/concept/216067","2016-08-22","Adventure","PEGI_7"
"3348","Minute Of Islands","CUSA17192","PS4","Нет","699,00 TL","90%","69,90 TL","2026-09-29","","Нет","Нет","","https://store.playstation.com/en-tr/concept/234861","2021-06-12","Unique","PEGI_12"
"sale_1789623947929_577","The Green Light","—","—","Нет","215,00 TL","20%","172,00 TL","2026-09-29","","Нет","Нет","","#","—","—","—"
"4822","BAD END THEATER","PPSA24380","PS5","Нет","429,00 TL","35%","278,85 TL","2026-09-29","BAD END THEATER: 429,00 TL; BAD END THEATER: 429,00 TL","Нет","Да","","https://store.playstation.com/en-tr/concept/10011688","2025-07-10","Adventure","PEGI_16"
"4822","BAD END THEATER","PPSA24380","PS5","Нет","429,00 TL","35%","278,85 TL","2026-09-29","BAD END THEATER: 429,00 TL; BAD END THEATER: 429,00 TL","Нет","Да","","https://store.playstation.com/en-tr/concept/10011688","2025-07-10","Adventure","PEGI_16"
"2691","Relicta","CUSA17918","PS4","Нет","699,00 TL","90%","69,90 TL","2026-09-29","","Нет","Да","","https://store.playstation.com/en-tr/concept/235001","2020-08-04","Puzzle","PEGI_16"
"6094","Discolored","PPSA36158","PS5","Нет","429,00 TL","55%","157,05 TL","2026-09-29","Discolored: 429,00 TL; Discolored: 349,00 TL","Нет","Да","","https://store.playstation.com/en-tr/concept/10013871","2026-02-24","Puzzle","PEGI_3"
"6094","Discolored","PPSA36158","PS5","Нет","429,00 TL","55%","157,05 TL","2026-09-29","Discolored: 429,00 TL; Discolored: 349,00 TL","Нет","Да","","https://store.playstation.com/en-tr/concept/10013871","2026-02-24","Puzzle","PEGI_3"
"3474","Hidden Kittens: Kingdom of Cats","PPSA29166","PS5","Нет","105,00 TL","50%","52,50 TL","2026-09-29","Hidden Kittens: Kingdom of Cats: 105,00 TL; Hidden Kittens: Kingdom of Cats: 105,00 TL","Нет","Нет","","https://store.playstation.com/en-tr/concept/10014614","2025-05-14","Puzzle","PEGI_3"
"3474","Hidden Kittens: Kingdom of Cats","PPSA29166","PS5","Нет","105,00 TL","50%","52,50 TL","2026-09-29","Hidden Kittens: Kingdom of Cats: 105,00 TL; Hidden Kittens: Kingdom of Cats: 105,00 TL","Нет","Нет","","https://store.playstation.com/en-tr/concept/10014614","2025-05-14","Puzzle","PEGI_3"
"sale_1789623948923_585","WolfFang SkullFang Saturn Tribute Boosted","—","—","Нет","849,00 TL","50%","424,50 TL","2026-09-29","","Нет","Нет","","#","—","—","—"
"2267","Ultra Foodmess","PPSA05576","PS5","Нет","139,00 TL","70%","41,70 TL","2026-09-29","Ultra Foodmess: 139,00 TL; Ultra Foodmess: 139,00 TL","Нет","Нет","","https://store.playstation.com/en-tr/concept/10003348","2022-02-23","Action","PEGI_3"
"2267","Ultra Foodmess","PPSA05576","PS5","Нет","139,00 TL","70%","41,70 TL","2026-09-29","Ultra Foodmess: 139,00 TL; Ultra Foodmess: 139,00 TL","Нет","Нет","","https://store.playstation.com/en-tr/concept/10003348","2022-02-23","Action","PEGI_3"
"3475","Stroke The Horse","PPSA11118","PS5","Нет","85,00 TL","20%","68,00 TL","2026-09-29","Stroke The Horse: 85,00 TL; Stroke The Horse: 85,00 TL","Нет","Нет","","https://store.playstation.com/en-tr/concept/10006479","2023-01-19","Casual","PEGI_3"
"3475","Stroke The Horse","PPSA11118","PS5","Нет","85,00 TL","20%","68,00 TL","2026-09-29","Stroke The Horse: 85,00 TL; Stroke The Horse: 85,00 TL","Нет","Нет","","https://store.playstation.com/en-tr/concept/10006479","2023-01-19","Casual","PEGI_3"
"5086","Bocce","CUSA34593","PS4","Нет","343,00 TL","30%","240,10 TL","2026-09-29","","Нет","Нет","","https://store.playstation.com/en-tr/concept/10005428","2022-06-25","Sport","PEGI_3"
"29","The Lord of the Rings: War in the North","PPSA22721","PS5","Нет","927,90 TL","60%","139,60 TL","2026-09-29","","Нет","Да","","https://store.playstation.com/en-tr/concept/10010865","2026-08-11","Role Playing Games","PEGI_18"
"3594","Battle Engine Aquila","PPSA27019","PS4, PS5","Нет","429,00 TL","55%","193,05 TL","2026-09-29","","Нет","Нет","","https://store.playstation.com/en-tr/concept/10013168","2025-05-20","Action","PEGI_12"
"5763","Crowns and Pawns: Kingdom of Deceit","PPSA25784","PS4, PS5","Нет","699,00 TL","50%","349,50 TL","2026-09-29","","Нет","Да","","https://store.playstation.com/en-tr/concept/10012415","2025-02-27","Adventure","PEGI_12"
"7432","Hyper-5","PPSA08305","PS4, PS5","Нет","429,00 TL","65%","150,15 TL","2026-09-29","","Нет","Нет","","https://store.playstation.com/en-tr/concept/10005349","2023-04-11","Action","PEGI_12"
"3995","Adam Wolfe","PPSA19684","PS5","Нет","849,00 TL","20%","679,20 TL","2026-09-29","Adam Wolfe: 849,00 TL; Adam Wolfe: 849,00 TL","Нет","Да","","https://store.playstation.com/en-tr/concept/10009545","2024-04-09","Adventure","PEGI_16"
"3995","Adam Wolfe","PPSA19684","PS5","Нет","849,00 TL","20%","679,20 TL","2026-09-29","Adam Wolfe: 849,00 TL; Adam Wolfe: 849,00 TL","Нет","Да","","https://store.playstation.com/en-tr/concept/10009545","2024-04-09","Adventure","PEGI_16"
"3694","Stroke The Fish","PPSA10316","PS5","Нет","85,00 TL","20%","68,00 TL","2026-09-29","Stroke The Fish: 85,00 TL; Stroke The Fish: 85,00 TL","Нет","Нет","","https://store.playstation.com/en-tr/concept/10006145","2022-11-06","Casual","PEGI_3"
"3694","Stroke The Fish","PPSA10316","PS5","Нет","85,00 TL","20%","68,00 TL","2026-09-29","Stroke The Fish: 85,00 TL; Stroke The Fish: 85,00 TL","Нет","Нет","","https://store.playstation.com/en-tr/concept/10006145","2022-11-06","Casual","PEGI_3"
"7995","Lifeless Moon","PPSA21899","PS4, PS5","Нет","549,00 TL","50%","274,50 TL","2026-09-29","","Нет","Да","","https://store.playstation.com/en-tr/concept/10010085","2024-07-09","Action","PEGI_12"
"3674","Stroke The Beaver","PPSA12234","PS5","Нет","85,00 TL","20%","68,00 TL","2026-09-29","Stroke The Beaver: 85,00 TL; Stroke The Beaver: 85,00 TL","Нет","Нет","","https://store.playstation.com/en-tr/concept/10006802","2023-04-30","Casual","PEGI_3"
"3674","Stroke The Beaver","PPSA12234","PS5","Нет","85,00 TL","20%","68,00 TL","2026-09-29","Stroke The Beaver: 85,00 TL; Stroke The Beaver: 85,00 TL","Нет","Нет","","https://store.playstation.com/en-tr/concept/10006802","2023-04-30","Casual","PEGI_3"
"sale_1789623950759_602","Sundered","—","—","Нет","699,00 TL","85%","104,85 TL","2026-09-29","","Нет","Нет","","#","—","—","—"
"5674","Cooking Companions","PPSA27180","PS5","Нет","649,00 TL","40%","389,40 TL","2026-09-29","Cooking Companions: 649,00 TL; Cooking Companions: 649,00 TL","Нет","Нет","","https://store.playstation.com/en-tr/concept/10013262","2025-04-29","Adventure","PEGI_16"
"5674","Cooking Companions","PPSA27180","PS5","Нет","649,00 TL","40%","389,40 TL","2026-09-29","Cooking Companions: 649,00 TL; Cooking Companions: 649,00 TL","Нет","Нет","","https://store.playstation.com/en-tr/concept/10013262","2025-04-29","Adventure","PEGI_16"
"6859","Fuga: Melodies of Steel 3","PPSA25219","PS4, PS5","Нет","1.749,00 TL","40%","1.049,40 TL","2026-09-29","Standard Edition: 1.749,00 TL; Deluxe Edition: 2.579,00 TL; Ultimate Edition: 2.999,00 TL","Нет","Нет","","https://store.playstation.com/en-tr/concept/10012099","2025-05-29","Role Playing Games","PEGI_12"
"7508","INAYAH – Life After Gods","PPSA31250","PS5","Нет","774,00 TL","50%","387,00 TL","2026-09-29","","Нет","Да","","https://store.playstation.com/en-tr/concept/10015780","2025-08-18","Action","PEGI_16"
"3159","Gods Will Fall","CUSA19024","PS4","Нет","525,00 TL","85%","78,75 TL","2026-09-29","Standard Edition: 525,00 TL; Valiant Edition: 104,85 TL","Нет","Да","","https://store.playstation.com/en-tr/concept/10000242","2021-02-12","Action","PEGI_16"
"sale_1789623951715_608","System Critical 3","—","—","Нет","849,00 TL","15%","721,65 TL","2026-09-29","","Нет","Нет","","#","—","—","—"
"6411","Elevator Action -Returns- S-Tribute","CUSA30068","PS4","Нет","649,00 TL","50%","324,50 TL","2026-09-29","","Нет","Нет","","https://store.playstation.com/en-tr/concept/10003681","2022-11-30","Action","PEGI_12"
"6013","Dentist Bling","CUSA58765","PS4","Нет","215,00 TL","50%","107,50 TL","2026-09-29","Standard Edition: 215,00 TL; Dentist Bling & Dessert DIY: 343,00 TL; Complete Edition: 300,00 TL","Нет","Нет","","https://store.playstation.com/en-tr/concept/10018937","2026-05-07","Simulation","PEGI_3"
"7088","Grand Slam Tennis","CUSA34343","PS4","Нет","139,00 TL","30%","97,30 TL","2026-09-29","","Нет","Нет","","https://store.playstation.com/en-tr/concept/10005331","2022-06-23","Sport","PEGI_3"
"sale_1789623952502_612","Top Shot Pool","—","—","Нет","283,00 TL","30%","198,10 TL","2026-09-29","","Нет","Нет","","#","—","—","—"
"sale_1789623952841_613","STRIKERS 1945","—","—","Нет","387,00 TL","70%","116,10 TL","2026-09-29","","Нет","Нет","","#","—","—","—"
"3450","Stroke The Tortoise","PPSA10331","PS5","Нет","85,00 TL","20%","68,00 TL","2026-09-29","Stroke The Tortoise: 85,00 TL; Stroke The Tortoise: 85,00 TL","Нет","Нет","","https://store.playstation.com/en-tr/concept/10006146","2022-11-09","Casual","PEGI_3"
"3450","Stroke The Tortoise","PPSA10331","PS5","Нет","85,00 TL","20%","68,00 TL","2026-09-29","Stroke The Tortoise: 85,00 TL; Stroke The Tortoise: 85,00 TL","Нет","Нет","","https://store.playstation.com/en-tr/concept/10006146","2022-11-09","Casual","PEGI_3"
"3625","Stroke The Rabbit","CUSA36788","PS4","Нет","85,00 TL","20%","68,00 TL","2026-09-29","Stroke The Rabbit: 85,00 TL; Stroke The Rabbit: 85,00 TL","Нет","Нет","","https://store.playstation.com/en-tr/concept/10006144","2022-10-04","Casual","PEGI_3"
"3625","Stroke The Rabbit","CUSA36788","PS4","Нет","85,00 TL","20%","68,00 TL","2026-09-29","Stroke The Rabbit: 85,00 TL; Stroke The Rabbit: 85,00 TL","Нет","Нет","","https://store.playstation.com/en-tr/concept/10006144","2022-10-04","Casual","PEGI_3"
"sale_1789623953510_618","Neptunia Virtual Stars","—","—","Нет","1.749,00 TL","70%","524,70 TL","2026-09-29","","Нет","Нет","","#","—","—","—"
"2440","Fishing Sim World: Pro Tour","CUSA12376","PS4","Нет","139,80 TL","80%","175,80 TL","2026-09-29","Fishing Sim World: Pro Tour + The Catch: Carp & Coarse: 299,80 TL; Fishing Sim World®: Pro Tour Collector's Edition: 1.949,00 TL; Fishing Sim World®: Pro Tour - Lough Kerr + Talon Fishery: 109,80 TL; Fishing Sim World: Pro Tour Deluxe Edition: 879,00 TL; Fishing Sim World: Pro Tour + Quad Lake Pass: 1.749,00 TL; Fishing Sim World: Pro Tour: 139,80 TL","Нет","Да","","https://store.playstation.com/en-tr/concept/232285","2018-09-18","Simulation","PEGI_3"
"6830","Freedom Planet","CUSA08821","PS4","Нет","629,00 TL","50%","314,50 TL","2026-09-29","","Нет","Нет","","https://store.playstation.com/en-tr/concept/223023","2017-09-10","Action","PEGI_12"
"5011","Black Skylands","PPSA13858","PS4, PS5","Нет","699,00 TL","75%","174,75 TL","2026-09-29","","Нет","Да","","https://store.playstation.com/en-tr/concept/10007383","2023-08-14","Action","PEGI_16"
"2835","3 on 3 Soccer","PPSA31178","PS5","Нет","171,00 TL","30%","119,70 TL","2026-09-29","3 on 3 Soccer: 171,00 TL; 3 on 3 Soccer: 171,00 TL","Нет","Нет","","https://store.playstation.com/en-tr/concept/10015738","2025-06-27","Sport","PEGI_3"
"2835","3 on 3 Soccer","PPSA31178","PS5","Нет","171,00 TL","30%","119,70 TL","2026-09-29","3 on 3 Soccer: 171,00 TL; 3 on 3 Soccer: 171,00 TL","Нет","Нет","","https://store.playstation.com/en-tr/concept/10015738","2025-06-27","Sport","PEGI_3"
"3684","Stroke The Cow","PPSA11112","PS5","Нет","85,00 TL","20%","68,00 TL","2026-09-29","Stroke The Cow: 85,00 TL; Stroke The Cow: 85,00 TL","Нет","Нет","","https://store.playstation.com/en-tr/concept/10006477","2023-01-06","Casual","PEGI_3"