"№","Название","Скидка/Список","ID игры","Платформа","Предзаказ","Обычная цена","Цены изданий","Рус. озвучка","Рус. текст","Подписки","Ссылка","Дата релиза","Жанр","PEGI"
"70","Resident Evil Requiem","22222222","PPSA31246","PS5","Нет","3.449,00 TL","Standard Edition: 3.449,00 TL; Deluxe Edition: 3.849,00 TL","Да","Да","","https://store.playstation.com/en-tr/concept/10015533","2026-02-26","Action","PEGI_18"
"136","PRAGMATA","22222222","PPSA02530","PS5","Нет","2.579,00 TL","Standard Edition: 2.579,00 TL; Deluxe Edition: 2.999,00 TL","Да","Да","","https://store.playstation.com/en-tr/concept/10002075","2026-04-16","Action","PEGI_16"
"82","Call of Duty: Black Ops","22222222","PPSA34501","PS4, PS5","Нет","1.600,00 TL","","Да","Да","","https://store.playstation.com/en-tr/concept/10017657","2026-07-09","Shooter","PEGI_18"
"69","Call of Duty: Black Ops II","22222222","PPSA34502","PS4, PS5","Нет","1.600,00 TL","","Да","Да","","https://store.playstation.com/en-tr/concept/10017658","2026-07-09","Shooter","PEGI_18"
"9","Forza Horizon 5","22222222","PPSA22327","PS5","Нет","1.541,00 TL","Standard Edition: 1.541,00 TL; Deluxe Edition: 2.055,00 TL; Premium Edition: 2.570,00 TL","Нет","Да","","https://store.playstation.com/en-tr/concept/10010647","2025-04-28","Driving/Racing","PEGI_3"
"141","Resident Evil 4","22222222","PPSA07412","PS4, PS5","Нет","1.399,00 TL","Standard Edition: 1.399,00 TL; Gold Edition: 1.749,00 TL; Remake Trilogy: 2.999,00 TL","Да","Да","","https://store.playstation.com/en-tr/concept/10004473","2023-03-23","Horror","PEGI_18"
"250","DEATH STRANDING 2: ON THE BEACH","22222222","PPSA02015","PS5","Нет","3.449,00 TL","Digital Deluxe Edition: 3.849,00 TL","Да","Да","","https://store.playstation.com/en-tr/concept/10001538","2025-06-25","Action","PEGI_18"
"35","REANIMAL","22222222","PPSA23372","PS5","Нет","1.749,00 TL","Digital Deluxe Edition: 2.579,00 TL","Да","Да","","https://store.playstation.com/en-tr/concept/10010999","2026-02-13","Horror","PEGI_18"
"204","No Man's Sky","22222222","PPSA01412","PS4, PS5","Нет","1.249,00 TL","","Нет","Да","","https://store.playstation.com/en-tr/concept/216600","2020-11-11","Unique","PEGI_12"
"121","Dying Light: The Beast","22222222","PPSA24003","PS5","Нет","2.799,00 TL","Dying Light: The Beast: 2.799,00 TL; Deluxe Edition: 3.249,00 TL; Definitive Edition: 3.849,00 TL","Нет","Да","","https://store.playstation.com/en-tr/concept/10011468","2025-09-18","Action","PEGI_18"
"132","Sea of Thieves","22222222","PPSA17668","PS5","Нет","999,00 TL","Standard Edition: 999,00 TL; 2026 Deluxe Edition: 1.249,00 TL; 2026 Premium Edition: 1.499,00 TL","Нет","Да","","https://store.playstation.com/en-tr/concept/10008884","2024-04-30","Adventure","PEGI_12"
"382","Directive 8020","22222222","PPSA16384","PS5","Нет","2.149,00 TL","Digital Deluxe Edition: 2.579,00 TL","Нет","Да","","https://store.playstation.com/en-tr/concept/10008357","2026-05-12","Horror","PEGI_18"
"203","Echoes of Aincrad","22222222","PPSA22969","PS5","Нет","2.999,00 TL","Standard Edition: 2.999,00 TL; Deluxe Edition: 3.849,00 TL; Ultimate Edition: 4.749,00 TL","Нет","Да","","https://store.playstation.com/en-tr/concept/10010956","2026-07-09","Action","PEGI_12"
"707","DRAGON BALL XENOVERSE 2","22222222","PPSA08586","PS4, PS5","Нет","699,00 TL","Standard Edition: 699,00 TL; Dragon Ball Xenoverse 1 and 2 Bundle: 654,33 TL; Special Edition: 1.749,00 TL; Deluxe Edition: 1.399,00 TL","Нет","Да","","https://store.playstation.com/en-tr/concept/217012","2024-05-23","Fighting","PEGI_12"
"419","NARUTO TO BORUTO: SHINOBI STRIKER","22222222","CUSA08767","PS4","Нет","1.049,00 TL","Ultimate Edition: 4.949,00 TL; NARUTO TO BORUTO: SHINOBI STRIKER Deluxe Edition: 1.949,00 TL","Нет","Да","","https://store.playstation.com/en-tr/concept/227447","2018-08-30","Action","PEGI_12"
"282","Sonic Racing: CrossWorlds","22222222","PPSA08804","PS4, PS5","Нет","2.499,00 TL","Standard Edition: 2.499,00 TL; Digital Deluxe Edition: 3.149,00 TL","Нет","Да","","https://store.playstation.com/en-tr/concept/10005570","2025-09-25","Driving/Racing","PEGI_3"
"832","Dead Island 2","22222222","PPSA03099","PS4, PS5","Нет","1.749,00 TL","Ultimate Edition: 2.499,00 TL; Series Bundle: 769,80 TL","Нет","Да","PS Plus Extra","https://store.playstation.com/en-tr/concept/201061","2023-04-20","Adventure","PEGI_18"
"171","Call of Duty: Modern Warfare","22222222","CUSA15277","PS4","Нет","2.159,99 TL","","Нет","Нет","","https://store.playstation.com/en-tr/concept/229182","2019-10-24","Shooter","PEGI_18"
"60","Call of Duty: WWII","22222222","CUSA08630","PS4","Нет","254,00 TL","Call of Duty®: WWII - Gold Edition: 254,00 TL; Call of Duty®: WWII - Digital Deluxe Edition: 1.102,15 TL","Нет","Нет","","https://store.playstation.com/en-tr/concept/227115","2018-05-07","Shooter","PEGI_18"
"286","Crash Bandicoot N. Sane Trilogy","22222222","CUSA07399","PS4","Нет","1.749,00 TL","","Нет","Нет","","https://store.playstation.com/en-tr/concept/227649","2017-06-29","Action","PEGI_7"
"415","Crash Bandicoot 4: It’s About Time","22222222","PPSA02433","PS4, PS5","Нет","2.299,00 TL","Crash Bandicoot™ 4: It’s About Time: 2.299,00 TL; Crash Bandicoot™ - Quadrilogy Bundle: 769,00 TL; Crash Bandicoot™ - Crashiversary Bundle: 999,00 TL","Нет","Да","","https://store.playstation.com/en-tr/concept/10000264","2021-03-12","Action","PEGI_12"
"416","RESIDENT EVIL 3","22222222","PPSA03953","PS4, PS5","Нет","1.399,00 TL","Standard Edition: 1.399,00 TL; Raccoon City Edition: 2.099,00 TL","Нет","Да","PS Plus","https://store.playstation.com/en-tr/concept/233069","2022-06-13","Adventure","PEGI_18"
"239","RESIDENT EVIL 7 biohazard","22222222","PPSA04401","PS4, PS5","Нет","699,00 TL","Standard Edition: 699,00 TL; Gold Edition: 1.399,00 TL","Нет","Да","","https://store.playstation.com/en-tr/concept/220037","2022-06-13","Action","PEGI_18"
"130","Avatar: Frontiers of Pandora","22222222","PPSA07497","PS5","Нет","1.049,00 TL","From The Ashes Edition: 1.399,00 TL; Complete Edition: 2.099,00 TL","Нет","Да","PS Plus Extra","https://store.playstation.com/en-tr/concept/235179","2023-12-06","Unique","PEGI_16"
"198","Nioh 3","22222222","PPSA32785","PS5","Нет","3.449,00 TL","Standard Edition: 3.449,00 TL; Digital Deluxe Edition: 5.149,00 TL","Нет","Да","","https://store.playstation.com/en-tr/concept/10014010","2026-02-05","Role Playing Games","PEGI_18"
"482","Monster Hunter Wilds","22222222","PPSA07862","PS5","Нет","1.749,00 TL","Standard Edition: 1.749,00 TL; Gold Edition: 3.449,00 TL","Да","Да","","https://store.playstation.com/en-tr/concept/10005176","2025-02-27","Action","PEGI_16"
"583","DARK SOULS III","22222222","CUSA03365","PS4","Нет","3.249,00 TL","DARK SOULS™ III - Deluxe Edition: 4.499,00 TL; DARK SOULS™ III: 3.249,00 TL","Нет","Да","","https://store.playstation.com/en-tr/concept/201190","2016-04-11","Action","PEGI_16"
"583","DARK SOULS III","22222222","CUSA03365","PS4","Нет","3.249,00 TL","DARK SOULS™ III - Deluxe Edition: 4.499,00 TL; DARK SOULS™ III: 3.249,00 TL","Нет","Да","","https://store.playstation.com/en-tr/concept/201190","2016-04-11","Action","PEGI_16"
"467","RESIDENT EVIL 5","22222222","CUSA04284","PS4","Нет","699,00 TL","","Нет","Нет","","https://store.playstation.com/en-tr/concept/232115","2016-06-27","Horror","PEGI_18"
"431","ONE PIECE: PIRATE WARRIORS 4","22222222","PPSA27502","PS4, PS5","Нет","1.749,00 TL","Standard Edition: 1.749,00 TL; Ultimate Edition: 3.849,00 TL; Legendary Edition: 4.749,00 TL","Нет","Да","","https://store.playstation.com/en-tr/concept/234628","2025-11-20","Adventure","PEGI_12"
"586","Tainted Grail: The Fall of Avalon","22222222","PPSA19411","PS5","Нет","1.575,00 TL","Standard Edition: 1.575,00 TL; Excalibur Edition: 2.349,00 TL; Adventure Pack: 2.149,00 TL","Нет","Да","","https://store.playstation.com/en-tr/concept/10009530","2025-05-23","Role Playing Games","PEGI_18"
"701","Resident Evil 6","22222222","CUSA03840","PS4","Нет","699,00 TL","Resident Evil Triple Pack: 1.749,00 TL; Resident Evil 6: 699,00 TL","Нет","Да","","https://store.playstation.com/en-tr/concept/232116","2016-03-28","Shooter","PEGI_18"
"97","Call of Duty: Black Ops 4","22222222","CUSA12443","PS4","Нет","469,00 TL","Call of Duty®: Black Ops 4 - Digital Deluxe: 234,15 TL; Call of Duty®: Black Ops 4: 469,00 TL","Нет","Нет","","https://store.playstation.com/en-tr/concept/232300","2019-05-01","Shooter","PEGI_18"
"192","LEGO Marvel Super Heroes","22222222","CUSA00044","PS4","Нет","1.399,00 TL","LEGO® Marvel™ Super Heroes: 1.399,00 TL","Нет","Да","","https://store.playstation.com/en-tr/concept/202493","2013-11-28","Action","PEGI_7"
"366","Cairn","22222222","PPSA28769","PS5","Нет","1.299,00 TL","Standard Edition: 1.299,00 TL; Cairn - Deluxe Edition: 1.590,00 TL","Нет","Да","","https://store.playstation.com/en-tr/concept/10014085","2026-01-29","Sport","PEGI_16"
"206","The Walking Dead: The Telltale Definitive Series","22222222","CUSA16506","PS4","Нет","1.749,00 TL","","Нет","Да","","https://store.playstation.com/en-tr/concept/234566","2019-09-09","Adventure","PEGI_18"
"193","Metro Exodus","22222222","PPSA01749","PS4, PS5","Нет","1.049,00 TL","Standard Edition: 1.049,00 TL; Gold Edition: 1.399,00 TL; Metro Saga Bundle: 2.099,00 TL","Да","Да","","https://store.playstation.com/en-tr/concept/231769","2021-06-17","Shooter","PEGI_18"
"318","BLEACH Rebirth of Souls","22222222","PPSA03579","PS4, PS5","Нет","2.499,00 TL","Standard Edition: 2.499,00 TL; Deluxe Edition: 3.399,00 TL; Ultimate Edition: 3.899,00 TL","Нет","Да","","https://store.playstation.com/en-tr/concept/10001710","2025-03-20","Fighting","PEGI_12"
"356","Atomfall","22222222","PPSA15493","PS4, PS5","Нет","2.099,00 TL","Standard: 2.099,00 TL; Atomfall Deluxe Edition: 2.099,25 TL; Atomfall Complete Edition: 3.849,00 TL","Нет","Да","","https://store.playstation.com/en-tr/concept/10007896","2025-03-27","Adventure","PEGI_18"
"1053","Solarpunk","22222222","PPSA27103","PS5","Нет","1.138,81 TL","","Нет","Да","","https://store.playstation.com/en-tr/concept/10013019","2026-06-08","Simulation","PEGI_3"
"320","The Alters","22222222","PPSA16033","PS5","Нет","1.499,00 TL","Standard Edition: 1.499,00 TL; Deluxe Edition: 1.289,40 TL","Нет","Да","","https://store.playstation.com/en-tr/concept/10008217","2025-06-13","Adventure","PEGI_16"
"682","DRAGON QUEST VII Reimagined","22222222","PPSA17942","PS5","Нет","2.999,00 TL","DRAGON QUEST VII Reimagined: 2.999,00 TL; Digital Deluxe Edition: 3.649,00 TL","Нет","Нет","","https://store.playstation.com/en-tr/concept/10008842","2026-02-04","Role Playing Games","PEGI_12"
"236","Demon Slayer -Kimetsu no Yaiba- The Hinokami Chronicles 2","22222222","PPSA25427","PS4, PS5","Нет","2.579,00 TL","Standard Edition: 2.579,00 TL; Deluxe Edition: 2.999,00 TL","Нет","Нет","","https://store.playstation.com/en-tr/concept/10008540","2025-08-05","Action","PEGI_16"
"631","MY HERO ACADEMIA: All’s Justice","22222222","PPSA26174","PS5","Нет","2.999,00 TL","Standard Edition: 2.999,00 TL; Deluxe Edition: 3.849,00 TL; Ultimate Edition: 4.749,00 TL","Нет","Нет","","https://store.playstation.com/en-tr/concept/10012661","2026-02-05","Action","PEGI_12"
"363","Yakuza Kiwami 3 & Dark Ties","22222222","PPSA30223","PS4, PS5","Нет","2.579,00 TL","Standard Edition: 2.579,00 TL; Deluxe Edition: 2.111,85 TL","Нет","Да","","https://store.playstation.com/en-tr/concept/10015219","2026-02-11","Adventure","PEGI_18"
"935","Hello Neighbor Hide and Seek","22222222","CUSA13970","PS4","Нет","1.199,00 TL","Hello Neighbor Hide and Seek: 1.199,00 TL; Hello Neighbor Bundle: 2.099,00 TL","Нет","Да","","https://store.playstation.com/en-tr/concept/232953","2018-12-06","Horror","PEGI_12"
"341","JoJo's Bizarre Adventure: All-Star Battle R","22222222","PPSA04323","PS4, PS5","Нет","1.749,00 TL","Standard Edition: 1.749,00 TL; Deluxe Edition: 2.499,00 TL; Ultimate Edition: 3.249,00 TL","Нет","Нет","","https://store.playstation.com/en-tr/concept/10001302","2022-09-01","Action","PEGI_12"
"272","Mafia II","22222222","CUSA17761","PS4","Нет","1.159,00 TL","","Да","Да","","https://store.playstation.com/en-tr/concept/234770","2020-05-18","Adventure","PEGI_18"
"330","Far Cry Primal","22222222","CUSA03309","PS4","Нет","1.399,00 TL","Apex Edition: 1.199,00 TL","Нет","Нет","PS Plus Extra","https://store.playstation.com/en-tr/concept/201634","2016-02-22","Adventure","PEGI_18"
"330","Far Cry Primal","22222222","CUSA03309","PS4","Нет","1.399,00 TL","Apex Edition: 1.199,00 TL","Нет","Нет","PS Plus Extra","https://store.playstation.com/en-tr/concept/201634","2016-02-22","Adventure","PEGI_18"
"633","Risk of Rain 2","22222222","PPSA06517","PS4, PS5","Нет","879,00 TL","Risk of Rain 2: 879,00 TL; ROR2 + SOTV + SOTS + AC: 1.074,50 TL","Нет","Да","","https://store.playstation.com/en-tr/concept/234386","2024-08-27","Action","PEGI_12"
"749","NEW MONOPOLY","22222222","PPSA17419","PS4, PS5","Нет","1.049,00 TL","","Нет","Да","PS Plus Extra","https://store.playstation.com/en-tr/concept/10008585","2024-09-25","Party","PEGI_3"
"2574","Vampire Crawlers: The Turbo Wildcard from Vampire Survivors","22222222","PPSA30703","PS5","Нет","193,00 TL","","Нет","Да","","https://store.playstation.com/en-tr/concept/10015481","2026-04-21","Strategy","PEGI_7"
"625","Sniper Ghost Warrior Contracts 2","22222222","PPSA03131","PS4, PS5","Нет","1.399,00 TL","Standard Edition: 1.399,00 TL; SGWC1 & SGWC2 Double Pack: 2.099,00 TL; Premium Edition: 1.749,00 TL; SGWC1 & SGWC2 Double Pack: 2.099,00 TL; Complete Edition: 2.099,00 TL","Нет","Да","","https://store.playstation.com/en-tr/concept/10000888","2021-06-03","Shooter","PEGI_18"
"388","DRAGON BALL FighterZ","22222222","PPSA09789","PS4, PS5","Нет","2.499,00 TL","DRAGON BALL FighterZ PS4 & PS5: 2.499,00 TL; Legendary Edition: 1.287,25 TL; FighterZ Edition: 3.499,00 TL","Нет","Нет","","https://store.playstation.com/en-tr/concept/228726","2024-02-28","Fighting","PEGI_12"
"240","Moving Out 2","22222222","PPSA08206","PS4, PS5","Нет","1.049,00 TL","Moving Out 2: 1.049,00 TL; Moving Out + Moving Out 2 Bundle: 1.575,00 TL; Moving Out 2 - Deluxe Edition: 1.149,00 TL","Нет","Да","","https://store.playstation.com/en-tr/concept/10005309","2023-08-14","Strategy","PEGI_3"
"429","Diablo III","22222222","CUSA00433","PS4","Нет","304,07 TL","","Нет","Нет","","https://store.playstation.com/en-tr/concept/200914","2017-06-26","Role Playing Games","PEGI_16"
"433","Hellblade: Senua’s Sacrifice","22222222","PPSA27581","PS5","Нет","899,00 TL","Standard Edition: 899,00 TL; Hellblade: Senua’s Sacrifice: 1.299,00 TL","Нет","Да","","https://store.playstation.com/en-tr/concept/10013503","2025-08-12","Adventure","PEGI_18"
"581","Undertale","22222222","CUSA09415","PS4","Нет","525,00 TL","Undertale: 525,00 TL","Нет","Нет","","https://store.playstation.com/en-tr/concept/228887","2017-08-14","Role Playing Games","PEGI_12"
"376","Just Cause 4: Reloaded","22222222","CUSA09264","PS4","Нет","1.399,00 TL","Just Cause 4: Reloaded: 1.399,00 TL; Just Cause 4 - Gold Edition: 2.099,00 TL; Just Cause 4 - Complete Edition: 2.499,00 TL","Нет","Нет","","https://store.playstation.com/en-tr/concept/229133","2019-11-06","Action","PEGI_18"
"2011","MONSTER HUNTER: WORLD","22222222","CUSA07708","PS4","Нет","849,00 TL","Monster Hunter: World: 849,00 TL; Master Edition: 1.749,00 TL; Master Edition DDX: 1.749,00 TL","Нет","Да","","https://store.playstation.com/en-tr/concept/228785","2018-01-25","Action","PEGI_16"
"297","Truck Simulator 25: Euro Driver","22222222","CUSA51951","PS4","Нет","525,00 TL","","Нет","Нет","","https://store.playstation.com/en-tr/concept/10013081","2025-05-05","Driving/Racing","PEGI_3"
"255","Call of Duty: Infinite Warfare","22222222","CUSA05282","PS4","Да","2.499,00 TL","Call of Duty®: Infinite Warfare - Legacy Edition: 1.259,60 TL; Call of Duty®: Infinite Warfare - Digital Deluxe: 1.364,65 TL; Call of Duty®: Infinite Warfare: 2.499,00 TL","Нет","Нет","","https://store.playstation.com/en-tr/concept/221672","2016-11-02","Shooter","PEGI_18"
"1364","FINAL FANTASY XII THE ZODIAC AGE","22222222","CUSA05531","PS4","Нет","1.749,00 TL","","Нет","Нет","","https://store.playstation.com/en-tr/concept/228209","2017-07-17","Role Playing Games","PEGI_16"
"2296","Resident Evil Code: Veronica X","22222222","CUSA07343","PS4","Нет","525,00 TL","","Нет","Нет","","https://store.playstation.com/en-tr/concept/232117","2017-05-09","Horror","PEGI_16"
"774","DARK SOULS II: Scholar of the First Sin","22222222","CUSA01589","PS4","Нет","1.299,00 TL","","Нет","Да","","https://store.playstation.com/en-tr/concept/226237","2015-04-01","Adventure","PEGI_16"
"1532","resident evil 4 (2005)","22222222","CUSA04704","PS4","Нет","699,00 TL","","Нет","Нет","","https://store.playstation.com/en-tr/concept/232114","2016-08-29","Horror","PEGI_18"
"417","Arizona Sunshine VR 2","22222222","PPSA17011","PS5","Нет","1.399,00 TL","Arizona Sunshine® VR - Freddy's Bundle: 1.749,00 TL; Deluxe Edition: 1.749,00 TL","Нет","Нет","","https://store.playstation.com/en-tr/concept/10008622","2023-12-05","Action","PEGI_18"
"2529","Watch_Dogs","22222222","CUSA00016","PS4","Нет","849,00 TL","WATCH_DOGS™ COMPLETE EDITION: 1.299,00 TL","Да","Да","PS Plus Extra","https://store.playstation.com/en-tr/concept/205264","2014-08-26","Adventure","PEGI_18"
"2529","Watch_Dogs","22222222","CUSA00016","PS4","Нет","849,00 TL","WATCH_DOGS™ COMPLETE EDITION: 1.299,00 TL","Да","Да","PS Plus Extra","https://store.playstation.com/en-tr/concept/205264","2014-08-26","Adventure","PEGI_18"
"607","Alien: Isolation","22222222","CUSA00362","PS4","Нет","1.199,00 TL","Alien: Isolation - The Collection: 1.949,00 TL; Alien: Isolation: 1.199,00 TL","Да","Да","","https://store.playstation.com/en-tr/concept/200213","2014-10-06","Horror","PEGI_18"
"1264","DRAGON QUEST XI S: Echoes of an Elusive Age","22222222","CUSA19120","PS4","Нет","879,00 TL","DRAGON QUEST XI S: Echoes of an Elusive Age – Definitive Edition: 879,00 TL","Нет","Нет","","https://store.playstation.com/en-tr/concept/235335","2020-12-03","Role Playing Games","PEGI_12"
"451","The Dark Pictures Anthology: Little Hope","22222222","PPSA06487","PS4, PS5","Нет","699,00 TL","","Да","Да","","https://store.playstation.com/en-tr/concept/235232","2022-09-27","Adventure","PEGI_18"
"675","Road 96","22222222","PPSA05592","PS4, PS5","Нет","849,00 TL","","Нет","Да","","https://store.playstation.com/en-tr/concept/10003593","2022-04-13","Adventure","PEGI_16"
"2429","RESIDENT EVIL REVELATIONS","22222222","CUSA06212","PS4","Нет","699,00 TL","Resident Evil Revelations 1 & 2 Bundle: 1.049,00 TL; RESIDENT EVIL REVELATIONS: 699,00 TL","Нет","Да","","https://store.playstation.com/en-tr/concept/232118","2017-08-28","Horror","PEGI_16"
"604","NieR Replicant ver.1.22474487139…","22222222","CUSA18742","PS4","Нет","398,99 TL","","Нет","Нет","","https://store.playstation.com/en-tr/concept/10000272","2021-04-22","Role Playing Games","PEGI_18"
"495","Gas Station Simulator","22222222","PPSA29133","PS5","Нет","949,00 TL","Gas Station Simulator, Airstrip DLC and Can Touch This DLC Bundle: 1.160,00 TL; Gas Station Simulator and Party Time DLC Bundle: 949,00 TL; Gas Station Simulator and Junkyard DLC Bundle: 714,45 TL; Gas Station Simulator and Can Touch This DLC Bundle: 1.031,00 TL; Gas Station Simulator and Airstrip DLC Bundle: 593,45 TL; Gas Station Simulator: 949,00 TL; Paradise Pack 4 in 1: 584,55 TL; Gas Station Simulator: Airstrip DLC + Tidal Wave DLC Bundle: 270,45 TL; Gas Station Simulator, Airstrip DLC and Can Touch This DLC Bundle: 875,00 TL; Gas Station Simulator and Party Time DLC Bundle: 314,55 TL; Gas Station Simulator and Junkyard DLC Bundle: 638,00 TL; Gas Station Simulator and Can Touch This DLC Bundle: 294,00 TL; Gas Station Simulator and Airstrip DLC Bundle: 335,60 TL; Gas Station Simulator: 699,00 TL; GSS Ultimate Pack 5 in 1: 1.299,00 TL","Нет","Да","","https://store.playstation.com/en-tr/concept/10004337","2026-04-09","Simulation","PEGI_12"
"506","Just Cause 3","22222222","CUSA02747","PS4","Нет","699,00 TL","Just Cause 3: XXL Edition: 27,25 TL; Just Cause 3: 699,00 TL","Нет","Нет","","https://store.playstation.com/en-tr/concept/202209","2015-11-30","Action","PEGI_18"
"1133","Blasphemous","22222222","CUSA16261","PS4","Нет","875,00 TL","","Нет","Да","","https://store.playstation.com/en-tr/concept/234422","2019-09-09","Action","PEGI_16"
"751","PAYDAY 2","22222222","CUSA50542","PS4","Нет","699,00 TL","","Нет","Нет","","https://store.playstation.com/en-tr/concept/231035","2024-09-30","Shooter","PEGI_18"
"287","Assetto Corsa","22222222","CUSA11487","PS4","Нет","1.399,00 TL","Assetto Corsa Ultimate Edition: 1.399,00 TL; Assetto Corsa: 1.049,00 TL","Нет","Да","","https://store.playstation.com/en-tr/concept/205920","2018-04-19","Driving/Racing","PEGI_3"
"2237","FINAL FANTASY VIII","22222222","CUSA08751","PS4","Нет","699,00 TL","","Нет","Нет","","https://store.playstation.com/en-tr/concept/229480","2019-09-02","Role Playing Games","PEGI_16"
"698","Outward","22222222","PPSA03797","PS4, PS5","Нет","1.599,00 TL","Outward Definitive Edition: 1.599,00 TL; Outward: The Adventurer Bundle: 1.399,00 TL","Нет","Да","","https://store.playstation.com/en-tr/concept/231374","2022-05-17","Role Playing Games","PEGI_12"
"1377","Forever Skies","22222222","PPSA07867","PS5","Нет","1.229,00 TL","Standard Edition: 1.229,00 TL; Help The Planet Bundle: 1.590,00 TL; Deluxe Edition: 1.399,00 TL; Enhanced Edition: 817,00 TL","Нет","Да","","https://store.playstation.com/en-tr/concept/10004499","2025-04-14","Simulator","PEGI_12"
"809","South Park: The Fractured but Whole","22222222","CUSA04323","PS4","Нет","1.049,00 TL","Bundle: South Park™ : The Stick of Truth™ + The Fractured but Whole™: 2.099,00 TL","Нет","Нет","PS Plus Extra","https://store.playstation.com/en-tr/concept/216489","2018-01-31","Role Playing Games","PEGI_18"
"809","South Park: The Fractured but Whole","22222222","CUSA04323","PS4","Нет","1.049,00 TL","Bundle: South Park™ : The Stick of Truth™ + The Fractured but Whole™: 2.099,00 TL","Нет","Нет","PS Plus Extra","https://store.playstation.com/en-tr/concept/216489","2018-01-31","Role Playing Games","PEGI_18"
"269","Plants vs. Zombies: Battle for Neighborville","22222222","CUSA10852","PS4","Нет","720,00 TL","Plants vs. Zombies: Battle for Neighborville™ Deluxe Edition: 1.080,00 TL; Plants vs. Zombies: Battle for Neighborville™: 720,00 TL; EA SPEED & SEED BUNDLE: 427,12 TL","Нет","Да","EA Access","https://store.playstation.com/en-tr/concept/234658","2019-10-17","Shooter","PEGI_7"
"1136","Formula Legends","22222222","PPSA26394","PS5","Нет","849,00 TL","Formula Legends – Formula E: 949,00 TL; Formula Legends Deluxe: 1.749,00 TL; Formula Legends: 849,00 TL; Formula Legends – Formula E: 949,00 TL; Formula Legends Deluxe: 1.749,00 TL; Formula Legends: 849,00 TL","Нет","Нет","","https://store.playstation.com/en-tr/concept/10012804","2025-09-18","Driving/Racing","PEGI_3"
"1677","Resident Evil 3 Nemesis","22222222","PPSA07815","PS4, PS5","Нет","429,00 TL","","Нет","Нет","","https://store.playstation.com/en-tr/concept/10005151","2025-08-19","Horror","PEGI_18"
"2018","MXGP 24: The Official Game","22222222","PPSA22981","PS5","Нет","2.099,00 TL","Standard Edition: 2.099,00 TL; Fox Holeshot Edition: 2.499,00 TL","Нет","Да","","https://store.playstation.com/en-tr/concept/10010833","2024-11-28","Driving/Racing","PEGI_3"
"652","LEGO The Incredibles","22222222","CUSA09897","PS4","Нет","2.099,00 TL","","Нет","Да","","https://store.playstation.com/en-tr/concept/229812","2018-06-14","Adventure","PEGI_7"
"1863","Bloons TD 6","22222222","CUSA29954","PS4","Нет","749,00 TL","","Нет","Да","","https://store.playstation.com/en-tr/concept/10000502","2024-07-31","Strategy","PEGI_3"
"1031","Berserk and the Band of the Hawk","22222222","CUSA07406","PS4","Нет","2.099,00 TL","","Нет","Нет","","https://store.playstation.com/en-tr/concept/227092","2017-03-24","Action","PEGI_18"
"515","The Evil Within","22222222","CUSA00375","PS4","Нет","699,00 TL","","Нет","Да","","https://store.playstation.com/en-tr/concept/204572","2014-12-16","Horror","PEGI_18"
"989","FAIRY TAIL 2","22222222","PPSA24062","PS4, PS5","Нет","2.499,00 TL","FAIRY TAIL 2 (PS4 & PS5): 2.499,00 TL; Digital Deluxe: 2.999,00 TL; Ultimate Edition: 4.599,00 TL","Нет","Нет","","https://store.playstation.com/en-tr/concept/10011532","2024-12-12","Role Playing Games","PEGI_12"
"740","Moving Out","22222222","CUSA17675","PS4","Нет","879,00 TL","Moving Out: 879,00 TL; Deluxe Edition: 1.049,00 TL","Нет","Да","","https://store.playstation.com/en-tr/concept/235065","2020-05-11","Unique","PEGI_3"
"455","Atelier Yumia: The Alchemist of Memories & the Envisioned Land","22222222","PPSA25468","PS4, PS5","Нет","2.499,00 TL","Standard Edition PS4/PS5: 2.499,00 TL; Standard Edition PS4: 2.099,00 TL; Digital Deluxe PS4/PS5: 2.799,00 TL; Digital Deluxe PS4: 2.499,00 TL; Ultimate Edition PS4/PS5: 4.199,00 TL; Ultimate Edition PS4: 3.899,00 TL","Нет","Да","","https://store.playstation.com/en-tr/concept/10012240","2025-03-20","Role Playing Games","PEGI_12"
"455","Atelier Yumia: The Alchemist of Memories & the Envisioned Land","22222222","PPSA25468","PS4, PS5","Нет","2.499,00 TL","Standard Edition PS4/PS5: 2.499,00 TL; Standard Edition PS4: 2.099,00 TL; Digital Deluxe PS4/PS5: 2.799,00 TL; Digital Deluxe PS4: 2.499,00 TL; Ultimate Edition PS4/PS5: 4.199,00 TL; Ultimate Edition PS4: 3.899,00 TL","Нет","Да","","https://store.playstation.com/en-tr/concept/10012240","2025-03-20","Role Playing Games","PEGI_12"
"618","Goat Simulator","22222222","CUSA02779","PS4","Нет","349,00 TL","Goat Simulator: The GOATY: 839,00 TL; Goat Simulator: 349,00 TL","Нет","Да","","https://store.playstation.com/en-tr/concept/201723","2015-08-11","Simulation","PEGI_12"
"2347","TT Isle Of Man: Ride on the Edge 3","22222222","PPSA08810","PS4, PS5","Нет","2.099,00 TL","TT Isle Of Man 3 - Racing Fan Edition: 2.499,00 TL","Нет","Да","","https://store.playstation.com/en-tr/concept/10005573","2023-05-11","Driving/Racing","PEGI_3"
"1383","TUNIC","22222222","PPSA03055","PS4, PS5","Нет","1.299,00 TL","","Нет","Да","","https://store.playstation.com/en-tr/concept/10002475","2022-09-27","Action","PEGI_7"
"736","Evil West","22222222","PPSA02371","PS4, PS5","Нет","2.799,00 TL","","Нет","Да","","https://store.playstation.com/en-tr/concept/10001902","2022-11-21","Shooter","PEGI_18"
"7567","inKONBINI: One Store. Many Stories","22222222","PPSA24262","PS4, PS5","Нет","1.079,00 TL","Digital Deluxe Edition: 1.160,00 TL","Нет","Да","","https://store.playstation.com/en-tr/concept/10011644","2026-04-30","Casual","PEGI_3"
"1037","MARVEL vs. CAPCOM Fighting Collection: Arcade Classics","22222222","CUSA46747","PS4","Нет","1.749,00 TL","","Нет","Да","","https://store.playstation.com/en-tr/concept/10009938","2024-09-11","Action","PEGI_16"
"1010","Smalland: Survive the Wilds","22222222","PPSA17372","PS5","Нет","1.199,00 TL","","Нет","Да","","https://store.playstation.com/en-tr/concept/10008767","2024-02-15","Adventure","PEGI_12"
"505","Metro 2033 Redux","22222222","CUSA00591","PS4","Нет","699,00 TL","","Да","Да","","https://store.playstation.com/en-tr/concept/202807","2015-06-01","Shooter","PEGI_18"
"5954","Dead Rising Deluxe Remaster","22222222","PPSA18301","PS5","Нет","2.149,00 TL","Standard: 2.149,00 TL; Digital Deluxe: 2.099,00 TL","Да","Да","","https://store.playstation.com/en-tr/concept/10009074","2024-09-18","Action","PEGI_18"
"4951","Beyond Good & Evil 20th","22222222","PPSA08706","PS4, PS5","Нет","699,00 TL","","Нет","Да","","https://store.playstation.com/en-tr/concept/10004727","2024-06-24","Adventure","PEGI_12"
"1543","Doki Doki Literature Club Plus!","22222222","PPSA03733","PS4, PS5","Нет","537,00 TL","","Нет","Да","","https://store.playstation.com/en-tr/concept/10002895","2021-06-30","Adventure","PEGI_18"
"708","Dishonored","22222222","CUSA02230","PS4","Нет","699,00 TL","","Нет","Да","","https://store.playstation.com/en-tr/concept/228538","2015-08-26","Action","PEGI_18"
"1263","South Park: The Stick of Truth","22222222","CUSA04695","PS4","Нет","1.399,00 TL","","Нет","Да","PS Plus Extra","https://store.playstation.com/en-tr/concept/204162","2018-02-12","Role Playing Games","PEGI_18"
"1204","The Jackbox Party Pack 3","22222222","CUSA06236","PS4","Нет","945,00 TL","","Нет","Нет","","https://store.playstation.com/en-tr/concept/222886","2016-10-18","Party","PEGI_12"
"1147","Generation Zero","22222222","CUSA14212","PS4","Нет","1.049,00 TL","Generation Zero® - Ultimate Bundle: 3.149,00 TL; Generation Zero® - Story Bundle: 1.229,00 TL; Generation Zero®: 1.049,00 TL","Нет","Да","","https://store.playstation.com/en-tr/concept/231068","2019-03-25","Action","PEGI_12"
"714","Like a Dragon: Ishin!","22222222","PPSA06455","PS4, PS5","Нет","3.149,00 TL","Standard: 3.149,00 TL; Digital Deluxe: 779,80 TL","Нет","Нет","","https://store.playstation.com/en-tr/concept/10004480","2023-02-21","Action","PEGI_18"
"1173","Tetris Effect: Connected","22222222","PPSA07959","PS5","Нет","1.399,00 TL","Tetris® Effect: Connected: 1.399,00 TL","Нет","Нет","","https://store.playstation.com/en-tr/concept/232708","2023-02-21","Puzzle","PEGI_3"
"781","Trepang2","22222222","PPSA15349","PS5","Нет","1.199,00 TL","Trepang2: 1.199,00 TL; Digital Deluxe Edition: 179,75 TL","Нет","Да","","https://store.playstation.com/en-tr/concept/10007968","2023-10-01","Shooter","PEGI_18"
"2059","Killing Floor 3","22222222","PPSA08427","PS5","Нет","1.749,00 TL","Killing Floor 3: 1.749,00 TL; Deluxe Edition: 2.579,00 TL; Elite Nightfall Edition: 3.449,00 TL","Нет","Да","","https://store.playstation.com/en-tr/concept/10005321","2025-07-24","Shooter","PEGI_18"
"851","Aliens: Fireteam Elite","22222222","PPSA03544","PS4, PS5","Нет","1.049,00 TL","Standard: 1.049,00 TL; Ultimate Edition: 2.099,00 TL; Into The Hive Edition: 349,75 TL","Нет","Да","","https://store.playstation.com/en-tr/concept/10002794","2021-08-23","Action","PEGI_16"
"1161","STAR OCEAN THE SECOND STORY R","22222222","PPSA13716","PS4, PS5","Нет","499,00 TL","STAR OCEAN THE SECOND STORY R - PS4 & PS5: 499,00 TL","Нет","Нет","","https://store.playstation.com/en-tr/concept/10007308","2023-11-01","Role Playing Games","PEGI_12"
"1138","Sherlock Holmes The Awakened","22222222","PPSA08069","PS4, PS5","Нет","1.399,00 TL","Standard Edition PS5 & PS4: 1.399,00 TL; Sherlock Holmes: The Darkest Mysteries Bundle: 1.399,00 TL; Deluxe Edition PS5 & PS4: 1.749,00 TL","Нет","Нет","","https://store.playstation.com/en-tr/concept/10005262","2023-04-11","Horror","PEGI_16"
"1163","PROJECT ZERO: MAIDEN OF BLACK WATER","22222222","PPSA04333","PS4, PS5","Нет","1.399,00 TL","Standard Edition: 1.399,00 TL; Digital Deluxe Edition: 1.925,00 TL","Нет","Нет","","https://store.playstation.com/en-tr/concept/10003261","2021-10-27","Horror","PEGI_18"
"1407","Nioh","22222222","CUSA07123","PS4","Нет","699,00 TL","The Complete Edition: 459,00 TL; Nioh – Complete Edition: 1.749,00 TL","Нет","Да","PS Plus Extra","https://store.playstation.com/en-tr/concept/213861","2017-02-07","Action","PEGI_18"
"2054","13 Sentinels: Aegis Rim","22222222","CUSA19620","PS4","Нет","456,61 TL","","Нет","Нет","","https://store.playstation.com/en-tr/concept/233095","2020-09-21","Adventure","PEGI_12"
"2751","Gravity Rush","22222222","CUSA01113","PS4","Нет","1.299,00 TL","","Нет","Да","","https://store.playstation.com/en-tr/concept/226357","2016-02-02","Action","PEGI_12"
"1556","MY HERO ONE'S JUSTICE 2","22222222","CUSA16171","PS4","Нет","1.749,00 TL","Ultimate Edition: 3.449,00 TL; MY HERO ONE'S JUSTICE 2 Deluxe Edition: 2.099,00 TL; MY HERO ONE'S JUSTICE 2: 1.749,00 TL","Нет","Нет","","https://store.playstation.com/en-tr/concept/234276","2020-04-16","Fighting","PEGI_12"
"2056","Asterigos: Curse of the Stars","22222222","PPSA08194","PS4, PS5","Нет","1.229,00 TL","Deluxe Edition: 1.575,00 TL","Нет","Да","","https://store.playstation.com/en-tr/concept/10005233","2022-10-07","Role Playing Games","PEGI_12"
"739","Tales of Gracesf","22222222","PPSA19990","PS4, PS5","Нет","1.399,00 TL","Standard Edition: 1.399,00 TL; Deluxe Edition: 2.099,00 TL","Нет","Да","","https://store.playstation.com/en-tr/concept/10009737","2025-01-16","Role Playing Games","PEGI_12"
"1107","PROJECT ZERO: Mask of the Lunar Eclipse","22222222","PPSA10278","PS4, PS5","Нет","1.749,00 TL","Standard Edition: 1.749,00 TL; Digital Deluxe Edition: 2.275,00 TL","Нет","Нет","","https://store.playstation.com/en-tr/concept/10006174","2023-03-08","Horror","PEGI_16"
"3285","Rugby 22","22222222","PPSA04069","PS5","Нет","849,00 TL","Rugby 22: 849,00 TL; Rugby 22: 849,00 TL","Нет","Нет","","https://store.playstation.com/en-tr/concept/10003098","2022-01-27","Sport","PEGI_3"
"2504","Tennis World Tour 2","22222222","PPSA02019","PS5","Нет","1.749,00 TL","Ace Edition: 1.749,00 TL","Нет","Да","","https://store.playstation.com/en-tr/concept/10001023","2021-03-25","Sport","PEGI_3"
"1309","Portal Knights","22222222","CUSA06287","PS4","Нет","699,00 TL","Portal Knights - Legendary Edition: 629,40 TL","Нет","Да","","https://store.playstation.com/en-tr/concept/224933","2017-06-04","Role Playing Games","PEGI_7"
"1690","Journey To The Savage Planet: Employee Of The Month","22222222","PPSA10022","PS4, PS5","Нет","1.049,00 TL","","Нет","Да","","https://store.playstation.com/en-tr/concept/233179","2023-02-14","Action","PEGI_12"
"1267","Spiritfarer","22222222","CUSA20160","PS4","Нет","875,00 TL","","Нет","Да","","https://store.playstation.com/en-tr/concept/10000752","2020-08-17","Action","PEGI_12"
"1054","Haven","22222222","PPSA01562","PS4, PS5","Нет","875,00 TL","Haven: 875,00 TL; Haven - Deluxe Edition: 378,00 TL","Нет","Да","","https://store.playstation.com/en-tr/concept/10000983","2020-12-03","Role Playing Games","PEGI_12"
"1132","Ghostwire: Tokyo","22222222","PPSA03397","PS5","Нет","609,00 TL","Standard Edition: 609,00 TL; Deluxe Edition: 3.149,00 TL","Да","Да","","https://store.playstation.com/en-tr/concept/10000301","2022-03-24","Adventure","PEGI_12"
"1123","The Jackbox Party Pack 7","22222222","PPSA05036","PS4, PS5","Нет","1.049,00 TL","","Нет","Нет","","https://store.playstation.com/en-tr/concept/10000457","2021-11-24","Casual","PEGI_12"
"2245","Digimon World: Next Order","22222222","CUSA05392","PS4","Нет","2.099,00 TL","","Нет","Нет","","https://store.playstation.com/en-tr/concept/207297","2017-01-26","Adventure","PEGI_7"
"907","Ghostrunner","22222222","PPSA03685","PS4, PS5","Нет","1.049,00 TL","Ghostrunner: Complete Edition: 1.399,00 TL; Ghostrunner: 1.049,00 TL; Ghostrunner: 1.049,00 TL","Нет","Да","","https://store.playstation.com/en-tr/concept/10001291","2021-09-28","Action","PEGI_18"
"2231","We Were Here Too","22222222","PPSA31080","PS4, PS5","Нет","429,00 TL","","Нет","Да","","https://store.playstation.com/en-tr/concept/10001636","2025-10-06","Unique","PEGI_3"
"1127","NARUTO SHIPPUDEN: Ultimate Ninja STORM 3 Full Burst","22222222","CUSA07161","PS4","Нет","699,00 TL","","Нет","Да","","https://store.playstation.com/en-tr/concept/227172","2017-08-24","Fighting","PEGI_12"
"2017","Enter the Gungeon","22222222","CUSA01659","PS4","Нет","649,00 TL","Enter x Exit the Gungeon: 174,75 TL; Enter the Gungeon: 649,00 TL","Нет","Да","","https://store.playstation.com/en-tr/concept/216187","2016-04-04","Action","PEGI_12"
"1179","Shop & Stuff: Supermarket Simulator","22222222","PPSA34617","PS5","Нет","601,00 TL","","Нет","Нет","","https://store.playstation.com/en-tr/concept/10017733","2026-03-27","Casual","PEGI_12"
"5297","Capcom Fighting Collection 2","22222222","CUSA44576","PS4","Нет","1.749,00 TL","","Нет","Да","","https://store.playstation.com/en-tr/concept/10008958","2025-05-15","Fighting","PEGI_16"
"2389","Yu-Gi-Oh! Legacy of the Duelist","22222222","CUSA01618","PS4","Нет","849,00 TL","","Нет","Нет","","https://store.playstation.com/en-tr/concept/205441","2015-07-30","Puzzle","PEGI_3"
"1368","Architect Life: A House Design Simulator","22222222","PPSA22273","PS5","Нет","1.749,00 TL","Standard Edition: 1.749,00 TL; Life Sim: 4.299,00 TL; Home Deluxe Edition: 2.149,00 TL","Нет","Да","","https://store.playstation.com/en-tr/concept/10010668","2025-06-19","Simulation","PEGI_3"
"1513","Angry Birds VR: Isle of Pigs","22222222","PPSA17162","PS5","Нет","699,00 TL","","Нет","Нет","","https://store.playstation.com/en-tr/concept/10008009","2023-10-10","Casual","PEGI_3"
"5953","DEAD RISING 2","22222222","CUSA04672","PS4","Нет","699,00 TL","","Нет","Нет","","https://store.playstation.com/en-tr/concept/201112","2016-09-12","Action","PEGI_18"
"2045","Vanquish","22222222","CUSA16161","PS4","Нет","1.229,00 TL","","Нет","Нет","","https://store.playstation.com/en-tr/concept/235236","2020-02-17","Action","PEGI_18"
"2356","NARUTO: Ultimate Ninja STORM","22222222","CUSA07160","PS4","Нет","699,00 TL","","Нет","Нет","","https://store.playstation.com/en-tr/concept/203150","2017-08-24","Fighting","PEGI_12"
"835","Prey","22222222","CUSA06559","PS4","Нет","1.049,00 TL","Deluxe Edition: 1.399,00 TL","Да","Да","PS Plus Extra","https://store.playstation.com/en-tr/concept/224929","2017-05-04","Shooter","PEGI_18"
"2062","SOULCALIBUR Ⅵ","22222222","CUSA09884","PS4","Нет","2.499,00 TL","SOULCALIBUR Ⅵ Deluxe Edition: 3.499,00 TL; SOULCALIBUR Ⅵ: 2.499,00 TL","Нет","Да","","https://store.playstation.com/en-tr/concept/230019","2018-10-18","Fighting","PEGI_16"
"4936","Bendy and the Dark Revival","22222222","CUSA38355","PS4","Нет","849,00 TL","","Нет","Нет","","https://store.playstation.com/en-tr/concept/10006221","2023-02-28","Horror","PEGI_16"
"1951","MotoGP22","22222222","PPSA05760","PS4, PS5","Нет","1.299,00 TL","","Нет","Нет","","https://store.playstation.com/en-tr/concept/10004098","2022-04-20","Driving/Racing","PEGI_3"
"1760","Hollowbody","22222222","PPSA29912","PS5","Нет","687,00 TL","","Нет","Да","","https://store.playstation.com/en-tr/concept/10015028","2026-06-05","Horror","PEGI_16"
"2693","FINAL FANTASY TYPE-0 HD","22222222","CUSA00937","PS4","Нет","699,00 TL","","Нет","Нет","","https://store.playstation.com/en-tr/concept/221517","2015-05-20","Role Playing Games","PEGI_16"
"2175","Potion Craft: Alchemist Simulator","22222222","PPSA09609","PS4, PS5","Нет","699,00 TL","","Нет","Да","","https://store.playstation.com/en-tr/concept/10005918","2023-12-12","Casual","PEGI_3"
"2123","SpeedRunners","22222222","CUSA05560","PS4","Нет","349,00 TL","Deluxe Edition: 595,00 TL","Нет","Да","","https://store.playstation.com/en-tr/concept/221759","2017-07-04","Action","PEGI_7"
"5962","Death Howl","22222222","PPSA30896","PS5","Нет","849,00 TL","Standard Edition: 849,00 TL; Deluxe Edition: 670,15 TL","Нет","Да","","https://store.playstation.com/en-tr/concept/10015602","2026-02-19","Strategy","PEGI_12"
"2543","Handball 21","22222222","CUSA15460","PS4","Нет","699,00 TL","","Нет","Нет","","https://store.playstation.com/en-tr/concept/233683","2020-11-12","Unique","PEGI_3"
"6363","Easy Delivery Co.","22222222","PPSA34058","PS5","Нет","549,00 TL","","Нет","Да","","https://store.playstation.com/en-tr/concept/10017365","2026-03-26","Driving/Racing","PEGI_3"
"1009","Miasma Chronicles","22222222","PPSA06217","PS5","Нет","1.199,00 TL","","Нет","Да","","https://store.playstation.com/en-tr/concept/10004322","2023-05-23","Strategy","PEGI_16"
"928","LEGO Star Wars: The Force Awakens","22222222","CUSA03397","PS4","Да","209,90 TL","LEGO® Star Wars™: The Force Awakens Deluxe Edition: 2.499,00 TL; LEGO® Star Wars™: The Force Awakens: 209,90 TL","Нет","Да","","https://store.playstation.com/en-tr/concept/202448","2016-06-27","Action","PEGI_7"
"594","Remnant: From the Ashes","22222222","CUSA13830","PS4","Нет","1.749,00 TL","Remnant: From the Ashes – Complete Edition: 2.149,00 TL; Remnant: From the Ashes: 1.749,00 TL","Да","Да","","https://store.playstation.com/en-tr/concept/231129","2019-12-18","Adventure","PEGI_16"
"4903","Beastro","22222222","PPSA34498","PS5","Нет","849,00 TL","","Нет","Нет","","https://store.playstation.com/en-tr/concept/10017655","2026-06-11","Role Playing Games","PEGI_7"
"1840","Car Driving School Simulator","22222222","PPSA31093","PS5","Нет","515,00 TL","Car Driving School Simulator: 515,00 TL; Car Driving School Simulator: 515,00 TL","Нет","Нет","","https://store.playstation.com/en-tr/concept/10015684","2025-12-12","Driving/Racing","PEGI_7"
"1017","Homefront: The Revolution","22222222","CUSA00938","PS4","Нет","699,00 TL","Homefront®: The Revolution 'Freedom Fighter' Bundle: 139,90 TL","Да","Да","","https://store.playstation.com/en-tr/concept/202024","2016-05-19","Shooter","PEGI_18"
"6976","Ghosts 'n Goblins Resurrection","22222222","CUSA24163","PS4","Нет","1.049,00 TL","","Нет","Нет","","https://store.playstation.com/en-tr/concept/10001057","2021-05-31","Action","PEGI_12"
"7717","OKAMI HD","22222222","CUSA08364","PS4","Нет","699,00 TL","","Нет","Нет","","https://store.playstation.com/en-tr/concept/216640","2017-12-11","Adventure","PEGI_12"
"1654","STRIDE: Fates","22222222","PPSA21353","PS5","Нет","1.049,00 TL","","Нет","Нет","","https://store.playstation.com/en-tr/concept/10010312","2024-05-16","Adventure","PEGI_18"
"1694","ONE PUNCH MAN: A HERO NOBODY KNOWS","22222222","CUSA16264","PS4","Нет","2.499,00 TL","ONE PUNCH MAN: A HERO NOBODY KNOWS Deluxe Edition: 2.999,00 TL; ONE PUNCH MAN: A HERO NOBODY KNOWS: 2.499,00 TL","Нет","Да","","https://store.playstation.com/en-tr/concept/234384","2020-02-27","Action","PEGI_12"
"1566","Chorus","22222222","PPSA01592","PS4, PS5","Нет","879,00 TL","Chorus: 879,00 TL","Нет","Да","","https://store.playstation.com/en-tr/concept/10000793","2021-12-02","Unique","PEGI_12"
"1006","NEO: The World Ends with You","22222222","CUSA26377","PS4","Нет","2.099,00 TL","NEO: The World Ends with You: 2.099,00 TL","Нет","Нет","","https://store.playstation.com/en-tr/concept/10001982","2021-07-26","Action","PEGI_12"
"2108","One Piece: Unlimited World Red","22222222","CUSA08306","PS4","Нет","1.399,00 TL","","Нет","Нет","","https://store.playstation.com/en-tr/concept/229543","2017-08-24","Action","PEGI_12"
"2144","DOOM 3","22222222","CUSA16295","PS4","Нет","349,00 TL","","Нет","Нет","","https://store.playstation.com/en-tr/concept/234453","2019-07-25","Shooter","PEGI_18"
"6489","Eternal Strands","22222222","PPSA22684","PS5","Нет","1.299,00 TL","Eternal Strands: 1.299,00 TL","Нет","Нет","","https://store.playstation.com/en-tr/concept/10010810","2025-01-28","Adventure","PEGI_12"
"7772","KILL IT WITH FIRE! 2","22222222","PPSA15735","PS5","Нет","649,00 TL","","Нет","Нет","","https://store.playstation.com/en-tr/concept/10008124","2025-11-25","Horror","PEGI_7"
"1733","Saints Row: Gat out of Hell","22222222","CUSA00939","PS4","Нет","699,00 TL","","Нет","Да","","https://store.playstation.com/en-tr/concept/213748","2015-01-22","Action","PEGI_16"
"1899","Police Car Simulator : EVO","22222222","PPSA36581","PS5","Нет","649,00 TL","","Нет","Да","","https://store.playstation.com/en-tr/concept/10015761","2026-05-06","Simulator","PEGI_7"
"2690","Scars Above","22222222","PPSA08597","PS4, PS5","Нет","1.049,00 TL","","Нет","Да","","https://store.playstation.com/en-tr/concept/10005258","2023-02-27","Shooter","PEGI_12"
"4169","Amnesia: Collection","22222222","CUSA05457","PS4","Нет","999,00 TL","","Нет","Да","","https://store.playstation.com/en-tr/concept/221671","2016-11-21","Action","PEGI_16"
"2145","Heretic + Hexen","22222222","PPSA26525","PS4, PS5","Нет","529,00 TL","","Нет","Да","","https://store.playstation.com/en-tr/concept/10012903","2025-08-07","Action","PEGI_16"
"1027","Tools Up!","22222222","CUSA17242","PS4","Нет","699,00 TL","Tools Up! - The Renovation Spree Bundle: 1.160,00 TL; Tools Up!: 699,00 TL","Нет","Да","","https://store.playstation.com/en-tr/concept/234898","2019-12-02","Casual","PEGI_3"
"2454","NARUTO SHIPPUDEN: Ultimate Ninja STORM 2","22222222","CUSA07162","PS4","Нет","699,00 TL","","Нет","Нет","","https://store.playstation.com/en-tr/concept/203143","2017-08-24","Fighting","PEGI_12"
"2151","Builder Simulator","22222222","CUSA44625","PS4","Нет","875,00 TL","Frozen Way Tri-Bundle: 1.749,00 TL; Builder Liquidator Bundle: 1.229,00 TL; Builder Simulator: 875,00 TL","Нет","Да","","https://store.playstation.com/en-tr/concept/10008859","2023-10-09","Casual","PEGI_3"
"7474","I Am Future: Cozy Apocalypse Survival","22222222","PPSA28867","PS5","Нет","849,00 TL","","Нет","Да","","https://store.playstation.com/en-tr/concept/10014424","2026-01-08","Simulation","PEGI_3"
"3843","40 Sports Games in 1","22222222","PPSA30284","PS4, PS5","Нет","1.299,00 TL","","Нет","Нет","","https://store.playstation.com/en-tr/concept/10015240","2025-08-28","Sport","PEGI_7"
"2724","Teenage Mutant Ninja Turtles: The","22222222","PPSA04490","PS4, PS5","Нет","1.399,00 TL","","Нет","Нет","","https://store.playstation.com/en-tr/concept/10003357","2022-08-30","Fighting","PEGI_12"
"1595","Far Lands","22222222","PPSA23730","PS5","Нет","649,00 TL","","Нет","Нет","","https://store.playstation.com/en-tr/concept/10011344","2026-07-29","Action","PEGI_16"
"2441","Kill It With Fire VR","22222222","PPSA08718","PS4, PS5","Нет","525,00 TL","Kill It With Fire VR: 525,00 TL","Нет","Да","","https://store.playstation.com/en-tr/concept/10005532","2023-11-07","Adventure","PEGI_7"
"2065","Dakar 18","22222222","CUSA11741","PS4","Нет","879,00 TL","","Нет","Нет","","https://store.playstation.com/en-tr/concept/231860","2018-10-25","Driving/Racing","PEGI_3"
"2380","Digimon Survive","22222222","CUSA18242","PS4","Нет","1.749,00 TL","","Нет","Нет","","https://store.playstation.com/en-tr/concept/232350","2022-08-28","Adventure","PEGI_12"
"1582","Welcome to ParadiZe","22222222","PPSA09257","PS5","Нет","1.399,00 TL","Standard Edition: 1.399,00 TL; Zombot Edition: 1.749,00 TL","Нет","Да","","https://store.playstation.com/en-tr/concept/10005724","2024-02-29","Action","PEGI_18"
"3084","Bionic Bay","22222222","PPSA23767","PS5","Нет","699,00 TL","Bionic Bay: Deluxe Edition: 875,00 TL","Нет","Нет","","https://store.playstation.com/en-tr/concept/10011377","2025-04-17","Puzzle","PEGI_12"
"2116","Worms Rumble","22222222","PPSA01526","PS4, PS5","Нет","529,00 TL","Worms Rumble PS4 & PS5: 529,00 TL; Digital Deluxe Edition: 153,80 TL","Нет","Да","","https://store.playstation.com/en-tr/concept/10000898","2020-11-30","Strategy","PEGI_7"
"1807","The Beast Inside","22222222","PPSA10718","PS5","Нет","875,00 TL","The Beast Inside: 875,00 TL; The Beast Inside: 875,00 TL","Нет","Да","","https://store.playstation.com/en-tr/concept/10006325","2022-11-29","Action","PEGI_18"
"1134","RIDE","22222222","CUSA01558","PS4","Нет","69,90 TL","","Да","Да","","https://store.playstation.com/en-tr/concept/203782","2015-04-09","Driving/Racing","PEGI_3"
"2361","Tinykin","22222222","PPSA05407","PS4, PS5","Нет","875,00 TL","","Нет","Да","","https://store.playstation.com/en-tr/concept/10003847","2022-08-30","Adventure","PEGI_3"
"6556","Exoprimal","22222222","PPSA01623","PS4, PS5","Нет","2.099,00 TL","Standard Edition: 2.099,00 TL; Deluxe Edition: 2.499,00 TL","Нет","Да","","https://store.playstation.com/en-tr/concept/10001095","2023-07-13","Shooter","PEGI_16"
"2458","Endzone - A World Apart","22222222","PPSA03662","PS5","Нет","1.749,00 TL","Survivor Edition: 1.749,00 TL; Complete Edition: 1.925,00 TL; Survivor Edition PS4: 1.749,00 TL","Нет","Да","","https://store.playstation.com/en-tr/concept/10002515","2022-05-18","Strategy","PEGI_12"
"1172","House Flipper VR","22222222","PPSA23487","PS5","Нет","525,00 TL","House Flipper VR: 525,00 TL; House Flipper VR: 525,00 TL","Нет","Да","","https://store.playstation.com/en-tr/concept/10003236","2024-10-21","Casual","PEGI_3"
"2169","Vampire: The Masquerade - Justice","22222222","PPSA16432","PS5","Нет","1.049,00 TL","","Нет","Нет","","https://store.playstation.com/en-tr/concept/10008364","2023-11-01","Role Playing Games","PEGI_18"
"2109","Guns Gore and Cannoli 2","22222222","CUSA08317","PS4","Нет","455,00 TL","","Нет","Да","","https://store.playstation.com/en-tr/concept/228733","2018-08-14","Action","PEGI_16"
"1919","Murdered: Soul Suspect","22222222","CUSA00342","PS4","Нет","699,00 TL","","Да","Да","","https://store.playstation.com/en-tr/concept/202950","2014-06-05","Action","PEGI_16"
"7272","Hellpoint","22222222","PPSA05588","PS4, PS5","Нет","1.229,00 TL","","Нет","Да","","https://store.playstation.com/en-tr/concept/235113","2022-07-12","Action","PEGI_12"
"2881","Killing Floor 2","22222222","CUSA05179","PS4","Нет","1.049,00 TL","Ultimate Edition: 2.099,00 TL; Double Feature: 1.399,00 TL","Да","Да","PS Plus Extra","https://store.playstation.com/en-tr/concept/221915","2016-11-17","Action","PEGI_18"
"1868","City of Hunger VR","22222222","PPSA34456","PS5","Нет","537,00 TL","","Нет","Нет","","https://store.playstation.com/en-tr/concept/10017609","2026-01-20","Horror","PEGI_18"
"6010","Demeo","22222222","PPSA10635","PS5","Нет","1.399,00 TL","","Нет","Нет","","https://store.playstation.com/en-tr/concept/10005676","2023-02-21","Role Playing Games","PEGI_7"
"1921","Infinity Strash: DRAGON QUEST The Adventure of Dai","22222222","PPSA09452","PS4, PS5","Нет","1.149,00 TL","Standard Edition: 1.149,00 TL; Digital Deluxe Edition: 1.259,00 TL","Нет","Нет","","https://store.playstation.com/en-tr/concept/10005547","2023-09-27","Action","PEGI_12"
"5948","DEAD RISING 2 Off The Record","22222222","CUSA04673","PS4","Нет","699,00 TL","","Нет","Нет","","https://store.playstation.com/en-tr/concept/212419","2016-09-12","Action","PEGI_18"
"1321","Flesh Made Fear","22222222","PPSA35689","PS5","Нет","849,00 TL","","Нет","Нет","","https://store.playstation.com/en-tr/concept/10018392","2026-06-24","Horror","PEGI_18"
"5529","Cities: VR","22222222","PPSA10723","PS5","Нет","1.049,00 TL","","Нет","Нет","","https://store.playstation.com/en-tr/concept/10005974","2023-02-21","Simulation","PEGI_3"
"1859","Supermarket Owner Simulator: Business","22222222","PPSA31125","PS5","Нет","274,50 TL","Supermarket Owner Simulator: Business: 274,50 TL; Supermarket Owner Simulator: Business: 455,00 TL","Нет","Нет","","https://store.playstation.com/en-tr/concept/10011190","2025-07-31","Simulation","PEGI_3"
"1099","The Escapists 2","22222222","CUSA06244","PS4","Нет","192,25 TL","The Escapists 2 - Game of the Year Edition: 945,00 TL; The Escapists 2: 192,25 TL; The Escapists  + The Escapists 2: 239,80 TL","Нет","Да","","https://store.playstation.com/en-tr/concept/222885","2017-08-22","Role Playing Games","PEGI_7"
"3845","63 Days","22222222","PPSA21022","PS5","Нет","1.499,00 TL","63 Days: 1.499,00 TL; 63 Days: 1.299,00 TL","Нет","Да","","https://store.playstation.com/en-tr/concept/10010193","2024-09-26","Strategy","PEGI_18"
"5774","CRYSTAR","22222222","PPSA20766","PS5","Нет","849,00 TL","Standard Edition: 849,00 TL; CRYSTAR: 849,00 TL","Нет","Нет","","https://store.playstation.com/en-tr/concept/228691","2024-12-04","Role Playing Games","PEGI_12"
"1803","Spray Paint Simulator","22222222","PPSA27129","PS5","Нет","525,00 TL","Spray Paint Simulator: 525,00 TL; Spray Paint Simulator: 525,00 TL","Нет","Нет","","https://store.playstation.com/en-tr/concept/10013245","2025-05-29","Simulation","PEGI_3"
"2353","Tails of Iron","22222222","PPSA03777","PS4, PS5","Нет","879,00 TL","","Нет","Да","","https://store.playstation.com/en-tr/concept/10002244","2021-09-17","Action","PEGI_16"
"878","New Super Lucky's Tale","22222222","PPSA34823","PS5","Нет","1.039,20 TL","New Super Lucky's Tale: 1.039,20 TL; New Super Lucky's Tale: 1.299,00 TL","Нет","Нет","","https://store.playstation.com/en-tr/concept/10000800","2026-03-26","Family","PEGI_3"
"1406","SAMURAI WARRIORS 4","22222222","CUSA00783","PS4","Нет","879,00 TL","","Нет","Нет","","https://store.playstation.com/en-tr/concept/204492","2014-11-18","Action","PEGI_16"
"5765","Crypt Custodian","22222222","PPSA22452","PS4, PS5","Нет","849,00 TL","Full Game: 849,00 TL","Нет","Да","","https://store.playstation.com/en-tr/concept/10010746","2024-08-27","Adventure","PEGI_7"
"1153","Waterpark Simulator 25","22222222","PPSA34388","PS5","Нет","235,95 TL","Waterpark Simulator 25: 235,95 TL; Waterpark Simulator 25: 429,00 TL","Нет","Нет","","https://store.playstation.com/en-tr/concept/10016856","2025-11-19","Adventure","PEGI_3"
"1092","Incantation","22222222","PPSA32745","PS5","Нет","1.079,00 TL","Incantation: 1.079,00 TL","Нет","Нет","","https://store.playstation.com/en-tr/concept/10016664","2026-04-07","Adventure","PEGI_16"
"4180","Ancestors Legacy","22222222","CUSA14954","PS4","Нет","1.499,00 TL","","Нет","Да","","https://store.playstation.com/en-tr/concept/233418","2019-08-12","Strategy","PEGI_18"
"2364","Hellsweeper VR","22222222","PPSA13547","PS5","Нет","849,00 TL","Standard Edition: 849,00 TL; Deluxe Edition: 1.079,00 TL","Нет","Нет","","https://store.playstation.com/en-tr/concept/10007254","2023-09-20","Action","PEGI_18"
"2190","Guns, Gore and Cannoli","22222222","CUSA03051","PS4","Нет","349,00 TL","","Нет","Да","","https://store.playstation.com/en-tr/concept/201805","2015-12-08","Action","PEGI_16"
"2002","Chicory: A Colorful Tale","22222222","PPSA03040","PS4, PS5","Нет","849,00 TL","","Нет","Да","","https://store.playstation.com/en-tr/concept/10002468","2021-06-10","Adventure","PEGI_7"
"3220","Leisure Suit Larry - Wet Dreams Don't Dry Happy","22222222","CUSA14458","PS4","Нет","1.399,00 TL","","Нет","Да","","https://store.playstation.com/en-tr/concept/232684","2019-06-12","Adventure","PEGI_18"
"3651","Blood Omen: Legacy of Kain","22222222","PPSA24270","PS4, PS5","Нет","349,00 TL","","Нет","Нет","","https://store.playstation.com/en-tr/concept/10011076","2024-11-19","Action","PEGI_18"
"2274","The Council - Complete Season","22222222","CUSA10766","PS4","Нет","529,00 TL","The Council - Complete Season: 529,00 TL","Нет","Да","","https://store.playstation.com/en-tr/concept/231166","2018-03-12","Role Playing Games","PEGI_16"
"5310","Capcom","22222222","CUSA33213","PS4","Нет","1.299,00 TL","Capcom Fighting Collection: 1.299,00 TL; Capcom Fighting Collection 1 + 2 Bundle: 2.579,00 TL","Нет","Да","","https://store.playstation.com/en-tr/concept/10004083","2022-06-23","Fighting","PEGI_16"
"7833","Knowledge, or know Lady","22222222","PPSA30883","PS5","Нет","649,00 TL","Knowledge, or know Lady: 649,00 TL; Knowledge, or know Lady: 649,00 TL","Нет","Нет","","https://store.playstation.com/en-tr/concept/10013320","2025-08-08","Simulation","PEGI_16"
"2900","Oxide Room 104","22222222","PPSA07653","PS5","Нет","1.049,00 TL","Oxide Room 104: 1.049,00 TL; Oxide Room 104: 879,00 TL","Нет","Да","","https://store.playstation.com/en-tr/concept/10004255","2022-06-16","Horror","PEGI_18"
"2489","Children of Morta","22222222","CUSA10646","PS4","Нет","949,00 TL","Complete Edition: 236,25 TL","Нет","Да","PS Plus Extra","https://store.playstation.com/en-tr/concept/231069","2019-10-14","Action","PEGI_12"
"916","Unspottable","22222222","CUSA27632","PS4","Нет","699,00 TL","","Нет","Да","","https://store.playstation.com/en-tr/concept/10001076","2021-06-16","Casual","PEGI_3"
"3104","Super Meat Boy Forever","22222222","CUSA27278","PS4","Нет","215,00 TL","","Нет","Да","","https://store.playstation.com/en-tr/concept/234606","2021-04-15","Action","PEGI_12"
"757","WHAT THE GOLF?","22222222","PPSA07441","PS4, PS5","Нет","595,00 TL","","Нет","Да","","https://store.playstation.com/en-tr/concept/10002260","2024-03-14","Casual","PEGI_3"
"7420","How 2 Escape","22222222","PPSA15229","PS5","Нет","525,00 TL","How 2 Escape: 525,00 TL; How 2 Escape: 525,00 TL","Нет","Нет","","https://store.playstation.com/en-tr/concept/10007914","2023-08-30","Adventure","PEGI_7"
"1790","RAGE 2","22222222","CUSA10300","PS4","Нет","279,80 TL","Deluxe Edition: 2.499,00 TL","Да","Да","PS Plus Extra","https://store.playstation.com/en-tr/concept/229997","2019-05-13","Action","PEGI_18"
"1222","Atelier Marie Remake: The Alchemist of Salburg","22222222","PPSA10907","PS4, PS5","Нет","1.749,00 TL","Standard Edition: 1.749,00 TL; Digital Deluxe Edition: 2.275,00 TL","Нет","Нет","","https://store.playstation.com/en-tr/concept/10006379","2023-07-12","Role Playing Games","PEGI_12"
"887","SAMURAI WARRIORS 4 Empires","22222222","CUSA03984","PS4","Нет","1.749,00 TL","","Нет","Нет","","https://store.playstation.com/en-tr/concept/229579","2016-04-07","Action","PEGI_12"
"4173","Amnesia: Rebirth","22222222","CUSA19272","PS4","Нет","999,00 TL","","Нет","Да","","https://store.playstation.com/en-tr/concept/10000474","2020-10-19","Adventure","PEGI_18"
"2796","ClusterTruck","22222222","CUSA06489","PS4","Нет","525,00 TL","","Нет","Нет","","https://store.playstation.com/en-tr/concept/224825","2016-09-29","Action","PEGI_3"
"7870","LABYRINTH OF THE DEMON KING","22222222","PPSA12424","PS4, PS5","Нет","699,00 TL","LABYRINTH OF THE DEMON KING: 699,00 TL","Нет","Да","","https://store.playstation.com/en-tr/concept/10006880","2025-05-13","Action","PEGI_18"
"1260","Not For Broadcast","22222222","CUSA30757","PS4","Нет","875,00 TL","Standard Edition: 875,00 TL; Complete Edition: 1.399,00 TL","Да","Да","","https://store.playstation.com/en-tr/concept/10003940","2023-03-23","Simulation","PEGI_18"
"3216","DOOM 64","22222222","CUSA16296","PS4","Нет","175,00 TL","","Нет","Нет","","https://store.playstation.com/en-tr/concept/234454","2020-03-19","Shooter","PEGI_16"
"1079","Furi","22222222","PPSA06146","PS4, PS5","Нет","699,00 TL","Furi: 699,00 TL; Modore Edition: 262,50 TL","Нет","Да","","https://store.playstation.com/en-tr/concept/217102","2022-05-17","Action","PEGI_16"
"929","Lost in Random: The Eternal Die","22222222","PPSA24579","PS5","Нет","1.079,00 TL","Lost in Random: The Eternal Die: 1.079,00 TL; GODBREAKERS & Lost in Random: The Eternal Die bundle: 1.749,00 TL; Fortune Edition: 1.246,00 TL","Нет","Да","","https://store.playstation.com/en-tr/concept/10011792","2025-06-17","Action","PEGI_7"
"3281","Onee Chanbara Origin","22222222","CUSA20273","PS4","Нет","1.749,00 TL","Onee Chanbara Origin Deluxe Edition: 2.099,00 TL","Нет","Нет","PS Plus Extra","https://store.playstation.com/en-tr/concept/10000832","2020-10-13","Action","PEGI_18"
"1301","Bendy: Lone Wolf","22222222","PPSA28609","PS4, PS5","Нет","849,00 TL","Bendy: Lone Wolf - PS4 & PS5: 849,00 TL; Bendy: Ink Demon's Collection: 1.634,00 TL","Нет","Да","","https://store.playstation.com/en-tr/concept/10014263","2025-08-15","Action","PEGI_12"
"1344","SILLY POLLY BEAST","22222222","PPSA32694","PS4, PS5","Нет","849,00 TL","SILLY POLLY BEAST: 849,00 TL","Нет","Да","","https://store.playstation.com/en-tr/concept/10016634","2025-10-28","Adventure","PEGI_16"
"5969","Death's Gambit: Afterlife","22222222","CUSA05987","PS4","Нет","849,00 TL","","Нет","Нет","","https://store.playstation.com/en-tr/concept/222833","2018-08-13","Action","PEGI_16"
"2238","Mayhem Brawler","22222222","PPSA14463","PS4, PS5","Нет","849,00 TL","","Нет","Да","","https://store.playstation.com/en-tr/concept/10002637","2023-05-23","Action","PEGI_12"
"2391","GOD EATER 2 Rage Burst","22222222","CUSA03370","PS4","Нет","1.749,00 TL","","Нет","Да","","https://store.playstation.com/en-tr/concept/213539","2016-08-29","Role Playing Games","PEGI_12"
"3898","Absolver: Downfall","22222222","CUSA06391","PS4","Нет","1.299,00 TL","","Нет","Нет","","https://store.playstation.com/en-tr/concept/222909","2017-08-28","Action","PEGI_12"
"1520","Cafe Owner Simulator","22222222","CUSA44661","PS4","Нет","699,00 TL","","Нет","Да","","https://store.playstation.com/en-tr/concept/10008941","2024-01-18","Simulation","PEGI_3"
"6280","Dungeon Defenders: Awakened","22222222","CUSA30697","PS4","Нет","1.299,00 TL","","Нет","Нет","","https://store.playstation.com/en-tr/concept/10003703","2022-05-24","Strategy","PEGI_7"
"5498","Chornobyl Liquidators","22222222","PPSA25715","PS5","Нет","699,00 TL","Liquidator Hairdresser Bundle: 1.149,00 TL; Chornobyl Liquidators: 699,00 TL","Нет","Да","","https://store.playstation.com/en-tr/concept/10012328","2025-03-11","Adventure","PEGI_16"
"3839","30 Sport Games in 1","22222222","PPSA17626","PS5","Нет","879,00 TL","30 Sport Games in 1: 879,00 TL; 30 Sport Games in 1: 875,00 TL","Нет","Нет","","https://store.playstation.com/en-tr/concept/10008873","2023-11-05","Sport","PEGI_7"
"2495","Helicopter Flight Simulator","22222222","CUSA49761","PS4","Нет","525,00 TL","Helicopter Flight Simulator: 356,95 TL; Helicopter Flight Simulator: 525,00 TL","Нет","Нет","","https://store.playstation.com/en-tr/concept/10011639","2024-10-14","Adventure","PEGI_3"
"1640","Warzone Chronicles: Virtual Warfare Shooter","22222222","CUSA52852","PS4","Нет","525,00 TL","","Нет","Нет","","https://store.playstation.com/en-tr/concept/10013665","2025-02-10","Shooter","PEGI_16"
"2297","Top Gun Air Combat","22222222","CUSA31973","PS4","Нет","315,00 TL","","Нет","Нет","","https://store.playstation.com/en-tr/concept/10004353","2022-01-21","Shooter","PEGI_7"
"5066","Bloodshed","22222222","PPSA30792","PS4, PS5","Нет","549,00 TL","","Нет","Да","","https://store.playstation.com/en-tr/concept/10015521","2025-10-23","Action","PEGI_16"
"5072","Bloons TD 5","22222222","CUSA08065","PS4","Нет","559,00 TL","","Нет","Нет","","https://store.playstation.com/en-tr/concept/227087","2017-10-19","Strategy","PEGI_3"
"2035","Vagrus - The Riven Realms","22222222","PPSA25220","PS5","Нет","1.259,00 TL","Extended Edition: 1.259,00 TL; Praetor Edition: 4.299,00 TL; Centurion Edition: 939,60 TL; Extended Edition: 1.259,00 TL; Praetor Edition: 3.899,00 TL; Centurion Edition: 939,60 TL","Нет","Нет","","https://store.playstation.com/en-tr/concept/10012079","2025-03-31","Role Playing Games","PEGI_16"
"2176","Unplugged - Air Guitar","22222222","PPSA11149","PS5","Нет","699,00 TL","","Нет","Да","","https://store.playstation.com/en-tr/concept/10006490","2023-02-21","Music/Rhythm","PEGI_12"
"7309","Hidden Cats in Christmas","22222222","PPSA34913","PS5","Нет","171,00 TL","Hidden Cats in Christmas: 171,00 TL; Hidden Cats in Christmas: 171,00 TL","Нет","Нет","","https://store.playstation.com/en-tr/concept/10017901","2026-02-04","Puzzle","PEGI_3"
"1853","Grand Rush: Highway Car Traffic Racing Simulator","22222222","CUSA48927","PS4","Нет","455,00 TL","","Нет","Нет","","https://store.playstation.com/en-tr/concept/10011053","2024-08-01","Casual","PEGI_3"
"6174","DORAEMON STORY OF SEASONS","22222222","CUSA18501","PS4","Нет","1.749,00 TL","","Нет","Нет","","https://store.playstation.com/en-tr/concept/235336","2020-09-03","Adventure","PEGI_3"
"1705","SAMURAI WARRIORS 4-II","22222222","CUSA02855","PS4","Нет","1.749,00 TL","","Нет","Нет","","https://store.playstation.com/en-tr/concept/229580","2015-10-30","Action","PEGI_16"
"2431","Hairdresser Simulator","22222222","PPSA23595","PS5","Нет","499,00 TL","Hairdresser Simulator: 499,00 TL; Hairdresser Builder Bundle: 1.229,00 TL","Нет","Да","","https://store.playstation.com/en-tr/concept/10010160","2024-07-25","Simulator","PEGI_3"
"1776","I Was a Teenage Exocolonist","22222222","PPSA08519","PS4, PS5","Нет","1.079,00 TL","","Нет","Нет","","https://store.playstation.com/en-tr/concept/10005431","2022-08-25","Role Playing Games","PEGI_12"
"1380","The Coma 3: Bloodlines","22222222","PPSA36381","PS4, PS5","Нет","649,00 TL","","Нет","Да","","https://store.playstation.com/en-tr/concept/10018797","2026-04-30","Adventure","PEGI_12"
"2524","Kona","22222222","PPSA05383","PS4, PS5","Нет","525,00 TL","Kona VR Bundle: 139,80 TL; Kona: 525,00 TL","Нет","Нет","","https://store.playstation.com/en-tr/concept/227161","2021-12-07","Adventure","PEGI_16"
"6394","Egypt City Builder","22222222","CUSA55861","PS4","Нет","649,00 TL","","Нет","Нет","","https://store.playstation.com/en-tr/concept/10016167","2025-08-28","Casual","PEGI_12"
"3507","Ultros","22222222","PPSA14348","PS4, PS5","Нет","879,00 TL","Ultros (PS4 & PS5): 879,00 TL; Deluxe Edition: 1.199,00 TL","Нет","Нет","","https://store.playstation.com/en-tr/concept/10003373","2024-02-12","Adventure","PEGI_16"
"6500","Eternal Exodus","22222222","PPSA37008","PS4, PS5","Нет","849,00 TL","","Нет","Нет","","https://store.playstation.com/en-tr/concept/234280","2026-04-11","Role Playing Games","PEGI_7"
"2263","The Legacy of Griselda","22222222","PPSA35248","PS5","Нет","649,00 TL","","Нет","Нет","","https://store.playstation.com/en-tr/concept/10018001","2026-02-19","Role Playing Games","PEGI_7"
"1367","WARRIORS ALL-STARS","22222222","CUSA07903","PS4","Нет","2.099,00 TL","","Нет","Нет","","https://store.playstation.com/en-tr/concept/227168","2017-09-29","Action","PEGI_12"
"1738","TCG Card Market Simulator","22222222","PPSA31410","PS5","Нет","274,50 TL","TCG Card Market Simulator: 274,50 TL; TCG Card Market Simulator: 455,00 TL","Нет","Нет","","https://store.playstation.com/en-tr/concept/10012498","2025-08-21","Strategy","PEGI_3"
"7056","Goodnight Universe","22222222","PPSA29727","PS5","Нет","849,00 TL","","Нет","Нет","","https://store.playstation.com/en-tr/concept/10014923","2025-11-11","Adventure","PEGI_12"
"2186","Masters Bowling HD","22222222","PPSA29514","PS5","Нет","349,00 TL","Masters Bowling HD: 349,00 TL; Masters Bowling HD: 349,00 TL","Нет","Нет","","https://store.playstation.com/en-tr/concept/10014826","2025-04-04","Sport","PEGI_3"
"2268","Scott Pilgrim vs. The World: The Game","22222222","CUSA20078","PS4","Нет","649,00 TL","","Нет","Нет","","https://store.playstation.com/en-tr/concept/10000698","2021-01-13","Unique","PEGI_12"
"2505","World Cup Soccer 2026","22222222","PPSA29718","PS5","Нет","245,00 TL","World Cup Soccer 2026: 245,00 TL; World Cup Soccer 2026: 245,00 TL","Нет","Нет","","https://store.playstation.com/en-tr/concept/10014906","2025-04-11","Sport","PEGI_3"
"1358","Top Gun Global War","22222222","PPSA34573","PS5","Нет","849,00 TL","Top Gun Global War: 849,00 TL; Top Gun Global War: 849,00 TL","Нет","Нет","","https://store.playstation.com/en-tr/concept/10017701","2025-11-28","Simulation","PEGI_12"
"2472","TOSS!","22222222","PPSA16099","PS5","Нет","429,00 TL","","Нет","Нет","","https://store.playstation.com/en-tr/concept/10008232","2023-09-07","Action","PEGI_3"
"6818","Fossilfuel 2","22222222","PPSA26091","PS5","Нет","699,00 TL","","Нет","Нет","","https://store.playstation.com/en-tr/concept/10012556","2024-11-29","Horror","PEGI_18"
"7879","Laika: Aged Through Blood","22222222","PPSA17775","PS4, PS5","Нет","699,00 TL","","Нет","Да","","https://store.playstation.com/en-tr/concept/10008824","2023-12-05","Adventure","PEGI_16"
"5981","DEATH NOTE Killer Within","22222222","PPSA18709","PS4, PS5","Нет","429,00 TL","DEATH NOTE Killer Within: 429,00 TL; Special Edition: 849,00 TL","Нет","Нет","","https://store.playstation.com/en-tr/concept/10009279","2024-11-05","Strategy","PEGI_12"
"3346","Gangs of Sherwood","22222222","PPSA09255","PS5","Нет","1.049,00 TL","Lionheart Edition: 1.399,00 TL","Нет","Нет","","https://store.playstation.com/en-tr/concept/10005683","2023-11-30","Action","PEGI_16"
"3176","Mouse Trap - The Board Game","22222222","CUSA44632","PS4","Нет","489,00 TL","","Нет","Нет","","https://store.playstation.com/en-tr/concept/10008969","2023-10-23","Family","PEGI_3"
"1750","SAMURAI SHODOWN","22222222","CUSA15963","PS4","Нет","2.099,00 TL","SAMURAI SHODOWN: 2.099,00 TL; SAMURAI SHODOWN DELUXE EDITION: 2.999,00 TL","Нет","Нет","","https://store.playstation.com/en-tr/concept/234055","2019-06-30","Action","PEGI_16"
"1538","Rookie Boxing","22222222","PPSA26544","PS5","Нет","349,00 TL","Rookie Boxing: 349,00 TL; Rookie Boxing: 349,00 TL","Нет","Нет","","https://store.playstation.com/en-tr/concept/10012918","2024-10-25","Sport","PEGI_12"
"2224","THE KING OF FIGHTERS '98 ULTIMATE MATCH","22222222","CUSA04159","PS4","Нет","649,00 TL","","Нет","Нет","","https://store.playstation.com/en-tr/concept/219727","2018-03-20","Fighting","PEGI_12"
"1546","BlazeRush","22222222","CUSA01813","PS4","Нет","349,00 TL","","Нет","Да","","https://store.playstation.com/en-tr/concept/200518","2015-12-14","Arcade","PEGI_7"
"1980","Easy Flight Simulator 2","22222222","PPSA33796","PS5","Нет","429,00 TL","Easy Flight Simulator 2: 429,00 TL; Easy Flight Simulator 2: 429,00 TL","Нет","Нет","","https://store.playstation.com/en-tr/concept/10017217","2025-10-31","Simulation","PEGI_3"
"3092","Grass Cutting Simulator: Lawn Mowing Care","22222222","CUSA49413","PS4","Нет","455,00 TL","","Нет","Нет","","https://store.playstation.com/en-tr/concept/10011416","2024-08-08","Family","PEGI_3"
"4067","A Gummy's Life","22222222","PPSA04347","PS4, PS5","Нет","699,00 TL","","Нет","Да","","https://store.playstation.com/en-tr/concept/232894","2021-09-23","Fighting","PEGI_7"
"2244","Enclave HD","22222222","PPSA06844","PS4, PS5","Нет","849,00 TL","","Нет","Да","","https://store.playstation.com/en-tr/concept/10003459","2023-12-05","Adventure","PEGI_18"
"997","SAMURAI MAIDEN","22222222","PPSA08900","PS4, PS5","Нет","2.099,00 TL","Standard Edition: 2.099,00 TL; Deluxe Edition: 2.619,00 TL","Нет","Нет","","https://store.playstation.com/en-tr/concept/10001987","2022-12-07","Action","PEGI_12"
"7794","Kingdom's Return: Time-Eating Fruit and the Ancient Monster","22222222","PPSA34247","PS5","Нет","549,00 TL","","Нет","Нет","","https://store.playstation.com/en-tr/concept/10017494","2026-04-22","Action","PEGI_3"
"1662","Defense Grid 2","22222222","CUSA00565","PS4","Нет","629,00 TL","","Нет","Да","","https://store.playstation.com/en-tr/concept/200917","2014-09-30","Strategy","PEGI_12"
"3869","9 Monkeys of Shaolin","22222222","CUSA16644","PS4","Нет","849,00 TL","9 Monkeys of Shaolin: 849,00 TL","Да","Да","","https://store.playstation.com/en-tr/concept/232395","2020-10-16","Action","PEGI_12"
"5296","Card-en-Ciel","22222222","PPSA22748","PS5","Нет","769,00 TL","Card-en-Ciel: 769,00 TL; Card-en-Ciel: 769,00 TL","Нет","Нет","","https://store.playstation.com/en-tr/concept/10010876","2024-10-23","Role Playing Games","PEGI_12"
"2483","BloodRayne Betrayal: Fresh Bites","22222222","PPSA03365","PS4, PS5","Нет","849,00 TL","","Нет","Нет","","https://store.playstation.com/en-tr/concept/10002331","2021-09-09","Fighting","PEGI_16"
"2743","Emily Wants to Play","22222222","CUSA06672","PS4","Нет","257,00 TL","","Нет","Нет","","https://store.playstation.com/en-tr/concept/217065","2016-10-25","Action","PEGI_12"
"2247","Five Dates","22222222","PPSA15899","PS4, PS5","Нет","529,00 TL","Love FMV: 350,00 TL; Five Dates: 529,00 TL; FMV Comedy Bundle: 1.031,00 TL","Нет","Да","","https://store.playstation.com/en-tr/concept/10001740","2023-05-29","Adventure","PEGI_16"
"7981","Lil' Guardsman","22222222","PPSA15881","PS4, PS5","Нет","699,00 TL","","Нет","Нет","","https://store.playstation.com/en-tr/concept/10004939","2024-01-23","Unique","PEGI_12"
"4959","Bibi & Tina – New adventures with horses","22222222","PPSA04955","PS5","Нет","699,00 TL","Bibi & Tina – New adventures with horses: 699,00 TL; Bibi & Tina – New adventures with horses: 699,00 TL","Нет","Нет","","https://store.playstation.com/en-tr/concept/10003639","2022-04-14","Family","PEGI_3"
"2822","Punch Club","22222222","CUSA05472","PS4","Нет","349,00 TL","","Нет","Да","","https://store.playstation.com/en-tr/concept/221770","2017-03-30","Strategy","PEGI_12"
"4877","Baseball Dreams VR","22222222","PPSA25024","PS5","Нет","1.079,00 TL","","Нет","Нет","","https://store.playstation.com/en-tr/concept/10012013","2025-10-28","Sport","PEGI_3"
"1097","The Last Camp","22222222","PPSA26287","PS5","Нет","1.079,00 TL","The Last Camp: 1.079,00 TL; Ultimate Edition: 1.299,00 TL","Нет","Нет","","https://store.playstation.com/en-tr/concept/10012732","2025-07-11","Shooter","PEGI_16"
"2932","Windbound","22222222","CUSA17774","PS4","Нет","699,00 TL","","Нет","Да","","https://store.playstation.com/en-tr/concept/235103","2020-09-10","Adventure","PEGI_12"
"3231","Easy Flight Simulator","22222222","CUSA45118","PS4","Нет","175,00 TL","","Нет","Нет","","https://store.playstation.com/en-tr/concept/10009168","2023-08-18","Simulation","PEGI_3"
"2971","Treasure Hunter Simulator","22222222","CUSA26876","PS4","Нет","349,00 TL","","Нет","Да","","https://store.playstation.com/en-tr/concept/10002433","2021-07-01","Simulator","PEGI_3"
"1260","Not For Broadcast","22222222","CUSA30757","PS4","Нет","875,00 TL","Standard Edition: 875,00 TL; Complete Edition: 1.399,00 TL","Да","Да","","https://store.playstation.com/en-tr/concept/10003940","2023-03-23","Simulation","PEGI_18"
"6057","Desert Storm War FPS","22222222","PPSA36261","PS5","Нет","687,00 TL","Desert Storm War FPS: 687,00 TL; Desert Storm War FPS: 687,00 TL","Нет","Нет","","https://store.playstation.com/en-tr/concept/10018716","2026-02-27","Action","PEGI_16"
"4865","Barista Simulator","22222222","PPSA24296","PS5","Нет","849,00 TL","","Нет","Да","","https://store.playstation.com/en-tr/concept/10011654","2025-03-19","Simulation","PEGI_12"
"3836","34 Sports Games","22222222","PPSA21712","PS4, PS5","Нет","1.299,00 TL","","Нет","Нет","","https://store.playstation.com/en-tr/concept/10010460","2024-06-28","Sport","PEGI_7"
"1252","Felix the Cat","22222222","PPSA19226","PS4, PS5","Нет","879,00 TL","","Нет","Нет","","https://store.playstation.com/en-tr/concept/10009450","2024-03-27","Action","PEGI_3"
"5980","Deathsmiles I･II","22222222","CUSA30026","PS4","Нет","1.749,00 TL","","Нет","Нет","","https://store.playstation.com/en-tr/concept/10000616","2021-12-15","Shooter","PEGI_12"
"1843","Bridge Constructor Studio","22222222","PPSA28582","PS4, PS5","Нет","515,00 TL","","Нет","Да","","https://store.playstation.com/en-tr/concept/10014245","2025-07-17","Puzzle","PEGI_3"
"7862","Labyrinth","22222222","PPSA15298","PS5","Нет","699,00 TL","Labyrinth: 699,00 TL; Junior Labyrinth: 429,00 TL; Labyrinth: 699,00 TL; Junior Labyrinth: 429,00 TL","Нет","Да","","https://store.playstation.com/en-tr/concept/10007938","2023-09-13","Casual","PEGI_3"
"6070","Devil Jam","22222222","PPSA33636","PS5","Нет","343,00 TL","","Нет","Да","","https://store.playstation.com/en-tr/concept/10017129","2026-03-25","Action","PEGI_12"
"4906","Beat Hazard Arcade","22222222","PPSA26613","PS5","Нет","649,00 TL","Standard: 649,00 TL; Standard: 649,00 TL","Нет","Да","","https://store.playstation.com/en-tr/concept/10011890","2025-09-23","Shooter","PEGI_7"
"3188","PAC-MAN CHAMPIONSHIP EDITION 2","22222222","CUSA04944","PS4","Нет","549,00 TL","","Нет","Нет","","https://store.playstation.com/en-tr/concept/222879","2016-09-12","Arcade","PEGI_3"
"2194","Rookie Table Tennis","22222222","PPSA27972","PS5","Нет","349,00 TL","Rookie Table Tennis: 349,00 TL; Rookie Table Tennis: 349,00 TL","Нет","Нет","","https://store.playstation.com/en-tr/concept/10013825","2025-01-17","Sport","PEGI_3"
"4820","Backrooms: Partygoers","22222222","PPSA24592","PS4, PS5","Нет","419,00 TL","","Нет","Нет","","https://store.playstation.com/en-tr/concept/10011798","2024-10-28","Horror","PEGI_16"
"6432","Emily Wants to Play Too","22222222","CUSA11528","PS4","Нет","343,00 TL","","Нет","Нет","","https://store.playstation.com/en-tr/concept/231838","2018-04-23","Action","PEGI_12"
"5312","C.A.R.D.S. RPG: The Misty Battlefield","22222222","PPSA19031","PS4, PS5","Нет","1.399,00 TL","C.A.R.D.S. RPG: The Misty Battlefield PS4 & PS5: 1.399,00 TL; Deluxe Edition: 1.749,00 TL","Нет","Нет","","https://store.playstation.com/en-tr/concept/10009379","2024-05-23","Strategy","PEGI_7"
"4630","ARCADE GAME SERIES: GALAGA","22222222","CUSA03865","PS4","Нет","139,00 TL","","Нет","Нет","","https://store.playstation.com/en-tr/concept/218739","2016-04-20","Arcade","PEGI_3"
"2701","Valkyria Revolution","22222222","CUSA06995","PS4","Нет","699,00 TL","","Нет","Нет","","https://store.playstation.com/en-tr/concept/217720","2017-06-29","Action","PEGI_16"
"2785","Masters Pool HD","22222222","PPSA30486","PS5","Нет","175,00 TL","Masters Pool HD: 175,00 TL; Masters Pool HD: 175,00 TL","Нет","Нет","","https://store.playstation.com/en-tr/concept/10015353","2025-05-23","Simulation","PEGI_3"
"4628","Arcade Classics","22222222","CUSA15189","PS4","Нет","699,00 TL","","Нет","Нет","","https://store.playstation.com/en-tr/concept/234006","2019-04-17","Shooter","PEGI_7"
"2047","Summer Games Beach Volley","22222222","PPSA23212","PS5","Нет","279,00 TL","Summer Games Beach Volley: 279,00 TL; Summer Games Beach Volley: 279,00 TL","Нет","Нет","","https://store.playstation.com/en-tr/concept/10011004","2024-07-05","Sport","PEGI_3"
"4942","Best Served Cold","22222222","PPSA29064","PS5","Нет","774,00 TL","Best Served Cold: 774,00 TL; Best Served Cold: 774,00 TL","Нет","Нет","","https://store.playstation.com/en-tr/concept/10014537","2025-07-09","Adventure","PEGI_16"
"6862","Fuga: Melodies of Steel","22222222","PPSA03703","PS4, PS5","Нет","1.749,00 TL","Standard Edition: 1.749,00 TL; Fuga: Melodies of Steel 1 & 2 - Double Pack: 3.249,00 TL; Ultimate Edition: 2.999,00 TL; Deluxe Edition: 2.579,00 TL","Нет","Да","","https://store.playstation.com/en-tr/concept/10001520","2021-09-22","Role Playing Games","PEGI_16"
"7287","Heroine Anthem Zero 2 : Scalescars Oath","22222222","PPSA14192","PS5","Нет","1.949,00 TL","Heroine Anthem Zero 2 : Scalescars Oath: 1.949,00 TL; Heroine Anthem Zero 2 : Scalescars Oath: 1.676,00 TL","Нет","Нет","","https://store.playstation.com/en-tr/concept/10001779","2024-02-22","Role Playing Games","PEGI_12"
"7416","House","22222222","PPSA18827","PS5","Нет","601,00 TL","House: 601,00 TL; House: 601,00 TL","Нет","Да","","https://store.playstation.com/en-tr/concept/10009303","2024-03-28","Horror","PEGI_16"
"3313","Before We Leave","22222222","PPSA05367","PS4, PS5","Нет","629,00 TL","","Нет","Да","","https://store.playstation.com/en-tr/concept/10003780","2022-04-04","Simulation","PEGI_7"
"5685","Cozy Gardener Simulator","22222222","CUSA57136","PS4","Нет","649,00 TL","","Нет","Нет","","https://store.playstation.com/en-tr/concept/10017288","2026-01-21","Adventure","PEGI_3"
"1916","Crosak","22222222","PPSA34484","PS5","Нет","774,00 TL","Crosak: 774,00 TL; Crosak: 649,00 TL","Нет","Да","","https://store.playstation.com/en-tr/concept/10017637","2025-11-28","Family","PEGI_3"
"6621","Fantasy General II: Invasion","22222222","CUSA18256","PS4","Нет","1.149,00 TL","","Нет","Нет","","https://store.playstation.com/en-tr/concept/235365","2020-07-29","Strategy","PEGI_12"
"2684","SENRAN KAGURA Peach Beach Splash","22222222","CUSA08343","PS4","Нет","157,35 TL","SENRAN KAGURA Peach Beach Splash Sexy Soaker Edition: 1.399,00 TL; SENRAN KAGURA Peach Beach Splash: 157,35 TL","Нет","Нет","","https://store.playstation.com/en-tr/concept/222006","2017-09-21","Shooter","PEGI_16"
"6247","Dreamscapes - Nightmare's Heir","22222222","PPSA24217","PS5","Нет","849,00 TL","Dreamscapes - Nightmare's Heir: 849,00 TL; Dreamscapes - Nightmare's Heir: 649,00 TL","Нет","Нет","","https://store.playstation.com/en-tr/concept/10011608","2026-01-15","Adventure","PEGI_12"
"1977","Formula Uno Racing","22222222","PPSA34014","PS5","Нет","429,00 TL","Formula Uno Racing: 429,00 TL; Formula Uno Racing: 429,00 TL","Нет","Нет","","https://store.playstation.com/en-tr/concept/10017333","2025-10-24","Driving/Racing","PEGI_3"
"3187","KUUKIYOMI: Consider It!","22222222","CUSA20629","PS4","Нет","193,00 TL","","Нет","Нет","","https://store.playstation.com/en-tr/concept/10001438","2020-09-27","Party","PEGI_12"
"5460","Chasm: The Rift","22222222","PPSA13990","PS4, PS5","Нет","849,00 TL","","Нет","Да","","https://store.playstation.com/en-tr/concept/10007462","2023-05-18","Action","PEGI_16"
"2609","Highway Roads Racer","22222222","PPSA35979","PS5","Нет","215,00 TL","Highway Roads Racer: 215,00 TL; Highway Roads Racer: 215,00 TL","Нет","Нет","","https://store.playstation.com/en-tr/concept/10018550","2026-02-06","Driving/Racing","PEGI_12"
"2317","Wilmot's Warehouse","22222222","CUSA25303","PS4","Нет","601,00 TL","","Нет","Нет","","https://store.playstation.com/en-tr/concept/10001208","2021-02-09","Family","PEGI_3"
"6129","Dolmen","22222222","PPSA03418","PS4, PS5","Нет","699,00 TL","","Нет","Да","","https://store.playstation.com/en-tr/concept/10002698","2022-05-19","Action","PEGI_16"
"5450","Centum","22222222","PPSA26477","PS5","Нет","649,00 TL","Centum: 649,00 TL; Centum: 649,00 TL","Нет","Да","","https://store.playstation.com/en-tr/concept/10012850","2025-03-11","Role Playing Games","PEGI_16"
"6848","Fruits Slot Machine","22222222","PPSA38263","PS5","Нет","171,00 TL","","Нет","Нет","","https://store.playstation.com/en-tr/concept/10019865","2026-06-05","Casual","PEGI_18"
"3525","Stroke The Cat","22222222","CUSA36654","PS4","Нет","85,00 TL","Stroke The Cat: 85,00 TL; Stroke The Cat: 85,00 TL","Нет","Нет","","https://store.playstation.com/en-tr/concept/10006121","2022-09-19","Casual","PEGI_3"
"2254","Super Neptunia RPG","22222222","CUSA12063","PS4","Нет","1.299,00 TL","","Нет","Нет","","https://store.playstation.com/en-tr/concept/232167","2019-06-27","Role Playing Games","PEGI_12"
"5816","Cyanide & Happiness - Freakpocalypse (Episode 1)","22222222","CUSA20215","PS4","Нет","849,00 TL","","Нет","Нет","","https://store.playstation.com/en-tr/concept/10000780","2021-10-26","Adventure","PEGI_16"
"2001","Sakura Succubus 9","22222222","PPSA37878","PS4, PS5","Нет","429,00 TL","","Нет","Нет","","https://store.playstation.com/en-tr/concept/10019651","2026-07-02","Adventure","PEGI_16"
"6960","Ghost Signal: A Stellaris Game","22222222","PPSA17013","PS5","Нет","349,00 TL","","Нет","Нет","","https://store.playstation.com/en-tr/concept/10008624","2023-10-05","Action","PEGI_7"
"5444","Chained Survive Together","22222222","CUSA50631","PS4","Нет","209,00 TL","","Нет","Нет","","https://store.playstation.com/en-tr/concept/10012174","2024-10-10","Adventure","PEGI_3"
"2788","International Boxing","22222222","CUSA35665","PS4","Нет","175,00 TL","","Нет","Нет","","https://store.playstation.com/en-tr/concept/10005796","2022-08-07","Sport","PEGI_16"
"1953","LOST SPHEAR","22222222","CUSA09346","PS4","Нет","1.749,00 TL","LOST SPHEAR: 1.749,00 TL","Нет","Нет","","https://store.playstation.com/en-tr/concept/229958","2018-01-23","Role Playing Games","PEGI_7"
"5725","Creepy Tale 2","22222222","CUSA30096","PS4","Нет","525,00 TL","","Да","Да","","https://store.playstation.com/en-tr/concept/10003676","2023-04-26","Adventure","PEGI_16"
"5379","Cats Around Us: Giant Cat","22222222","PPSA33753","PS5","Нет","129,00 TL","Cats Around Us: Giant Cat: 129,00 TL; Cats Around Us: Giant Cat: 129,00 TL","Нет","Нет","","https://store.playstation.com/en-tr/concept/10017179","2026-01-14","Puzzle","PEGI_3"
"1522","Dead Hook","22222222","PPSA19452","PS5","Нет","699,00 TL","","Нет","Нет","","https://store.playstation.com/en-tr/concept/10009531","2024-02-08","Shooter","PEGI_12"
"4642","Arcade Game Zone","22222222","PPSA19016","PS5","Нет","879,00 TL","Arcade Game Zone: 879,00 TL; Arcade Game Zone: 875,00 TL","Нет","Нет","","https://store.playstation.com/en-tr/concept/10009374","2024-01-15","Party","PEGI_3"
"1614","SkyDrift Infinity","22222222","CUSA13659","PS4","Нет","649,00 TL","","Нет","Да","","https://store.playstation.com/en-tr/concept/232809","2021-07-28","Driving/Racing","PEGI_7"
"1636","Overland","22222222","PPSA05491","PS4, PS5","Нет","849,00 TL","","Нет","Да","","https://store.playstation.com/en-tr/concept/233197","2022-12-13","Strategy","PEGI_12"
"1524","Hitchhiker - A Mystery Game","22222222","CUSA24043","PS4","Нет","699,00 TL","","Нет","Да","","https://store.playstation.com/en-tr/concept/234556","2021-04-15","Unique","PEGI_12"
"3081","Itorah","22222222","CUSA34062","PS4","Нет","699,00 TL","","Нет","Да","","https://store.playstation.com/en-tr/concept/10005215","2023-04-20","Action","PEGI_7"
"5905","Dark Town Secrets: Lost Lulu Collector’s Edition","22222222","PPSA38833","PS5","Нет","300,00 TL","","Нет","Да","","https://store.playstation.com/en-tr/concept/10020202","2026-07-15","Adventure","PEGI_3"
"3204","The Light of Celestia","22222222","PPSA25236","PS5","Нет","429,00 TL","","Нет","Нет","","https://store.playstation.com/en-tr/concept/10012100","2025-10-25","Adventure","PEGI_12"
"2206","Creepy Tale","22222222","CUSA30060","PS4","Нет","349,00 TL","","Нет","Да","","https://store.playstation.com/en-tr/concept/10003675","2023-04-26","Adventure","PEGI_16"
"7327","Hidden Through Time 2: Myths & Magic","22222222","PPSA18325","PS5","Нет","439,00 TL","","Нет","Да","","https://store.playstation.com/en-tr/concept/10009130","2024-01-24","Puzzle","PEGI_3"
"2744","POSTAL Redux","22222222","PPSA25251","PS5","Нет","419,00 TL","POSTAL Redux: 419,00 TL; POSTAL Redux: 349,00 TL","Нет","Нет","","https://store.playstation.com/en-tr/concept/10001898","2024-12-19","Action","PEGI_18"
"2497","What The Dub?!","22222222","CUSA26987","PS4","Нет","245,00 TL","","Нет","Нет","","https://store.playstation.com/en-tr/concept/10002481","2021-04-07","Party","PEGI_12"
"6106","Disintegration","22222222","CUSA15446","PS4","Нет","1.299,00 TL","","Нет","Да","","https://store.playstation.com/en-tr/concept/233091","2020-06-15","Shooter","PEGI_12"
"3686","Stroke the Dik-Dik","22222222","CUSA39164","PS4","Нет","85,00 TL","","Нет","Нет","","https://store.playstation.com/en-tr/concept/10006803","2023-05-31","Casual","PEGI_3"
"6927","GAROU: MARK OF THE WOLVES","22222222","CUSA05993","PS4","Нет","—","","Нет","Нет","","https://store.playstation.com/en-tr/concept/208240","2016-12-02","Action","PEGI_12"
"5324","Carom Billiards","22222222","PPSA36142","PS5","Нет","429,00 TL","Carom Billiards: 429,00 TL; Carom Billiards: 429,00 TL","Нет","Нет","","https://store.playstation.com/en-tr/concept/10018637","2026-02-13","Simulation","PEGI_3"
"1445","Mary Skelter Finale","22222222","CUSA26856","PS4","Нет","2.149,00 TL","Standard Edition: 2.149,00 TL; Deluxe Edition: 2.579,00 TL","Нет","Нет","","https://store.playstation.com/en-tr/concept/10002429","2021-09-30","Role Playing Games","PEGI_16"
"3232","Virginia - The Game.","22222222","CUSA03145","PS4","Нет","349,00 TL","","Нет","Да","","https://store.playstation.com/en-tr/concept/222041","2016-09-21","Adventure","PEGI_12"
"7455","Icebound Secrets: The Frostwood Bane","22222222","PPSA32717","PS5","Нет","549,00 TL","","Нет","Нет","","https://store.playstation.com/en-tr/concept/10016650","2025-12-08","Adventure","PEGI_7"
"3144","Lacuna","22222222","CUSA29933","PS4","Нет","699,00 TL","","Нет","Да","","https://store.playstation.com/en-tr/concept/10003114","2021-12-20","Adventure","PEGI_16"
"3691","Stroke The Spider","22222222","CUSA36803","PS4","Нет","85,00 TL","Stroke The Spider: 85,00 TL; Stroke The Spider: 85,00 TL","Нет","Нет","","https://store.playstation.com/en-tr/concept/10006147","2022-10-13","Casual","PEGI_3"
"1449","Kizuna AI - Touch the Beat!","22222222","PPSA11200","PS5","Нет","1.499,00 TL","Kizuna AI - Touch the Beat!: 1.499,00 TL; Kizuna AI - Touch the Beat!: 1.499,00 TL","Нет","Нет","","https://store.playstation.com/en-tr/concept/10004843","2023-02-21","Music/Rhythm","PEGI_3"
"2201","Universal Flight Simulator","22222222","CUSA35425","PS4","Нет","349,00 TL","","Нет","Нет","","https://store.playstation.com/en-tr/concept/10005716","2022-08-06","Simulation","PEGI_3"
"7710","Junkster","22222222","PPSA22450","PS5","Нет","429,00 TL","","Нет","Да","","https://store.playstation.com/en-tr/concept/10010682","2026-06-16","Family","PEGI_7"
"7824","Knightica","22222222","PPSA31335","PS5","Нет","649,00 TL","Knightica: 649,00 TL; Knightica: 649,00 TL","Нет","Да","","https://store.playstation.com/en-tr/concept/10015838","2025-08-21","Strategy","PEGI_7"
"6212","Dragon Marked For Death","22222222","CUSA23495","PS4","Нет","1.399,00 TL","","Нет","Нет","","https://store.playstation.com/en-tr/concept/10001034","2020-07-22","Action","PEGI_16"
"2639","Fight For America","22222222","CUSA56654","PS4","Нет","215,00 TL","Standard Edition: 215,00 TL; Complete Edition: 429,00 TL","Нет","Нет","","https://store.playstation.com/en-tr/concept/10016857","2025-12-19","Strategy","PEGI_12"
"2891","Fill The Cup 3: Frost","22222222","PPSA35462","PS5","Нет","64,00 TL","Fill The Cup 3: Frost: 64,00 TL; Fill The Cup 3: Frost: 64,00 TL","Нет","Нет","","https://store.playstation.com/en-tr/concept/10018229","2026-01-14","Puzzle","PEGI_3"
"2603","Bubble Shooter Piratery","22222222","PPSA37530","PS5","Нет","215,00 TL","Bubble Shooter Piratery: 215,00 TL; Bubble Shooter Piratery: 215,00 TL","Нет","Нет","","https://store.playstation.com/en-tr/concept/10019429","2026-05-15","Casual","PEGI_3"
"3179","Golfing in Aether","22222222","PPSA20537","PS5","Нет","315,00 TL","Standard: 315,00 TL; Deluxe: 389,00 TL","Нет","Нет","","https://store.playstation.com/en-tr/concept/10009985","2024-10-24","Sport","PEGI_3"
"ghost_1789789572984_xgage","Название игры","22222222","—","—","Нет","—","","Нет","Нет","","#","—","—","—"
"ghost_1789789573340_vptgl","Rust Console Edition (PlayStation5)","22222222","—","—","Нет","—","","Нет","Нет","","#","—","—","—"
"ghost_1789789573886_j2lge","The Adventures of Elliot: The Millennium Tales","22222222","—","—","Нет","—","","Нет","Нет","","#","—","—","—"
"ghost_1789789574289_ftp7w","Trails in the Sky 1st Chapter","22222222","—","—","Нет","—","","Нет","Нет","","#","—","—","—"
"ghost_1789789574684_tyiod","Hello Neighbor Bundle","22222222","—","—","Нет","—","","Нет","Нет","","#","—","—","—"
"ghost_1789789575185_mweha","Life is Strange 2 Complete Season","22222222","—","—","Нет","—","","Нет","Нет","","#","—","—","—"
"ghost_1789789575548_4wsve","Just Cause 4","22222222","—","—","Нет","—","","Нет","Нет","","#","—","—","—"
"ghost_1789789576251_mpujo","Overcooked! + Overcooked! 2","22222222","—","—","Нет","—","","Нет","Нет","","#","—","—","—"
"ghost_1789789576671_d0su5","LEGO DC Heroes & Villains Bundle","22222222","—","—","Нет","—","","Нет","Нет","","#","—","—","—"
"ghost_1789789577047_qhx21","OCTOPATH TRAVELER II PS4＆PS5","22222222","—","—","Нет","—","","Нет","Нет","","#","—","—","—"
"ghost_1789789577586_uixwq","Bundle: South Park : The Stick of Truth + The Fractured but Whole","22222222","—","—","Нет","—","","Нет","Нет","","#","—","—","—"
"ghost_1789789578053_e8pmi","Tales of Berseria","22222222","—","—","Нет","—","","Нет","Нет","","#","—","—","—"
"ghost_1789789578441_n0wlf","MOTORSLICE","22222222","—","—","Нет","—","","Нет","Нет","","#","—","—","—"
"ghost_1789789578888_nf6ej","Goat Simulator: The GOATY","22222222","—","—","Нет","—","","Нет","Нет","","#","—","—","—"
"ghost_1789789579592_xiyos","FAR CRY 4 + FAR CRY PRIMAL BUNDLE","22222222","—","—","Нет","—","","Нет","Нет","","#","—","—","—"
"ghost_1789789580284_xjrv4","Wreckfest: Drive Hard. Die Last.","22222222","—","—","Нет","—","","Нет","Нет","","#","—","—","—"
"ghost_1789789580662_7878j","Far Cry 5 + Far Cry New Dawn","22222222","—","—","Нет","—","","Нет","Нет","","#","—","—","—"
"ghost_1789789581055_rkb0f","Far Cry 5 + Far Cry New Dawn","22222222","—","—","Нет","—","","Нет","Нет","","#","—","—","—"
"ghost_1789789581517_3fxk9","Resident Evil Director’s Cut","22222222","—","—","Нет","—","","Нет","Нет","","#","—","—","—"
"ghost_1789789581908_wkhji","The Jackbox Party Pack 9","22222222","—","—","Нет","—","","Нет","Нет","","#","—","—","—"
"ghost_1789789582624_biaek","Wolfenstein II: The New Colossus Deluxe Edition (CUSA07378)","22222222","—","—","Нет","—","","Нет","Нет","","#","—","—","—"
"ghost_1789789583287_nahra","TRIANGLE STRATEGY","22222222","—","—","Нет","—","","Нет","Нет","","#","—","—","—"
"ghost_1789789584340_lsinq","The Wandering Village","22222222","—","—","Нет","—","","Нет","Нет","","#","—","—","—"
"ghost_1789789585498_pbkym","Survival: Fountain of Youth","22222222","—","—","Нет","—","","Нет","Нет","","#","—","—","—"
"ghost_1789789585975_6aes7","WRATH: Aeon of Ruin VR","22222222","—","—","Нет","—","","Нет","Нет","","#","—","—","—"
"ghost_1789789587240_27t24","RAIDOU Remastered: The Mystery of the Soulless Army","22222222","—","—","Нет","—","","Нет","Нет","","#","—","—","—"
"ghost_1789789587586_ldsoi","The Legend of Heroes: Trails into Reverie","22222222","—","—","Нет","—","","Нет","Нет","","#","—","—","—"
"ghost_1789789587965_zr1nz","Tales from the Borderlands","22222222","—","—","Нет","—","","Нет","Нет","","#","—","—","—"
"ghost_1789789588574_yowq3","Lost Ember","22222222","—","—","Нет","—","","Нет","Нет","","#","—","—","—"
"ghost_1789789589008_t1yfu","Warhammer Pack: Hack and Slash","22222222","—","—","Нет","—","","Нет","Нет","","#","—","—","—"
"ghost_1789789589647_mj5wk","Under The Island","22222222","—","—","Нет","—","","Нет","Нет","","#","—","—","—"
"ghost_1789789590159_5tr55","The Great Ace Attorney Chronicles","22222222","—","—","Нет","—","","Нет","Нет","","#","—","—","—"
"ghost_1789789590682_dfnoq","Rue Valley","22222222","—","—","Нет","—","","Нет","Нет","","#","—","—","—"
"ghost_1789789591207_y78rd","MX Dirt Bike: Unlimited Bike Experience","22222222","—","—","Нет","—","","Нет","Нет","","#","—","—","—"
"ghost_1789789591969_plv22","Umbrella Corps","22222222","—","—","Нет","—","","Нет","Нет","","#","—","—","—"
"ghost_1789789592308_568tz","Umbrella Corps","22222222","—","—","Нет","—","","Нет","Нет","","#","—","—","—"
"ghost_1789789593072_n2352","Warhammer 40,000: Shootas, Blood & Teef","22222222","—","—","Нет","—","","Нет","Нет","","#","—","—","—"
"ghost_1789789593416_1ze3v","Pathologic 2","22222222","—","—","Нет","—","","Нет","Нет","","#","—","—","—"
"ghost_1789789594547_wyca2","Soulslinger: Envoy of Death","22222222","—","—","Нет","—","","Нет","Нет","","#","—","—","—"
"ghost_1789789594889_5d6ha","Xuan Yuan Sword 7","22222222","—","—","Нет","—","","Нет","Нет","","#","—","—","—"
"ghost_1789789595654_9to7u","River City Girls 2","22222222","—","—","Нет","—","","Нет","Нет","","#","—","—","—"
"ghost_1789789596044_obf0h","UnMetal","22222222","—","—","Нет","—","","Нет","Нет","","#","—","—","—"
"ghost_1789789596379_ym55r","SNK VS. CAPCOM SVC CHAOS","22222222","—","—","Нет","—","","Нет","Нет","","#","—","—","—"
"ghost_1789789597137_srk3t","RAIDEN FIGHTERS","22222222","—","—","Нет","—","","Нет","Нет","","#","—","—","—"
"ghost_1789789597518_1hqn8","UnderMine","22222222","—","—","Нет","—","","Нет","Нет","","#","—","—","—"
"ghost_1789789597924_uxpi7","Urbek City Builder","22222222","—","—","Нет","—","","Нет","Нет","","#","—","—","—"
"ghost_1789789598549_47bif","Valkyria Chronicles Remastered + Valkyria Chronicles 4 Bundle","22222222","—","—","Нет","—","","Нет","Нет","","#","—","—","—"
"ghost_1789789598887_3fv3f","Royal Revolt Survivors","22222222","—","—","Нет","—","","Нет","Нет","","#","—","—","—"
"ghost_1789789599561_5n8lx","MXGP2","22222222","—","—","Нет","—","","Нет","Нет","","#","—","—","—"
"ghost_1789789600011_d9bdj","NOBUNAGA'S AMBITION: Awakening","22222222","—","—","Нет","—","","Нет","Нет","","#","—","—","—"
"ghost_1789789600421_h9qgx","War Mongrels","22222222","—","—","Нет","—","","Нет","Нет","","#","—","—","—"
"ghost_1789789600819_u7bgq","LISA: The Joyful","22222222","—","—","Нет","—","","Нет","Нет","","#","—","—","—"
"ghost_1789789601160_xo4p4","LISA: The Painful","22222222","—","—","Нет","—","","Нет","Нет","","#","—","—","—"
"ghost_1789789601510_drwhf","Trek to Yomi","22222222","—","—","Нет","—","","Нет","Нет","","#","—","—","—"
"ghost_1789789602157_wbvr8","Wytchwood","22222222","—","—","Нет","—","","Нет","Нет","","#","—","—","—"
"ghost_1789789602499_b25qv","River City Girls","22222222","—","—","Нет","—","","Нет","Нет","","#","—","—","—"
"ghost_1789789602848_bez17","Surviving Mars: Pioneer","22222222","—","—","Нет","—","","Нет","Нет","","#","—","—","—"
"ghost_1789789603186_bozjq","Overcooked Holiday Bundle","22222222","—","—","Нет","—","","Нет","Нет","","#","—","—","—"
"ghost_1789789603970_4ahkr","Shantae and the Seven Sirens PS4 and","22222222","—","—","Нет","—","","Нет","Нет","","#","—","—","—"
"ghost_1789789604352_pmgl0","Guacamelee! Super Turbo","22222222","—","—","Нет","—","","Нет","Нет","","#","—","—","—"
"ghost_1789789605365_bywo8","NOBUNAGA'S AMBITION: Awakening","22222222","—","—","Нет","—","","Нет","Нет","","#","—","—","—"
"ghost_1789789605816_mxv0a","Super Dark Deception","22222222","—","—","Нет","—","","Нет","Нет","","#","—","—","—"
"ghost_1789789606203_2zynv","Urban Myth Dissolution Center","22222222","—","—","Нет","—","","Нет","Нет","","#","—","—","—"
"ghost_1789789606755_uqtuh","Shatterline","22222222","—","—","Нет","—","","Нет","Нет","","#","—","—","—"
"ghost_1789789607223_ethso","Love is all around 2","22222222","—","—","Нет","—","","Нет","Нет","","#","—","—","—"
"ghost_1789789607557_lonjd","Ys X: Nordics","22222222","—","—","Нет","—","","Нет","Нет","","#","—","—","—"
"ghost_1789789608008_v4rd9","Blizzard","22222222","—","—","Нет","—","","Нет","Нет","","#","—","—","—"
"ghost_1789789608630_mtxnl","Valentino Rossi The Game","22222222","—","—","Нет","—","","Нет","Нет","","#","—","—","—"
"ghost_1789789608970_xc2py","Pro Formula Racing","22222222","—","—","Нет","—","","Нет","Нет","","#","—","—","—"
"ghost_1789789609381_03wxq","Oxide Room 208","22222222","—","—","Нет","—","","Нет","Нет","","#","—","—","—"
"ghost_1789789610156_8pcoo","Sweet Surrender","22222222","—","—","Нет","—","","Нет","Нет","","#","—","—","—"
"ghost_1789789610568_n395a","Love Too Easily 2: Summer Pocha","22222222","—","—","Нет","—","","Нет","Нет","","#","—","—","—"
"ghost_1789789611010_4fsul","Neptunia ReVerse","22222222","—","—","Нет","—","","Нет","Нет","","#","—","—","—"
"ghost_1789789611656_lycsf","Samurai Academy: Paws of Fury","22222222","—","—","Нет","—","","Нет","Нет","","#","—","—","—"
"ghost_1789789611993_hx4i7","Streets of Rogue","22222222","—","—","Нет","—","","Нет","Нет","","#","—","—","—"
"ghost_1789789612398_531fc","My Life: Riding Stables 3","22222222","—","—","Нет","—","","Нет","Нет","","#","—","—","—"
"ghost_1789789612885_tbqd8","SAMURAI WARRIORS: Spirit of Sanada","22222222","—","—","Нет","—","","Нет","Нет","","#","—","—","—"
"ghost_1789789613511_pk27e","SaGa Emerald Beyond","22222222","—","—","Нет","—","","Нет","Нет","","#","—","—","—"
"ghost_1789789613845_l3azt","The Wonderful 101","22222222","—","—","Нет","—","","Нет","Нет","","#","—","—","—"
"ghost_1789789614287_fdyc8","Shantae and the Pirate's Curse","22222222","—","—","Нет","—","","Нет","Нет","","#","—","—","—"
"ghost_1789789614792_ec98o","The Inheritance of Crimson Manor","22222222","—","—","Нет","—","","Нет","Нет","","#","—","—","—"
"ghost_1789789615125_5sqad","Trinity Fusion","22222222","—","—","Нет","—","","Нет","Нет","","#","—","—","—"
"ghost_1789789615470_6oufy","Sticky Business","22222222","—","—","Нет","—","","Нет","Нет","","#","—","—","—"
"ghost_1789789616221_etl5m","Xtreme Drift Racing Simulator","22222222","—","—","Нет","—","","Нет","Нет","","#","—","—","—"
"ghost_1789789617042_q3lph","Noctuary","22222222","—","—","Нет","—","","Нет","Нет","","#","—","—","—"
"ghost_1789789618163_i2fw0","ToeJam & Earl: Back in the Groove!","22222222","—","—","Нет","—","","Нет","Нет","","#","—","—","—"
"ghost_1789789618688_knaz5","RAGER","22222222","—","—","Нет","—","","Нет","Нет","","#","—","—","—"
"ghost_1789789619071_qrodn","Titan Souls","22222222","—","—","Нет","—","","Нет","Нет","","#","—","—","—"
"ghost_1789789619579_h1ljz","RollerCoaster Legends II: Thor's Hammer","22222222","—","—","Нет","—","","Нет","Нет","","#","—","—","—"
"ghost_1789789619928_o62w3","Stay Still","22222222","—","—","Нет","—","","Нет","Нет","","#","—","—","—"
"ghost_1789789620290_kqnkf","Nelke & the Legendary Alchemists ~Ateliers of the New World~","22222222","—","—","Нет","—","","Нет","Нет","","#","—","—","—"
"ghost_1789789620860_icyxw","Symphonia","22222222","—","—","Нет","—","","Нет","Нет","","#","—","—","—"
"ghost_1789789621263_qwji7","The Bike - Moto Ride Simulator","22222222","—","—","Нет","—","","Нет","Нет","","#","—","—","—"
"ghost_1789789621609_y8tsa","South of the Circle","22222222","—","—","Нет","—","","Нет","Нет","","#","—","—","—"
"ghost_1789789622129_3l9yl","The Sinking Forest - 沈んだ森","22222222","—","—","Нет","—","","Нет","Нет","","#","—","—","—"
"ghost_1789789623110_0hjgs","Vanity Fair: The Pursuit","22222222","—","—","Нет","—","","Нет","Нет","","#","—","—","—"
"ghost_1789789624200_q35xb","Survivor Mercs","22222222","—","—","Нет","—","","Нет","Нет","","#","—","—","—"
"ghost_1789789624585_gylq7","Mercenaries Lament: Requiem of the Silver Wolf","22222222","—","—","Нет","—","","Нет","Нет","","#","—","—","—"
"ghost_1789789625038_6yv4y","Mega Man Battle Network Legacy Collection Vol. 1","22222222","—","—","Нет","—","","Нет","Нет","","#","—","—","—"
"ghost_1789789625380_bik1r","Mega Man Battle Network Legacy Collection Vol. 2","22222222","—","—","Нет","—","","Нет","Нет","","#","—","—","—"
"ghost_1789789626186_cojb7","The Coma 2: Vicious Sisters","22222222","—","—","Нет","—","","Нет","Нет","","#","—","—","—"
"ghost_1789789626670_uqzp2","YEAH! YOU WANT \THOSE GAMES","22222222","—","—","Нет","—","","Нет","Нет","","#","—","—","—"
"ghost_1789789627655_tpb5q","Project 13","22222222","—","—","Нет","—","","Нет","Нет","","#","—","—","—"
"ghost_1789789628512_o9o10","Röki","22222222","—","—","Нет","—","","Нет","Нет","","#","—","—","—"
"ghost_1789789629022_o70au","The Adventure Pals","22222222","—","—","Нет","—","","Нет","Нет","","#","—","—","—"
"ghost_1789789629360_jz5zv","RollerCoaster Legends","22222222","—","—","Нет","—","","Нет","Нет","","#","—","—","—"
"ghost_1789789629745_pwu7f","Redeemer","22222222","—","—","Нет","—","","Нет","Нет","","#","—","—","—"
"ghost_1789789630192_g90dz","Trüberbrook","22222222","—","—","Нет","—","","Нет","Нет","","#","—","—","—"
"ghost_1789789630532_fmve8","Lucky's Tale","22222222","—","—","Нет","—","","Нет","Нет","","#","—","—","—"
"ghost_1789789630997_t6cih","Unsolved Case: Above the Law CE","22222222","—","—","Нет","—","","Нет","Нет","","#","—","—","—"
"ghost_1789789631332_pepqn","Unsolved Case: Killer Popularity CE","22222222","—","—","Нет","—","","Нет","Нет","","#","—","—","—"
"ghost_1789789631678_q51mv","Unsolved Case: Murderous Script CE","22222222","—","—","Нет","—","","Нет","Нет","","#","—","—","—"
"ghost_1789789632397_5qevj","Majogami","22222222","—","—","Нет","—","","Нет","Нет","","#","—","—","—"
"ghost_1789789632741_bj2p7","FINAL FANTASY XV MULTIPLAYER: COMRADES","22222222","—","—","Нет","—","","Нет","Нет","","#","—","—","—"
"ghost_1789789633070_7lwx4","Yohane the Parhelion -BLAZE in the DEEPBLUE","22222222","—","—","Нет","—","","Нет","Нет","","#","—","—","—"
"ghost_1789789633407_h3k40","Scar-Lead Salvation","22222222","—","—","Нет","—","","Нет","Нет","","#","—","—","—"
"ghost_1789789633751_fwstp","Sclash","22222222","—","—","Нет","—","","Нет","Нет","","#","—","—","—"
"ghost_1789789634088_nwrh7","Megadimension Neptunia VIIR","22222222","—","—","Нет","—","","Нет","Нет","","#","—","—","—"
"ghost_1789789634419_flhpr","Lara Croft and the Temple of Osiris & Season Pass Pack","22222222","—","—","Нет","—","","Нет","Нет","","#","—","—","—"
"ghost_1789789634751_ks33i","Sakura Swim Club","22222222","—","—","Нет","—","","Нет","Нет","","#","—","—","—"
"ghost_1789789635953_8bomf","SUPER CRAZY RHYTHM CASTLE","22222222","—","—","Нет","—","","Нет","Нет","","#","—","—","—"
"ghost_1789789636292_jot4b","The Black Within","22222222","—","—","Нет","—","","Нет","Нет","","#","—","—","—"
"ghost_1789789636661_jqsav","The Bookwalker: Thief of Tales","22222222","—","—","Нет","—","","Нет","Нет","","#","—","—","—"
"ghost_1789789637044_wwu51","Love Too Easily","22222222","—","—","Нет","—","","Нет","Нет","","#","—","—","—"